"TOA5","6550","CR6","6550","CR6.Std.13.01","CPU:LabFisAtm2025_v1.CR6","55291","Slow"
"TIMESTAMP","RECORD","AirTC1","RH1","AirTC2","RH2","BP_mbar"
"TS","RN","Deg C","%","Deg C","%","hPa"
"","","Smp","Smp","Smp","Smp","Smp"
"2025-03-27 20:06:37",0,21.7892,42.49927,21.67299,42.54742,507.7538
"2025-03-27 20:06:38",1,21.76091,42.50483,21.72084,42.57783,1010.448
"2025-03-27 20:06:39",2,21.78793,42.53421,21.62494,42.5747,1011.204
"2025-03-27 20:06:40",3,21.75985,42.50323,21.64711,42.62793,1011.235
"2025-03-27 20:06:41",4,21.79527,42.50743,21.6531,42.62461,1011.256
"2025-03-27 20:06:42",5,21.81043,42.50831,21.70708,42.59974,1011.265
"2025-03-27 20:06:43",6,21.79268,42.52159,21.67393,42.6003,1011.29
"2025-03-27 20:06:44",7,21.86903,42.55619,21.65731,42.60172,1011.288
"2025-03-27 20:06:45",8,21.77004,42.55029,21.68966,42.62809,1011.298
"2025-03-27 20:06:46",9,21.79512,42.52499,21.621,42.56783,1011.285
"2025-03-27 20:06:47",10,21.81995,42.57918,21.67926,42.57259,1011.294
"2025-03-27 20:06:48",11,21.82221,42.58449,21.63746,42.55453,1011.279
"2025-03-27 20:06:49",12,21.84955,42.49036,21.65159,42.61895,1011.294
"2025-03-27 20:06:50",13,21.8505,42.54075,21.63697,42.58079,1011.286
"2025-03-27 20:06:51",14,21.85636,42.56358,21.61211,42.58496,1011.299
"2025-03-27 20:06:52",15,21.82382,42.56152,21.64701,42.60498,1011.301
"2025-03-27 20:06:53",16,21.81396,42.55444,21.64891,42.65527,1011.303
"2025-03-27 20:06:54",17,21.76236,42.49707,21.67614,42.6058,1011.284
"2025-03-27 20:06:55",18,21.74995,42.51543,21.63863,42.60207,1011.294
"2025-03-27 20:06:56",19,21.82778,42.489,21.66016,42.6259,1011.277
"2025-03-27 20:06:57",20,21.87095,42.49423,21.68409,42.63183,1011.295
"2025-03-27 20:06:58",21,21.82527,42.54513,21.58469,42.61799,1011.291
"2025-03-27 20:06:59",22,21.83458,42.53016,21.61849,42.6132,1011.298
"2025-03-27 20:07:00",23,21.84831,42.56527,21.60925,42.62071,1011.291
"2025-03-27 20:07:01",24,21.82394,42.59142,21.64336,42.63936,1011.298
"2025-03-27 20:07:02",25,21.83574,42.60085,21.64213,42.59548,1011.289
"2025-03-27 20:07:03",26,21.84604,42.46225,21.66021,42.61549,1011.296
"2025-03-27 20:07:04",27,21.78514,42.5108,21.60183,42.61916,1011.281
"2025-03-27 20:07:05",28,21.82033,42.54868,21.5826,42.60595,1011.357
"2025-03-27 20:07:06",29,21.85216,42.50357,21.61488,42.58149,1011.31
"2025-03-27 20:07:07",30,21.84752,42.43964,21.62456,42.60756,1011.363
"2025-03-27 20:07:08",31,21.83899,42.56566,21.67052,42.59399,1011.317
"2025-03-27 20:07:09",32,21.81799,42.56914,21.65543,42.55397,1011.303
"2025-03-27 20:07:10",33,21.85451,42.55685,21.61637,42.55053,1011.313
"2025-03-27 20:07:11",34,21.80741,42.46883,21.63607,42.62871,1011.296
"2025-03-27 20:07:12",35,21.79768,42.54806,21.68417,42.59677,1011.31
"2025-03-27 20:07:13",36,21.8358,42.51673,21.67522,42.56881,1011.312
"2025-03-27 20:07:14",37,21.81429,42.54532,21.62981,42.60893,1011.306
"2025-03-27 20:07:15",38,21.84051,42.58113,21.67735,42.60912,1011.374
"2025-03-27 20:07:16",39,21.81852,42.5273,21.69701,42.60551,1011.324
"2025-03-27 20:07:17",40,21.84567,42.53239,21.62804,42.59709,1011.31
"2025-03-27 20:07:18",41,21.81639,42.54228,21.61597,42.59173,1011.32
"2025-03-27 20:07:19",42,21.77498,42.51812,21.6872,42.59606,1011.309
"2025-03-27 20:07:20",43,21.77201,42.52598,21.7031,42.58922,1011.319
"2025-03-27 20:07:21",44,21.76926,42.55175,21.6912,42.59771,1011.323
"2025-03-27 20:07:22",45,21.78305,42.50096,21.68393,42.60657,1011.324
"2025-03-27 20:07:23",46,21.79312,42.52586,21.67426,42.59581,1011.384
"2025-03-27 20:07:24",47,21.80774,42.57953,21.64207,42.55754,1011.34
"2025-03-27 20:07:25",48,21.83039,42.55978,21.6843,42.57821,1011.317
"2025-03-27 20:07:26",49,21.8344,42.53861,21.63186,42.55681,1011.363
"2025-03-27 20:07:27",50,21.78846,42.57069,21.64044,42.57733,1011.32
"2025-03-27 20:07:28",51,21.77324,42.59742,21.64363,42.56946,1011.38
"2025-03-27 20:07:29",52,21.79187,42.51304,21.62023,42.52851,1011.335
"2025-03-27 20:07:30",53,21.80936,42.5951,21.642,42.58252,1011.332
"2025-03-27 20:07:31",54,21.81055,42.594,21.68414,42.51212,1011.373
"2025-03-27 20:07:32",55,21.81702,42.57164,21.67522,42.56477,1011.345
"2025-03-27 20:07:33",56,21.82302,42.60019,21.68667,42.57503,1011.326
"2025-03-27 20:07:34",57,21.82898,42.59053,21.65601,42.52736,1011.385
"2025-03-27 20:07:35",58,21.81919,42.60751,21.671,42.45882,1011.327
"2025-03-27 20:07:36",59,21.84709,42.5851,21.59296,42.48471,1011.387
"2025-03-27 20:07:37",60,21.81128,42.63382,21.58181,42.46049,1011.34
"2025-03-27 20:07:38",61,21.82521,42.58338,21.63128,42.52932,1011.329
"2025-03-27 20:07:39",62,21.79188,42.57126,21.66077,42.57277,1011.344
"2025-03-27 20:07:40",63,21.8303,42.55894,21.67985,42.59194,1011.353
"2025-03-27 20:07:41",64,21.81702,42.56196,21.70611,42.5461,1011.336
"2025-03-27 20:07:42",65,21.86425,42.56457,21.66304,42.57711,1011.393
"2025-03-27 20:07:43",66,21.82629,42.56987,21.65312,42.58168,1011.343
"2025-03-27 20:07:44",67,21.81188,42.58463,21.65625,42.61568,1011.395
"2025-03-27 20:07:45",68,21.84498,42.54546,21.60696,42.57287,1011.349
"2025-03-27 20:07:46",69,21.83962,42.54387,21.5926,42.60255,1011.347
"2025-03-27 20:07:47",70,21.78419,42.60502,21.68602,42.57996,1011.34
"2025-03-27 20:07:48",71,21.80099,42.52336,21.7648,42.58986,1011.345
"2025-03-27 20:07:49",72,21.83091,42.55712,21.89836,42.60248,1011.338
"2025-03-27 20:07:50",73,21.81522,42.49151,21.67863,42.62687,1011.388
"2025-03-27 20:07:51",74,21.8565,42.4884,21.71758,42.62397,1011.339
"2025-03-27 20:07:52",75,21.85901,42.5164,21.66328,42.63581,1011.391
"2025-03-27 20:07:53",76,21.80264,42.56965,21.7154,42.62098,1011.353
"2025-03-27 20:07:54",77,21.82397,42.66582,21.67772,42.61449,1011.342
"2025-03-27 20:07:55",78,21.81198,42.80919,21.67858,42.57875,1011.335
"2025-03-27 20:07:56",79,21.76428,42.65466,21.63641,42.61228,1011.337
"2025-03-27 20:07:57",80,21.78255,42.64907,21.68637,42.60509,1011.332
"2025-03-27 20:07:58",81,21.79974,42.60395,21.69081,42.60579,1011.38
"2025-03-27 20:07:59",82,21.76332,42.58773,21.72216,42.59354,1011.329
"2025-03-27 20:08:00",83,21.79936,42.64097,21.72187,42.54354,1011.443
"2025-03-27 20:08:01",84,21.95134,42.6613,21.64029,42.53445,1011.33
"2025-03-27 20:08:02",85,22.14334,42.6168,21.63523,42.57708,1011.331
"2025-03-27 20:08:03",86,22.03689,42.6415,21.61997,42.49005,1011.323
"2025-03-27 20:08:04",87,21.91832,42.61117,21.60803,42.46606,1011.328
"2025-03-27 20:08:05",88,21.86406,42.55635,21.57042,42.43918,1011.314
"2025-03-27 20:08:06",89,21.85445,42.57092,21.64122,42.49215,1011.318
"2025-03-27 20:08:07",90,21.82935,42.56012,21.63212,42.48956,1011.307
"2025-03-27 20:08:08",91,21.87655,42.55686,21.64739,42.5051,1011.327
"2025-03-27 20:08:09",92,21.86395,42.53304,21.59949,42.54119,1011.336
"2025-03-27 20:08:10",93,21.82799,42.55069,21.60693,42.47809,1011.33
"2025-03-27 20:08:11",94,21.83823,42.56582,21.632,42.55569,1011.323
"2025-03-27 20:08:12",95,21.85899,42.55241,21.62768,42.52435,1011.331
"2025-03-27 20:08:13",96,21.83443,42.57591,21.61087,42.56749,1011.32
"2025-03-27 20:08:14",97,21.83066,42.51882,21.60518,42.56322,1011.325
"2025-03-27 20:08:15",98,21.83836,42.51965,21.63779,42.55206,1011.334
"2025-03-27 20:08:16",99,21.81214,42.50605,21.60472,42.60755,1011.347
"2025-03-27 20:08:17",100,21.78695,42.51172,21.66743,42.61724,1011.347
"2025-03-27 20:08:18",101,21.82267,42.51735,21.65021,42.61847,1011.345
"2025-03-27 20:08:19",102,21.84044,42.56124,21.66025,42.63754,1011.34
"2025-03-27 20:08:20",103,21.83649,42.57706,21.6489,42.59399,1011.353
"2025-03-27 20:08:21",104,21.86016,42.59163,21.63684,42.62361,1011.342
"2025-03-27 20:08:22",105,21.86627,42.55263,21.65233,42.60938,1011.358
"2025-03-27 20:08:23",106,21.79285,42.49058,21.68236,42.60057,1011.347
"2025-03-27 20:08:24",107,21.80048,42.51807,21.65992,42.61036,1011.367
"2025-03-27 20:08:25",108,21.79016,42.56489,21.71916,42.61128,1011.367
"2025-03-27 20:08:26",109,21.80052,42.51046,21.70129,42.6099,1011.373
"2025-03-27 20:08:27",110,21.80985,42.58401,21.65607,42.6526,1011.364
"2025-03-27 20:08:28",111,21.80942,42.56867,21.67957,42.58467,1011.374
"2025-03-27 20:08:29",112,21.83665,42.61047,21.6326,42.60596,1011.362
"2025-03-27 20:08:30",113,21.84846,42.61002,21.64648,42.63507,1011.381
"2025-03-27 20:08:31",114,21.85593,42.57127,21.67315,42.60492,1011.368
"2025-03-27 20:08:32",115,21.80577,42.60598,21.63189,42.54441,1011.374
"2025-03-27 20:08:33",116,21.85018,42.59503,21.66413,42.59219,1011.38
"2025-03-27 20:08:34",117,21.81593,42.61505,21.66915,42.607,1011.375
"2025-03-27 20:08:35",118,21.76026,42.60915,21.69139,42.64579,1011.363
"2025-03-27 20:08:36",119,21.83554,42.65351,21.72025,42.63829,1011.373
"2025-03-27 20:08:37",120,21.84052,42.63656,21.73027,42.64406,1011.364
"2025-03-27 20:08:38",121,21.8601,42.59615,21.6654,42.72423,1011.383
"2025-03-27 20:08:39",122,21.87828,42.61089,21.68023,42.86788,1011.374
"2025-03-27 20:08:40",123,21.81742,42.59271,21.63867,42.62126,1011.373
"2025-03-27 20:08:41",124,21.81156,42.65673,21.68439,42.56501,1011.38
"2025-03-27 20:08:42",125,21.81544,42.61654,21.79511,42.61947,1011.377
"2025-03-27 20:08:43",126,21.7963,42.68387,21.71845,42.58828,1011.368
"2025-03-27 20:08:44",127,21.8008,42.57172,21.74169,42.61234,1011.374
"2025-03-27 20:08:45",128,21.83028,42.59695,21.74817,42.64335,1011.364
"2025-03-27 20:08:46",129,21.85036,42.8117,21.75595,42.68695,1011.391
"2025-03-27 20:08:47",130,21.81765,42.69698,21.71213,42.61378,1011.385
"2025-03-27 20:08:48",131,21.81942,42.67323,21.66276,42.56562,1011.387
"2025-03-27 20:08:49",132,21.82727,42.63987,21.74406,42.60682,1011.386
"2025-03-27 20:08:50",133,21.98338,42.62329,21.69479,42.64749,1011.384
"2025-03-27 20:08:51",134,21.84245,42.67484,21.6839,42.70456,1011.372
"2025-03-27 20:08:52",135,21.84986,42.63296,21.70866,42.61598,1011.395
"2025-03-27 20:08:53",136,21.80251,42.61634,21.66669,42.61707,1011.375
"2025-03-27 20:08:54",137,21.87798,42.64576,21.75908,42.64125,1011.388
"2025-03-27 20:08:55",138,21.8719,42.68076,21.7612,42.65974,1011.385
"2025-03-27 20:08:56",139,21.81057,42.68006,21.79236,42.63786,1011.376
"2025-03-27 20:08:57",140,21.89053,42.70073,21.77787,42.67653,1011.432
"2025-03-27 20:08:58",141,21.82434,42.68616,21.72432,42.62178,1011.375
"2025-03-27 20:08:59",142,21.84771,42.58202,21.73864,42.56822,1011.364
"2025-03-27 20:09:00",143,21.77169,42.58988,21.68095,42.7334,1011.367
"2025-03-27 20:09:01",144,21.82766,42.65691,21.63088,42.6933,1011.366
"2025-03-27 20:09:02",145,21.79012,42.57795,21.64687,42.64775,1011.375
"2025-03-27 20:09:03",146,21.85368,42.54729,21.78762,42.66153,1011.376
"2025-03-27 20:09:04",147,21.84942,42.53931,21.72046,42.6902,1011.366
"2025-03-27 20:09:05",148,21.76404,42.83359,21.71952,42.6807,1011.422
"2025-03-27 20:09:06",149,21.76443,42.67161,21.70288,42.65267,1011.364
"2025-03-27 20:09:07",150,21.94522,42.63411,21.65014,42.61054,1011.351
"2025-03-27 20:09:08",151,21.84234,42.62696,21.72007,42.61512,1011.414
"2025-03-27 20:09:09",152,21.88206,42.56337,21.71273,42.58175,1011.371
"2025-03-27 20:09:10",153,21.88647,42.57323,21.6756,42.63212,1011.374
"2025-03-27 20:09:11",154,21.78354,42.56158,21.72581,42.61412,1011.372
"2025-03-27 20:09:12",155,21.84705,42.63366,21.72218,42.59032,1011.359
"2025-03-27 20:09:13",156,21.81229,42.61768,21.72402,42.58667,1011.41
"2025-03-27 20:09:14",157,21.84053,42.62533,21.72942,42.6447,1011.36
"2025-03-27 20:09:15",158,21.77544,42.61517,21.72926,42.64998,1011.352
"2025-03-27 20:09:16",159,21.86327,42.54682,21.7592,42.57885,1011.41
"2025-03-27 20:09:17",160,21.80777,42.58445,21.73583,42.65432,1011.367
"2025-03-27 20:09:18",161,21.8222,42.565,21.68869,42.65352,1011.372
"2025-03-27 20:09:19",162,21.85495,42.54815,21.68276,42.60489,1011.361
"2025-03-27 20:09:20",163,21.85307,42.53481,21.70926,42.57402,1011.364
"2025-03-27 20:09:21",164,21.89502,42.4854,21.71859,42.55761,1011.357
"2025-03-27 20:09:22",165,21.86014,42.69418,21.7443,42.62392,1011.345
"2025-03-27 20:09:23",166,21.81427,42.64276,21.75445,42.66574,1011.393
"2025-03-27 20:09:24",167,21.87755,42.58231,21.73033,42.62775,1011.351
"2025-03-27 20:09:25",168,21.86113,42.58927,21.7019,42.62902,1011.361
"2025-03-27 20:09:26",169,21.80955,42.59576,21.71038,42.64874,1011.357
"2025-03-27 20:09:27",170,21.79496,42.53439,21.72395,42.66483,1011.349
"2025-03-27 20:09:28",171,21.75344,42.60274,21.69124,42.63456,1011.384
"2025-03-27 20:09:29",172,21.72307,42.55225,21.71596,42.62893,1011.352
"2025-03-27 20:09:30",173,21.82549,42.60748,21.73334,42.63152,1011.347
"2025-03-27 20:09:31",174,21.82706,42.64107,21.73957,42.65515,1011.344
"2025-03-27 20:09:32",175,21.82352,42.63206,21.70674,42.66343,1011.354
"2025-03-27 20:09:33",176,21.81332,42.57255,21.71745,42.65599,1011.362
"2025-03-27 20:09:34",177,21.83769,42.62688,21.70298,42.71147,1011.365
"2025-03-27 20:09:35",178,21.79911,42.56493,21.77172,42.66864,1011.36
"2025-03-27 20:09:36",179,21.75888,42.61443,21.72008,42.66792,1011.348
"2025-03-27 20:09:37",180,21.74813,42.60963,21.70153,42.6309,1011.359
"2025-03-27 20:09:38",181,21.77502,42.60696,21.70652,42.65722,1011.359
"2025-03-27 20:09:39",182,21.79792,42.63961,21.67832,42.64507,1011.348
"2025-03-27 20:09:40",183,21.75632,42.62528,21.69355,42.66006,1011.366
"2025-03-27 20:09:41",184,21.88332,42.60564,21.72481,42.65639,1011.371
"2025-03-27 20:09:42",185,21.8238,42.57158,21.75428,42.70777,1011.367
"2025-03-27 20:09:43",186,21.83882,42.62673,21.73484,42.67181,1011.364
"2025-03-27 20:09:44",187,21.8238,42.589,21.74812,42.58883,1011.354
"2025-03-27 20:09:45",188,21.80266,42.59181,21.71915,42.66469,1011.366
"2025-03-27 20:09:46",189,21.78491,42.58536,21.75603,42.63578,1011.368
"2025-03-27 20:09:47",190,21.84686,42.61502,21.67702,42.63803,1011.361
"2025-03-27 20:09:48",191,21.82926,42.62218,21.70192,42.58391,1011.376
"2025-03-27 20:09:49",192,21.83541,42.59957,21.72139,42.6185,1011.382
"2025-03-27 20:09:50",193,21.81659,42.62566,21.72637,42.66764,1011.388
"2025-03-27 20:09:51",194,21.76948,42.58311,21.70816,42.60924,1011.374
"2025-03-27 20:09:52",195,21.79034,42.59509,21.74213,42.57539,1011.361
"2025-03-27 20:09:53",196,21.81091,42.57015,21.72227,42.58629,1011.369
"2025-03-27 20:09:54",197,21.7732,42.61838,21.68922,42.57665,1011.371
"2025-03-27 20:09:55",198,21.7988,42.58075,21.70314,42.57962,1011.365
"2025-03-27 20:09:56",199,21.78017,42.59487,21.68198,42.5723,1011.385
"2025-03-27 20:09:57",200,21.8258,42.61513,21.70339,42.55807,1011.441
"2025-03-27 20:09:58",201,21.82079,42.62497,21.73302,42.61554,1011.389
"2025-03-27 20:09:59",202,21.86642,42.55858,21.68805,42.57972,1011.373
"2025-03-27 20:10:00",203,21.83536,42.64995,21.66946,42.58145,1011.375
"2025-03-27 20:10:01",204,21.80337,42.66522,21.7224,42.59594,1011.359
"2025-03-27 20:10:02",205,21.82223,42.58413,21.71629,42.64843,1011.376
"2025-03-27 20:10:03",206,21.82861,42.60265,21.73809,42.57913,1011.367
"2025-03-27 20:10:04",207,21.83526,42.61106,21.703,42.69791,1011.387
"2025-03-27 20:10:05",208,21.87238,42.60534,21.73883,42.6455,1011.44
"2025-03-27 20:10:06",209,21.82025,42.67517,21.71393,42.6189,1011.386
"2025-03-27 20:10:07",210,21.85513,42.66139,21.73655,42.58784,1011.374
"2025-03-27 20:10:08",211,21.84469,42.60151,21.73694,42.5668,1011.363
"2025-03-27 20:10:09",212,21.81935,42.60139,21.74381,42.61707,1011.358
"2025-03-27 20:10:10",213,21.85405,42.5973,21.76479,42.66137,1011.375
"2025-03-27 20:10:11",214,21.83778,42.61797,21.7569,42.61513,1011.367
"2025-03-27 20:10:12",215,21.82294,42.63692,21.74641,42.6099,1011.386
"2025-03-27 20:10:13",216,21.8612,42.6739,21.71185,42.56611,1011.425
"2025-03-27 20:10:14",217,21.88429,42.62455,21.73038,42.66322,1011.37
"2025-03-27 20:10:15",218,21.8805,42.65313,21.72932,42.54157,1011.356
"2025-03-27 20:10:16",219,21.88861,42.67407,21.74045,42.54891,1011.346
"2025-03-27 20:10:17",220,21.84153,42.67235,21.70664,42.51375,1011.343
"2025-03-27 20:10:18",221,21.80016,42.60104,21.65684,42.63832,1011.361
"2025-03-27 20:10:19",222,21.88128,42.65505,21.71536,42.54063,1011.359
"2025-03-27 20:10:20",223,21.82692,42.60969,21.71297,42.58732,1011.373
"2025-03-27 20:10:21",224,21.81541,42.61738,21.74089,42.57896,1011.397
"2025-03-27 20:10:22",225,21.83992,42.5745,21.69607,42.72228,1011.344
"2025-03-27 20:10:23",226,21.84159,42.62228,21.67864,42.81672,1011.392
"2025-03-27 20:10:24",227,21.7975,42.60462,21.67579,42.67241,1011.336
"2025-03-27 20:10:25",228,21.82172,42.59174,21.65153,42.62414,1011.341
"2025-03-27 20:10:26",229,21.82153,42.53673,21.63971,42.66375,1011.412
"2025-03-27 20:10:27",230,21.8224,42.56371,21.64472,42.66766,1011.356
"2025-03-27 20:10:28",231,21.79795,42.61097,21.64794,42.61788,1011.357
"2025-03-27 20:10:29",232,21.8014,42.58966,21.66236,42.66471,1011.35
"2025-03-27 20:10:30",233,21.82479,42.6052,21.63584,42.66873,1011.343
"2025-03-27 20:10:31",234,21.81418,42.6068,21.63565,42.63255,1011.387
"2025-03-27 20:10:32",235,21.75934,42.56837,21.62593,42.61174,1011.333
"2025-03-27 20:10:33",236,21.79987,42.58709,21.6709,42.67088,1011.328
"2025-03-27 20:10:34",237,21.82795,42.5474,21.64258,42.65039,1011.397
"2025-03-27 20:10:35",238,21.80715,42.59697,21.6885,42.58014,1011.349
"2025-03-27 20:10:36",239,21.79618,42.58915,21.71157,42.61017,1011.348
"2025-03-27 20:10:37",240,21.84065,42.6289,21.66645,42.54591,1011.336
"2025-03-27 20:10:38",241,21.82904,42.52842,21.71982,42.64063,1011.336
"2025-03-27 20:10:39",242,21.82121,42.57768,21.6973,42.59461,1011.396
"2025-03-27 20:10:40",243,21.81692,42.54692,21.71975,42.55315,1011.345
"2025-03-27 20:10:41",244,21.8502,42.58429,21.70199,42.58485,1011.341
"2025-03-27 20:10:42",245,21.81601,42.59066,21.72906,42.61981,1011.405
"2025-03-27 20:10:43",246,21.85332,42.54972,21.78341,42.5894,1011.358
"2025-03-27 20:10:44",247,21.78885,42.48053,21.64418,42.6262,1011.362
"2025-03-27 20:10:45",248,21.79685,42.44948,21.67857,42.63219,1011.342
"2025-03-27 20:10:46",249,21.81728,42.49857,21.91768,42.64557,1011.325
"2025-03-27 20:10:47",250,21.78825,42.51669,21.71409,42.55005,1011.383
"2025-03-27 20:10:48",251,21.82541,42.53992,21.71444,42.60375,1011.336
"2025-03-27 20:10:49",252,21.79079,42.52876,21.69768,42.56793,1011.332
"2025-03-27 20:10:50",253,21.84561,42.67471,21.7148,42.55327,1011.392
"2025-03-27 20:10:51",254,21.84409,42.53284,21.67049,42.50661,1011.346
"2025-03-27 20:10:52",255,21.78765,42.58034,21.72411,42.48827,1011.343
"2025-03-27 20:10:53",256,21.8288,42.56244,21.66331,42.46625,1011.332
"2025-03-27 20:10:54",257,21.76653,42.51652,21.69875,42.50596,1011.327
"2025-03-27 20:10:55",258,21.82405,42.54324,21.68435,42.47688,1011.362
"2025-03-27 20:10:56",259,21.82788,42.48492,21.71186,42.5357,1011.337
"2025-03-27 20:10:57",260,21.86407,42.53595,21.71756,42.49873,1011.332
"2025-03-27 20:10:58",261,21.80879,42.52222,21.71595,42.51077,1011.343
"2025-03-27 20:10:59",262,21.83845,42.5562,21.72066,42.48495,1011.35
"2025-03-27 20:11:00",263,21.82769,42.49257,21.67123,42.48474,1011.345
"2025-03-27 20:11:01",264,21.84249,42.56821,21.67817,42.51668,1011.332
"2025-03-27 20:11:02",265,21.85258,42.54227,21.68195,42.50309,1011.336
"2025-03-27 20:11:03",266,21.78576,42.53169,21.70363,42.49766,1011.347
"2025-03-27 20:11:04",267,21.80496,42.58169,21.6812,42.49922,1011.358
"2025-03-27 20:11:05",268,21.83427,42.52004,21.71166,42.41215,1011.36
"2025-03-27 20:11:06",269,21.80149,42.56962,21.7399,42.52141,1011.363
"2025-03-27 20:11:07",270,21.81598,42.5517,21.72146,42.52745,1011.369
"2025-03-27 20:11:08",271,21.82252,42.58635,21.7183,42.50404,1011.373
"2025-03-27 20:11:09",272,21.80771,42.57865,21.67421,42.4751,1011.359
"2025-03-27 20:11:10",273,21.80317,42.61656,21.70498,42.50909,1011.354
"2025-03-27 20:11:11",274,21.83,42.6088,21.72048,42.47977,1011.358
"2025-03-27 20:11:12",275,21.79806,42.52213,21.69948,42.50383,1011.369
"2025-03-27 20:11:13",276,21.80632,42.6049,21.66756,42.49918,1011.372
"2025-03-27 20:11:14",277,21.81429,42.52125,21.64589,42.47355,1011.373
"2025-03-27 20:11:15",278,21.82793,42.56607,21.71422,42.48731,1011.38
"2025-03-27 20:11:16",279,21.82756,42.59741,21.7372,42.49677,1011.378
"2025-03-27 20:11:17",280,21.86022,42.58044,21.70005,42.47149,1011.365
"2025-03-27 20:11:18",281,21.83844,42.57601,21.74516,42.52825,1011.363
"2025-03-27 20:11:19",282,21.81498,42.62781,21.70215,42.46983,1011.366
"2025-03-27 20:11:20",283,21.75594,42.56666,21.65548,42.49313,1011.39
"2025-03-27 20:11:21",284,21.75687,42.49934,21.66462,42.49223,1011.386
"2025-03-27 20:11:22",285,21.80376,42.5493,21.69029,42.48404,1011.389
"2025-03-27 20:11:23",286,21.80417,42.54014,21.79438,42.5388,1011.398
"2025-03-27 20:11:24",287,21.7626,42.52402,21.72065,42.50493,1011.444
"2025-03-27 20:11:25",288,21.78312,42.53649,21.73087,42.5394,1011.38
"2025-03-27 20:11:26",289,21.84816,42.52979,21.74053,42.52257,1011.374
"2025-03-27 20:11:27",290,21.86227,42.52013,21.76005,42.56106,1011.375
"2025-03-27 20:11:28",291,21.85387,42.48841,21.74103,42.54594,1011.393
"2025-03-27 20:11:29",292,21.84178,42.45961,21.74649,42.54491,1011.386
"2025-03-27 20:11:30",293,21.75978,42.43056,21.70727,42.55707,1011.373
"2025-03-27 20:11:31",294,21.86325,42.43705,21.7128,42.55339,1011.385
"2025-03-27 20:11:32",295,21.79715,42.48508,21.71931,42.52552,1011.424
"2025-03-27 20:11:33",296,21.80807,42.47892,21.75492,42.56762,1011.369
"2025-03-27 20:11:34",297,21.79648,42.46399,21.74331,42.52472,1011.365
"2025-03-27 20:11:35",298,21.84286,42.4897,21.6946,42.58865,1011.365
"2025-03-27 20:11:36",299,21.75131,42.56003,21.7102,42.53818,1011.38
"2025-03-27 20:11:37",300,21.79393,42.71424,21.76296,42.53381,1011.385
"2025-03-27 20:11:38",301,21.77382,42.66574,21.70314,42.55302,1011.366
"2025-03-27 20:11:39",302,21.73491,42.5063,21.67875,42.51721,1011.385
"2025-03-27 20:11:40",303,21.71912,42.56657,21.65138,42.46935,1011.422
"2025-03-27 20:11:41",304,21.73851,42.52491,21.68022,42.49623,1011.37
"2025-03-27 20:11:42",305,21.75147,42.53219,21.70854,42.46657,1011.37
"2025-03-27 20:11:43",306,21.77488,42.52084,21.67434,42.4776,1011.372
"2025-03-27 20:11:44",307,21.95345,42.52568,21.68962,42.4706,1011.385
"2025-03-27 20:11:45",308,21.85383,42.49284,21.69097,42.48294,1011.385
"2025-03-27 20:11:46",309,21.87788,42.54293,21.6987,42.48759,1011.373
"2025-03-27 20:11:47",310,21.91926,42.52274,21.69352,42.50838,1011.383
"2025-03-27 20:11:48",311,21.82195,42.51133,21.68148,42.43246,1011.421
"2025-03-27 20:11:49",312,21.85718,42.58057,21.70379,42.4136,1011.373
"2025-03-27 20:11:50",313,21.82228,42.49545,21.66771,42.46089,1011.368
"2025-03-27 20:11:51",314,21.81852,42.51114,21.68522,42.46997,1011.377
"2025-03-27 20:11:52",315,21.76918,42.5615,21.71157,42.46854,1011.375
"2025-03-27 20:11:53",316,21.84999,42.55111,21.69155,42.46153,1011.379
"2025-03-27 20:11:54",317,21.78588,42.50292,21.67091,42.4583,1011.372
"2025-03-27 20:11:55",318,21.856,42.54799,21.62591,42.42227,1011.378
"2025-03-27 20:11:56",319,21.81781,42.56113,21.70204,42.46698,1011.375
"2025-03-27 20:11:57",320,21.81167,42.54206,21.64405,42.44204,1011.377
"2025-03-27 20:11:58",321,21.83662,42.55452,21.63789,42.47763,1011.377
"2025-03-27 20:11:59",322,21.82468,42.53674,21.67712,42.44107,1011.387
"2025-03-27 20:12:00",323,21.82884,42.56216,21.62941,42.4204,1011.383
"2025-03-27 20:12:01",324,21.79416,42.55123,21.689,42.46486,1011.388
"2025-03-27 20:12:02",325,21.80397,42.52924,21.65508,42.47531,1011.382
"2025-03-27 20:12:03",326,21.83621,42.5449,21.68482,42.4738,1011.38
"2025-03-27 20:12:04",327,21.81127,42.58836,21.63985,42.46255,1011.37
"2025-03-27 20:12:05",328,21.8325,42.564,21.65595,42.45811,1011.379
"2025-03-27 20:12:06",329,21.79909,42.51622,21.66766,42.45453,1011.382
"2025-03-27 20:12:07",330,21.82268,42.56039,21.65953,42.47929,1011.396
"2025-03-27 20:12:08",331,21.82511,42.55389,21.67371,42.47416,1011.39
"2025-03-27 20:12:09",332,21.8292,42.52414,21.66549,42.49147,1011.401
"2025-03-27 20:12:10",333,21.81736,42.54353,21.68484,42.49414,1011.39
"2025-03-27 20:12:11",334,21.83229,42.60788,21.67902,42.51145,1011.388
"2025-03-27 20:12:12",335,21.77951,42.60186,21.67216,42.4958,1011.378
"2025-03-27 20:12:13",336,21.81376,42.57785,21.67135,42.45023,1011.39
"2025-03-27 20:12:14",337,21.855,42.60181,21.68114,42.50377,1011.391
"2025-03-27 20:12:15",338,21.82917,42.55616,21.66603,42.47621,1011.391
"2025-03-27 20:12:16",339,21.81984,42.5696,21.6582,42.50106,1011.376
"2025-03-27 20:12:17",340,21.77336,42.53966,21.65646,42.49911,1011.419
"2025-03-27 20:12:18",341,21.80589,42.54246,21.63042,42.4339,1011.392
"2025-03-27 20:12:19",342,21.80355,42.53369,21.64047,42.52465,1011.405
"2025-03-27 20:12:20",343,21.79181,42.59238,21.68516,42.49828,1011.402
"2025-03-27 20:12:21",344,21.79433,42.60012,21.71187,42.48948,1011.433
"2025-03-27 20:12:22",345,21.79218,42.5955,21.68767,42.51019,1011.483
"2025-03-27 20:12:23",346,21.81207,42.56211,21.69232,42.46844,1011.462
"2025-03-27 20:12:24",347,21.82846,42.58586,21.66544,42.47123,1011.464
"2025-03-27 20:12:25",348,21.81344,42.59246,21.68391,42.44167,1011.519
"2025-03-27 20:12:26",349,21.81636,42.58111,21.66501,42.45809,1011.477
"2025-03-27 20:12:27",350,21.82967,42.56025,21.73639,42.44445,1011.483
"2025-03-27 20:12:28",351,21.77534,42.6123,21.70612,42.48072,1011.467
"2025-03-27 20:12:29",352,21.80239,42.59341,21.68032,42.50198,1011.475
"2025-03-27 20:12:30",353,21.80426,42.62178,21.6878,42.49566,1011.539
"2025-03-27 20:12:31",354,21.85643,42.58932,21.80775,42.52877,1011.488
"2025-03-27 20:12:32",355,21.81279,42.52765,21.76986,42.51767,1011.487
"2025-03-27 20:12:33",356,21.81052,42.5193,21.74223,42.51061,1011.53
"2025-03-27 20:12:34",357,21.82889,42.56013,21.72334,42.4904,1011.477
"2025-03-27 20:12:35",358,21.78888,42.57915,21.72374,42.51538,1011.473
"2025-03-27 20:12:36",359,21.73825,42.65798,21.66789,42.48979,1011.468
"2025-03-27 20:12:37",360,21.74934,42.60227,21.65347,42.50055,1011.49
"2025-03-27 20:12:38",361,21.75214,42.63179,21.72383,42.473,1011.526
"2025-03-27 20:12:39",362,21.85006,42.6422,21.69076,42.53082,1011.482
"2025-03-27 20:12:40",363,21.86441,42.58472,21.7005,42.48411,1011.486
"2025-03-27 20:12:41",364,21.84918,42.61245,21.65627,42.50648,1011.526
"2025-03-27 20:12:42",365,21.82713,42.59031,21.68069,42.51933,1011.482
"2025-03-27 20:12:43",366,21.83694,42.60036,21.66586,42.49101,1011.483
"2025-03-27 20:12:44",367,21.82358,42.56123,21.66049,42.47639,1011.478
"2025-03-27 20:12:45",368,21.79155,42.57415,21.68125,42.47219,1011.492
"2025-03-27 20:12:46",369,21.74774,42.57821,21.66248,42.52288,1011.525
"2025-03-27 20:12:47",370,21.79932,42.61372,21.68358,42.49726,1011.492
"2025-03-27 20:12:48",371,21.79795,42.60231,21.67517,42.51756,1011.484
"2025-03-27 20:12:49",372,21.75748,42.61457,21.65184,42.49854,1011.527
"2025-03-27 20:12:50",373,21.78238,42.59675,21.60654,42.50966,1011.481
"2025-03-27 20:12:51",374,21.81799,42.60077,21.62075,42.42999,1011.532
"2025-03-27 20:12:52",375,21.77392,42.63361,21.55369,42.4378,1011.472
"2025-03-27 20:12:53",376,21.75506,42.58337,21.59908,42.45826,1011.48
"2025-03-27 20:12:54",377,21.76188,42.60059,21.63736,42.58733,1011.492
"2025-03-27 20:12:55",378,21.78397,42.59331,21.63951,42.55223,1011.48
"2025-03-27 20:12:56",379,21.7439,42.61086,21.61251,42.54612,1011.46
"2025-03-27 20:12:57",380,21.75981,42.65963,21.71989,42.55399,1011.454
"2025-03-27 20:12:58",381,21.75074,42.66625,21.681,42.54233,1011.441
"2025-03-27 20:12:59",382,21.78428,42.62159,21.6486,42.53099,1011.481
"2025-03-27 20:13:00",383,21.7704,42.62711,21.61283,42.48273,1011.393
"2025-03-27 20:13:01",384,21.80189,42.6944,21.66055,42.53441,1011.42
"2025-03-27 20:13:02",385,21.81114,42.57912,21.66688,42.52902,1011.422
"2025-03-27 20:13:03",386,21.77192,42.61734,21.64961,42.55526,1011.426
"2025-03-27 20:13:04",387,21.86105,42.63619,21.70608,42.58225,1011.416
"2025-03-27 20:13:05",388,21.82253,42.62371,21.68496,42.60835,1011.406
"2025-03-27 20:13:06",389,21.83375,42.63328,21.71047,42.57642,1011.412
"2025-03-27 20:13:07",390,21.79854,42.63189,21.65114,42.5641,1011.46
"2025-03-27 20:13:08",391,21.84175,42.64523,21.63286,42.52467,1011.398
"2025-03-27 20:13:09",392,21.85166,42.64038,21.65236,42.54839,1011.404
"2025-03-27 20:13:10",393,21.83332,42.64436,21.60986,42.54021,1011.404
"2025-03-27 20:13:11",394,21.7753,42.62893,21.65685,42.50481,1011.408
"2025-03-27 20:13:12",395,21.81754,42.6567,21.67097,42.5214,1011.395
"2025-03-27 20:13:13",396,21.78675,42.57995,21.68043,42.49711,1011.392
"2025-03-27 20:13:14",397,21.79411,42.61967,21.70053,42.55484,1011.4
"2025-03-27 20:13:15",398,21.82874,42.63312,21.68214,42.56524,1011.442
"2025-03-27 20:13:16",399,21.75109,42.65718,21.67942,42.52394,1011.396
"2025-03-27 20:13:17",400,21.78452,42.65613,21.65908,42.50238,1011.395
"2025-03-27 20:13:18",401,21.75801,42.66196,21.68481,42.52674,1011.407
"2025-03-27 20:13:19",402,21.79525,42.67245,21.698,42.51813,1011.406
"2025-03-27 20:13:20",403,21.72401,42.66839,21.68128,42.52454,1011.403
"2025-03-27 20:13:21",404,21.78949,42.6949,21.69026,42.56591,1011.397
"2025-03-27 20:13:22",405,21.82019,42.63006,21.64104,42.53503,1011.389
"2025-03-27 20:13:23",406,21.82985,42.66306,21.68092,42.58738,1011.403
"2025-03-27 20:13:24",407,21.82425,42.71192,21.67978,42.56184,1011.402
"2025-03-27 20:13:25",408,21.83536,42.72065,21.68663,42.54866,1011.407
"2025-03-27 20:13:26",409,21.76508,42.68775,21.64126,42.53442,1011.407
"2025-03-27 20:13:27",410,21.80659,42.70956,21.66949,42.56851,1011.389
"2025-03-27 20:13:28",411,21.7901,42.69056,21.65976,42.5306,1011.403
"2025-03-27 20:13:29",412,21.80555,42.6456,21.66233,42.48456,1011.41
"2025-03-27 20:13:30",413,21.73911,42.67622,21.62552,42.54394,1011.412
"2025-03-27 20:13:31",414,21.79813,42.62439,21.64189,42.57234,1011.403
"2025-03-27 20:13:32",415,21.80232,42.69361,21.65778,42.54355,1011.421
"2025-03-27 20:13:33",416,21.7696,42.67402,21.67678,42.54066,1011.421
"2025-03-27 20:13:34",417,21.76294,42.70624,21.68439,42.50908,1011.427
"2025-03-27 20:13:35",418,21.81009,42.68665,21.67494,42.55384,1011.413
"2025-03-27 20:13:36",419,21.7911,42.71201,21.66787,42.51853,1011.424
"2025-03-27 20:13:37",420,21.73784,42.67344,21.66544,42.53903,1011.422
"2025-03-27 20:13:38",421,21.77416,42.6477,21.6395,42.52619,1011.425
"2025-03-27 20:13:39",422,21.7528,42.64883,21.63664,42.5499,1011.407
"2025-03-27 20:13:40",423,21.73499,42.69324,21.61668,42.5189,1011.421
"2025-03-27 20:13:41",424,21.84459,42.7021,21.66054,42.50923,1011.424
"2025-03-27 20:13:42",425,21.79312,42.70084,21.60399,42.54827,1011.424
"2025-03-27 20:13:43",426,21.81932,42.64048,21.66479,42.48351,1011.409
"2025-03-27 20:13:44",427,21.78849,42.65713,21.63365,42.54871,1011.434
"2025-03-27 20:13:45",428,21.81612,42.66037,21.65797,42.55244,1011.411
"2025-03-27 20:13:46",429,21.76073,42.63091,21.64863,42.50047,1011.417
"2025-03-27 20:13:47",430,21.78417,42.5938,21.62998,42.50324,1011.411
"2025-03-27 20:13:48",431,21.7669,42.66315,21.63301,42.48231,1011.434
"2025-03-27 20:13:49",432,21.77722,42.62947,21.60127,42.48573,1011.482
"2025-03-27 20:13:50",433,21.782,42.69398,21.63575,42.52238,1011.424
"2025-03-27 20:13:51",434,21.83059,42.66932,21.6253,42.52105,1011.411
"2025-03-27 20:13:52",435,21.81347,42.65324,21.64482,42.50125,1011.47
"2025-03-27 20:13:53",436,21.78506,42.62918,21.69777,42.53948,1011.419
"2025-03-27 20:13:54",437,21.76887,42.5585,21.6304,42.50322,1011.418
"2025-03-27 20:13:55",438,21.72445,42.56042,21.70427,42.55053,1011.416
"2025-03-27 20:13:56",439,21.70559,42.62865,21.66452,42.54169,1011.434
"2025-03-27 20:13:57",440,21.73841,42.6387,21.65615,42.52977,1011.478
"2025-03-27 20:13:58",441,21.7421,42.63428,21.64758,42.54256,1011.423
"2025-03-27 20:13:59",442,21.73255,42.66148,21.6406,42.57695,1011.407
"2025-03-27 20:14:00",443,21.77475,42.59677,21.59765,42.52651,1011.42
"2025-03-27 20:14:01",444,21.83763,42.64491,21.66031,42.5716,1011.416
"2025-03-27 20:14:02",445,21.81379,42.64832,21.69589,42.55758,1011.422
"2025-03-27 20:14:03",446,21.80416,42.62443,21.62093,42.53347,1011.418
"2025-03-27 20:14:04",447,21.75475,42.68718,21.68139,42.57473,1011.427
"2025-03-27 20:14:05",448,21.79825,42.65479,21.67339,42.54537,1011.469
"2025-03-27 20:14:06",449,21.79736,42.7037,21.65635,42.54226,1011.417
"2025-03-27 20:14:07",450,21.76318,42.6837,21.62556,42.56987,1011.401
"2025-03-27 20:14:08",451,21.83826,42.77681,21.72802,42.62952,1011.458
"2025-03-27 20:14:09",452,21.79821,42.78243,21.69029,42.58018,1011.408
"2025-03-27 20:14:10",453,21.84012,42.74287,21.6603,42.58503,1011.414
"2025-03-27 20:14:11",454,21.88041,42.7129,21.69179,42.60026,1011.411
"2025-03-27 20:14:12",455,21.85788,42.77724,21.63641,42.58251,1011.413
"2025-03-27 20:14:13",456,21.81229,42.76682,21.68726,42.62069,1011.457
"2025-03-27 20:14:14",457,21.83066,42.73631,21.63128,42.58429,1011.406
"2025-03-27 20:14:15",458,21.7948,42.75594,21.63283,42.55784,1011.385
"2025-03-27 20:14:16",459,21.82271,42.74373,21.63214,42.59004,1011.439
"2025-03-27 20:14:17",460,21.79858,42.71914,21.59705,42.5224,1011.403
"2025-03-27 20:14:18",461,21.83512,42.73626,21.6865,42.58839,1011.456
"2025-03-27 20:14:19",462,21.83248,42.73542,21.68752,42.5804,1011.404
"2025-03-27 20:14:20",463,21.83718,42.75877,21.65222,42.55138,1011.395
"2025-03-27 20:14:21",464,21.83625,42.79319,21.62315,42.59456,1011.418
"2025-03-27 20:14:22",465,21.82551,42.73832,21.66204,42.59208,1011.397
"2025-03-27 20:14:23",466,21.75126,42.74403,21.63832,42.58921,1011.383
"2025-03-27 20:14:24",467,21.80838,42.769,21.61995,42.59914,1011.38
"2025-03-27 20:14:25",468,21.8166,42.86009,21.64697,42.54684,1011.4
"2025-03-27 20:14:26",469,21.79416,42.80986,21.62466,42.55502,1011.451
"2025-03-27 20:14:27",470,21.80241,42.84956,21.6654,42.60915,1011.402
"2025-03-27 20:14:28",471,21.80333,42.77278,21.68053,42.5565,1011.391
"2025-03-27 20:14:29",472,21.80971,42.81775,21.65141,42.57553,1011.386
"2025-03-27 20:14:30",473,21.81602,42.81229,21.68279,42.63586,1011.395
"2025-03-27 20:14:31",474,21.80416,42.78833,21.59178,42.58765,1011.383
"2025-03-27 20:14:32",475,21.79564,42.83286,21.69902,42.63939,1011.381
"2025-03-27 20:14:33",476,21.78016,42.84848,21.64391,42.58646,1011.402
"2025-03-27 20:14:34",477,21.72455,42.8975,21.63195,42.5811,1011.454
"2025-03-27 20:14:35",478,21.8172,42.83173,21.64888,42.59327,1011.412
"2025-03-27 20:14:36",479,21.7834,42.86462,21.63612,42.58675,1011.407
"2025-03-27 20:14:37",480,21.7836,42.84497,21.6627,42.60471,1011.408
"2025-03-27 20:14:38",481,21.779,42.91481,21.66777,42.63027,1011.416
"2025-03-27 20:14:39",482,21.80502,42.92846,21.63206,42.61267,1011.411
"2025-03-27 20:14:40",483,21.7906,42.82749,21.68103,42.63753,1011.408
"2025-03-27 20:14:41",484,21.76727,42.92605,21.67513,42.61738,1011.427
"2025-03-27 20:14:42",485,21.74998,42.90658,21.59509,42.5799,1011.474
"2025-03-27 20:14:43",486,21.71233,42.91568,21.60418,42.67117,1011.438
"2025-03-27 20:14:44",487,21.78099,42.90681,21.66634,42.62797,1011.425
"2025-03-27 20:14:45",488,21.77627,43.05058,21.65628,42.68343,1011.417
"2025-03-27 20:14:46",489,21.82504,42.93747,21.69471,42.69321,1011.421
"2025-03-27 20:14:47",490,21.78599,42.91535,21.65244,42.69817,1011.421
"2025-03-27 20:14:48",491,21.7594,42.84691,21.68665,42.72369,1011.411
"2025-03-27 20:14:49",492,21.7427,42.8298,21.66348,42.71138,1011.413
"2025-03-27 20:14:50",493,21.78601,42.84464,21.64792,42.66541,1011.43
"2025-03-27 20:14:51",494,21.79175,42.8979,21.66882,42.67886,1011.408
"2025-03-27 20:14:52",495,21.76809,42.79037,21.66147,42.67019,1011.393
"2025-03-27 20:14:53",496,21.76736,42.92085,21.61697,42.6955,1011.386
"2025-03-27 20:14:54",497,21.84465,42.87035,21.65515,42.62188,1011.393
"2025-03-27 20:14:55",498,21.77117,42.81533,21.68198,42.66792,1011.404
"2025-03-27 20:14:56",499,21.81037,42.83831,21.71051,42.67177,1011.391
"2025-03-27 20:14:57",500,21.73608,42.78082,21.71861,42.71728,1011.412
"2025-03-27 20:14:58",501,21.72505,42.81132,21.69656,42.66204,1011.408
"2025-03-27 20:14:59",502,21.66773,42.77763,21.61301,42.66393,1011.413
"2025-03-27 20:15:00",503,21.74366,42.81084,21.68488,42.72373,1011.399
"2025-03-27 20:15:01",504,21.73118,42.80307,21.60204,42.68095,1011.393
"2025-03-27 20:15:02",505,21.80017,42.83367,21.59361,42.70251,1011.391
"2025-03-27 20:15:03",506,21.7475,42.83826,21.57128,42.70756,1011.404
"2025-03-27 20:15:04",507,21.79845,42.84141,21.59158,42.68344,1011.399
"2025-03-27 20:15:05",508,21.7767,42.85146,21.63295,42.71949,1011.411
"2025-03-27 20:15:06",509,21.78427,42.8388,21.63624,42.71993,1011.406
"2025-03-27 20:15:07",510,21.73281,42.82206,21.63489,42.6965,1011.411
"2025-03-27 20:15:08",511,21.78273,42.78638,21.68792,42.66912,1011.396
"2025-03-27 20:15:09",512,21.76237,42.83129,21.65951,42.67895,1011.393
"2025-03-27 20:15:10",513,21.7306,42.75553,21.64007,42.75971,1011.388
"2025-03-27 20:15:11",514,21.77523,42.7929,21.64596,42.67091,1011.404
"2025-03-27 20:15:12",515,21.76796,42.82797,21.64923,42.67726,1011.401
"2025-03-27 20:15:13",516,21.77722,42.80956,21.59786,42.68719,1011.411
"2025-03-27 20:15:14",517,21.78984,42.82709,21.62994,42.75135,1011.404
"2025-03-27 20:15:15",518,21.79678,42.81841,21.64607,42.70149,1011.418
"2025-03-27 20:15:16",519,21.77451,42.83643,21.60561,42.7338,1011.401
"2025-03-27 20:15:17",520,21.7772,42.8037,21.6255,42.72581,1011.396
"2025-03-27 20:15:18",521,21.80441,42.82722,21.59496,42.67694,1011.389
"2025-03-27 20:15:19",522,21.71912,42.8572,21.66548,42.73774,1011.401
"2025-03-27 20:15:20",523,21.82063,42.87965,21.58916,42.72619,1011.407
"2025-03-27 20:15:21",524,21.81635,42.87738,21.62033,42.7491,1011.423
"2025-03-27 20:15:22",525,21.78596,42.885,21.62999,42.74011,1011.412
"2025-03-27 20:15:23",526,21.80167,42.96816,21.66412,42.77955,1011.419
"2025-03-27 20:15:24",527,21.82501,42.8886,21.63779,42.71058,1011.405
"2025-03-27 20:15:25",528,21.82016,42.84343,21.6725,42.72572,1011.409
"2025-03-27 20:15:26",529,21.7993,42.87615,21.66585,42.72768,1011.4
"2025-03-27 20:15:27",530,21.76457,42.82806,21.68287,42.71701,1011.414
"2025-03-27 20:15:28",531,21.72449,42.82993,21.68076,42.75521,1011.414
"2025-03-27 20:15:29",532,21.78778,42.88726,21.70314,42.7295,1011.422
"2025-03-27 20:15:30",533,21.81973,42.88753,21.64784,42.71474,1011.414
"2025-03-27 20:15:31",534,21.79775,42.85859,21.63405,42.73898,1011.417
"2025-03-27 20:15:32",535,21.85378,42.89943,21.65771,42.71581,1011.406
"2025-03-27 20:15:33",536,21.83512,42.8798,21.67746,42.75175,1011.413
"2025-03-27 20:15:34",537,21.83049,42.85337,21.64838,42.7773,1011.402
"2025-03-27 20:15:35",538,21.76743,42.88176,21.68747,42.71975,1011.418
"2025-03-27 20:15:36",539,21.77364,42.8746,21.64219,42.75762,1011.418
"2025-03-27 20:15:37",540,21.73397,42.85863,21.61227,42.72177,1011.428
"2025-03-27 20:15:38",541,21.81187,42.87112,21.63497,42.74581,1011.414
"2025-03-27 20:15:39",542,21.81071,42.92842,21.61237,42.74456,1011.419
"2025-03-27 20:15:40",543,21.82475,42.85662,21.61964,42.74625,1011.411
"2025-03-27 20:15:41",544,21.80589,42.82967,21.58366,42.70665,1011.425
"2025-03-27 20:15:42",545,21.81643,42.87787,21.60136,42.68677,1011.417
"2025-03-27 20:15:43",546,21.7866,42.89881,21.66336,42.72149,1011.473
"2025-03-27 20:15:44",547,21.778,42.87345,21.61377,42.72462,1011.442
"2025-03-27 20:15:45",548,21.80294,42.85596,21.64544,42.69747,1011.503
"2025-03-27 20:15:46",549,21.75176,42.80325,21.6354,42.71427,1011.436
"2025-03-27 20:15:47",550,21.8056,42.90305,21.64208,42.73547,1011.427
"2025-03-27 20:15:48",551,21.81006,42.83469,21.63009,42.73926,1011.424
"2025-03-27 20:15:49",552,21.83207,42.84246,21.61885,42.69492,1011.43
"2025-03-27 20:15:50",553,21.77814,42.80204,21.60387,42.71834,1011.426
"2025-03-27 20:15:51",554,21.76308,42.8581,21.5675,42.73271,1011.5
"2025-03-27 20:15:52",555,21.80853,42.84735,21.58049,42.76989,1011.454
"2025-03-27 20:15:53",556,21.74726,42.83466,21.58946,42.74193,1011.507
"2025-03-27 20:15:54",557,21.7559,42.84399,21.58102,42.78379,1011.449
"2025-03-27 20:15:55",558,21.6972,42.79182,21.60025,42.74258,1011.432
"2025-03-27 20:15:56",559,21.77822,42.87332,21.58884,42.75587,1011.438
"2025-03-27 20:15:57",560,21.74788,42.8603,21.63862,42.74324,1011.444
"2025-03-27 20:15:58",561,21.7698,42.84727,21.61379,42.74675,1011.438
"2025-03-27 20:15:59",562,21.68493,42.82622,21.65218,42.75592,1011.504
"2025-03-27 20:16:00",563,21.75427,42.88108,21.62946,42.72114,1011.443
"2025-03-27 20:16:01",564,21.77316,42.84637,21.54871,42.72268,1011.505
"2025-03-27 20:16:02",565,21.79567,42.90894,21.64391,42.68614,1011.448
"2025-03-27 20:16:03",566,21.7471,42.82386,21.58843,42.76357,1011.439
"2025-03-27 20:16:04",567,21.82224,42.86235,21.54219,42.78941,1011.432
"2025-03-27 20:16:05",568,21.80159,42.86254,21.5787,42.75669,1011.444
"2025-03-27 20:16:06",569,21.77557,42.88173,21.58478,42.76146,1011.443
"2025-03-27 20:16:07",570,21.74272,42.87596,21.57058,42.72393,1011.506
"2025-03-27 20:16:08",571,21.73188,42.89228,21.59334,42.75845,1011.459
"2025-03-27 20:16:09",572,21.76241,42.82959,21.63524,42.65088,1011.505
"2025-03-27 20:16:10",573,21.75838,42.81842,21.61007,42.71468,1011.456
"2025-03-27 20:16:11",574,21.72959,42.82983,21.67096,42.74459,1011.434
"2025-03-27 20:16:12",575,21.75874,42.82603,21.70212,42.77467,1011.475
"2025-03-27 20:16:13",576,21.73399,42.82374,21.6661,42.72045,1011.453
"2025-03-27 20:16:14",577,21.78046,42.8925,21.69781,42.74334,1011.452
"2025-03-27 20:16:15",578,21.74964,42.86876,21.62169,42.75778,1011.504
"2025-03-27 20:16:16",579,21.75131,42.95684,21.65181,42.77736,1011.464
"2025-03-27 20:16:17",580,21.76232,42.80188,21.60804,42.80735,1011.482
"2025-03-27 20:16:18",581,21.78858,42.861,21.5596,42.81115,1011.447
"2025-03-27 20:16:19",582,21.75777,42.85209,21.53436,42.76382,1011.435
"2025-03-27 20:16:20",583,21.7601,42.83978,21.62558,42.6474,1011.493
"2025-03-27 20:16:21",584,21.82263,42.84642,21.67403,42.75932,1011.453
"2025-03-27 20:16:22",585,21.81158,42.85008,21.66971,42.78238,1011.45
"2025-03-27 20:16:23",586,21.7888,42.92853,21.6586,42.81919,1011.447
"2025-03-27 20:16:24",587,21.83074,42.94269,21.67595,42.77717,1011.459
"2025-03-27 20:16:25",588,21.80038,42.91166,21.67722,42.80747,1011.429
"2025-03-27 20:16:26",589,21.73265,43.05804,21.64444,42.78882,1011.431
"2025-03-27 20:16:27",590,21.76418,42.81742,21.68144,42.79488,1011.419
"2025-03-27 20:16:28",591,21.79401,42.81594,21.59701,42.82438,1011.478
"2025-03-27 20:16:29",592,21.78347,42.88004,21.5948,42.97509,1011.43
"2025-03-27 20:16:30",593,21.81853,42.87433,21.68568,42.72,1011.437
"2025-03-27 20:16:31",594,21.79404,42.85506,21.66784,42.76586,1011.428
"2025-03-27 20:16:32",595,21.81021,42.89045,21.6264,42.81742,1011.44
"2025-03-27 20:16:33",596,21.81303,42.86642,21.65117,42.79265,1011.419
"2025-03-27 20:16:34",597,21.843,42.90738,21.62486,42.74052,1011.414
"2025-03-27 20:16:35",598,21.97776,42.87499,21.6951,42.78025,1011.403
"2025-03-27 20:16:36",599,21.70931,42.9396,21.69756,42.77697,1011.454
"2025-03-27 20:16:37",600,21.72433,42.81548,21.65511,42.78912,1011.411
"2025-03-27 20:16:38",601,21.80064,42.7902,21.68287,42.77721,1011.421
"2025-03-27 20:16:39",602,21.75381,42.85094,21.60149,42.75378,1011.407
"2025-03-27 20:16:40",603,21.79779,42.83634,21.6212,42.98423,1011.42
"2025-03-27 20:16:41",604,21.79704,42.86465,21.63991,42.6926,1011.395
"2025-03-27 20:16:42",605,21.79688,42.84779,21.6534,42.78039,1011.412
"2025-03-27 20:16:43",606,21.81557,42.84697,21.6561,42.81475,1011.394
"2025-03-27 20:16:44",607,21.79327,42.81655,21.64503,42.81899,1011.451
"2025-03-27 20:16:45",608,21.80073,42.83203,21.65623,42.79024,1011.402
"2025-03-27 20:16:46",609,21.77459,42.84616,21.64305,42.77134,1011.419
"2025-03-27 20:16:47",610,21.78402,42.86033,21.63358,42.79588,1011.411
"2025-03-27 20:16:48",611,21.7777,42.86516,21.60384,42.74289,1011.41
"2025-03-27 20:16:49",612,21.74432,42.87138,21.62059,42.79728,1011.392
"2025-03-27 20:16:50",613,21.76126,42.88915,21.63901,42.77949,1011.398
"2025-03-27 20:16:51",614,21.7931,42.82041,21.62735,42.81028,1011.385
"2025-03-27 20:16:52",615,21.77376,42.78876,21.66953,42.79734,1011.382
"2025-03-27 20:16:53",616,21.72889,42.85467,21.64329,42.72548,1011.389
"2025-03-27 20:16:54",617,21.81354,42.84494,21.58436,42.80884,1011.404
"2025-03-27 20:16:55",618,21.81384,42.83487,21.62264,42.86073,1011.392
"2025-03-27 20:16:56",619,21.80228,42.82748,21.5931,42.71233,1011.4
"2025-03-27 20:16:57",620,21.77801,42.81466,21.63007,42.78202,1011.444
"2025-03-27 20:16:58",621,21.80418,42.8646,21.62408,42.74157,1011.39
"2025-03-27 20:16:59",622,21.77615,42.85373,21.61769,42.78114,1011.381
"2025-03-27 20:17:00",623,21.79885,42.88623,21.65515,42.7841,1011.398
"2025-03-27 20:17:01",624,21.73921,42.84277,21.60226,42.82412,1011.402
"2025-03-27 20:17:02",625,21.74694,42.8399,21.62654,42.81063,1011.394
"2025-03-27 20:17:03",626,21.68416,42.977,21.6182,42.83415,1011.405
"2025-03-27 20:17:04",627,21.70495,42.79207,21.67236,42.75722,1011.379
"2025-03-27 20:17:05",628,21.69636,42.77654,21.50084,42.84277,1011.384
"2025-03-27 20:17:06",629,21.80302,42.84748,21.54351,42.7781,1011.373
"2025-03-27 20:17:07",630,21.77339,42.87724,21.56332,42.78591,1011.378
"2025-03-27 20:17:08",631,21.80611,42.85026,21.59856,42.86679,1011.378
"2025-03-27 20:17:09",632,21.80047,42.84439,21.59395,42.82029,1011.379
"2025-03-27 20:17:10",633,21.76493,42.85746,21.63792,42.80501,1011.38
"2025-03-27 20:17:11",634,21.73772,42.83269,21.58041,42.81995,1011.43
"2025-03-27 20:17:12",635,21.78854,42.86687,21.5842,42.82293,1011.379
"2025-03-27 20:17:13",636,21.75655,42.83337,21.5825,42.84062,1011.382
"2025-03-27 20:17:14",637,21.79097,42.83147,21.57063,42.75763,1011.373
"2025-03-27 20:17:15",638,21.79702,42.90269,21.56914,42.75969,1011.368
"2025-03-27 20:17:16",639,21.76365,42.89819,21.58659,42.73843,1011.38
"2025-03-27 20:17:17",640,21.79405,42.86993,21.61318,42.75387,1011.383
"2025-03-27 20:17:18",641,21.77084,42.84682,21.62992,42.77224,1011.385
"2025-03-27 20:17:19",642,21.77436,42.79345,21.6191,42.87156,1011.449
"2025-03-27 20:17:20",643,21.739,42.83523,21.6131,42.8443,1011.386
"2025-03-27 20:17:21",644,21.79353,42.85868,21.54822,42.7719,1011.396
"2025-03-27 20:17:22",645,21.73762,42.84424,21.62363,42.85485,1011.382
"2025-03-27 20:17:23",646,21.76265,42.8487,21.59457,42.75561,1011.376
"2025-03-27 20:17:24",647,21.7571,42.83334,21.63054,42.82001,1011.39
"2025-03-27 20:17:25",648,21.80435,42.86605,21.60479,42.84264,1011.394
"2025-03-27 20:17:26",649,21.80017,42.87079,21.64346,42.80444,1011.391
"2025-03-27 20:17:27",650,21.79631,42.8656,21.63839,42.86082,1011.45
"2025-03-27 20:17:28",651,21.75605,42.83533,21.62749,42.86928,1011.392
"2025-03-27 20:17:29",652,21.74836,42.84011,21.62062,42.89198,1011.394
"2025-03-27 20:17:30",653,21.77913,42.87868,21.66324,42.86514,1011.389
"2025-03-27 20:17:31",654,21.76784,42.91636,21.65126,42.90272,1011.385
"2025-03-27 20:17:32",655,21.75993,42.96098,21.67443,42.85789,1011.4
"2025-03-27 20:17:33",656,21.7993,42.88527,21.58579,42.85186,1011.401
"2025-03-27 20:17:34",657,21.82546,42.94851,21.62273,42.8502,1011.396
"2025-03-27 20:17:35",658,21.79111,42.9864,21.61172,42.87436,1011.447
"2025-03-27 20:17:36",659,21.82866,42.98705,21.6162,42.95053,1011.393
"2025-03-27 20:17:37",660,21.82126,43.05722,21.62299,42.91574,1011.394
"2025-03-27 20:17:38",661,21.76909,42.96993,21.69665,42.92218,1011.383
"2025-03-27 20:17:39",662,21.86979,42.99754,21.66924,42.90516,1011.375
"2025-03-27 20:17:40",663,21.8222,42.98994,21.64015,42.85625,1011.423
"2025-03-27 20:17:41",664,21.84245,42.96145,21.696,42.94855,1011.387
"2025-03-27 20:17:42",665,21.84889,42.96561,21.66427,42.85459,1011.37
"2025-03-27 20:17:43",666,21.7638,42.92085,21.65299,42.91928,1011.429
"2025-03-27 20:17:44",667,21.77263,43.00887,21.64978,42.96445,1011.384
"2025-03-27 20:17:45",668,21.82373,42.98929,21.71822,42.96236,1011.435
"2025-03-27 20:17:46",669,21.81829,42.95093,21.60823,42.94461,1011.378
"2025-03-27 20:17:47",670,21.75286,42.86946,21.73105,42.88629,1011.375
"2025-03-27 20:17:48",671,21.78567,42.96818,21.62818,42.89953,1011.441
"2025-03-27 20:17:49",672,21.80173,42.88353,21.65184,42.89116,1011.39
"2025-03-27 20:17:50",673,21.82629,42.82882,21.652,42.88561,1011.38
"2025-03-27 20:17:51",674,21.76903,42.89309,21.6419,42.93732,1011.372
"2025-03-27 20:17:52",675,21.82538,42.85257,21.60044,42.88845,1011.377
"2025-03-27 20:17:53",676,21.78474,42.84238,21.64191,42.89661,1011.431
"2025-03-27 20:17:54",677,21.84612,42.85346,21.6113,42.9394,1011.383
"2025-03-27 20:17:55",678,21.77315,42.84313,21.63155,42.91789,1011.388
"2025-03-27 20:17:56",679,21.77439,42.79252,21.64839,42.91195,1011.451
"2025-03-27 20:17:57",680,21.75373,42.86206,21.63874,42.95603,1011.401
"2025-03-27 20:17:58",681,21.78569,42.82403,21.65926,42.90007,1011.39
"2025-03-27 20:17:59",682,21.7335,42.8364,21.64543,42.89062,1011.382
"2025-03-27 20:18:00",683,21.73877,42.84164,21.64443,42.93897,1011.4
"2025-03-27 20:18:01",684,21.73199,42.85756,21.64439,42.91967,1011.439
"2025-03-27 20:18:02",685,21.80425,42.85504,21.6387,42.97599,1011.394
"2025-03-27 20:18:03",686,21.7622,42.83941,21.65066,42.95341,1011.398
"2025-03-27 20:18:04",687,21.79697,42.84953,21.64747,42.92464,1011.459
"2025-03-27 20:18:05",688,21.76718,42.81026,21.68364,42.97252,1011.412
"2025-03-27 20:18:06",689,21.78362,42.84623,21.69865,42.9865,1011.401
"2025-03-27 20:18:07",690,21.75452,42.82781,21.70873,42.89895,1011.389
"2025-03-27 20:18:08",691,21.79412,42.82999,21.6897,42.89476,1011.406
"2025-03-27 20:18:09",692,21.78201,42.85166,21.70668,42.90682,1011.445
"2025-03-27 20:18:10",693,21.81248,42.84388,21.75582,42.9305,1011.421
"2025-03-27 20:18:11",694,21.77389,42.91343,21.63809,42.93543,1011.415
"2025-03-27 20:18:12",695,21.8348,42.88037,21.68743,42.92229,1011.469
"2025-03-27 20:18:13",696,21.80539,42.85291,21.68432,42.90561,1011.424
"2025-03-27 20:18:14",697,21.74976,42.81675,21.68873,42.96593,1011.415
"2025-03-27 20:18:15",698,21.84195,42.91533,21.71819,42.92941,1011.406
"2025-03-27 20:18:16",699,21.80235,42.92946,21.68086,42.96209,1011.432
"2025-03-27 20:18:17",700,21.79284,42.91288,21.64701,42.92008,1011.431
"2025-03-27 20:18:18",701,21.77347,42.89231,21.64743,42.89765,1011.429
"2025-03-27 20:18:19",702,21.81812,42.92612,21.65694,42.91302,1011.435
"2025-03-27 20:18:20",703,21.78416,42.91848,21.64553,42.9255,1011.452
"2025-03-27 20:18:21",704,21.82051,42.86892,21.65134,42.92868,1011.446
"2025-03-27 20:18:22",705,21.80453,42.87112,21.65539,42.92788,1011.432
"2025-03-27 20:18:23",706,21.74659,42.87666,21.56365,42.89304,1011.45
"2025-03-27 20:18:24",707,21.7747,42.88614,21.66617,42.92554,1011.437
"2025-03-27 20:18:25",708,21.77714,42.8309,21.62706,42.92524,1011.45
"2025-03-27 20:18:26",709,21.78544,42.84544,21.60697,42.87064,1011.454
"2025-03-27 20:18:27",710,21.77324,42.91217,21.66782,42.85897,1011.451
"2025-03-27 20:18:28",711,21.76733,42.89573,21.67579,42.94569,1011.46
"2025-03-27 20:18:29",712,21.78876,42.88142,21.63007,42.91841,1011.46
"2025-03-27 20:18:30",713,21.82655,42.85849,21.62133,42.97011,1011.443
"2025-03-27 20:18:31",714,21.8231,42.93276,21.63262,42.90273,1011.45
"2025-03-27 20:18:32",715,21.7901,42.89826,21.62848,42.95652,1011.436
"2025-03-27 20:18:33",716,21.8354,42.89124,21.70229,42.91646,1011.451
"2025-03-27 20:18:34",717,21.95091,42.97941,21.73717,42.94865,1011.467
"2025-03-27 20:18:35",718,21.74201,42.94635,21.68405,42.93803,1011.464
"2025-03-27 20:18:36",719,21.69808,43.09681,21.75315,42.95275,1011.476
"2025-03-27 20:18:37",720,21.72951,42.85475,21.72461,42.91259,1011.472
"2025-03-27 20:18:38",721,21.79248,42.88606,21.93741,42.99473,1011.463
"2025-03-27 20:18:39",722,21.75796,42.84752,21.57844,42.93699,1011.469
"2025-03-27 20:18:40",723,21.78649,42.93144,21.60512,43.10252,1011.455
"2025-03-27 20:18:41",724,21.78145,42.87838,21.61567,42.8368,1011.474
"2025-03-27 20:18:42",725,21.82654,42.93124,21.58151,42.81638,1011.482
"2025-03-27 20:18:43",726,21.76765,42.89222,21.61547,42.85735,1011.477
"2025-03-27 20:18:44",727,21.78159,42.95107,21.64471,42.86381,1011.487
"2025-03-27 20:18:45",728,21.77188,42.94584,21.69711,42.8849,1011.48
"2025-03-27 20:18:46",729,21.80968,42.95982,21.73421,42.90924,1011.472
"2025-03-27 20:18:47",730,21.79017,42.9995,21.72842,42.95337,1011.474
"2025-03-27 20:18:48",731,21.82961,42.97359,21.71243,42.9321,1011.466
"2025-03-27 20:18:49",732,21.94021,43.03719,21.73558,42.98822,1011.468
"2025-03-27 20:18:50",733,21.80612,43.01216,21.69702,42.96251,1011.475
"2025-03-27 20:18:51",734,21.76959,43.12725,21.73438,42.91933,1011.463
"2025-03-27 20:18:52",735,21.75198,43.38245,21.78487,42.95207,1011.468
"2025-03-27 20:18:53",736,21.74437,42.93073,21.77911,42.98873,1011.46
"2025-03-27 20:18:54",737,21.73106,42.94399,21.8186,42.96449,1011.454
"2025-03-27 20:18:55",738,21.70761,42.94748,22.05964,42.8837,1011.457
"2025-03-27 20:18:56",739,21.73911,42.94956,21.58655,42.91124,1011.45
"2025-03-27 20:18:57",740,21.75492,43.09124,21.65095,42.95665,1011.462
"2025-03-27 20:18:58",741,21.80963,43.05465,21.63858,43.2999,1011.471
"2025-03-27 20:18:59",742,21.75291,43.05521,21.6473,42.83278,1011.461
"2025-03-27 20:19:00",743,21.76411,43.04511,21.62508,42.80082,1011.471
"2025-03-27 20:19:01",744,21.75939,43.06911,21.65061,42.76918,1011.461
"2025-03-27 20:19:02",745,21.78626,43.07353,21.60618,42.79323,1011.459
"2025-03-27 20:19:03",746,21.76057,43.06255,21.71674,42.7687,1011.466
"2025-03-27 20:19:04",747,21.82962,43.10664,21.7025,42.77819,1011.464
"2025-03-27 20:19:05",748,21.77753,43.12946,21.68761,42.83172,1011.463
"2025-03-27 20:19:06",749,21.78508,43.24789,21.67451,42.85846,1011.493
"2025-03-27 20:19:07",750,21.83334,43.25297,21.671,42.82584,1011.465
"2025-03-27 20:19:08",751,21.85428,43.30351,21.66881,42.84647,1011.46
"2025-03-27 20:19:09",752,21.80561,43.32321,21.70355,42.82968,1011.515
"2025-03-27 20:19:10",753,21.88069,43.39492,21.71399,42.84909,1011.462
"2025-03-27 20:19:11",754,21.99877,43.44595,21.75299,42.7755,1011.469
"2025-03-27 20:19:12",755,21.9774,43.48644,21.7233,42.8253,1011.467
"2025-03-27 20:19:13",756,22.24895,43.49467,21.77852,42.84266,1011.462
"2025-03-27 20:19:14",757,22.07104,43.49059,21.73029,42.81041,1011.525
"2025-03-27 20:19:15",758,21.79276,43.48544,21.69558,42.7957,1011.468
"2025-03-27 20:19:16",759,21.81779,43.42242,21.75217,42.83233,1011.455
"2025-03-27 20:19:17",760,21.79609,43.36792,21.68929,42.82774,1011.524
"2025-03-27 20:19:18",761,21.77954,43.36102,21.73243,42.81728,1011.474
"2025-03-27 20:19:19",762,21.77808,43.32974,21.64379,42.85172,1011.485
"2025-03-27 20:19:20",763,21.76809,43.33383,21.73538,42.85101,1011.488
"2025-03-27 20:19:21",764,21.80505,43.35764,21.7375,42.87375,1011.487
"2025-03-27 20:19:22",765,21.83376,43.33989,21.72276,42.87753,1011.543
"2025-03-27 20:19:23",766,21.7797,43.27599,21.68364,42.86391,1011.488
"2025-03-27 20:19:24",767,21.77117,43.27649,21.75912,42.86032,1011.479
"2025-03-27 20:19:25",768,21.74665,43.22488,21.70798,42.86989,1011.536
"2025-03-27 20:19:26",769,21.83949,43.29583,21.69877,42.87157,1011.487
"2025-03-27 20:19:27",770,21.76277,43.21887,21.67905,42.85898,1011.494
"2025-03-27 20:19:28",771,21.7889,43.19723,21.69877,42.8714,1011.498
"2025-03-27 20:19:29",772,21.74892,43.20377,21.71063,42.80638,1011.494
"2025-03-27 20:19:30",773,21.78121,43.20853,21.71957,42.86565,1011.542
"2025-03-27 20:19:31",774,21.81206,43.15728,21.6885,42.84895,1011.489
"2025-03-27 20:19:32",775,21.75838,43.19422,21.74208,42.90617,1011.472
"2025-03-27 20:19:33",776,21.76894,43.13897,21.70152,42.89331,1011.53
"2025-03-27 20:19:34",777,21.77395,43.15836,21.71367,42.9074,1011.494
"2025-03-27 20:19:35",778,21.74405,43.19038,21.73651,42.92029,1011.517
"2025-03-27 20:19:36",779,21.73245,43.12177,21.6986,42.903,1011.497
"2025-03-27 20:19:37",780,21.71164,43.10403,21.6806,42.87723,1011.49
"2025-03-27 20:19:38",781,21.75824,43.00462,21.72698,42.88196,1011.54
"2025-03-27 20:19:39",782,21.8157,43.03294,21.76423,42.90895,1011.484
"2025-03-27 20:19:40",783,21.78504,43.019,21.77048,42.92491,1011.475
"2025-03-27 20:19:41",784,21.78527,42.99181,21.71864,42.91678,1011.515
"2025-03-27 20:19:42",785,21.83277,43.0365,21.72117,42.90954,1011.49
"2025-03-27 20:19:43",786,21.77292,43.03571,21.68548,42.85996,1011.544
"2025-03-27 20:19:44",787,21.77534,43.00893,21.78598,42.9445,1011.493
"2025-03-27 20:19:45",788,21.78467,43.04292,21.74625,42.90123,1011.485
"2025-03-27 20:19:46",789,21.78714,43.10434,21.72008,42.89189,1011.475
"2025-03-27 20:19:47",790,21.76872,43.14218,21.70296,42.86034,1011.476
"2025-03-27 20:19:48",791,21.79952,43.26721,21.72545,42.88288,1011.466
"2025-03-27 20:19:49",792,21.80604,43.30147,21.79369,42.9183,1011.459
"2025-03-27 20:19:50",793,21.8242,43.37007,21.77707,42.87814,1011.477
"2025-03-27 20:19:51",794,21.87225,43.35111,21.79416,42.88554,1011.527
"2025-03-27 20:19:52",795,21.86705,43.34202,21.74781,42.86585,1011.474
"2025-03-27 20:19:53",796,21.82713,43.38813,21.7186,42.87181,1011.469
"2025-03-27 20:19:54",797,21.8879,43.34199,21.71418,42.88481,1011.454
"2025-03-27 20:19:55",798,21.87636,43.35381,21.74306,42.83944,1011.458
"2025-03-27 20:19:56",799,21.94208,43.31567,21.74858,42.86869,1011.447
"2025-03-27 20:19:57",800,21.95571,43.35611,21.7298,42.85627,1011.453
"2025-03-27 20:19:58",801,21.91967,43.35459,21.75463,42.86708,1011.47
"2025-03-27 20:19:59",802,21.88607,43.33359,21.72127,42.86721,1011.519
"2025-03-27 20:20:00",803,21.95153,43.36496,21.76666,42.86445,1011.459
"2025-03-27 20:20:01",804,21.96464,43.36288,21.80457,42.90102,1011.461
"2025-03-27 20:20:02",805,21.94126,43.35201,21.69882,42.86122,1011.447
"2025-03-27 20:20:03",806,21.91344,43.34364,21.78628,42.87074,1011.453
"2025-03-27 20:20:04",807,21.92231,43.35096,21.73683,42.86546,1011.436
"2025-03-27 20:20:05",808,22.05529,43.36472,21.73925,42.82742,1011.435
"2025-03-27 20:20:06",809,22.34306,43.37717,21.75648,42.85726,1011.46
"2025-03-27 20:20:07",810,22.19831,43.35803,21.75998,42.82039,1011.507
"2025-03-27 20:20:08",811,21.91125,43.3886,21.79094,42.81608,1011.461
"2025-03-27 20:20:09",812,21.74559,43.35682,21.76401,42.8109,1011.443
"2025-03-27 20:20:10",813,21.75227,43.40415,21.75084,42.82342,1011.437
"2025-03-27 20:20:11",814,21.70596,43.40341,21.76522,42.74897,1011.448
"2025-03-27 20:20:12",815,21.70122,43.43124,21.82316,42.80206,1011.433
"2025-03-27 20:20:13",816,21.75065,43.23696,21.95687,42.85937,1011.436
"2025-03-27 20:20:14",817,21.76894,43.26498,22.12435,42.85466,1011.45
"2025-03-27 20:20:15",818,21.74688,43.23678,21.67691,42.85571,1011.443
"2025-03-27 20:20:16",819,21.76181,43.15758,21.67047,42.81197,1011.458
"2025-03-27 20:20:17",820,21.76223,43.1853,21.68963,43.14391,1011.439
"2025-03-27 20:20:18",821,21.81175,43.16189,21.72197,42.63437,1011.424
"2025-03-27 20:20:19",822,21.78146,43.14341,21.66607,42.66388,1011.433
"2025-03-27 20:20:20",823,21.78918,43.25972,21.68248,42.68918,1011.421
"2025-03-27 20:20:21",824,21.82211,43.1474,21.71325,42.66456,1011.428
"2025-03-27 20:20:22",825,21.77303,43.13757,21.80686,42.6865,1011.447
"2025-03-27 20:20:23",826,21.85123,43.18976,21.7216,42.68295,1011.434
"2025-03-27 20:20:24",827,21.84749,43.17891,21.72692,42.7718,1011.441
"2025-03-27 20:20:25",828,21.8709,43.17867,21.76539,42.7089,1011.436
"2025-03-27 20:20:26",829,21.8356,43.10115,21.71799,42.72827,1011.426
"2025-03-27 20:20:27",830,21.93306,43.19886,21.75366,42.74504,1011.431
"2025-03-27 20:20:28",831,21.74373,43.15427,21.78671,42.69296,1011.426
"2025-03-27 20:20:29",832,21.71498,43.21988,21.77509,42.75568,1011.431
"2025-03-27 20:20:30",833,21.73719,43.27083,21.7892,42.76871,1011.444
"2025-03-27 20:20:31",834,21.74329,43.0751,21.84609,42.72711,1011.431
"2025-03-27 20:20:32",835,21.74897,43.09704,21.88441,42.71589,1011.435
"2025-03-27 20:20:33",836,21.72043,43.14105,21.82948,42.73899,1011.443
"2025-03-27 20:20:34",837,21.77893,43.0692,21.70213,42.7969,1011.426
"2025-03-27 20:20:35",838,21.78377,43.0889,21.65279,43.05702,1011.425
"2025-03-27 20:20:36",839,21.80461,43.05196,21.70793,42.69239,1011.428
"2025-03-27 20:20:37",840,21.81039,43.12053,21.69375,42.66298,1011.434
"2025-03-27 20:20:38",841,21.79788,43.07704,21.68624,42.62803,1011.444
"2025-03-27 20:20:39",842,21.80092,43.15412,21.72634,42.61206,1011.433
"2025-03-27 20:20:40",843,21.84432,43.07694,21.76776,42.56964,1011.428
"2025-03-27 20:20:41",844,21.81273,43.08894,21.79084,42.61356,1011.484
"2025-03-27 20:20:42",845,21.84841,43.14766,21.73622,42.63748,1011.426
"2025-03-27 20:20:43",846,21.85058,43.13601,21.75286,42.6786,1011.421
"2025-03-27 20:20:44",847,21.89494,43.10945,21.74663,42.67616,1011.434
"2025-03-27 20:20:45",848,22.18735,43.08553,21.71414,42.69052,1011.438
"2025-03-27 20:20:46",849,21.75534,43.10766,21.81625,42.69844,1011.449
"2025-03-27 20:20:47",850,21.75755,43.13751,21.78376,42.7093,1011.434
"2025-03-27 20:20:48",851,21.75118,43.07426,21.7883,42.74102,1011.431
"2025-03-27 20:20:49",852,21.78452,43.03603,21.83657,42.74736,1011.485
"2025-03-27 20:20:50",853,21.80587,43.01762,21.89866,42.77409,1011.437
"2025-03-27 20:20:51",854,21.76849,43.03764,21.96427,42.72709,1011.429
"2025-03-27 20:20:52",855,21.77007,43.0046,21.69747,42.75158,1011.447
"2025-03-27 20:20:53",856,21.78935,43.02952,21.67415,42.85012,1011.454
"2025-03-27 20:20:54",857,21.75349,43.0389,21.67642,42.84615,1011.456
"2025-03-27 20:20:55",858,21.77541,43.02462,21.69254,42.65044,1011.446
"2025-03-27 20:20:56",859,21.7531,43.06969,21.6834,42.63279,1011.438
"2025-03-27 20:20:57",860,21.81874,43.04891,21.7325,42.63458,1011.501
"2025-03-27 20:20:58",861,21.87542,43.02949,21.7446,42.63906,1011.447
"2025-03-27 20:20:59",862,21.83263,43.03743,21.72629,42.60983,1011.442
"2025-03-27 20:21:00",863,21.86571,43.01151,21.69358,42.59571,1011.488
"2025-03-27 20:21:01",864,21.80858,42.98575,21.75799,42.63973,1011.459
"2025-03-27 20:21:02",865,21.87881,43.0263,21.76895,42.62277,1011.464
"2025-03-27 20:21:03",866,21.82277,42.9972,21.75446,42.70888,1011.448
"2025-03-27 20:21:04",867,21.83545,43.02542,21.70255,42.66423,1011.443
"2025-03-27 20:21:05",868,21.84651,43.02353,21.76845,42.73359,1011.503
"2025-03-27 20:21:06",869,21.93727,43.04897,21.7947,42.67617,1011.454
"2025-03-27 20:21:07",870,21.82814,43.05629,21.76871,42.7232,1011.447
"2025-03-27 20:21:08",871,21.71947,43.07313,21.76609,42.72702,1011.463
"2025-03-27 20:21:09",872,21.69019,43.10867,21.80816,42.69949,1011.468
"2025-03-27 20:21:10",873,21.70152,42.95892,21.79969,42.69444,1011.523
"2025-03-27 20:21:11",874,21.77858,42.89561,21.7766,42.74544,1011.465
"2025-03-27 20:21:12",875,21.71668,42.87258,21.79908,42.67512,1011.439
"2025-03-27 20:21:13",876,21.79731,42.90904,21.78064,42.71627,1011.439
"2025-03-27 20:21:14",877,21.80247,42.85933,21.72231,42.78402,1011.448
"2025-03-27 20:21:15",878,21.81004,42.88965,21.74812,42.73752,1011.44
"2025-03-27 20:21:16",879,21.764,42.84364,21.71781,42.7123,1011.463
"2025-03-27 20:21:17",880,21.78823,42.83604,21.75597,42.63834,1011.463
"2025-03-27 20:21:18",881,21.78658,42.83801,21.73135,42.57623,1011.514
"2025-03-27 20:21:19",882,21.78452,42.83764,21.75627,42.63659,1011.454
"2025-03-27 20:21:20",883,21.82679,42.86382,21.72189,42.61875,1011.441
"2025-03-27 20:21:21",884,21.84364,42.87794,21.7452,42.60792,1011.436
"2025-03-27 20:21:22",885,21.82369,42.91032,21.70016,42.65168,1011.448
"2025-03-27 20:21:23",886,21.78997,42.90192,21.72501,42.6569,1011.438
"2025-03-27 20:21:24",887,21.87483,42.86917,21.79419,42.616,1011.458
"2025-03-27 20:21:25",888,21.80074,42.91794,21.82314,42.64932,1011.453
"2025-03-27 20:21:26",889,21.89592,42.88553,21.85101,42.66491,1011.444
"2025-03-27 20:21:27",890,21.86055,42.87727,21.82134,42.74907,1011.44
"2025-03-27 20:21:28",891,21.8708,42.84766,21.84911,42.69777,1011.433
"2025-03-27 20:21:29",892,22.2426,42.87715,21.7935,42.70979,1011.44
"2025-03-27 20:21:30",893,21.80281,42.85222,21.81951,42.73805,1011.43
"2025-03-27 20:21:31",894,21.81047,42.90552,21.80688,42.75118,1011.45
"2025-03-27 20:21:32",895,21.78029,42.99273,21.87289,42.73423,1011.455
"2025-03-27 20:21:33",896,21.7736,42.79211,21.92456,42.78105,1011.495
"2025-03-27 20:21:34",897,21.83033,42.76346,22.04894,42.77035,1011.442
"2025-03-27 20:21:35",898,21.74401,42.77829,21.88136,42.80666,1011.427
"2025-03-27 20:21:36",899,21.75067,42.72839,21.73294,42.81569,1011.421
"2025-03-27 20:21:37",900,21.7506,42.68229,21.71576,42.89896,1011.435
"2025-03-27 20:21:38",901,21.8793,42.75605,21.704,42.94172,1011.424
"2025-03-27 20:21:39",902,21.84603,42.76339,21.68815,42.65639,1011.49
"2025-03-27 20:21:40",903,21.81041,42.80542,21.69511,42.63568,1011.443
"2025-03-27 20:21:41",904,21.82298,42.84508,21.70236,42.66752,1011.442
"2025-03-27 20:21:42",905,21.83476,42.84735,21.72277,42.69485,1011.432
"2025-03-27 20:21:43",906,21.85332,42.83714,21.75792,42.60823,1011.42
"2025-03-27 20:21:44",907,21.86824,42.85153,21.76511,42.54589,1011.413
"2025-03-27 20:21:45",908,21.8711,42.87353,21.79406,42.57156,1011.425
"2025-03-27 20:21:46",909,21.85359,42.79789,21.81052,42.65028,1011.418
"2025-03-27 20:21:47",910,21.89392,42.84011,21.79645,42.69156,1011.486
"2025-03-27 20:21:48",911,21.84798,42.7902,21.80813,42.6566,1011.439
"2025-03-27 20:21:49",912,21.89327,42.83788,21.7785,42.6281,1011.423
"2025-03-27 20:21:50",913,21.953,42.86087,21.78415,42.64799,1011.429
"2025-03-27 20:21:51",914,22.21132,42.84715,21.80024,42.64602,1011.424
"2025-03-27 20:21:52",915,21.91447,42.8121,21.80343,42.67616,1011.411
"2025-03-27 20:21:53",916,21.84322,42.89107,21.8385,42.5757,1011.423
"2025-03-27 20:21:54",917,21.7961,42.88618,21.83028,42.59177,1011.422
"2025-03-27 20:21:55",918,21.75175,42.88344,21.80493,42.63751,1011.484
"2025-03-27 20:21:56",919,21.79319,43.0804,21.83836,42.55491,1011.441
"2025-03-27 20:21:57",920,21.83906,42.74828,21.85576,42.58635,1011.422
"2025-03-27 20:21:58",921,21.83284,42.65557,21.85251,42.63689,1011.425
"2025-03-27 20:21:59",922,21.80813,42.72173,21.85368,42.62616,1011.42
"2025-03-27 20:22:00",923,21.82967,42.71611,22.21029,42.63837,1011.479
"2025-03-27 20:22:01",924,21.83555,42.73193,21.98366,42.69524,1011.419
"2025-03-27 20:22:02",925,21.8794,42.71079,21.76271,42.69728,1011.425
"2025-03-27 20:22:03",926,21.87569,42.68879,21.76765,42.682,1011.477
"2025-03-27 20:22:04",927,21.85624,42.61227,21.74435,42.6622,1011.439
"2025-03-27 20:22:05",928,21.90753,42.67382,21.73714,42.62915,1011.42
"2025-03-27 20:22:06",929,21.88527,42.65067,21.75103,43.01011,1011.432
"2025-03-27 20:22:07",930,21.88533,42.63358,21.72017,42.66493,1011.416
"2025-03-27 20:22:08",931,21.87714,42.65178,21.74289,42.58511,1011.417
"2025-03-27 20:22:09",932,21.93198,42.7562,21.74495,42.53519,1011.412
"2025-03-27 20:22:10",933,21.89444,42.79433,21.75139,42.56895,1011.427
"2025-03-27 20:22:11",934,21.93116,42.7331,21.79092,42.49268,1011.428
"2025-03-27 20:22:12",935,21.93435,42.73682,21.81036,42.46721,1011.431
"2025-03-27 20:22:13",936,21.86888,42.68993,21.80709,42.44792,1011.412
"2025-03-27 20:22:14",937,21.92809,42.68576,21.80532,42.469,1011.423
"2025-03-27 20:22:15",938,21.89537,42.71137,21.79652,42.46383,1011.411
"2025-03-27 20:22:16",939,21.90129,42.65128,21.82113,42.47248,1011.421
"2025-03-27 20:22:17",940,21.88242,42.64245,21.80591,42.4325,1011.415
"2025-03-27 20:22:18",941,21.9192,42.60865,21.82558,42.43152,1011.43
"2025-03-27 20:22:19",942,21.90769,42.64034,21.80077,42.43752,1011.426
"2025-03-27 20:22:20",943,21.94771,42.67452,21.8116,42.41892,1011.435
"2025-03-27 20:22:21",944,21.93933,42.64895,21.84972,42.43359,1011.42
"2025-03-27 20:22:22",945,21.90819,42.56215,21.84835,42.44205,1011.423
"2025-03-27 20:22:23",946,21.96556,42.65044,21.90301,42.51628,1011.419
"2025-03-27 20:22:24",947,21.98255,42.53153,21.86197,42.51643,1011.426
"2025-03-27 20:22:25",948,21.96501,42.58365,21.85885,42.50383,1011.422
"2025-03-27 20:22:26",949,21.96658,42.56991,21.83142,42.40953,1011.437
"2025-03-27 20:22:27",950,22.04363,42.58106,21.8664,42.44998,1011.429
"2025-03-27 20:22:28",951,22.02059,42.63482,21.89399,42.45316,1011.438
"2025-03-27 20:22:29",952,21.89286,42.59226,21.8613,42.4719,1011.431
"2025-03-27 20:22:30",953,21.9239,42.64623,21.94184,42.41175,1011.431
"2025-03-27 20:22:31",954,21.85287,42.55849,21.88603,42.42509,1011.463
"2025-03-27 20:22:32",955,21.90401,42.83542,21.93991,42.43692,1011.447
"2025-03-27 20:22:33",956,21.87911,42.56829,21.79818,42.38341,1011.447
"2025-03-27 20:22:34",957,21.86821,42.53904,21.97523,42.41055,1011.466
"2025-03-27 20:22:35",958,21.90602,42.4538,21.91647,42.45308,1011.453
"2025-03-27 20:22:36",959,21.87613,42.51982,21.94664,42.42759,1011.461
"2025-03-27 20:22:37",960,21.91291,42.52656,21.96624,42.4483,1011.456
"2025-03-27 20:22:38",961,21.88231,42.543,21.98464,42.40713,1011.445
"2025-03-27 20:22:39",962,21.93246,42.47786,21.95565,42.46031,1011.502
"2025-03-27 20:22:40",963,21.90212,42.4437,21.94666,42.439,1011.457
"2025-03-27 20:22:41",964,21.94583,42.48048,21.94581,42.40377,1011.451
"2025-03-27 20:22:42",965,21.8653,42.5105,21.90314,42.39858,1011.469
"2025-03-27 20:22:43",966,21.87855,42.46224,21.95452,42.43228,1011.46
"2025-03-27 20:22:44",967,21.85996,42.54348,21.89383,42.41976,1011.464
"2025-03-27 20:22:45",968,21.89164,42.54895,21.87008,42.42255,1011.453
"2025-03-27 20:22:46",969,21.871,42.60738,21.9269,42.38706,1011.444
"2025-03-27 20:22:47",970,21.8736,42.65368,21.92809,42.41804,1011.504
"2025-03-27 20:22:48",971,21.87003,42.59893,21.95633,42.4012,1011.458
"2025-03-27 20:22:49",972,21.87616,42.5366,21.91906,42.39349,1011.454
"2025-03-27 20:22:50",973,21.91465,42.63193,21.95924,42.42279,1011.473
"2025-03-27 20:22:51",974,21.89901,42.542,21.8924,42.34203,1011.459
"2025-03-27 20:22:52",975,22.02629,42.58887,21.90696,42.43051,1011.463
"2025-03-27 20:22:53",976,21.9976,42.57867,21.97224,42.41231,1011.457
"2025-03-27 20:22:54",977,22.00686,42.55235,21.89942,42.38763,1011.453
"2025-03-27 20:22:55",978,22.02177,42.54874,21.96791,42.41115,1011.515
"2025-03-27 20:22:56",979,22.00661,42.52245,21.86794,42.37078,1011.47
"2025-03-27 20:22:57",980,22.0309,42.49464,21.95373,42.40204,1011.465
"2025-03-27 20:22:58",981,21.99382,42.50599,21.92651,42.41529,1011.481
"2025-03-27 20:22:59",982,22.01729,42.54696,21.99777,42.29796,1011.466
"2025-03-27 20:23:00",983,22.00916,42.5629,21.92465,42.32761,1011.469
"2025-03-27 20:23:01",984,21.99553,42.56518,21.98138,42.29192,1011.461
"2025-03-27 20:23:02",985,21.967,42.54806,21.92265,42.27992,1011.447
"2025-03-27 20:23:03",986,22.03264,42.5747,21.90282,42.29303,1011.509
"2025-03-27 20:23:04",987,22.05483,42.5223,21.86481,42.25198,1011.471
"2025-03-27 20:23:05",988,22.01712,42.48786,21.79086,42.34843,1011.46
"2025-03-27 20:23:06",989,22.04282,42.54376,21.85634,42.31397,1011.524
"2025-03-27 20:23:07",990,22.02992,42.50325,21.85584,42.2784,1011.458
"2025-03-27 20:23:08",991,22.05846,42.56551,21.838,42.30297,1011.518
"2025-03-27 20:23:09",992,22.04587,42.45301,21.87214,42.28492,1011.46
"2025-03-27 20:23:10",993,22.08619,42.45897,21.84763,42.27029,1011.446
"2025-03-27 20:23:11",994,21.9913,42.51361,21.82171,42.27922,1011.451
"2025-03-27 20:23:12",995,22.06044,42.49532,21.81208,42.57136,1011.469
"2025-03-27 20:23:13",996,22.04219,42.50274,21.82951,42.45747,1011.46
"2025-03-27 20:23:14",997,22.00586,42.50441,21.83261,42.41051,1011.521
"2025-03-27 20:23:15",998,21.98029,42.52608,21.87345,42.36802,1011.461
"2025-03-27 20:23:16",999,22.01751,42.50842,22.3091,42.33707,1011.508
"2025-03-27 20:23:17",1000,22.00162,42.54642,22.05504,42.34682,1011.455
"2025-03-27 20:23:18",1001,22.01198,42.49137,21.99504,42.32552,1011.444
"2025-03-27 20:23:19",1002,22.00718,42.72033,22.00286,42.30421,1011.45
"2025-03-27 20:23:20",1003,21.99841,42.69945,21.97832,42.34327,1011.467
"2025-03-27 20:23:21",1004,22.04602,42.62805,21.90268,42.26502,1011.474
"2025-03-27 20:23:22",1005,22.01004,42.64838,21.93623,42.29263,1011.525
"2025-03-27 20:23:23",1006,22.28677,42.65762,21.92709,42.32431,1011.466
"2025-03-27 20:23:24",1007,22.67647,42.67397,21.94181,42.29445,1011.513
"2025-03-27 20:23:25",1008,22.18517,42.63152,21.95612,42.30127,1011.459
"2025-03-27 20:23:26",1009,22.14451,42.57591,21.98423,42.28311,1011.456
"2025-03-27 20:23:27",1010,22.11582,42.56055,21.9496,42.30182,1011.46
"2025-03-27 20:23:28",1011,22.07655,42.51405,21.96607,42.27557,1011.472
"2025-03-27 20:23:29",1012,22.0679,42.48128,21.94026,42.30623,1011.471
"2025-03-27 20:23:30",1013,22.11727,42.52245,21.94799,42.26443,1011.516
"2025-03-27 20:23:31",1014,22.10592,42.48222,21.94438,42.20316,1011.465
"2025-03-27 20:23:32",1015,22.15264,42.47345,21.88648,42.25898,1011.509
"2025-03-27 20:23:33",1016,22.10472,42.47486,21.88196,42.21696,1011.467
"2025-03-27 20:23:34",1017,22.16711,42.4742,21.85317,42.23668,1011.46
"2025-03-27 20:23:35",1018,22.1949,42.35283,21.90942,42.52733,1011.462
"2025-03-27 20:23:36",1019,22.13944,42.35722,21.88456,42.39322,1011.465
"2025-03-27 20:23:37",1020,22.13273,42.30862,21.87954,42.3143,1011.472
"2025-03-27 20:23:38",1021,22.07683,42.25214,22.17824,42.36368,1011.472
"2025-03-27 20:23:39",1022,22.11166,42.3216,22.05048,42.26738,1011.471
"2025-03-27 20:23:40",1023,22.12859,42.60188,21.96329,42.31091,1011.461
"2025-03-27 20:23:41",1024,22.09476,42.39265,22.01315,42.28307,1011.475
"2025-03-27 20:23:42",1025,22.19841,42.33807,21.97348,42.32683,1011.468
"2025-03-27 20:23:43",1026,22.40345,42.32276,22.01379,42.30401,1011.459
"2025-03-27 20:23:44",1027,22.33577,42.26538,21.99924,42.32711,1011.463
"2025-03-27 20:23:45",1028,22.24553,42.27896,22.01059,42.29877,1011.474
"2025-03-27 20:23:46",1029,22.28156,42.23859,21.98589,42.28646,1011.457
"2025-03-27 20:23:47",1030,22.28361,42.14571,21.98261,42.27823,1011.464
"2025-03-27 20:23:48",1031,22.33531,42.10506,21.95938,42.26973,1011.449
"2025-03-27 20:23:49",1032,22.31617,42.15633,21.95225,42.19983,1011.461
"2025-03-27 20:23:50",1033,22.31551,42.08448,21.96681,42.24219,1011.462
"2025-03-27 20:23:51",1034,22.34971,42.09545,21.97372,42.18198,1011.467
"2025-03-27 20:23:52",1035,22.30099,42.07267,21.9493,42.21706,1011.465
"2025-03-27 20:23:53",1036,22.35652,42.01361,21.93033,42.19938,1011.474
"2025-03-27 20:23:54",1037,22.29998,41.98089,21.94416,42.22353,1011.47
"2025-03-27 20:23:55",1038,22.35843,41.87711,21.87665,42.18965,1011.465
"2025-03-27 20:23:56",1039,22.33801,41.84988,21.91772,42.23125,1011.455
"2025-03-27 20:23:57",1040,22.37254,41.89385,21.88938,42.35755,1011.467
"2025-03-27 20:23:58",1041,22.47808,41.86116,21.87302,42.37985,1011.472
"2025-03-27 20:23:59",1042,22.45201,41.76912,21.92108,42.30504,1011.477
"2025-03-27 20:24:00",1043,22.45738,41.78584,21.99059,42.26892,1011.479
"2025-03-27 20:24:01",1044,22.43083,41.75545,22.21099,42.33053,1011.483
"2025-03-27 20:24:02",1045,22.37192,41.73114,22.02262,42.32788,1011.472
"2025-03-27 20:24:03",1046,22.42142,41.70457,22.08692,42.29587,1011.481
"2025-03-27 20:24:04",1047,22.37789,41.7543,22.0171,42.2981,1011.466
"2025-03-27 20:24:05",1048,22.40537,41.69248,22.00162,42.29914,1011.47
"2025-03-27 20:24:06",1049,22.43562,41.75667,21.96212,42.27222,1011.482
"2025-03-27 20:24:07",1050,22.48215,41.65427,21.94522,42.26961,1011.486
"2025-03-27 20:24:08",1051,22.79394,41.61665,21.96805,42.22966,1011.48
"2025-03-27 20:24:09",1052,22.58766,41.55353,21.99391,42.20198,1011.49
"2025-03-27 20:24:10",1053,22.52903,41.58986,22.00324,42.28595,1011.47
"2025-03-27 20:24:11",1054,22.51225,41.52384,21.97797,42.25068,1011.487
"2025-03-27 20:24:12",1055,22.57377,41.40543,21.98853,42.27295,1011.469
"2025-03-27 20:24:13",1056,22.60528,41.40593,21.95698,42.26519,1011.479
"2025-03-27 20:24:14",1057,22.52529,41.26803,21.99728,42.25949,1011.492
"2025-03-27 20:24:15",1058,22.58655,41.32186,21.95708,42.17358,1011.499
"2025-03-27 20:24:16",1059,22.6036,41.33974,21.96593,42.19556,1011.489
"2025-03-27 20:24:17",1060,22.67059,41.2843,21.94936,42.20307,1011.498
"2025-03-27 20:24:18",1061,22.656,41.26635,21.93195,42.18804,1011.482
"2025-03-27 20:24:19",1062,22.65174,41.24842,21.95968,42.21541,1011.493
"2025-03-27 20:24:20",1063,22.61573,41.18489,21.98435,42.16029,1011.48
"2025-03-27 20:24:21",1064,22.64295,41.18055,21.9344,42.20049,1011.491
"2025-03-27 20:24:22",1065,22.62874,41.15432,21.95773,42.18836,1011.505
"2025-03-27 20:24:23",1066,22.68771,41.11074,21.91271,42.2126,1011.512
"2025-03-27 20:24:24",1067,22.66267,41.12463,21.94654,42.21238,1011.5
"2025-03-27 20:24:25",1068,22.66609,41.11855,21.90009,42.17086,1011.504
"2025-03-27 20:24:26",1069,22.61059,41.01892,21.92185,42.16853,1011.497
"2025-03-27 20:24:27",1070,22.61216,41.07316,21.92937,42.17442,1011.502
"2025-03-27 20:24:28",1071,22.62725,41.03054,21.92656,42.22237,1011.491
"2025-03-27 20:24:29",1072,22.64528,41.00974,21.94524,42.20908,1011.489
"2025-03-27 20:24:30",1073,22.68737,40.99622,21.93982,42.42707,1011.543
"2025-03-27 20:24:31",1074,22.70579,41.04105,21.92464,42.71495,1011.508
"2025-03-27 20:24:32",1075,22.68291,41.05221,21.95308,42.36087,1011.495
"2025-03-27 20:24:33",1076,22.70979,40.9453,21.98229,42.32757,1011.555
"2025-03-27 20:24:34",1077,22.70709,41.00217,22.241,42.30615,1011.488
"2025-03-27 20:24:35",1078,22.70938,40.9062,22.13517,42.28671,1011.491
"2025-03-27 20:24:36",1079,22.69691,40.88719,22.05215,42.31628,1011.491
"2025-03-27 20:24:37",1080,22.73392,41.3043,22.05767,42.30923,1011.482
"2025-03-27 20:24:38",1081,22.66513,41.05685,22.08025,42.29929,1011.55
"2025-03-27 20:24:39",1082,22.75262,40.97162,22.05756,42.28394,1011.503
"2025-03-27 20:24:40",1083,23.21328,40.92336,22.06617,42.28797,1011.49
"2025-03-27 20:24:41",1084,22.8625,40.91621,22.01655,42.23982,1011.543
"2025-03-27 20:24:42",1085,22.8411,40.91755,22.06559,42.27927,1011.482
"2025-03-27 20:24:43",1086,22.85603,40.82288,21.98918,42.19126,1011.485
"2025-03-27 20:24:44",1087,22.80868,40.82853,22.02384,42.17787,1011.478
"2025-03-27 20:24:45",1088,22.75349,40.79103,22.02319,42.17388,1011.477
"2025-03-27 20:24:46",1089,22.87215,40.75279,21.96721,42.20371,1011.539
"2025-03-27 20:24:47",1090,22.76279,40.74791,21.94292,42.17278,1011.491
"2025-03-27 20:24:48",1091,22.86924,40.66647,21.9455,42.17341,1011.477
"2025-03-27 20:24:49",1092,22.84187,40.61628,21.98469,42.15368,1011.529
"2025-03-27 20:24:50",1093,22.84628,40.58906,21.92515,42.1558,1011.467
"2025-03-27 20:24:51",1094,22.8821,40.55777,21.9467,42.42625,1011.468
"2025-03-27 20:24:52",1095,22.8334,40.52097,21.93187,42.33684,1011.466
"2025-03-27 20:24:53",1096,22.83684,40.52034,21.93248,42.29451,1011.466
"2025-03-27 20:24:54",1097,22.84821,40.4977,22.10707,42.21926,1011.525
"2025-03-27 20:24:55",1098,22.85225,40.48369,22.38408,42.16925,1011.475
"2025-03-27 20:24:56",1099,22.82393,40.4591,22.17335,42.17775,1011.464
"2025-03-27 20:24:57",1100,22.85732,40.39918,22.05579,42.21352,1011.514
"2025-03-27 20:24:58",1101,22.88529,40.42533,22.08514,42.21355,1011.48
"2025-03-27 20:24:59",1102,22.93287,40.83141,22.03474,42.2112,1011.509
"2025-03-27 20:25:00",1103,22.91989,40.51665,22.10714,42.22002,1011.474
"2025-03-27 20:25:01",1104,22.93078,40.40268,22.02453,42.22188,1011.476
"2025-03-27 20:25:02",1105,22.92937,40.37407,22.04639,42.20315,1011.537
"2025-03-27 20:25:03",1106,22.91163,40.36144,22.06193,42.1613,1011.495
"2025-03-27 20:25:04",1107,23.01369,40.30769,22.04984,42.14296,1011.479
"2025-03-27 20:25:05",1108,23.10864,40.27446,21.96127,42.20625,1011.494
"2025-03-27 20:25:06",1109,23.25916,40.25744,22.09692,42.18697,1011.469
"2025-03-27 20:25:07",1110,23.37575,40.21438,22.07363,42.19168,1011.476
"2025-03-27 20:25:08",1111,23.54047,40.19987,22.09392,42.2042,1011.468
"2025-03-27 20:25:09",1112,23.32074,40.14819,22.09807,42.2073,1011.466
"2025-03-27 20:25:10",1113,23.26651,40.13889,22.02511,42.20217,1011.465
"2025-03-27 20:25:11",1114,23.25921,40.05365,22.03857,42.1513,1011.475
"2025-03-27 20:25:12",1115,23.22224,40.00819,22.01249,42.19185,1011.468
"2025-03-27 20:25:13",1116,23.18052,40.0094,22.00004,42.23128,1011.453
"2025-03-27 20:25:14",1117,23.15413,39.97371,22.05301,42.2264,1011.461
"2025-03-27 20:25:15",1118,23.12216,39.93513,22.0696,42.22587,1011.461
"2025-03-27 20:25:16",1119,23.1861,39.93571,22.04613,42.20454,1011.469
"2025-03-27 20:25:17",1120,23.21836,39.9198,22.03395,42.19924,1011.469
"2025-03-27 20:25:18",1121,23.24962,39.84604,22.05707,42.15063,1011.453
"2025-03-27 20:25:19",1122,23.22846,39.82599,22.02682,42.21319,1011.462
"2025-03-27 20:25:20",1123,23.19746,39.78888,21.98673,42.09278,1011.455
"2025-03-27 20:25:21",1124,23.25235,39.76587,21.98886,42.10715,1011.439
"2025-03-27 20:25:22",1125,23.30007,39.75281,21.92579,42.12951,1011.45
"2025-03-27 20:25:23",1126,23.23681,39.71277,21.9943,42.09573,1011.451
"2025-03-27 20:25:24",1127,23.29199,39.70911,21.98673,42.11757,1011.455
"2025-03-27 20:25:25",1128,23.27556,39.64257,21.96727,42.15488,1011.454
"2025-03-27 20:25:26",1129,23.28135,39.64245,21.99612,42.0989,1011.45
"2025-03-27 20:25:27",1130,23.34565,39.60155,21.95752,42.1146,1011.456
"2025-03-27 20:25:28",1131,23.32681,39.57655,21.99279,42.07917,1011.457
"2025-03-27 20:25:29",1132,23.35983,39.43341,21.92897,42.07741,1011.445
"2025-03-27 20:25:30",1133,23.36073,39.42508,21.9279,42.0836,1011.464
"2025-03-27 20:25:31",1134,23.35597,39.52071,22.01488,42.09285,1011.516
"2025-03-27 20:25:32",1135,23.39609,39.40401,22.03727,42.15308,1011.472
"2025-03-27 20:25:33",1136,23.39632,39.39876,22.03173,42.07615,1011.466
"2025-03-27 20:25:34",1137,23.38823,39.3033,21.99556,42.11143,1011.466
"2025-03-27 20:25:35",1138,23.42913,39.31457,21.97884,41.98888,1011.463
"2025-03-27 20:25:36",1139,23.44339,39.31349,21.92867,41.93347,1011.467
"2025-03-27 20:25:37",1140,23.47479,39.28304,21.9715,41.9646,1011.449
"2025-03-27 20:25:38",1141,23.50209,39.23402,21.92483,41.96249,1011.47
"2025-03-27 20:25:39",1142,23.48065,39.21432,21.95856,41.98454,1011.515
"2025-03-27 20:25:40",1143,23.49664,39.16025,21.94459,42.00811,1011.464
"2025-03-27 20:25:41",1144,23.46379,39.06562,21.91382,42.03531,1011.465
"2025-03-27 20:25:42",1145,23.53321,39.05895,21.97353,42.10016,1011.464
"2025-03-27 20:25:43",1146,23.5658,39.03185,21.95393,42.08133,1011.455
"2025-03-27 20:25:44",1147,23.55037,39.12438,21.93972,42.14414,1011.464
"2025-03-27 20:25:45",1148,23.63036,39.05881,21.97437,42.14076,1011.453
"2025-03-27 20:25:46",1149,23.59047,39.03804,21.98237,42.11984,1011.467
"2025-03-27 20:25:47",1150,23.63181,39.07002,21.97332,42.16603,1011.518
"2025-03-27 20:25:48",1151,23.62712,39.03641,22.00066,42.14775,1011.478
"2025-03-27 20:25:49",1152,23.56308,38.91907,21.98931,42.18904,1011.473
"2025-03-27 20:25:50",1153,23.55765,38.90425,21.98315,42.09468,1011.469
"2025-03-27 20:25:51",1154,23.58436,38.86834,22.05503,42.19032,1011.461
"2025-03-27 20:25:52",1155,23.64832,38.82206,22.03644,42.24478,1011.469
"2025-03-27 20:25:53",1156,23.62349,38.80294,22.08159,42.18598,1011.463
"2025-03-27 20:25:54",1157,23.6872,38.80125,22.0715,42.24326,1011.476
"2025-03-27 20:25:55",1158,23.64747,38.74637,22.06158,42.19144,1011.519
"2025-03-27 20:25:56",1159,23.69205,38.67089,22.06443,42.2128,1011.476
"2025-03-27 20:25:57",1160,23.6644,38.69429,22.07081,42.1608,1011.501
"2025-03-27 20:25:58",1161,23.69183,38.67922,22.11167,42.15401,1011.471
"2025-03-27 20:25:59",1162,23.73194,38.5581,22.07731,42.14212,1011.463
"2025-03-27 20:26:00",1163,23.75999,38.55154,22.09085,42.16366,1011.495
"2025-03-27 20:26:01",1164,23.68708,38.48613,22.10982,42.3216,1011.468
"2025-03-27 20:26:02",1165,23.7456,38.47369,22.14846,42.53337,1011.471
"2025-03-27 20:26:03",1166,23.68953,38.42497,22.20041,42.16814,1011.508
"2025-03-27 20:26:04",1167,23.70972,38.43597,22.18611,42.11859,1011.471
"2025-03-27 20:26:05",1168,23.68801,38.41077,22.14132,42.12784,1011.532
"2025-03-27 20:26:06",1169,23.72921,38.40875,22.24807,42.09541,1011.469
"2025-03-27 20:26:07",1170,23.70594,38.40284,22.24649,42.09096,1011.458
"2025-03-27 20:26:08",1171,23.70657,38.36844,22.22528,42.09074,1011.517
"2025-03-27 20:26:09",1172,23.66877,38.35701,22.39457,42.06734,1011.463
"2025-03-27 20:26:10",1173,23.67629,38.34591,22.62635,42.02555,1011.465
"2025-03-27 20:26:11",1174,23.6953,38.3747,22.8719,42.002,1011.457
"2025-03-27 20:26:12",1175,23.74453,38.30435,22.7942,41.96867,1011.465
"2025-03-27 20:26:13",1176,23.69831,38.32668,22.54329,41.93064,1011.521
"2025-03-27 20:26:14",1177,23.79004,38.32923,22.58745,41.94936,1011.466
"2025-03-27 20:26:15",1178,23.73774,38.32937,22.54371,41.91304,1011.451
"2025-03-27 20:26:16",1179,23.77641,38.35571,22.5795,41.81631,1011.505
"2025-03-27 20:26:17",1180,23.77293,38.31264,22.5861,41.80199,1011.457
"2025-03-27 20:26:18",1181,23.71479,38.39197,22.5134,41.68866,1011.458
"2025-03-27 20:26:19",1182,23.74802,38.52115,22.60122,41.72053,1011.451
"2025-03-27 20:26:20",1183,23.74178,38.68441,22.59211,41.6739,1011.455
"2025-03-27 20:26:21",1184,23.72097,38.77975,22.60988,41.65029,1011.512
"2025-03-27 20:26:22",1185,23.75138,38.79847,22.64346,41.59791,1011.458
"2025-03-27 20:26:23",1186,23.71217,38.76666,22.6393,41.59595,1011.441
"2025-03-27 20:26:24",1187,23.75389,38.70275,22.67173,41.49146,1011.496
"2025-03-27 20:26:25",1188,23.78105,38.71906,22.65983,41.41649,1011.445
"2025-03-27 20:26:26",1189,23.73149,38.56878,22.73343,41.38186,1011.45
"2025-03-27 20:26:27",1190,23.75222,38.37949,22.69138,41.32263,1011.445
"2025-03-27 20:26:28",1191,23.818,38.28426,22.7416,41.24901,1011.456
"2025-03-27 20:26:29",1192,23.81349,38.25946,22.81388,41.16969,1011.512
"2025-03-27 20:26:30",1193,23.8124,38.14504,22.8821,41.13934,1011.457
"2025-03-27 20:26:31",1194,23.82544,38.1786,22.84009,41.07099,1011.445
"2025-03-27 20:26:32",1195,23.80642,38.13843,23.19722,41.07819,1011.489
"2025-03-27 20:26:33",1196,23.8132,38.08409,23.23893,41.10159,1011.453
"2025-03-27 20:26:34",1197,23.85285,38.15298,22.87491,40.99355,1011.461
"2025-03-27 20:26:35",1198,23.82027,38.15246,23.2248,40.94412,1011.448
"2025-03-27 20:26:36",1199,23.78252,38.06825,23.08333,40.8787,1011.461
"2025-03-27 20:26:37",1200,23.79018,38.06924,23.00727,40.84576,1011.463
"2025-03-27 20:26:38",1201,23.85802,38.10902,22.94618,40.75953,1011.465
"2025-03-27 20:26:39",1202,23.80571,38.1234,22.95083,40.69296,1011.455
"2025-03-27 20:26:40",1203,23.8448,38.03456,22.91335,40.7109,1011.449
"2025-03-27 20:26:41",1204,23.8604,38.02364,22.83212,40.68034,1011.458
"2025-03-27 20:26:42",1205,23.83016,38.04831,22.88055,40.66423,1011.47
"2025-03-27 20:26:43",1206,23.82777,38.49643,22.87317,40.60488,1011.462
"2025-03-27 20:26:44",1207,23.80165,38.12197,22.82899,40.63132,1011.462
"2025-03-27 20:26:45",1208,23.82807,38.18905,22.85738,40.53693,1011.464
"2025-03-27 20:26:46",1209,23.86515,38.11885,22.96892,40.52936,1011.465
"2025-03-27 20:26:47",1210,24.27086,38.07266,22.89455,40.48648,1011.455
"2025-03-27 20:26:48",1211,23.98674,38.07443,22.89,40.42075,1011.448
"2025-03-27 20:26:49",1212,23.92471,38.09418,22.87924,40.46018,1011.471
"2025-03-27 20:26:50",1213,23.90852,38.11151,22.86401,40.40007,1011.476
"2025-03-27 20:26:51",1214,23.89437,38.13638,22.90002,40.35062,1011.472
"2025-03-27 20:26:52",1215,23.93743,38.15714,22.8557,40.35944,1011.474
"2025-03-27 20:26:53",1216,23.92094,38.07637,22.873,40.36531,1011.47
"2025-03-27 20:26:54",1217,23.86699,38.04961,22.84325,40.3589,1011.473
"2025-03-27 20:26:55",1218,23.87938,38.07818,22.87352,40.30473,1011.465
"2025-03-27 20:26:56",1219,23.87315,38.09098,22.88751,40.27282,1011.458
"2025-03-27 20:26:57",1220,23.91181,38.078,22.8783,40.23631,1011.476
"2025-03-27 20:26:58",1221,23.92917,38.07463,22.84447,40.21491,1011.513
"2025-03-27 20:26:59",1222,23.94712,38.07759,22.82592,40.15725,1011.467
"2025-03-27 20:27:00",1223,23.86052,38.05863,22.81839,40.15751,1011.448
"2025-03-27 20:27:01",1224,23.90018,38.01893,22.89252,40.15914,1011.461
"2025-03-27 20:27:02",1225,23.86021,38.03188,22.80087,40.13507,1011.47
"2025-03-27 20:27:03",1226,23.90358,37.99852,22.78394,40.14547,1011.461
"2025-03-27 20:27:04",1227,23.9505,38.01267,22.76726,40.11398,1011.453
"2025-03-27 20:27:05",1228,23.96322,38.09881,22.76471,40.15212,1011.469
"2025-03-27 20:27:06",1229,23.99045,37.98869,22.83201,40.14907,1011.539
"2025-03-27 20:27:07",1230,23.977,37.93147,22.78525,40.32824,1011.489
"2025-03-27 20:27:08",1231,24.01811,37.90516,22.79594,40.40746,1011.484
"2025-03-27 20:27:09",1232,23.97652,37.93382,22.72977,40.25187,1011.476
"2025-03-27 20:27:10",1233,23.9557,37.87334,22.99682,40.26044,1011.487
"2025-03-27 20:27:11",1234,23.99181,37.84138,22.86873,40.26027,1011.481
"2025-03-27 20:27:12",1235,23.93294,37.86095,22.83473,40.24357,1011.473
"2025-03-27 20:27:13",1236,23.94665,37.97393,22.83868,40.29057,1011.491
"2025-03-27 20:27:14",1237,23.96904,37.92166,22.80917,40.31439,1011.543
"2025-03-27 20:27:15",1238,24.23434,37.8526,22.8449,40.29155,1011.495
"2025-03-27 20:27:16",1239,24.1513,37.86229,22.83738,40.28975,1011.491
"2025-03-27 20:27:17",1240,24.11211,37.80201,22.83471,40.30239,1011.482
"2025-03-27 20:27:18",1241,24.12395,37.75997,22.75689,40.28058,1011.487
"2025-03-27 20:27:19",1242,24.1398,37.76484,22.80544,40.35587,1011.487
"2025-03-27 20:27:20",1243,24.15517,37.71307,22.79788,40.35401,1011.497
"2025-03-27 20:27:21",1244,24.16246,37.67523,22.7471,40.34961,1011.514
"2025-03-27 20:27:22",1245,24.19235,37.61645,22.76742,40.31156,1011.564
"2025-03-27 20:27:23",1246,24.21089,37.70389,22.73868,40.31603,1011.517
"2025-03-27 20:27:24",1247,24.23596,37.57521,22.82466,40.39288,1011.514
"2025-03-27 20:27:25",1248,24.25191,37.55089,22.80227,40.41277,1011.504
"2025-03-27 20:27:26",1249,24.30535,37.52216,22.72701,40.36607,1011.506
"2025-03-27 20:27:27",1250,24.27764,37.53268,22.75432,40.42408,1011.51
"2025-03-27 20:27:28",1251,24.23324,37.54264,22.73136,40.50198,1011.506
"2025-03-27 20:27:29",1252,24.26977,37.40079,22.7542,40.53161,1011.52
"2025-03-27 20:27:30",1253,24.29439,37.34377,22.73978,40.47227,1011.565
"2025-03-27 20:27:31",1254,24.32415,37.33206,22.69975,40.47967,1011.52
"2025-03-27 20:27:32",1255,24.29868,37.29548,22.87191,40.51622,1011.521
"2025-03-27 20:27:33",1256,24.2865,37.23293,22.81506,40.54595,1011.518
"2025-03-27 20:27:34",1257,24.34566,37.27981,22.79634,40.55184,1011.507
"2025-03-27 20:27:35",1258,24.32505,37.30357,22.80184,40.5062,1011.517
"2025-03-27 20:27:36",1259,24.36039,37.29872,22.76848,40.57822,1011.519
"2025-03-27 20:27:37",1260,24.59068,37.17588,22.72999,40.52245,1011.527
"2025-03-27 20:27:38",1261,24.45841,37.13743,22.75286,40.53833,1011.517
"2025-03-27 20:27:39",1262,24.4492,37.07719,22.76487,40.51725,1011.523
"2025-03-27 20:27:40",1263,24.50566,37.05167,22.72348,40.53431,1011.521
"2025-03-27 20:27:41",1264,24.4558,37.07394,22.68889,40.52316,1011.512
"2025-03-27 20:27:42",1265,24.53181,37.01302,22.66626,40.47254,1011.504
"2025-03-27 20:27:43",1266,24.53922,36.95572,22.7014,40.51235,1011.526
"2025-03-27 20:27:44",1267,24.51527,36.93159,22.70388,40.56091,1011.531
"2025-03-27 20:27:45",1268,24.54563,36.89307,22.71197,40.86497,1011.536
"2025-03-27 20:27:46",1269,24.5238,36.85167,22.70252,40.6661,1011.524
"2025-03-27 20:27:47",1270,24.48346,36.79553,23.25782,40.65267,1011.53
"2025-03-27 20:27:48",1271,24.48208,36.77862,22.80585,40.67038,1011.518
"2025-03-27 20:27:49",1272,24.54527,37.08718,22.75907,40.63929,1011.517
"2025-03-27 20:27:50",1273,24.52964,36.89472,22.74407,40.67502,1011.516
"2025-03-27 20:27:51",1274,24.88569,36.81719,22.76895,40.62418,1011.529
"2025-03-27 20:27:52",1275,24.74311,36.75137,22.7686,40.64963,1011.53
"2025-03-27 20:27:53",1276,24.70805,36.70035,22.74779,40.66983,1011.537
"2025-03-27 20:27:54",1277,24.66779,36.7262,22.72337,40.63087,1011.524
"2025-03-27 20:27:55",1278,24.61015,36.70999,22.70819,40.59857,1011.535
"2025-03-27 20:27:56",1279,24.70016,36.60483,22.63037,40.62582,1011.553
"2025-03-27 20:27:57",1280,24.64513,36.58233,22.65641,40.68213,1011.515
"2025-03-27 20:27:58",1281,24.6704,36.49381,22.62759,40.63931,1011.506
"2025-03-27 20:27:59",1282,24.68362,36.47335,22.62319,40.79614,1011.573
"2025-03-27 20:28:00",1283,24.59566,36.43962,22.80725,40.72485,1011.529
"2025-03-27 20:28:01",1284,24.60699,36.42276,22.72919,40.74181,1011.541
"2025-03-27 20:28:02",1285,24.66547,36.78403,22.72721,40.69214,1011.53
"2025-03-27 20:28:03",1286,24.59244,36.49974,22.70881,40.64691,1011.54
"2025-03-27 20:28:04",1287,24.86697,36.47686,22.68957,40.73803,1011.582
"2025-03-27 20:28:05",1288,24.7336,36.42131,22.70909,40.70712,1011.522
"2025-03-27 20:28:06",1289,24.7401,36.33553,22.67508,40.64121,1011.512
"2025-03-27 20:28:07",1290,24.71804,36.35825,22.71193,40.63701,1011.577
"2025-03-27 20:28:08",1291,24.81908,36.31015,22.64023,40.60257,1011.525
"2025-03-27 20:28:09",1292,24.79172,36.33044,22.6058,40.6384,1011.534
"2025-03-27 20:28:10",1293,24.74931,36.18065,22.58714,40.78263,1011.527
"2025-03-27 20:28:11",1294,24.77206,36.21359,22.58179,40.80643,1011.533
"2025-03-27 20:28:12",1295,24.68277,36.16462,22.99685,40.71756,1011.574
"2025-03-27 20:28:13",1296,24.6986,36.19778,22.744,40.70927,1011.518
"2025-03-27 20:28:14",1297,24.78526,36.44282,22.69552,40.6981,1011.509
"2025-03-27 20:28:15",1298,24.7407,36.23307,22.64964,40.76476,1011.576
"2025-03-27 20:28:16",1299,25.08306,36.15123,22.67037,40.72435,1011.53
"2025-03-27 20:28:17",1300,24.88168,36.14403,22.65746,40.68109,1011.533
"2025-03-27 20:28:18",1301,24.87568,36.13919,22.6265,40.72097,1011.528
"2025-03-27 20:28:19",1302,24.8825,36.09558,22.64756,40.72973,1011.526
"2025-03-27 20:28:20",1303,24.91026,36.14059,22.62277,40.74689,1011.569
"2025-03-27 20:28:21",1304,24.83991,36.02965,22.62634,40.78182,1011.52
"2025-03-27 20:28:22",1305,24.88172,36.06168,22.67361,40.73254,1011.51
"2025-03-27 20:28:23",1306,24.95522,36.04142,22.60507,40.71529,1011.574
"2025-03-27 20:28:24",1307,24.83544,36.04726,22.58857,40.74002,1011.533
"2025-03-27 20:28:25",1308,24.94109,35.91642,22.49545,40.87966,1011.56
"2025-03-27 20:28:26",1309,24.85147,35.92878,22.56704,40.82632,1011.527
"2025-03-27 20:28:27",1310,24.94296,35.87586,22.82491,40.80439,1011.526
"2025-03-27 20:28:28",1311,24.95242,35.91734,22.70399,40.82811,1011.57
"2025-03-27 20:28:29",1312,24.92639,36.13992,22.62798,40.81755,1011.528
"2025-03-27 20:28:30",1313,24.91893,35.99216,22.61829,40.82306,1011.51
"2025-03-27 20:28:31",1314,24.96568,36.0075,22.63557,40.854,1011.551
"2025-03-27 20:28:32",1315,25.26386,35.91226,22.64885,40.80133,1011.534
"2025-03-27 20:28:33",1316,25.07505,35.96087,22.63905,40.85691,1011.587
"2025-03-27 20:28:34",1317,25.01849,35.95276,22.59398,40.88305,1011.53
"2025-03-27 20:28:35",1318,24.97652,35.98703,22.63947,40.82118,1011.517
"2025-03-27 20:28:36",1319,25.04565,35.99605,22.6246,40.82531,1011.514
"2025-03-27 20:28:37",1320,25.11472,36.01579,22.62314,40.85702,1011.527
"2025-03-27 20:28:38",1321,25.10293,36.05682,22.64469,40.76044,1011.515
"2025-03-27 20:28:39",1322,25.1097,36.08294,22.51294,40.75618,1011.522
"2025-03-27 20:28:40",1323,25.06634,36.04559,22.54068,40.84637,1011.542
"2025-03-27 20:28:41",1324,25.08238,36.10055,22.4902,40.93164,1011.595
"2025-03-27 20:28:42",1325,25.12351,36.06057,22.53895,40.96201,1011.539
"2025-03-27 20:28:43",1326,25.10934,36.07289,22.58878,40.9008,1011.517
"2025-03-27 20:28:44",1327,25.05348,36.04467,22.66533,40.89498,1011.511
"2025-03-27 20:28:45",1328,25.06993,36.0912,22.7015,40.95384,1011.525
"2025-03-27 20:28:46",1329,25.05601,36.39544,22.61378,40.93082,1011.52
"2025-03-27 20:28:47",1330,25.06731,36.17294,22.62121,40.94823,1011.522
"2025-03-27 20:28:48",1331,25.22646,36.02901,22.56401,40.95602,1011.541
"2025-03-27 20:28:49",1332,25.2146,36.059,22.57983,40.90744,1011.578
"2025-03-27 20:28:50",1333,25.17917,36.02962,22.61162,40.95171,1011.526
"2025-03-27 20:28:51",1334,25.1631,35.96424,22.6407,40.98581,1011.51
"2025-03-27 20:28:52",1335,25.16451,35.9404,22.62222,41.00941,1011.512
"2025-03-27 20:28:53",1336,25.21635,35.92896,22.61605,40.96883,1011.524
"2025-03-27 20:28:54",1337,25.24899,35.92861,22.59778,40.9081,1011.527
"2025-03-27 20:28:55",1338,25.22577,35.89735,22.62616,40.89988,1011.524
"2025-03-27 20:28:56",1339,25.24807,35.85707,22.53886,40.8903,1011.544
"2025-03-27 20:28:57",1340,25.28921,35.84092,22.53578,40.94913,1011.586
"2025-03-27 20:28:58",1341,25.2244,35.86828,22.51358,41.01202,1011.525
"2025-03-27 20:28:59",1342,25.32297,35.72718,22.49279,41.08117,1011.507
"2025-03-27 20:29:00",1343,25.24747,35.71223,22.53525,41.02282,1011.582
"2025-03-27 20:29:01",1344,25.25709,35.61655,22.8473,40.99752,1011.509
"2025-03-27 20:29:02",1345,25.20116,35.59058,22.61057,40.98632,1011.521
"2025-03-27 20:29:03",1346,25.24039,35.61471,22.52687,40.98528,1011.516
"2025-03-27 20:29:04",1347,25.24425,35.70772,22.55519,41.02585,1011.53
"2025-03-27 20:29:05",1348,25.29372,35.67139,22.55823,40.98738,1011.518
"2025-03-27 20:29:06",1349,25.38273,35.64155,22.51891,41.00069,1011.513
"2025-03-27 20:29:07",1350,25.30649,35.54666,22.51442,41.016,1011.497
"2025-03-27 20:29:08",1351,25.36745,35.61283,22.56182,40.99415,1011.494
"2025-03-27 20:29:09",1352,25.35397,35.55167,22.6006,41.02183,1011.495
"2025-03-27 20:29:10",1353,25.38478,35.53222,22.58154,41.01107,1011.513
"2025-03-27 20:29:11",1354,25.39047,35.55188,22.60787,40.97159,1011.506
"2025-03-27 20:29:12",1355,25.43308,35.51004,22.60769,40.98102,1011.513
"2025-03-27 20:29:13",1356,25.37321,35.54169,22.55534,40.98132,1011.496
"2025-03-27 20:29:14",1357,25.39789,35.43448,22.52752,40.994,1011.5
"2025-03-27 20:29:15",1358,25.49493,35.46215,22.498,40.97828,1011.488
"2025-03-27 20:29:16",1359,25.38863,35.38037,22.4867,41.08389,1011.486
"2025-03-27 20:29:17",1360,25.4925,35.4051,22.52236,41.06664,1011.48
"2025-03-27 20:29:18",1361,25.4198,35.38632,22.52098,41.06551,1011.495
"2025-03-27 20:29:19",1362,25.4313,35.34089,23.03582,41.08189,1011.481
"2025-03-27 20:29:20",1363,25.46054,35.30383,22.63151,41.05663,1011.492
"2025-03-27 20:29:21",1364,25.45507,35.3952,22.63608,41.0359,1011.477
"2025-03-27 20:29:22",1365,25.53235,35.45692,22.55941,41.06958,1011.485
"2025-03-27 20:29:23",1366,25.53339,35.3559,22.59578,41.05484,1011.473
"2025-03-27 20:29:24",1367,26.09974,35.28403,22.54757,41.01011,1011.469
"2025-03-27 20:29:25",1368,25.65347,35.28627,22.54412,41.04179,1011.461
"2025-03-27 20:29:26",1369,25.60514,35.22867,22.59026,41.02149,1011.478
"2025-03-27 20:29:27",1370,25.60656,35.19501,22.56602,41.02338,1011.467
"2025-03-27 20:29:28",1371,25.60883,35.13316,22.59137,41.0205,1011.47
"2025-03-27 20:29:29",1372,25.61124,35.08592,22.53909,40.9921,1011.456
"2025-03-27 20:29:30",1373,25.60863,35.14868,22.57316,40.95457,1011.466
"2025-03-27 20:29:31",1374,25.65993,35.09133,22.54365,40.94776,1011.45
"2025-03-27 20:29:32",1375,25.66101,35.00769,22.45963,40.89563,1011.45
"2025-03-27 20:29:33",1376,25.74128,34.90794,22.46518,41.15925,1011.442
"2025-03-27 20:29:34",1377,25.72135,34.84929,22.47686,41.01265,1011.457
"2025-03-27 20:29:35",1378,25.64297,34.90328,22.61666,40.98671,1011.461
"2025-03-27 20:29:36",1379,25.64181,34.82726,22.57424,41.00065,1011.467
"2025-03-27 20:29:37",1380,25.62321,34.94396,22.52751,40.98667,1011.451
"2025-03-27 20:29:38",1381,25.62545,34.90931,22.54395,40.98957,1011.459
"2025-03-27 20:29:39",1382,25.73335,34.82954,22.56018,41.00648,1011.446
"2025-03-27 20:29:40",1383,25.80133,34.79615,22.54953,41.03663,1011.451
"2025-03-27 20:29:41",1384,25.79218,34.6455,22.52377,41.01259,1011.443
"2025-03-27 20:29:42",1385,25.81241,34.70902,22.51958,40.96321,1011.458
"2025-03-27 20:29:43",1386,25.76324,34.67548,22.48932,40.9622,1011.467
"2025-03-27 20:29:44",1387,25.71973,34.5779,22.48302,40.94126,1011.464
"2025-03-27 20:29:45",1388,25.8448,34.65146,22.48573,40.96313,1011.45
"2025-03-27 20:29:46",1389,25.74164,34.62981,22.4132,40.9499,1011.452
"2025-03-27 20:29:47",1390,25.76727,34.56163,22.43246,40.97235,1011.448
"2025-03-27 20:29:48",1391,25.83499,34.49015,22.4693,41.16647,1011.443
"2025-03-27 20:29:49",1392,25.88026,34.50414,22.49343,41.14982,1011.433
"2025-03-27 20:29:50",1393,25.75323,34.44334,22.43787,41.12995,1011.45
"2025-03-27 20:29:51",1394,25.71862,34.37661,22.67277,41.03591,1011.451
"2025-03-27 20:29:52",1395,25.79797,34.35812,22.59729,41.0792,1011.462
"2025-03-27 20:29:53",1396,25.76829,34.39127,22.55702,41.04053,1011.443
"2025-03-27 20:29:54",1397,25.72755,34.75214,22.54309,41.05251,1011.451
"2025-03-27 20:29:55",1398,25.79606,34.53561,22.49102,41.03283,1011.444
"2025-03-27 20:29:56",1399,25.7669,34.42876,22.47746,41.0317,1011.452
"2025-03-27 20:29:57",1400,26.01461,34.40707,22.58094,41.06207,1011.45
"2025-03-27 20:29:58",1401,25.88806,34.43528,22.57504,41.05529,1011.515
"2025-03-27 20:29:59",1402,25.92561,34.43821,22.52373,41.04468,1011.461
"2025-03-27 20:30:00",1403,25.88705,34.3749,22.55136,41.0456,1011.45
"2025-03-27 20:30:01",1404,25.82988,34.36505,22.54681,41.04091,1011.451
"2025-03-27 20:30:02",1405,25.9114,34.30752,22.53593,41.06292,1011.431
"2025-03-27 20:30:03",1406,25.851,34.26651,22.52896,41.03635,1011.436
"2025-03-27 20:30:04",1407,25.86366,34.31042,22.51712,41.06672,1011.444
"2025-03-27 20:30:05",1408,25.88704,34.2462,22.52807,41.03759,1011.448
"2025-03-27 20:30:06",1409,25.89532,34.18316,22.53654,41.05605,1011.516
"2025-03-27 20:30:07",1410,25.93066,34.19405,22.50142,41.01822,1011.467
"2025-03-27 20:30:08",1411,25.94736,34.13881,22.48206,41.00403,1011.518
"2025-03-27 20:30:09",1412,25.94113,34.14249,22.50107,40.96066,1011.46
"2025-03-27 20:30:10",1413,25.94177,34.06374,22.52622,40.95315,1011.449
"2025-03-27 20:30:11",1414,25.98984,34.04237,22.54987,40.97885,1011.453
"2025-03-27 20:30:12",1415,25.93636,34.00511,22.48366,40.98592,1011.458
"2025-03-27 20:30:13",1416,25.97777,34.02414,22.48298,41.039,1011.464
"2025-03-27 20:30:14",1417,25.92719,33.98419,22.45222,41.09793,1011.515
"2025-03-27 20:30:15",1418,26.00054,33.97966,22.378,41.23705,1011.478
"2025-03-27 20:30:16",1419,25.96199,33.94003,22.39049,41.23458,1011.524
"2025-03-27 20:30:17",1420,25.95358,33.87885,22.47364,41.24615,1011.47
"2025-03-27 20:30:18",1421,26.04617,33.88111,22.44578,41.19042,1011.461
"2025-03-27 20:30:19",1422,25.96796,33.90231,22.45608,41.17542,1011.466
"2025-03-27 20:30:20",1423,25.96111,33.88554,22.49968,41.22782,1011.474
"2025-03-27 20:30:21",1424,26.03232,33.86355,22.76863,41.17985,1011.478
"2025-03-27 20:30:22",1425,25.99547,33.83441,22.53353,41.18526,1011.533
"2025-03-27 20:30:23",1426,25.9934,33.79932,22.48526,41.15746,1011.485
"2025-03-27 20:30:24",1427,25.98443,33.83387,22.51801,41.16085,1011.482
"2025-03-27 20:30:25",1428,25.98225,33.8279,22.56041,41.26283,1011.468
"2025-03-27 20:30:26",1429,25.93408,33.80286,22.53954,41.16573,1011.481
"2025-03-27 20:30:27",1430,25.94582,33.90689,22.60093,41.18492,1011.471
"2025-03-27 20:30:28",1431,25.91437,33.93802,22.56063,41.19903,1011.472
"2025-03-27 20:30:29",1432,25.95935,34.08935,22.54749,41.19717,1011.491
"2025-03-27 20:30:30",1433,25.9568,33.95684,22.55925,41.15338,1011.487
"2025-03-27 20:30:31",1434,25.91097,33.88777,22.47002,41.18503,1011.487
"2025-03-27 20:30:32",1435,25.91293,33.94045,22.5099,41.16431,1011.485
"2025-03-27 20:30:33",1436,25.92628,33.87342,22.4981,41.15465,1011.468
"2025-03-27 20:30:34",1437,25.9485,33.91726,22.53421,41.19275,1011.474
"2025-03-27 20:30:35",1438,25.92576,33.95011,22.52031,41.16176,1011.454
"2025-03-27 20:30:36",1439,25.96231,33.88688,22.51445,41.1461,1011.53
"2025-03-27 20:30:37",1440,25.91747,33.9507,22.53175,41.16733,1011.49
"2025-03-27 20:30:38",1441,25.93169,33.95093,22.50505,41.09446,1011.495
"2025-03-27 20:30:39",1442,25.93156,33.9193,22.49995,41.16646,1011.473
"2025-03-27 20:30:40",1443,25.9545,33.91611,22.47054,41.15791,1011.482
"2025-03-27 20:30:41",1444,26.19874,33.97733,22.49968,41.22282,1011.465
"2025-03-27 20:30:42",1445,26.0489,34.001,22.53766,41.16515,1011.473
"2025-03-27 20:30:43",1446,26.00275,33.9497,22.50056,41.16373,1011.464
"2025-03-27 20:30:44",1447,25.99033,33.9676,22.54033,41.15505,1011.527
"2025-03-27 20:30:45",1448,26.32805,34.09413,22.54364,41.18345,1011.483
"2025-03-27 20:30:46",1449,26.45754,34.02187,22.55985,41.18083,1011.489
"2025-03-27 20:30:47",1450,26.47333,34.03252,22.46283,41.11348,1011.464
"2025-03-27 20:30:48",1451,26.05456,34.00521,22.50436,41.16428,1011.474
"2025-03-27 20:30:49",1452,26.04388,33.98462,22.49884,41.20646,1011.457
"2025-03-27 20:30:50",1453,25.97686,33.99674,22.56964,41.18824,1011.472
"2025-03-27 20:30:51",1454,26.05499,33.99575,22.46886,41.13921,1011.46
"2025-03-27 20:30:52",1455,26.01081,33.96839,22.42344,41.09789,1011.517
"2025-03-27 20:30:53",1456,25.95155,33.96148,22.53904,41.14212,1011.471
"2025-03-27 20:30:54",1457,25.98991,33.96534,22.52816,41.14783,1011.478
"2025-03-27 20:30:55",1458,26.00978,33.97422,22.51879,41.15163,1011.458
"2025-03-27 20:30:56",1459,26.02609,33.95574,22.47403,41.17176,1011.469
"2025-03-27 20:30:57",1460,25.97436,33.96114,22.52625,41.17355,1011.446
"2025-03-27 20:30:58",1461,26.00016,33.93159,22.46851,41.19011,1011.46
"2025-03-27 20:30:59",1462,25.92667,33.88174,22.51001,41.1107,1011.455
"2025-03-27 20:31:00",1463,25.95801,33.9008,22.53982,41.12882,1011.454
"2025-03-27 20:31:01",1464,25.98568,33.9318,22.47778,41.14091,1011.457
"2025-03-27 20:31:02",1465,25.95993,33.87737,22.5048,41.15752,1011.464
"2025-03-27 20:31:03",1466,25.93403,33.95129,22.45755,41.13462,1011.447
"2025-03-27 20:31:04",1467,25.92516,33.9672,22.47389,41.13765,1011.455
"2025-03-27 20:31:05",1468,25.97358,34.04119,22.49033,41.18767,1011.44
"2025-03-27 20:31:06",1469,25.91389,34.10428,22.49922,41.21518,1011.456
"2025-03-27 20:31:07",1470,26.0022,34.092,22.50346,41.17241,1011.454
"2025-03-27 20:31:08",1471,26.00777,34.08212,22.47004,41.10185,1011.451
"2025-03-27 20:31:09",1472,26.00153,34.1496,22.48199,41.15304,1011.458
"2025-03-27 20:31:10",1473,25.98121,34.12649,22.47489,41.11937,1011.462
"2025-03-27 20:31:11",1474,25.91437,34.09559,22.43923,41.15187,1011.446
"2025-03-27 20:31:12",1475,25.98643,34.05337,22.43242,41.17772,1011.456
"2025-03-27 20:31:13",1476,25.96357,34.07416,22.5107,41.09992,1011.443
"2025-03-27 20:31:14",1477,25.98468,34.0073,22.47598,41.12816,1011.455
"2025-03-27 20:31:15",1478,25.97262,34.0638,22.39859,41.05805,1011.455
"2025-03-27 20:31:16",1479,25.92743,34.00805,22.49096,41.1247,1011.453
"2025-03-27 20:31:17",1480,25.92046,33.99939,22.46971,41.13716,1011.452
"2025-03-27 20:31:18",1481,25.88358,34.00042,22.44707,41.14729,1011.449
"2025-03-27 20:31:19",1482,25.94828,34.03957,22.4185,41.14755,1011.437
"2025-03-27 20:31:20",1483,25.843,34.05194,22.49994,41.16983,1011.443
"2025-03-27 20:31:21",1484,25.86285,34.01826,22.44538,41.11923,1011.437
"2025-03-27 20:31:22",1485,25.8242,34.00719,22.48035,41.11559,1011.446
"2025-03-27 20:31:23",1486,25.81769,34.00439,22.47267,41.0944,1011.446
"2025-03-27 20:31:24",1487,25.7812,34.02619,22.39374,41.06568,1011.446
"2025-03-27 20:31:25",1488,25.79268,34.0572,22.44933,41.07314,1011.441
"2025-03-27 20:31:26",1489,25.78178,34.11431,22.44866,41.09339,1011.502
"2025-03-27 20:31:27",1490,25.82916,34.13719,22.44875,41.03384,1011.434
"2025-03-27 20:31:28",1491,25.77724,34.10801,22.42935,41.02923,1011.442
"2025-03-27 20:31:29",1492,25.68804,34.14897,22.39638,41.02362,1011.442
"2025-03-27 20:31:30",1493,25.68558,34.16636,22.50469,41.03058,1011.437
"2025-03-27 20:31:31",1494,25.68687,34.20864,22.44443,41.03373,1011.453
"2025-03-27 20:31:32",1495,25.63364,34.26563,22.41904,40.98892,1011.449
"2025-03-27 20:31:33",1496,25.69655,34.28312,22.41587,40.97884,1011.458
"2025-03-27 20:31:34",1497,25.63388,34.36886,22.43378,41.03584,1011.515
"2025-03-27 20:31:35",1498,25.62633,34.40844,22.49304,41.02361,1011.461
"2025-03-27 20:31:36",1499,25.58331,34.41249,22.40033,40.98753,1011.467
"2025-03-27 20:31:37",1500,25.56544,34.40318,22.40613,40.98391,1011.466
"2025-03-27 20:31:38",1501,25.58843,34.45708,22.47662,40.98875,1011.467
"2025-03-27 20:31:39",1502,25.5394,34.5194,22.47501,41.02314,1011.474
"2025-03-27 20:31:40",1503,25.50439,34.46128,22.45573,41.02226,1011.475
"2025-03-27 20:31:41",1504,25.44405,34.59747,22.50478,40.99532,1011.47
"2025-03-27 20:31:42",1505,25.42707,34.5973,22.48373,41.04919,1011.526
"2025-03-27 20:31:43",1506,25.50429,34.7182,22.40271,40.96275,1011.473
"2025-03-27 20:31:44",1507,25.46021,34.70676,22.41986,40.96431,1011.477
"2025-03-27 20:31:45",1508,25.46721,34.76973,22.40719,40.9349,1011.478
"2025-03-27 20:31:46",1509,25.47164,34.74184,22.45512,40.98332,1011.475
"2025-03-27 20:31:47",1510,25.41247,34.75357,22.34435,40.94472,1011.484
"2025-03-27 20:31:48",1511,25.41284,34.7643,22.41982,40.95923,1011.481
"2025-03-27 20:31:49",1512,25.37091,34.77784,22.43381,40.96455,1011.468
"2025-03-27 20:31:50",1513,25.34768,34.82159,22.44196,40.96153,1011.523
"2025-03-27 20:31:51",1514,25.27119,34.87004,22.40649,40.93929,1011.476
"2025-03-27 20:31:52",1515,25.35267,34.91666,22.36293,40.9345,1011.523
"2025-03-27 20:31:53",1516,25.27052,34.98231,22.37334,40.94369,1011.48
"2025-03-27 20:31:54",1517,25.25487,34.98535,22.41004,40.9873,1011.479
"2025-03-27 20:31:55",1518,25.28082,34.99884,22.39729,40.94125,1011.541
"2025-03-27 20:31:56",1519,25.21368,34.96343,22.42176,40.95926,1011.484
"2025-03-27 20:31:57",1520,25.24493,35.01284,22.42456,40.95722,1011.475
"2025-03-27 20:31:58",1521,25.21246,35.08941,22.45528,40.93697,1011.485
"2025-03-27 20:31:59",1522,25.21262,35.11134,22.41822,40.99714,1011.474
"2025-03-27 20:32:00",1523,25.18964,35.16139,22.4007,41.15177,1011.481
"2025-03-27 20:32:01",1524,25.14293,35.17011,22.46288,40.99404,1011.491
"2025-03-27 20:32:02",1525,25.15401,35.27575,22.46994,40.95536,1011.484
"2025-03-27 20:32:03",1526,25.15102,35.35403,22.38623,40.92126,1011.546
"2025-03-27 20:32:04",1527,25.06625,35.34331,22.40135,40.89361,1011.488
"2025-03-27 20:32:05",1528,25.15525,35.37601,22.43058,40.89305,1011.475
"2025-03-27 20:32:06",1529,25.14203,35.38499,22.44011,40.93751,1011.467
"2025-03-27 20:32:07",1530,25.09617,35.38227,22.38029,40.95681,1011.477
"2025-03-27 20:32:08",1531,25.06505,35.40763,22.40033,41.00553,1011.527
"2025-03-27 20:32:09",1532,25.01668,35.45803,22.40628,40.97075,1011.481
"2025-03-27 20:32:10",1533,25.0648,35.49088,22.39822,40.97591,1011.473
"2025-03-27 20:32:11",1534,25.08697,35.51558,22.37584,40.94577,1011.53
"2025-03-27 20:32:12",1535,25.02094,35.59616,22.40482,40.92099,1011.473
"2025-03-27 20:32:13",1536,24.98948,35.6208,22.4195,40.95058,1011.465
"2025-03-27 20:32:14",1537,25.02538,35.66774,22.36461,40.98267,1011.461
"2025-03-27 20:32:15",1538,24.98505,35.63559,22.40256,40.95558,1011.468
"2025-03-27 20:32:16",1539,25.10268,35.63782,22.40205,40.9729,1011.516
"2025-03-27 20:32:17",1540,24.91454,35.67488,22.33137,40.94184,1011.471
"2025-03-27 20:32:18",1541,24.85486,35.7435,22.40349,40.98586,1011.468
"2025-03-27 20:32:19",1542,24.90919,35.728,22.39354,41.01367,1011.517
"2025-03-27 20:32:20",1543,24.87235,35.76332,22.44397,40.9906,1011.468
"2025-03-27 20:32:21",1544,24.88741,35.81121,22.3694,41.01364,1011.461
"2025-03-27 20:32:22",1545,24.90819,35.83123,22.36247,41.02971,1011.453
"2025-03-27 20:32:23",1546,24.8842,35.85185,22.35313,41.05701,1011.468
"2025-03-27 20:32:24",1547,24.89127,35.9119,22.32649,41.03028,1011.509
"2025-03-27 20:32:25",1548,24.83514,35.91629,22.33758,41.02349,1011.478
"2025-03-27 20:32:26",1549,24.84855,35.89825,22.39065,41.01416,1011.469
"2025-03-27 20:32:27",1550,24.75159,35.90992,22.35361,41.06514,1011.483
"2025-03-27 20:32:28",1551,24.77422,35.94365,22.37096,41.05638,1011.466
"2025-03-27 20:32:29",1552,24.72905,35.95998,22.35664,41.11317,1011.465
"2025-03-27 20:32:30",1553,24.73383,36.07003,22.37843,41.05446,1011.452
"2025-03-27 20:32:31",1554,24.70775,36.04011,22.31404,41.06372,1011.466
"2025-03-27 20:32:32",1555,24.6812,36.08488,22.33261,41.13832,1011.457
"2025-03-27 20:32:33",1556,24.69745,36.13206,22.29802,41.07453,1011.477
"2025-03-27 20:32:34",1557,24.68419,36.13548,22.31205,41.10272,1011.471
"2025-03-27 20:32:35",1558,24.69545,36.17112,22.32259,41.15754,1011.46
"2025-03-27 20:32:36",1559,24.63778,36.14042,22.31902,41.14453,1011.465
"2025-03-27 20:32:37",1560,24.65165,36.18877,22.38453,41.17049,1011.462
"2025-03-27 20:32:38",1561,24.61829,36.19865,22.40563,41.14853,1011.452
"2025-03-27 20:32:39",1562,24.62607,36.24407,22.3679,41.20697,1011.466
"2025-03-27 20:32:40",1563,24.64818,36.26836,22.32368,41.16058,1011.457
"2025-03-27 20:32:41",1564,24.61492,36.26738,22.31344,41.17651,1011.472
"2025-03-27 20:32:42",1565,24.56134,36.32053,22.31941,41.19118,1011.469
"2025-03-27 20:32:43",1566,24.53839,36.28804,22.34379,41.23043,1011.461
"2025-03-27 20:32:44",1567,24.62724,36.36851,22.33891,41.13889,1011.464
"2025-03-27 20:32:45",1568,24.56459,36.35017,22.33501,41.26225,1011.475
"2025-03-27 20:32:46",1569,24.54746,36.37429,22.35719,41.28767,1011.469
"2025-03-27 20:32:47",1570,24.55197,36.383,22.35,41.21991,1011.485
"2025-03-27 20:32:48",1571,24.52938,36.51203,22.312,41.21648,1011.476
"2025-03-27 20:32:49",1572,24.54348,36.46637,22.33826,41.26609,1011.487
"2025-03-27 20:32:50",1573,24.54181,36.51532,22.3332,41.33364,1011.484
"2025-03-27 20:32:51",1574,24.51868,36.56282,22.37204,41.24162,1011.476
"2025-03-27 20:32:52",1575,24.47984,36.50149,22.36372,41.24108,1011.491
"2025-03-27 20:32:53",1576,24.50872,36.64253,22.33227,41.25039,1011.485
"2025-03-27 20:32:54",1577,24.46963,36.55408,22.30844,41.26455,1011.481
"2025-03-27 20:32:55",1578,24.38477,36.6434,22.37444,41.29639,1011.492
"2025-03-27 20:32:56",1579,24.39422,36.60864,22.32215,41.27418,1011.489
"2025-03-27 20:32:57",1580,24.34493,36.62667,22.32462,41.26245,1011.494
"2025-03-27 20:32:58",1581,24.36391,36.67764,22.35281,41.34478,1011.497
"2025-03-27 20:32:59",1582,24.41177,36.76491,22.2925,41.35382,1011.488
"2025-03-27 20:33:00",1583,24.37263,36.73241,22.31705,41.24165,1011.503
"2025-03-27 20:33:01",1584,24.41215,36.84467,22.30281,41.2532,1011.498
"2025-03-27 20:33:02",1585,24.42786,36.80837,22.3202,41.3139,1011.494
"2025-03-27 20:33:03",1586,24.3399,36.76136,22.27961,41.35693,1011.503
"2025-03-27 20:33:04",1587,24.33523,36.83636,22.35628,41.34969,1011.501
"2025-03-27 20:33:05",1588,24.37418,36.89678,22.31874,41.34636,1011.497
"2025-03-27 20:33:06",1589,24.28434,36.88165,22.3887,41.37373,1011.5
"2025-03-27 20:33:07",1590,24.36652,36.91142,22.36866,41.29353,1011.49
"2025-03-27 20:33:08",1591,24.32243,36.95759,22.31059,41.28321,1011.496
"2025-03-27 20:33:09",1592,24.30441,36.97268,22.3118,41.3676,1011.499
"2025-03-27 20:33:10",1593,24.31639,36.94308,22.31484,41.37186,1011.498
"2025-03-27 20:33:11",1594,24.28204,36.99238,22.31417,41.38195,1011.509
"2025-03-27 20:33:12",1595,24.26952,36.99572,22.3002,41.36702,1011.502
"2025-03-27 20:33:13",1596,24.2454,37.01093,22.29631,41.30551,1011.496
"2025-03-27 20:33:14",1597,24.24574,37.08779,22.39317,41.39404,1011.501
"2025-03-27 20:33:15",1598,24.20784,37.09762,22.33801,41.43366,1011.495
"2025-03-27 20:33:16",1599,24.25859,37.09505,22.32947,41.4276,1011.493
"2025-03-27 20:33:17",1600,24.22867,37.13387,22.29596,41.49218,1011.515
"2025-03-27 20:33:18",1601,24.21242,37.15367,22.31217,41.45205,1011.501
"2025-03-27 20:33:19",1602,24.1944,37.21812,22.28156,41.3939,1011.508
"2025-03-27 20:33:20",1603,24.17361,37.18673,22.34879,41.3858,1011.506
"2025-03-27 20:33:21",1604,24.26455,37.17069,22.37071,41.43667,1011.495
"2025-03-27 20:33:22",1605,24.11983,37.25619,22.40125,41.47015,1011.554
"2025-03-27 20:33:23",1606,24.1311,37.27459,22.35854,41.45026,1011.492
"2025-03-27 20:33:24",1607,24.15697,37.29482,22.36757,41.44225,1011.483
"2025-03-27 20:33:25",1608,24.14335,37.33956,22.35759,41.43924,1011.549
"2025-03-27 20:33:26",1609,24.16207,37.39863,22.36827,41.43707,1011.492
"2025-03-27 20:33:27",1610,24.19614,37.30848,22.37384,41.44958,1011.505
"2025-03-27 20:33:28",1611,24.0775,37.37661,22.29095,41.48683,1011.496
"2025-03-27 20:33:29",1612,24.11488,37.33484,22.37517,41.47127,1011.485
"2025-03-27 20:33:30",1613,24.14698,37.40766,22.31355,41.47428,1011.535
"2025-03-27 20:33:31",1614,24.11577,37.45998,22.43833,41.41647,1011.481
"2025-03-27 20:33:32",1615,24.06252,37.55434,22.36751,41.4617,1011.471
"2025-03-27 20:33:33",1616,24.08829,37.53358,22.33448,41.47108,1011.529
"2025-03-27 20:33:34",1617,23.99665,37.52251,22.27172,41.47622,1011.483
"2025-03-27 20:33:35",1618,24.08394,37.58591,22.34396,41.43422,1011.49
"2025-03-27 20:33:36",1619,24.04317,37.58576,22.36096,41.43887,1011.489
"2025-03-27 20:33:37",1620,24.00553,37.58956,22.35838,41.45835,1011.484
"2025-03-27 20:33:38",1621,24.05906,37.7131,22.28143,41.43035,1011.527
"2025-03-27 20:33:39",1622,24.0049,37.63482,22.31771,41.46241,1011.472
"2025-03-27 20:33:40",1623,23.9743,37.63897,22.30182,41.44942,1011.461
"2025-03-27 20:33:41",1624,23.96671,37.72326,22.35132,41.41044,1011.525
"2025-03-27 20:33:42",1625,23.99738,37.6831,22.29955,41.41385,1011.481
"2025-03-27 20:33:43",1626,23.95051,37.70305,22.29336,41.46119,1011.486
"2025-03-27 20:33:44",1627,23.98188,37.68376,22.36197,41.40693,1011.484
"2025-03-27 20:33:45",1628,24.0049,37.75152,22.26672,41.38088,1011.482
"2025-03-27 20:33:46",1629,23.93023,37.72651,22.32474,41.43361,1011.523
"2025-03-27 20:33:47",1630,24.00977,37.77932,22.24122,41.42354,1011.48
"2025-03-27 20:33:48",1631,23.94437,37.74248,22.28421,41.39526,1011.467
"2025-03-27 20:33:49",1632,24.01192,37.84296,22.29888,41.39088,1011.534
"2025-03-27 20:33:50",1633,23.89405,37.82265,22.2638,41.36584,1011.494
"2025-03-27 20:33:51",1634,23.91874,37.83424,22.34952,41.45514,1011.548
"2025-03-27 20:33:52",1635,23.9368,37.88336,22.36294,41.35329,1011.491
"2025-03-27 20:33:53",1636,23.89095,37.963,22.31541,41.39455,1011.478
"2025-03-27 20:33:54",1637,23.88828,38.00791,22.34812,41.41354,1011.507
"2025-03-27 20:33:55",1638,23.88134,38.01529,22.2748,41.49254,1011.481
"2025-03-27 20:33:56",1639,23.8683,38.11172,22.21225,41.38522,1011.469
"2025-03-27 20:33:57",1640,23.92981,38.08128,22.32901,41.36551,1011.474
"2025-03-27 20:33:58",1641,23.90143,38.15194,22.27891,41.39757,1011.494
"2025-03-27 20:33:59",1642,23.85431,38.11273,22.28204,41.37917,1011.546
"2025-03-27 20:34:00",1643,23.84404,38.22253,22.29785,41.35982,1011.486
"2025-03-27 20:34:01",1644,23.8321,38.18414,22.31905,41.32752,1011.482
"2025-03-27 20:34:02",1645,23.82601,38.31438,22.30742,41.39307,1011.471
"2025-03-27 20:34:03",1646,23.82369,38.29449,22.30146,41.37147,1011.483
"2025-03-27 20:34:04",1647,23.78006,38.35756,22.33268,41.35096,1011.467
"2025-03-27 20:34:05",1648,23.79638,38.34705,22.3004,41.41088,1011.477
"2025-03-27 20:34:06",1649,23.81237,38.29808,22.2933,41.36302,1011.496
"2025-03-27 20:34:07",1650,23.79737,38.40777,22.24851,41.37729,1011.549
"2025-03-27 20:34:08",1651,23.76035,38.40633,22.29161,41.40038,1011.488
"2025-03-27 20:34:09",1652,23.73758,38.40043,22.31888,41.40453,1011.483
"2025-03-27 20:34:10",1653,23.75264,38.43436,22.30359,41.41237,1011.477
"2025-03-27 20:34:11",1654,23.77864,38.4111,22.32032,41.37534,1011.485
"2025-03-27 20:34:12",1655,23.76432,38.45245,22.31322,41.38379,1011.481
"2025-03-27 20:34:13",1656,23.72732,38.438,22.29072,41.34998,1011.485
"2025-03-27 20:34:14",1657,23.69838,38.47113,22.31179,41.40187,1011.51
"2025-03-27 20:34:15",1658,23.71902,38.42589,22.28877,41.38877,1011.551
"2025-03-27 20:34:16",1659,23.74985,38.51163,22.28673,41.42255,1011.509
"2025-03-27 20:34:17",1660,23.69374,38.49672,22.271,41.37389,1011.491
"2025-03-27 20:34:18",1661,23.70009,38.52309,22.29985,41.35136,1011.488
"2025-03-27 20:34:19",1662,23.69757,38.50203,22.32087,41.44883,1011.508
"2025-03-27 20:34:20",1663,23.70416,38.47663,22.35393,41.40294,1011.494
"2025-03-27 20:34:21",1664,23.75347,38.54883,22.31215,41.43036,1011.505
"2025-03-27 20:34:22",1665,23.68528,38.51757,22.28632,41.36812,1011.514
"2025-03-27 20:34:23",1666,23.74671,38.52305,22.2948,41.44757,1011.536
"2025-03-27 20:34:24",1667,23.62924,38.49134,22.24613,41.43078,1011.515
"2025-03-27 20:34:25",1668,23.72532,38.55433,22.30728,41.38866,1011.501
"2025-03-27 20:34:26",1669,23.65464,38.58826,22.30965,41.41469,1011.495
"2025-03-27 20:34:27",1670,23.62034,38.57274,22.2588,41.3452,1011.511
"2025-03-27 20:34:28",1671,23.67008,38.59,22.29782,41.3741,1011.505
"2025-03-27 20:34:29",1672,23.55657,38.65037,22.29319,41.39233,1011.507
"2025-03-27 20:34:30",1673,23.68236,38.64643,22.27664,41.39984,1011.521
"2025-03-27 20:34:31",1674,23.64293,38.71705,22.31817,41.36633,1011.504
"2025-03-27 20:34:32",1675,23.62559,38.74893,22.33472,41.38651,1011.504
"2025-03-27 20:34:33",1676,23.62125,38.72456,22.27365,41.37153,1011.494
"2025-03-27 20:34:34",1677,23.64141,38.77397,22.24141,41.43223,1011.489
"2025-03-27 20:34:35",1678,23.58694,38.82207,22.30461,41.39403,1011.503
"2025-03-27 20:34:36",1679,23.54873,38.84036,22.28862,41.41011,1011.499
"2025-03-27 20:34:37",1680,23.61398,38.91208,22.28626,41.43351,1011.503
"2025-03-27 20:34:38",1681,23.61705,38.98546,22.33769,41.39179,1011.512
"2025-03-27 20:34:39",1682,23.6138,38.98366,22.35938,41.48243,1011.495
"2025-03-27 20:34:40",1683,23.60859,39.09169,22.37068,41.47036,1011.499
"2025-03-27 20:34:41",1684,23.62398,39.04777,22.34367,41.47364,1011.492
"2025-03-27 20:34:42",1685,23.59318,39.09107,22.35036,41.46783,1011.49
"2025-03-27 20:34:43",1686,23.57888,39.03624,22.30469,41.46544,1011.496
"2025-03-27 20:34:44",1687,23.62677,39.05228,22.30718,41.42238,1011.499
"2025-03-27 20:34:45",1688,23.56636,39.08885,22.30658,41.39881,1011.502
"2025-03-27 20:34:46",1689,23.65643,39.15957,22.34015,41.44788,1011.502
"2025-03-27 20:34:47",1690,23.65244,39.13077,22.31855,41.48306,1011.488
"2025-03-27 20:34:48",1691,23.60462,39.21169,22.32856,41.48742,1011.492
"2025-03-27 20:34:49",1692,23.5959,39.27952,22.30241,41.51708,1011.536
"2025-03-27 20:34:50",1693,23.59938,39.30347,22.22451,41.43928,1011.486
"2025-03-27 20:34:51",1694,23.59919,39.34544,22.33509,41.45056,1011.499
"2025-03-27 20:34:52",1695,23.5774,39.35791,22.29064,41.40831,1011.497
"2025-03-27 20:34:53",1696,23.56454,39.30201,22.29816,41.3999,1011.494
"2025-03-27 20:34:54",1697,23.56139,39.34646,22.31844,41.43487,1011.493
"2025-03-27 20:34:55",1698,23.53607,39.37908,22.35286,41.45882,1011.476
"2025-03-27 20:34:56",1699,23.55499,39.304,22.32567,41.44976,1011.469
"2025-03-27 20:34:57",1700,23.57962,39.31541,22.34068,41.41471,1011.528
"2025-03-27 20:34:58",1701,23.59494,39.25229,22.30824,41.39685,1011.481
"2025-03-27 20:34:59",1702,23.62804,39.17003,22.25901,41.3327,1011.474
"2025-03-27 20:35:00",1703,23.56607,39.13947,22.36971,41.44442,1011.474
"2025-03-27 20:35:01",1704,23.59316,39.12521,22.2644,41.42318,1011.485
"2025-03-27 20:35:02",1705,23.66815,39.07878,22.27051,41.42924,1011.483
"2025-03-27 20:35:03",1706,23.60087,39.01092,22.27297,41.38358,1011.47
"2025-03-27 20:35:04",1707,23.59066,38.95105,22.28384,41.36996,1011.458
"2025-03-27 20:35:05",1708,23.63249,38.92628,22.32235,41.42017,1011.523
"2025-03-27 20:35:06",1709,23.65187,38.93821,22.33657,41.38651,1011.476
"2025-03-27 20:35:07",1710,23.65812,38.87008,22.34769,41.43571,1011.473
"2025-03-27 20:35:08",1711,23.68204,38.79352,22.37122,41.40594,1011.493
"2025-03-27 20:35:09",1712,23.71095,38.81036,22.33307,41.46485,1011.483
"2025-03-27 20:35:10",1713,23.75248,38.79545,22.31503,41.43302,1011.482
"2025-03-27 20:35:11",1714,23.77244,38.87823,22.30867,41.44759,1011.468
"2025-03-27 20:35:12",1715,23.71867,38.83752,22.32804,41.43574,1011.457
"2025-03-27 20:35:13",1716,23.76328,38.80496,22.33463,41.4255,1011.522
"2025-03-27 20:35:14",1717,23.73832,38.78429,22.35324,41.47889,1011.479
"2025-03-27 20:35:15",1718,23.80536,38.75209,22.36216,41.50328,1011.471
"2025-03-27 20:35:16",1719,23.82973,38.68953,22.37759,41.5183,1011.487
"2025-03-27 20:35:17",1720,23.86732,38.59249,22.33669,41.4998,1011.48
"2025-03-27 20:35:18",1721,23.85371,38.59018,22.30805,41.50733,1011.532
"2025-03-27 20:35:19",1722,23.84967,38.55367,22.36044,41.51264,1011.469
"2025-03-27 20:35:20",1723,23.89437,38.58318,22.30799,41.48809,1011.46
"2025-03-27 20:35:21",1724,23.84513,38.43317,22.30026,41.54203,1011.497
"2025-03-27 20:35:22",1725,23.84182,38.46626,22.38569,41.51171,1011.479
"2025-03-27 20:35:23",1726,23.87194,38.37811,22.32682,41.54764,1011.471
"2025-03-27 20:35:24",1727,23.92065,38.29255,22.33868,41.53349,1011.482
"2025-03-27 20:35:25",1728,23.94944,38.25486,22.361,41.49157,1011.479
"2025-03-27 20:35:26",1729,23.92436,38.17089,22.34944,41.48269,1011.529
"2025-03-27 20:35:27",1730,23.99092,38.17036,22.2778,41.49585,1011.468
"2025-03-27 20:35:28",1731,23.90566,38.13461,22.3729,41.51046,1011.46
"2025-03-27 20:35:29",1732,24.01018,38.10891,22.36547,41.51845,1011.465
"2025-03-27 20:35:30",1733,23.94535,38.09249,22.35441,41.49426,1011.481
"2025-03-27 20:35:31",1734,24.01598,38.03083,22.34344,41.47351,1011.471
"2025-03-27 20:35:32",1735,24.00433,38.01469,22.34595,41.46209,1011.483
"2025-03-27 20:35:33",1736,23.99035,38.02141,22.41928,41.4812,1011.487
"2025-03-27 20:35:34",1737,23.99839,37.94848,22.37477,41.47305,1011.53
"2025-03-27 20:35:35",1738,23.99083,37.91803,22.3718,41.39783,1011.482
"2025-03-27 20:35:36",1739,24.03485,37.85822,22.42223,41.4752,1011.474
"2025-03-27 20:35:37",1740,23.98581,37.78847,22.36013,41.47798,1011.48
"2025-03-27 20:35:38",1741,24.03915,37.81533,22.30532,41.40269,1011.497
"2025-03-27 20:35:39",1742,24.05049,37.76327,22.32694,41.40338,1011.49
"2025-03-27 20:35:40",1743,24.07761,37.7482,22.34448,41.41608,1011.495
"2025-03-27 20:35:41",1744,24.06008,37.69978,22.33506,41.42806,1011.494
"2025-03-27 20:35:42",1745,24.13509,37.71665,22.36376,41.38698,1011.54
