   1.0000000e+00	  -1.8563694e-01	  -5.2578663e-01	   1.5154028e-01	   2.4817649e+01	
   2.0000000e+00	  -2.0011250e-01	  -5.5748688e-01	   1.1096190e-01	   2.4860648e+01	
   3.0000000e+00	  -5.7330063e-01	  -1.1830741e+00	  -2.0642094e-02	   2.4882254e+01	
   4.0000000e+00	  -6.2479218e-01	  -1.2665119e+00	   2.7763071e-01	   2.4887220e+01	
   5.0000000e+00	   9.1147697e-02	  -4.3306990e-01	   4.0507650e-01	   2.4847034e+01	
   6.0000000e+00	  -3.4668625e-01	  -7.0887611e-01	   3.4230270e-01	   2.4840035e+01	
   7.0000000e+00	  -3.6836590e-01	  -4.7006409e-01	   3.3472958e-01	   2.4825639e+01	
   8.0000000e+00	  -3.1980428e-02	  -4.6331575e-01	   9.4749926e-02	   2.4817236e+01	
   9.0000000e+00	  -2.8607053e-01	  -5.9727131e-01	   1.6830569e-01	   2.4829338e+01	
   1.0000000e+01	  -4.6582345e-01	  -1.0781249e+00	   2.3697567e-01	   2.4858454e+01	
   1.1000000e+01	  -4.3912298e-01	  -1.3128655e+00	   1.9214287e-01	   2.4897893e+01	
   1.2000000e+01	  -1.4012135e-01	  -3.3227759e-01	   5.6701853e-02	   2.4935448e+01	
   1.3000000e+01	  -6.9812307e-01	  -1.1450653e+00	   1.6335040e-01	   2.4920306e+01	
   1.4000000e+01	  -4.1271811e-01	  -9.9302358e-01	   1.1899643e-01	   2.4878714e+01	
   1.5000000e+01	  -5.3242180e-01	  -1.1571588e+00	   1.0200920e-01	   2.4847991e+01	
   1.6000000e+01	  -4.3392756e-02	  -7.6857271e-01	   1.5072469e-01	   2.4838705e+01	
   1.7000000e+01	  -3.1755572e-01	  -4.9711704e-01	   2.9208021e-01	   2.4831379e+01	
   1.8000000e+01	  -2.1461249e-01	  -4.9870634e-01	   2.5431385e-01	   2.4752170e+01	
   1.9000000e+01	   2.1721973e-01	  -9.1097644e-02	   1.8591117e-01	   2.4796150e+01	
   2.0000000e+01	   2.7982502e-01	   3.6179541e-02	  -1.4484025e-01	   2.4927969e+01	
   2.1000000e+01	   1.3848896e-01	   3.7765789e-02	  -4.2709926e-02	   2.4897117e+01	
   2.2000000e+01	   7.6905531e-02	  -1.2835445e-01	  -9.8075870e-03	   2.4922590e+01	
   2.3000000e+01	   2.1553516e-02	  -5.6923106e-02	  -1.7934132e-02	   2.5047071e+01	
   2.4000000e+01	   8.0307950e-03	  -6.8570899e-02	  -2.4042894e-02	   2.5111959e+01	
   2.5000000e+01	  -6.6276739e-02	  -9.5048332e-02	  -3.8797386e-03	   2.4918531e+01	
   2.6000000e+01	  -6.6177083e-02	  -1.1686192e-01	  -6.4671707e-02	   2.4911404e+01	
   2.7000000e+01	   7.0796682e-02	  -1.5005571e-01	   5.3706170e-03	   2.4910162e+01	
   2.8000000e+01	   4.1480924e-02	  -1.7243949e-01	  -2.1577263e-02	   2.4941338e+01	
   2.9000000e+01	   7.5465781e-02	   1.1387730e-02	  -1.7271042e-03	   2.4860508e+01	
   3.0000000e+01	   9.1975782e-02	   2.2517777e-02	  -1.9442272e-02	   2.4805188e+01	
   3.1000000e+01	   6.2623503e-02	  -3.3101367e-02	  -4.7301006e-02	   2.4815924e+01	
   3.2000000e+01	   1.0664482e-01	  -2.8366470e-02	  -7.5123024e-02	   2.4802798e+01	
   3.3000000e+01	   1.2281609e-01	  -4.1125106e-02	  -3.8845538e-02	   2.4832903e+01	
   3.4000000e+01	   1.2879562e-01	  -4.6835234e-02	   6.9333068e-03	   2.4947227e+01	
   3.5000000e+01	   1.3689089e-01	  -7.4557685e-02	   9.8570827e-03	   2.4961093e+01	
   3.6000000e+01	   1.1810569e-01	  -5.5539035e-02	   2.7441503e-02	   2.4862027e+01	
   3.7000000e+01	   1.1706973e-01	  -3.1474209e-02	   2.4846648e-02	   2.4877905e+01	
   3.8000000e+01	   1.1903333e-01	  -3.5086728e-02	   2.7816391e-02	   2.4875433e+01	
   3.9000000e+01	   1.1736860e-01	  -2.7192497e-02	   3.9360810e-02	   2.4829774e+01	
   4.0000000e+01	   1.0027962e-01	  -5.6983853e-02	   3.6302660e-02	   2.4797530e+01	
   4.1000000e+01	   9.6889691e-02	  -5.1572037e-02	   3.8122654e-02	   2.4842110e+01	
   4.2000000e+01	   1.0155420e-01	  -3.4582138e-02	   5.6996536e-02	   2.4805187e+01	
   4.3000000e+01	   8.7769896e-02	  -5.9915829e-02	   1.6928101e-02	   2.4819097e+01	
   4.4000000e+01	   9.3215655e-02	  -5.3808022e-02	   1.1329556e-02	   2.4821701e+01	
   4.5000000e+01	   9.3797396e-02	  -4.6301269e-02	   2.5809193e-02	   2.4831631e+01	
   4.6000000e+01	   8.8988399e-02	  -3.1616687e-02	   3.1198788e-02	   2.4759887e+01	
   4.7000000e+01	   8.5459520e-02	  -3.7996196e-02	   2.4974441e-02	   2.4755887e+01	
   4.8000000e+01	   9.0274907e-02	  -2.6948165e-02	   4.4010927e-02	   2.4668299e+01	
   4.9000000e+01	   1.0146208e-01	  -1.7617320e-02	   3.8602544e-02	   2.4643807e+01	
   5.0000000e+01	   1.0289098e-01	  -2.1349812e-02	   2.2810079e-02	   2.4695716e+01	
   5.1000000e+01	   1.0132027e-01	  -4.2155550e-02	   2.4833966e-02	   2.4697466e+01	
   5.2000000e+01	   1.1501551e-01	  -3.1263543e-02	   3.4665872e-02	   2.4659267e+01	
   5.3000000e+01	   1.1240388e-01	  -5.4514409e-02	   5.1904870e-02	   2.4649235e+01	
   5.4000000e+01	   8.7587069e-02	  -5.6019974e-02	   4.2638397e-02	   2.4628028e+01	
   5.5000000e+01	   8.3379554e-02	  -1.5970897e-02	   4.0145301e-02	   2.4546425e+01	
   5.6000000e+01	   8.3515072e-02	   2.1320630e-02	   4.0520859e-02	   2.4453032e+01	
   5.7000000e+01	   9.4876386e-02	  -1.3253403e-02	   5.9929084e-02	   2.4446456e+01	
   5.8000000e+01	   1.4808646e-01	   4.9114703e-02	   8.1266211e-02	   2.4551854e+01	
   5.9000000e+01	   1.5509826e-01	   6.3575460e-02	   6.8745611e-02	   2.4584690e+01	
   6.0000000e+01	   1.7811947e-01	   8.4462734e-02	   4.0695381e-02	   2.4631523e+01	
   6.1000000e+01	   2.0858212e-01	   3.3906936e-02	  -1.2287709e-02	   2.4763357e+01	
   6.2000000e+01	   2.1560441e-01	   6.8531037e-03	  -1.4142361e-01	   2.4871927e+01	
   6.3000000e+01	   1.3900394e-01	  -2.2389221e-02	  -1.4412003e-01	   2.4887964e+01	
   6.4000000e+01	   7.4441624e-02	  -1.3129522e-02	  -1.7854490e-01	   2.4908570e+01	
   6.5000000e+01	   3.4811690e-02	  -2.1122646e-02	  -1.7504654e-01	   2.4880640e+01	
   6.6000000e+01	  -4.0782929e-02	  -2.7453614e-02	  -1.2592239e-01	   2.4824626e+01	
   6.7000000e+01	  -6.1338521e-02	  -2.3967075e-02	  -9.9843887e-02	   2.4768035e+01	
   6.8000000e+01	  -2.9415989e-02	  -4.1712283e-02	  -9.7894762e-02	   2.4832404e+01	
   6.9000000e+01	  -4.1130448e-02	   3.2359119e-03	  -9.4737917e-02	   2.4915050e+01	
   7.0000000e+01	   2.9872131e-02	  -1.2655831e-02	  -9.1052532e-02	   2.5008353e+01	
   7.1000000e+01	   2.7435397e-02	  -2.0363808e-02	  -7.5086595e-02	   2.5056887e+01	
   7.2000000e+01	   1.1350918e-02	  -2.7082538e-02	  -3.7650299e-02	   2.5018172e+01	
   7.3000000e+01	   1.8588448e-02	  -2.4947072e-02	  -4.3107606e-02	   2.5060373e+01	
   7.4000000e+01	   4.7010417e-03	   4.1036623e-04	  -1.1886788e-02	   2.5073650e+01	
   7.5000000e+01	   1.8655492e-02	   4.0076065e-02	   7.7076813e-02	   2.5071127e+01	
   7.6000000e+01	   1.7177276e-01	   1.0020361e-01	   1.4543523e-01	   2.5044663e+01	
   7.7000000e+01	   7.8544525e-02	   1.9330959e-01	   6.8343190e-03	   2.5071794e+01	
   7.8000000e+01	   8.5005290e-02	   8.7855623e-02	   1.1662960e-02	   2.5059292e+01	
   7.9000000e+01	   1.1960297e-01	   4.7319792e-02	  -1.9798278e-02	   2.4977396e+01	
   8.0000000e+01	   1.3798513e-01	   2.8179645e-02	  -2.9317188e-02	   2.4941341e+01	
   8.1000000e+01	   1.0984698e-01	  -2.1953587e-03	   1.7737198e-02	   2.4943583e+01	
   8.2000000e+01	   1.1246728e-01	  -1.0032940e-02	   1.1679744e-02	   2.4886702e+01	
   8.3000000e+01	   1.0728149e-01	  -4.7739038e-03	   1.2954425e-02	   2.4921223e+01	
   8.4000000e+01	   9.6133613e-02	   4.2490100e-02	   4.9766539e-03	   2.4942638e+01	
   8.5000000e+01	   1.0192499e-01	   4.6229363e-02	   4.9721240e-02	   2.4914717e+01	
   8.6000000e+01	   1.1258098e-01	   6.3370799e-02	   5.2951241e-02	   2.4877741e+01	
   8.7000000e+01	   1.0630264e-01	   5.1719856e-02	   3.3681393e-02	   2.4893729e+01	
   8.8000000e+01	   9.8258114e-02	   3.8091566e-02	   1.9117450e-02	   2.4911001e+01	
   8.9000000e+01	   9.0553665e-02	   3.6736870e-02	   1.0711288e-02	   2.4882862e+01	
   9.0000000e+01	   7.4054337e-02	   3.1675720e-02	  -4.4568066e-03	   2.4891725e+01	
   9.1000000e+01	   7.4566365e-02	   2.4601174e-02	  -1.8126296e-02	   2.4896231e+01	
   9.2000000e+01	   7.5028516e-02	   7.5150488e-03	  -2.6730251e-02	   2.4911480e+01	
   9.3000000e+01	   6.8060970e-02	   1.2610150e-02	  -3.5996725e-02	   2.4913280e+01	
   9.4000000e+01	   5.0878430e-02	   1.4313698e-02	  -3.4045791e-02	   2.4908653e+01	
   9.5000000e+01	   4.8714352e-02	   1.1812116e-02	  -3.2893085e-02	   2.4926184e+01	
   9.6000000e+01	   4.6576213e-02	   1.4851856e-02	  -3.3378983e-02	   2.4870307e+01	
   9.7000000e+01	   4.3020724e-02	   2.0622443e-02	  -3.4390164e-02	   2.4854126e+01	
   9.8000000e+01	   4.2810249e-02	   2.0812225e-02	  -3.4061050e-02	   2.4846569e+01	
   9.9000000e+01	   3.3433532e-02	   2.0528603e-02	  -3.2343102e-02	   2.4844648e+01	
   1.0000000e+02	   1.9374847e-02	   3.1732749e-02	  -2.3995781e-02	   2.4829676e+01	
   1.0100000e+02	   2.0441341e-02	   2.6780509e-02	  -1.8523311e-02	   2.4840706e+01	
   1.0200000e+02	   1.6762828e-02	  -1.2037753e-02	  -3.1776810e-02	   2.4838701e+01	
   1.0300000e+02	   4.2211532e-02	  -7.1868909e-04	  -3.8980007e-02	   2.4846859e+01	
   1.0400000e+02	   2.7159118e-02	   2.3142148e-02	  -2.2355556e-02	   2.4839526e+01	
   1.0500000e+02	   1.4381218e-02	   3.2086563e-02	  -1.7589856e-02	   2.4834353e+01	
   1.0600000e+02	   4.9329757e-03	   2.6152610e-02	  -1.2408257e-02	   2.4818569e+01	
   1.0700000e+02	   4.5342444e-03	   2.1462154e-02	  -1.1685658e-02	   2.4821255e+01	
   1.0800000e+02	   9.7968110e-03	   2.4248123e-02	  -8.0821989e-03	   2.4822403e+01	
   1.0900000e+02	   1.0679245e-02	   3.0084706e-02	  -6.2302594e-03	   2.4824362e+01	
   1.1000000e+02	   1.5063287e-02	   3.6597444e-02	  -4.6626086e-03	   2.4831271e+01	
   1.1100000e+02	   2.2452640e-02	   4.2209625e-02	   2.0849228e-03	   2.4839511e+01	
   1.1200000e+02	   3.1529712e-02	   4.4526004e-02	   3.9472580e-03	   2.4889928e+01	
   1.1300000e+02	   3.4956265e-02	   4.3675518e-02	   4.0222167e-03	   2.4908336e+01	
   1.1400000e+02	   3.3434009e-02	   4.1501045e-02	   1.8386841e-04	   2.4917378e+01	
   1.1500000e+02	   2.8094292e-02	   3.4684943e-02	  -1.8188478e-03	   2.4907270e+01	
   1.1600000e+02	   3.1974507e-02	   3.1484412e-02	  -7.2893141e-03	   2.4887571e+01	
   1.1700000e+02	   2.7434634e-02	   3.2662201e-02	  -1.7576218e-03	   2.4904847e+01	
   1.1800000e+02	   2.3826027e-02	   3.1163025e-02	  -3.0101776e-03	   2.4918286e+01	
   1.1900000e+02	   2.3565388e-02	   3.1010627e-02	  -2.1523475e-03	   2.4946984e+01	
   1.2000000e+02	   2.2285653e-02	   3.3288384e-02	  -1.4046668e-03	   2.4962022e+01	
   1.2100000e+02	   2.4451161e-02	   3.6272812e-02	  -2.2344590e-04	   2.4966142e+01	
   1.2200000e+02	   6.0825343e-03	   4.9743270e-02	   2.7230168e-02	   2.4929723e+01	
   1.2300000e+02	   4.0444851e-02	   7.0802212e-02	   4.3532562e-02	   2.4851334e+01	
   1.2400000e+02	   6.1209010e-02	   4.4794296e-04	   1.0395241e-02	   2.4827474e+01	
   1.2500000e+02	   7.1363162e-02	  -5.1553605e-01	   3.3140944e-02	   2.4922569e+01	
   1.2600000e+02	   3.0253067e-01	  -1.3304707e+00	   5.2044831e-01	   2.5004345e+01	
   1.2700000e+02	   1.1888629e-01	  -1.9651968e+00	   2.7130260e-01	   2.4984767e+01	
   1.2800000e+02	   1.2058907e-01	  -2.0497221e+00	   3.0842856e-01	   2.5031349e+01	
   1.2900000e+02	  -6.2644106e-02	  -1.7326380e+00	   1.7841180e-01	   2.4968203e+01	
   1.3000000e+02	   2.7237514e-01	  -1.8988997e+00	   1.8658498e-01	   2.4909909e+01	
   1.3100000e+02	   5.8746913e-02	  -1.9974063e+00	   3.3782005e-01	   2.4794876e+01	
   1.3200000e+02	   1.8695888e-01	  -1.2991126e+00	   2.9248829e-01	   2.4740761e+01	
   1.3300000e+02	   9.4434834e-02	  -1.2126062e+00	   2.5860824e-01	   2.4702998e+01	
   1.3400000e+02	  -5.8072292e-02	  -1.8792533e+00	  -3.1088715e-02	   2.4884781e+01	
   1.3500000e+02	  -3.4656454e-02	  -1.5616382e+00	   6.8808056e-02	   2.4939439e+01	
   1.3600000e+02	  -2.3537875e-01	  -2.2580124e+00	   3.9806196e-02	   2.4982553e+01	
   1.3700000e+02	   1.3371277e-01	  -1.9950524e+00	   2.8770162e-01	   2.4966694e+01	
   1.3800000e+02	   1.6888244e-02	  -1.7961264e+00	   4.8604840e-01	   2.5028665e+01	
   1.3900000e+02	   8.9956381e-02	  -1.5522816e+00	   5.3641282e-01	   2.5023601e+01	
   1.4000000e+02	  -9.7925087e-02	  -1.8396192e+00	   4.1232919e-01	   2.4971666e+01	
   1.4100000e+02	   6.1289881e-02	  -2.1141118e+00	   4.4711761e-01	   2.4915226e+01	
   1.4200000e+02	  -8.9348592e-02	  -2.0908174e+00	   2.6707869e-01	   2.4895932e+01	
   1.4300000e+02	   4.7608165e-01	  -1.8956499e+00	  -3.1211855e-03	   2.4818383e+01	
   1.4400000e+02	  -1.4543791e-01	  -1.8277018e+00	   1.8888112e-01	   2.4835271e+01	
   1.4500000e+02	   4.8455460e-01	  -2.0911254e+00	   4.2737985e-03	   2.4841090e+01	
   1.4600000e+02	  -3.5620881e-02	  -2.2651447e+00	   4.1964788e-01	   2.4873171e+01	
   1.4700000e+02	   6.9564338e-02	  -2.1084867e+00	   2.2309593e-01	   2.4810855e+01	
   1.4800000e+02	  -3.4895164e-02	  -2.0208238e+00	   3.9066095e-01	   2.4766209e+01	
   1.4900000e+02	  -5.3223038e-02	  -2.1293988e+00	   5.5505371e-01	   2.4838397e+01	
   1.5000000e+02	   1.6369543e-01	  -2.0400593e+00	   5.7070483e-01	   2.4870060e+01	
   1.5100000e+02	   1.2866745e-01	  -2.1019408e+00	   6.5967019e-01	   2.4897759e+01	
   1.5200000e+02	   1.0652819e-01	  -2.2011082e+00	   5.4494362e-01	   2.4896319e+01	
   1.5300000e+02	   1.2776270e-01	  -2.0247186e+00	   5.1062368e-01	   2.4887618e+01	
   1.5400000e+02	   1.2029161e-01	  -2.1934145e+00	   5.3733997e-01	   2.4853406e+01	
   1.5500000e+02	   1.5427370e-01	  -1.8241420e+00	   4.6294002e-01	   2.4874111e+01	
   1.5600000e+02	   1.9663744e-01	  -1.8885205e+00	   3.5203417e-01	   2.4845888e+01	
   1.5700000e+02	   1.8759928e-01	  -1.8269817e+00	   4.6798452e-01	   2.4853064e+01	
   1.5800000e+02	   2.1061324e-01	  -1.8413880e+00	   3.2357827e-01	   2.4859963e+01	
   1.5900000e+02	   1.6716038e-01	  -2.1561175e+00	   5.2642596e-01	   2.4760192e+01	
   1.6000000e+02	   3.6059379e-01	  -1.9296072e+00	   4.6374168e-01	   2.4768750e+01	
   1.6100000e+02	   3.0701884e-01	  -2.1866161e+00	   5.0135193e-01	   2.4796474e+01	
   1.6200000e+02	   2.5468302e-01	  -2.2085652e+00	   4.8273259e-01	   2.4868440e+01	
   1.6300000e+02	   1.5737609e-01	  -2.0384631e+00	   5.5632043e-01	   2.4863135e+01	
   1.6400000e+02	   3.2137841e-01	  -1.8527850e+00	   4.6282398e-01	   2.4871439e+01	
   1.6500000e+02	   1.9998263e-01	  -2.0583669e+00	   1.9809656e-01	   2.4887393e+01	
   1.6600000e+02	   1.4278573e-01	  -2.1127235e+00	   5.8070914e-01	   2.4954802e+01	
   1.6700000e+02	   2.5466154e-01	  -2.0530671e+00	   6.8497088e-01	   2.4939712e+01	
   1.6800000e+02	   2.9057913e-01	  -2.0765095e+00	   6.6651391e-01	   2.4973570e+01	
   1.6900000e+02	   2.7731286e-01	  -1.8047337e+00	   6.6594550e-01	   2.4917122e+01	
   1.7000000e+02	   2.4319114e-01	  -2.0215831e+00	   5.5743560e-01	   2.4911447e+01	
   1.7100000e+02	   2.1669197e-01	  -1.9466169e+00	   5.1854421e-01	   2.4881621e+01	
   1.7200000e+02	   4.3449536e-01	  -1.7933996e+00	   4.7519282e-01	   2.4811013e+01	
   1.7300000e+02	   3.6877090e-01	  -1.6715342e+00	   3.6531867e-01	   2.4756594e+01	
   1.7400000e+02	   2.7488919e-01	  -2.0641844e+00	   5.1171326e-01	   2.4785986e+01	
   1.7500000e+02	   2.7000820e-01	  -2.1442260e+00	   6.8617093e-01	   2.4787346e+01	
   1.7600000e+02	   3.5193824e-01	  -1.8576746e+00	   5.3461625e-01	   2.4742812e+01	
   1.7700000e+02	   3.0547429e-01	  -1.8577384e+00	   2.8111238e-01	   2.4751769e+01	
   1.7800000e+02	   3.0875474e-01	  -2.0405096e+00	   5.5828326e-01	   2.4731764e+01	
   1.7900000e+02	   4.9197133e-01	  -1.7681953e+00	   3.9776783e-01	   2.4770384e+01	
   1.8000000e+02	   3.9562569e-01	  -1.7924871e+00	   5.5717900e-01	   2.4746704e+01	
   1.8100000e+02	   3.5675992e-01	  -1.8300002e+00	   4.9450626e-01	   2.4752917e+01	
   1.8200000e+02	   3.1940356e-01	  -1.7324885e+00	   5.1937417e-01	   2.4745040e+01	
   1.8300000e+02	   3.2102347e-01	  -1.8097785e+00	   7.0214314e-01	   2.4739076e+01	
   1.8400000e+02	   3.4689170e-01	  -1.9552005e+00	   5.4567519e-01	   2.4777119e+01	
   1.8500000e+02	   2.2853250e-01	  -2.0796836e+00	   3.9353781e-01	   2.4753165e+01	
   1.8600000e+02	  -1.1483841e-01	  -2.1651103e+00	   2.0992489e-01	   2.4808403e+01	
   1.8700000e+02	   1.4091596e-01	  -2.2116733e+00	   4.9604626e-01	   2.4778720e+01	
   1.8800000e+02	  -1.1944104e-01	  -2.0726389e+00	   5.2918608e-01	   2.4772344e+01	
   1.8900000e+02	   3.8118638e-01	  -2.0345183e+00	   5.3469498e-01	   2.4735530e+01	
   1.9000000e+02	   1.2482367e-01	  -2.3488444e+00	   5.5387461e-01	   2.4813623e+01	
   1.9100000e+02	   3.0753367e-01	  -2.1281829e+00	   4.2440737e-01	   2.4797233e+01	
   1.9200000e+02	   2.8857680e-01	  -1.7662459e+00	   3.9816606e-01	   2.4806097e+01	
   1.9300000e+02	   2.6816139e-01	  -1.8877881e+00	   5.6208898e-01	   2.4809827e+01	
   1.9400000e+02	   3.1710518e-01	  -1.7824524e+00	   3.2579261e-01	   2.4755851e+01	
   1.9500000e+02	   3.1980104e-01	  -1.8649784e+00	   1.1687574e-01	   2.4792497e+01	
   1.9600000e+02	   2.2171898e-01	  -1.8857306e+00	   3.7836273e-01	   2.4769461e+01	
   1.9700000e+02	   7.6112085e-02	  -2.0699272e+00	   4.3624063e-01	   2.4785207e+01	
   1.9800000e+02	   3.0004396e-01	  -2.0089690e+00	   3.6694697e-01	   2.4752112e+01	
   1.9900000e+02	   1.0736456e-01	  -1.8828147e+00	   3.9753486e-01	   2.4822480e+01	
   2.0000000e+02	   7.8690802e-02	  -2.0738383e+00	   2.1731633e-01	   2.4870720e+01	
   2.0100000e+02	   4.0532570e-01	  -2.0313142e+00	   4.1935938e-01	   2.4832190e+01	
   2.0200000e+02	   2.6168814e-01	  -1.8910014e+00	   4.3932818e-01	   2.4845745e+01	
   2.0300000e+02	   2.6285981e-01	  -2.1003729e+00	   4.6022872e-01	   2.4873772e+01	
   2.0400000e+02	   1.9949893e-01	  -2.0555781e+00	   4.9177788e-01	   2.4864550e+01	
   2.0500000e+02	   3.1898697e-01	  -2.0004736e+00	   4.5340581e-01	   2.4890562e+01	
   2.0600000e+02	   1.8161946e-01	  -2.1529410e+00	   5.6948731e-01	   2.4892675e+01	
   2.0700000e+02	   4.2506220e-02	  -2.1270171e+00	   3.1817760e-01	   2.4846385e+01	
   2.0800000e+02	   2.9434854e-01	  -1.8528282e+00	   4.3759510e-01	   2.4805566e+01	
   2.0900000e+02	   1.0168773e-01	  -2.3152242e+00	   4.2803011e-01	   2.4811398e+01	
   2.1000000e+02	   2.7139138e-01	  -2.0009160e+00	   2.7283115e-01	   2.4765132e+01	
   2.1100000e+02	   1.4729670e-01	  -2.1520569e+00	   5.7491521e-01	   2.4764221e+01	
   2.1200000e+02	   7.2990897e-02	  -2.0042435e+00	   5.0292415e-01	   2.4822921e+01	
   2.1300000e+02	   4.5658395e-02	  -1.8257735e+00	   2.2687435e-01	   2.4846665e+01	
   2.1400000e+02	  -2.0968123e-01	  -1.9460322e+00	   2.2721253e-01	   2.4850125e+01	
   2.1500000e+02	   1.4367876e-01	  -1.8439423e+00	   3.5822458e-01	   2.4773472e+01	
   2.1600000e+02	   1.6165723e-01	  -1.9630512e+00	   3.5295104e-01	   2.4849440e+01	
   2.1700000e+02	  -1.0999060e-01	  -1.7928869e+00	   2.0698461e-01	   2.4887964e+01	
   2.1800000e+02	   1.0241747e-01	  -1.9079314e+00	   3.1269073e-01	   2.4837955e+01	
   2.1900000e+02	   7.4225426e-02	  -1.7393495e+00	   3.8179076e-01	   2.4816691e+01	
   2.2000000e+02	   1.3170251e-01	  -1.6052066e+00	   3.2714173e-01	   2.4835044e+01	
   2.2100000e+02	   6.1888698e-02	  -1.8989353e+00	   3.2166852e-01	   2.4816838e+01	
   2.2200000e+02	   7.7417749e-02	  -1.8939064e+00	   1.8062363e-01	   2.4774759e+01	
   2.2300000e+02	  -8.6434389e-02	  -1.9178167e+00	   5.2364820e-02	   2.4738886e+01	
   2.2400000e+02	   1.8222972e-01	  -1.9062850e+00	   2.4647779e-01	   2.4715492e+01	
   2.2500000e+02	  -1.8723506e-01	  -2.0792545e+00	   2.3197851e-01	   2.4768565e+01	
   2.2600000e+02	   1.1513807e-02	  -1.9865363e+00	   3.2810106e-01	   2.4792310e+01	
   2.2700000e+02	   1.0612859e-01	  -1.8399860e+00	   3.3504295e-01	   2.4739879e+01	
   2.2800000e+02	   1.5925435e-03	  -1.8655770e+00	   4.9458823e-01	   2.4840586e+01	
   2.2900000e+02	   1.8624030e-01	  -1.9403174e+00	   4.1186848e-01	   2.4829620e+01	
   2.3000000e+02	   1.4361810e-01	  -1.9545191e+00	   5.1693660e-01	   2.4850808e+01	
   2.3100000e+02	   2.1921196e-01	  -1.5642280e+00	   3.4453392e-01	   2.4792938e+01	
   2.3200000e+02	   2.8262404e-01	  -1.8850259e+00	   6.0289133e-01	   2.4802602e+01	
   2.3300000e+02	   1.3769484e-01	  -1.7438373e+00	   5.5658692e-01	   2.4696160e+01	
   2.3400000e+02	   1.9624329e-01	  -1.9453110e+00	   5.8256425e-01	   2.4673375e+01	
   2.3500000e+02	   1.1261385e-01	  -1.8439416e+00	   7.5246906e-01	   2.4661779e+01	
   2.3600000e+02	   1.0413055e-01	  -2.1804053e+00	   6.3843851e-01	   2.4674830e+01	
   2.3700000e+02	   3.0893258e-01	  -1.8360530e+00	   3.0882769e-01	   2.4620621e+01	
   2.3800000e+02	   2.6844794e-01	  -1.8536196e+00	   4.8181448e-01	   2.4695021e+01	
   2.3900000e+02	   2.4491274e-01	  -1.8160415e+00	   4.0617228e-01	   2.4690719e+01	
   2.4000000e+02	   2.3830643e-01	  -1.9199706e+00	   5.2032631e-01	   2.4696727e+01	
   2.4100000e+02	   2.1377201e-01	  -1.8234845e+00	   5.7888718e-01	   2.4655849e+01	
   2.4200000e+02	   3.4452209e-01	  -1.8664011e+00	   5.3482317e-01	   2.4676144e+01	
   2.4300000e+02	   2.4188213e-01	  -1.8679883e+00	   4.6619453e-01	   2.4693653e+01	
   2.4400000e+02	   2.6084030e-01	  -1.9395995e+00	   5.1552726e-01	   2.4751769e+01	
   2.4500000e+02	   2.7532720e-01	  -1.8859254e+00	   6.5915422e-01	   2.4688172e+01	
   2.4600000e+02	   3.1221516e-01	  -1.9980005e+00	   6.5759810e-01	   2.4728906e+01	
   2.4700000e+02	   1.6746531e-01	  -1.9844830e+00	   3.7787283e-01	   2.4748352e+01	
   2.4800000e+02	   1.9746962e-01	  -1.9342261e+00	   5.5461542e-01	   2.4683368e+01	
   2.4900000e+02	   8.0302195e-03	  -1.9849370e+00	   4.7756033e-01	   2.4685649e+01	
   2.5000000e+02	  -8.1154730e-03	  -2.0136163e+00	   2.6914340e-01	   2.4692978e+01	
   2.5100000e+02	   1.1923218e-01	  -1.8165598e+00	   2.7751686e-01	   2.4664384e+01	
   2.5200000e+02	   1.8151436e-01	  -2.0682871e+00	   6.3090941e-01	   2.4632633e+01	
   2.5300000e+02	   2.2660894e-01	  -1.4274406e+00	   5.0561500e-01	   2.4635228e+01	
   2.5400000e+02	  -2.9951660e-02	  -1.8396879e+00	   5.2679607e-01	   2.4636046e+01	
   2.5500000e+02	   4.2265231e-02	  -1.8205465e+00	   3.3949356e-01	   2.4644514e+01	
   2.5600000e+02	   2.5679417e-01	  -1.7302018e+00	   1.9943314e-01	   2.4680717e+01	
   2.5700000e+02	   2.8005648e-01	  -1.9659723e+00	   4.5808453e-01	   2.4772544e+01	
   2.5800000e+02	   8.9829726e-02	  -2.1790720e+00	   5.2092369e-01	   2.4765296e+01	
   2.5900000e+02	   2.4591761e-01	  -1.9895446e+00	   6.1607930e-01	   2.4778692e+01	
   2.6000000e+02	   1.1640472e-01	  -2.2035324e+00	   2.2471399e-01	   2.4790360e+01	
   2.6100000e+02	  -1.5934201e-01	  -2.3275961e+00	   1.2076644e-01	   2.4788504e+01	
   2.6200000e+02	   1.4963005e-01	  -2.1639097e+00	   3.4880152e-01	   2.4853763e+01	
   2.6300000e+02	  -1.5793420e-01	  -2.4975174e+00	   1.3281279e-01	   2.4896339e+01	
   2.6400000e+02	  -1.3965597e-01	  -2.0693268e+00	   3.9180263e-01	   2.4847771e+01	
   2.6500000e+02	  -2.6562004e-01	  -2.1829057e+00	   7.2818177e-01	   2.4789440e+01	
   2.6600000e+02	   1.5203456e-01	  -1.9085122e+00	   9.1449446e-01	   2.4774463e+01	
   2.6700000e+02	  -1.9748783e-01	  -2.2545833e+00	   6.6454927e-01	   2.4746129e+01	
   2.6800000e+02	   4.0456013e-02	  -2.1293542e+00	   6.8786040e-01	   2.4779013e+01	
   2.6900000e+02	  -1.1261323e-01	  -2.5317726e+00	  -3.1492758e-02	   2.4843351e+01	
   2.7000000e+02	  -3.0124990e-01	  -2.6238118e+00	   2.2042938e-01	   2.4807985e+01	
   2.7100000e+02	  -4.0940408e-01	  -2.3570018e+00	   2.3475171e-01	   2.4829622e+01	
   2.7200000e+02	  -1.6442218e-01	  -2.3986396e+00	   5.1063775e-01	   2.4916915e+01	
   2.7300000e+02	   4.3656343e-01	  -2.0543929e+00	   4.7510865e-01	   2.4828500e+01	
   2.7400000e+02	   2.8014847e-02	  -2.1612322e+00	   5.2831212e-01	   2.4871315e+01	
   2.7500000e+02	  -3.7543936e-01	  -2.2266521e+00	  -1.9970494e-01	   2.4888842e+01	
   2.7600000e+02	   1.2862833e-01	  -2.4286847e+00	   5.2142914e-01	   2.4834684e+01	
   2.7700000e+02	   4.2330744e-01	  -2.2187058e+00	   8.8702684e-01	   2.4730783e+01	
   2.7800000e+02	   6.6389954e-02	  -2.2100425e+00	   5.6401387e-01	   2.4846867e+01	
   2.7900000e+02	   1.2854146e-01	  -2.3769550e+00	   6.2626406e-01	   2.4780205e+01	
   2.8000000e+02	   5.6691268e-02	  -2.1529101e+00	   3.7065032e-01	   2.4767684e+01	
   2.8100000e+02	  -1.1068105e-01	  -1.9756626e+00	   3.9550622e-02	   2.4781789e+01	
   2.8200000e+02	  -1.5576516e-01	  -1.9563875e+00	   1.3074226e-01	   2.4790688e+01	
   2.8300000e+02	  -1.7400627e-01	  -1.9953260e+00	  -1.3002018e-01	   2.4740915e+01	
   2.8400000e+02	  -2.8390026e-01	  -2.0066362e+00	  -4.4126677e-01	   2.4635541e+01	
   2.8500000e+02	  -2.9000435e-01	  -1.7826961e+00	  -2.8489768e-02	   2.4760151e+01	
   2.8600000e+02	  -5.8040709e-02	  -2.0353340e+00	   3.3482455e-01	   2.4755562e+01	
   2.8700000e+02	  -1.1113267e-02	  -2.0672190e+00	   5.5197361e-01	   2.4811758e+01	
   2.8800000e+02	  -2.5556962e-01	  -2.0824400e+00	   3.6722859e-01	   2.4815615e+01	
   2.8900000e+02	  -1.6947060e-01	  -2.3163677e+00	   6.0161120e-01	   2.4870592e+01	
   2.9000000e+02	  -1.6099357e-01	  -2.1525178e+00	   6.2573014e-01	   2.4871026e+01	
   2.9100000e+02	  -2.9679860e-01	  -2.0945715e+00	   6.2263221e-01	   2.4819161e+01	
   2.9200000e+02	  -3.1943386e-01	  -1.8182370e+00	   2.4821730e-01	   2.4761118e+01	
   2.9300000e+02	  -2.1879643e-01	  -2.1312559e+00	   4.9874373e-01	   2.4741279e+01	
   2.9400000e+02	  -2.7005763e-02	  -2.3937736e+00	   6.3614723e-01	   2.4805607e+01	
   2.9500000e+02	  -1.8477802e-01	  -2.4342412e+00	   4.7847214e-01	   2.4784322e+01	
   2.9600000e+02	  -1.5753803e-01	  -2.8624036e+00	   6.6063489e-01	   2.4811041e+01	
   2.9700000e+02	  -3.6262204e-01	  -2.8546797e+00	   5.4587335e-01	   2.4782911e+01	
   2.9800000e+02	  -2.0202055e-01	  -2.6096537e+00	   4.5668268e-01	   2.4747442e+01	
   2.9900000e+02	  -1.7545690e-01	  -2.2037119e+00	   6.6263076e-01	   2.4720589e+01	
   3.0000000e+02	  -2.7035291e-01	  -2.2495068e+00	   4.6515446e-01	   2.4732656e+01	
   3.0100000e+02	  -4.1137056e-01	  -2.3357066e+00	   5.2139071e-01	   2.4738481e+01	
   3.0200000e+02	  -3.9307355e-01	  -2.4510979e+00	   6.1737118e-01	   2.4717851e+01	
   3.0300000e+02	  -2.0438767e-01	  -2.4880749e+00	   6.4496265e-01	   2.4746585e+01	
   3.0400000e+02	  -3.1299159e-01	  -2.6381865e+00	   7.1547536e-01	   2.4779621e+01	
   3.0500000e+02	  -3.9235115e-01	  -2.6931763e+00	   7.3204222e-01	   2.4775815e+01	
   3.0600000e+02	  -3.1430978e-01	  -2.2402523e+00	   6.3594375e-01	   2.4796473e+01	
   3.0700000e+02	  -3.2091532e-01	  -2.2759407e+00	   6.8993050e-01	   2.4799548e+01	
   3.0800000e+02	  -2.6380387e-01	  -2.3109725e+00	   7.5514036e-01	   2.4795917e+01	
   3.0900000e+02	  -2.3571471e-01	  -2.2828814e+00	   7.3882441e-01	   2.4802780e+01	
   3.1000000e+02	  -3.0551479e-01	  -2.1986911e+00	   8.4071085e-01	   2.4865564e+01	
   3.1100000e+02	  -4.1022158e-01	  -2.0818308e+00	   6.0537094e-01	   2.4948604e+01	
   3.1200000e+02	  -2.9840947e-01	  -2.3508821e+00	   7.3707237e-01	   2.5005557e+01	
   3.1300000e+02	  -3.4250374e-01	  -2.1647788e+00	   7.3122342e-01	   2.4974324e+01	
   3.1400000e+02	  -2.3952487e-01	  -2.0521787e+00	   9.1908095e-01	   2.4954108e+01	
   3.1500000e+02	   4.3269340e-02	  -1.7993310e+00	   6.2752134e-01	   2.4982385e+01	
   3.1600000e+02	   1.8122891e-01	  -2.0363426e+00	   8.1422260e-01	   2.4987354e+01	
   3.1700000e+02	   5.1468849e-02	  -2.0118050e+00	   3.6815396e-01	   2.5021086e+01	
   3.1800000e+02	  -1.1028786e-01	  -1.9799230e+00	   3.8846688e-01	   2.4933770e+01	
   3.1900000e+02	   7.4487490e-02	  -1.7560979e+00	   2.2213849e-01	   2.4924258e+01	
   3.2000000e+02	   1.9530697e-01	  -1.5365597e+00	   6.2537164e-01	   2.4832695e+01	
   3.2100000e+02	   4.3492701e-02	  -1.8525704e+00	   4.8901847e-01	   2.4819313e+01	
   3.2200000e+02	  -4.8536140e-03	  -1.7795587e+00	   1.4767865e-01	   2.4800058e+01	
   3.2300000e+02	   4.5471664e-02	  -1.8915095e+00	   4.9605120e-01	   2.4762262e+01	
   3.2400000e+02	  -4.3387599e-02	  -2.0050413e+00	   7.0425974e-02	   2.4750985e+01	
   3.2500000e+02	  -2.0804413e-01	  -2.0439276e+00	   1.0722781e-01	   2.4730120e+01	
   3.2600000e+02	  -5.2925958e-02	  -1.8495192e+00	   2.7610132e-01	   2.4747857e+01	
   3.2700000e+02	   8.6728945e-03	  -1.9427989e+00	   4.9831956e-01	   2.4693752e+01	
   3.2800000e+02	  -7.1311650e-02	  -2.0170323e+00	   4.8440727e-01	   2.4681925e+01	
   3.2900000e+02	  -9.5967591e-02	  -1.9970767e+00	   2.5485460e-01	   2.4701484e+01	
   3.3000000e+02	   8.5094409e-03	  -1.8407053e+00	   2.2302797e-01	   2.4664839e+01	
   3.3100000e+02	   7.6661493e-02	  -2.0918115e+00	   6.1288254e-01	   2.4694641e+01	
   3.3200000e+02	  -4.9740122e-02	  -1.8177860e+00	   1.9983348e-01	   2.4746908e+01	
   3.3300000e+02	   1.8569577e-02	  -1.9613320e+00	   4.4796046e-01	   2.4738246e+01	
   3.3400000e+02	   3.2876159e-01	  -1.9465428e+00	   2.5968758e-01	   2.4677126e+01	
   3.3500000e+02	  -3.2579704e-02	  -1.7603745e+00	   1.0487641e-01	   2.4666194e+01	
   3.3600000e+02	  -6.7355738e-02	  -1.9344843e+00	   2.4150677e-01	   2.4701370e+01	
   3.3700000e+02	   2.2556342e-01	  -2.0198162e+00	   5.0148744e-01	   2.4697222e+01	
   3.3800000e+02	  -3.7591173e-02	  -1.9676556e+00	   5.8557373e-01	   2.4637982e+01	
   3.3900000e+02	   6.5359600e-02	  -2.0174747e+00	   6.7048978e-01	   2.4651734e+01	
   3.4000000e+02	  -3.5048937e-02	  -1.8447224e+00	   1.9924298e-01	   2.4708038e+01	
   3.4100000e+02	  -5.3042604e-02	  -1.9769541e+00	   5.2408658e-01	   2.4679167e+01	
   3.4200000e+02	  -3.2223704e-01	  -1.7503755e+00	   2.6843948e-01	   2.4672989e+01	
   3.4300000e+02	  -3.3203306e-01	  -2.1075862e+00	   3.2021209e-01	   2.4770851e+01	
   3.4400000e+02	  -7.1830935e-02	  -1.7517895e+00	   3.0190961e-01	   2.4782443e+01	
   3.4500000e+02	  -1.2641812e-01	  -1.8952630e+00	   3.7314155e-01	   2.4829520e+01	
   3.4600000e+02	  -2.6233272e-01	  -2.0510204e+00	   1.4736270e-01	   2.4845222e+01	
   3.4700000e+02	  -5.3045374e-02	  -2.0561847e+00	   4.0537728e-01	   2.4782883e+01	
   3.4800000e+02	  -1.4816160e-01	  -1.7612975e+00	   7.4710220e-02	   2.4784629e+01	
   3.4900000e+02	  -9.3982904e-02	  -2.2017849e+00	   4.5273818e-01	   2.4770046e+01	
   3.5000000e+02	  -6.3764478e-02	  -2.0513796e+00	   4.4875416e-01	   2.4724889e+01	
   3.5100000e+02	   3.4683700e-02	  -1.9485081e+00	   2.7745302e-01	   2.4693545e+01	
   3.5200000e+02	  -3.9685100e-01	  -2.0265704e+00	   2.7085139e-01	   2.4645470e+01	
   3.5300000e+02	   5.5807589e-01	  -2.0400066e+00	   3.5871839e-01	   2.4683238e+01	
   3.5400000e+02	  -3.8985137e-01	  -1.9065175e+00	   8.7207611e-02	   2.4646045e+01	
   3.5500000e+02	   7.5418948e-02	  -2.0590400e+00	   3.8147836e-01	   2.4609248e+01	
   3.5600000e+02	   8.9173986e-02	  -2.0017276e+00	   2.2373421e-01	   2.4616047e+01	
   3.5700000e+02	  -1.2364322e-01	  -1.7730300e+00	   2.0562822e-01	   2.4596303e+01	
   3.5800000e+02	   1.8122082e-01	  -2.1439948e+00	   6.3128836e-01	   2.4571666e+01	
   3.5900000e+02	   1.4542169e-01	  -2.1338539e+00	   3.8808231e-01	   2.4571603e+01	
   3.6000000e+02	  -2.8517876e-01	  -1.8530958e+00	  -4.1180489e-01	   2.4646352e+01	
   3.6100000e+02	   2.3436279e-01	  -2.2272829e+00	  -2.7295082e-01	   2.4645802e+01	
   3.6200000e+02	   3.4084190e-01	  -2.0264396e+00	   8.0424497e-02	   2.4540215e+01	
   3.6300000e+02	   4.0906875e-03	  -1.9016771e+00	   3.0094406e-01	   2.4556160e+01	
   3.6400000e+02	   6.1520859e-02	  -2.1717185e+00	   2.8584748e-01	   2.4506475e+01	
   3.6500000e+02	   2.5949006e-02	  -2.1339993e+00	   2.4680118e-01	   2.4535934e+01	
   3.6600000e+02	  -1.8689527e-01	  -1.9873908e+00	   2.5890875e-01	   2.4542932e+01	
   3.6700000e+02	  -1.5177364e-01	  -1.9447924e+00	   1.8503102e-01	   2.4549406e+01	
   3.6800000e+02	  -2.8496551e-01	  -2.1165672e+00	   2.6983185e-01	   2.4553383e+01	
   3.6900000e+02	  -1.3510646e-01	  -2.0536598e+00	  -1.1743460e-01	   2.4573091e+01	
   3.7000000e+02	   1.0555287e-01	  -2.0896698e+00	   2.1978588e-01	   2.4563849e+01	
   3.7100000e+02	  -2.9990330e-01	  -2.2340366e+00	   1.3886764e-02	   2.4668841e+01	
   3.7200000e+02	  -7.8430939e-02	  -2.2830555e+00	   3.6367778e-01	   2.4698173e+01	
   3.7300000e+02	  -2.9595966e-01	  -2.5664411e+00	   4.1281901e-01	   2.4784103e+01	
   3.7400000e+02	  -8.3987145e-02	  -2.3914743e+00	   4.5130015e-01	   2.4818157e+01	
   3.7500000e+02	  -2.3332082e-01	  -2.6335111e+00	   4.5702266e-01	   2.4832413e+01	
   3.7600000e+02	   1.1366556e-01	  -2.1768952e+00	   4.2579563e-01	   2.4769022e+01	
   3.7700000e+02	  -2.3088312e-01	  -2.2927867e+00	   5.4422663e-01	   2.4756261e+01	
   3.7800000e+02	  -2.1602013e-01	  -2.3165759e+00	   4.9027614e-01	   2.4718640e+01	
   3.7900000e+02	  -3.1131543e-01	  -2.2374092e+00	   3.7753772e-01	   2.4652302e+01	
   3.8000000e+02	  -3.4574549e-01	  -2.2932338e+00	   5.0201415e-01	   2.4588119e+01	
   3.8100000e+02	  -2.6223822e-01	  -2.1927819e+00	   6.0600325e-01	   2.4577355e+01	
   3.8200000e+02	  -3.7216138e-01	  -2.1511456e+00	   6.8442901e-01	   2.4555119e+01	
   3.8300000e+02	  -3.9280329e-01	  -2.3268981e+00	   3.6326065e-01	   2.4565546e+01	
   3.8400000e+02	  -2.3834735e-01	  -2.4421037e+00	   4.6935615e-01	   2.4520439e+01	
   3.8500000e+02	  -8.6977385e-02	  -1.8655110e+00	   4.4318333e-01	   2.4485210e+01	
   3.8600000e+02	  -2.9462292e-01	  -2.2783962e+00	   3.4807090e-01	   2.4565084e+01	
   3.8700000e+02	  -7.9762175e-02	  -2.1717274e+00	   5.7221215e-01	   2.4552268e+01	
   3.8800000e+02	  -3.8168450e-01	  -2.5426998e+00	   3.9532986e-01	   2.4629832e+01	
   3.8900000e+02	   1.5158078e-02	  -2.1585301e+00	   5.2103613e-01	   2.4585821e+01	
   3.9000000e+02	  -6.9267268e-02	  -2.4522843e+00	   5.9523019e-01	   2.4623485e+01	
   3.9100000e+02	   8.8203890e-02	  -2.3544769e+00	   4.4248449e-01	   2.4630294e+01	
   3.9200000e+02	  -3.5079842e-01	  -2.4163116e+00	   4.3411398e-01	   2.4713789e+01	
   3.9300000e+02	  -3.8571562e-02	  -2.0593490e+00	   2.5480013e-01	   2.4753293e+01	
   3.9400000e+02	  -5.3679845e-01	  -2.1874370e+00	   3.6673154e-01	   2.4787777e+01	
   3.9500000e+02	  -2.3518409e-01	  -2.2814242e+00	   4.5725077e-01	   2.4758229e+01	
   3.9600000e+02	   6.8406956e-02	  -9.5656672e-01	   3.3401366e-01	   2.4502753e+01	
   3.9700000e+02	  -3.4841919e-01	  -1.4715691e+00	   3.4439241e-01	   2.4535344e+01	
   3.9800000e+02	  -3.6349067e-01	  -1.9508890e+00	   2.7217389e-01	   2.4619758e+01	
   3.9900000e+02	  -4.2986211e-01	  -1.9664053e+00	   3.4826820e-01	   2.4643809e+01	
   4.0000000e+02	   1.0047632e-02	  -2.1685641e+00	   5.4152289e-01	   2.4756695e+01	
   4.0100000e+02	  -1.1167536e-01	  -2.0759464e+00	   1.8679159e-01	   2.4774779e+01	
   4.0200000e+02	  -1.4286394e-01	  -2.0443941e+00	   3.6405102e-02	   2.4781684e+01	
   4.0300000e+02	   1.4748486e-01	  -1.8961275e+00	  -1.8305319e-01	   2.4779409e+01	
   4.0400000e+02	   3.1469500e-01	  -1.6377465e+00	  -2.5306280e-01	   2.4816175e+01	
   4.0500000e+02	   2.6960002e-01	  -1.9467338e+00	   1.7335806e-01	   2.4819507e+01	
   4.0600000e+02	   2.1031599e-01	  -2.0351079e+00	   4.2569589e-01	   2.4814351e+01	
   4.0700000e+02	   2.1655835e-01	  -1.9549182e+00	   2.2282257e-01	   2.4810724e+01	
   4.0800000e+02	   1.3957377e-01	  -1.8595794e+00	   1.9155083e-01	   2.4806316e+01	
   4.0900000e+02	   3.7692269e-01	  -2.0458106e+00	   1.6795129e-01	   2.4781899e+01	
   4.1000000e+02	   3.1126653e-01	  -1.9719302e+00	   2.0847370e-03	   2.4726812e+01	
   4.1100000e+02	   2.2597458e-01	  -2.0332026e+00	   1.9912376e-01	   2.4699142e+01	
   4.1200000e+02	   2.5255069e-01	  -2.1243976e+00	   1.6006211e-01	   2.4736083e+01	
   4.1300000e+02	   4.1098947e-01	  -2.0394538e+00	   1.2538337e-01	   2.4677149e+01	
   4.1400000e+02	   3.8611433e-01	  -2.1717815e+00	   2.5313596e-01	   2.4710602e+01	
   4.1500000e+02	   3.1076659e-01	  -2.0742480e+00	   2.4881562e-01	   2.4699501e+01	
   4.1600000e+02	   2.9692831e-01	  -1.8996125e+00	   1.0382931e-01	   2.4711162e+01	
   4.1700000e+02	   1.2196398e-01	  -2.0829924e+00	   9.3183585e-03	   2.4685099e+01	
   4.1800000e+02	   3.6369353e-01	  -2.0656310e+00	  -5.9304807e-02	   2.4678681e+01	
   4.1900000e+02	   1.1586294e-01	  -2.2172900e+00	   1.5444260e-01	   2.4682341e+01	
   4.2000000e+02	   1.7517976e-01	  -2.2248138e+00	  -8.9367825e-03	   2.4717907e+01	
   4.2100000e+02	   1.6180115e-01	  -2.2373568e+00	   2.2415876e-01	   2.4737997e+01	
   4.2200000e+02	   6.8675144e-02	  -2.3414352e+00	   2.0083808e-01	   2.4727537e+01	
   4.2300000e+02	   1.5231334e-01	  -2.1306636e+00	   1.6891403e-01	   2.4730614e+01	
   4.2400000e+02	   9.1073418e-02	  -2.0319861e+00	   1.6195213e-01	   2.4748854e+01	
   4.2500000e+02	   2.7029324e-01	  -2.0702406e+00	   1.1833800e-01	   2.4732834e+01	
   4.2600000e+02	   1.3437118e-01	  -2.0999622e+00	   1.7871217e-01	   2.4698638e+01	
   4.2700000e+02	   8.6452185e-02	  -2.1971643e+00	   2.2283916e-01	   2.4707962e+01	
   4.2800000e+02	   4.6642016e-02	  -2.2586467e+00	   3.4881725e-01	   2.4681147e+01	
   4.2900000e+02	   1.2604981e-01	  -2.2943240e+00	   2.7582111e-01	   2.4715729e+01	
   4.3000000e+02	   8.8964658e-02	  -2.1436740e+00	   1.3320722e-01	   2.4729407e+01	
   4.3100000e+02	   1.8952436e-01	  -2.3631454e+00	   2.1856546e-01	   2.4691897e+01	
   4.3200000e+02	   1.4927349e-01	  -2.2866673e+00	   8.9583123e-02	   2.4742272e+01	
   4.3300000e+02	   2.7877741e-01	  -2.1705572e+00	   1.6611996e-01	   2.4771971e+01	
   4.3400000e+02	   2.4318103e-01	  -2.2266243e+00	   2.5552033e-01	   2.4794316e+01	
   4.3500000e+02	   2.8650292e-01	  -2.1842776e+00	   3.8596715e-01	   2.4834483e+01	
   4.3600000e+02	   3.0822581e-01	  -2.1197952e+00	   3.5418109e-01	   2.4869218e+01	
   4.3700000e+02	   2.9886819e-01	  -2.0498738e+00	   2.5747077e-01	   2.4883370e+01	
   4.3800000e+02	   4.2292699e-01	  -2.3100045e+00	   1.6366435e-01	   2.4856539e+01	
   4.3900000e+02	   3.0463009e-01	  -2.2680794e+00	   8.6437131e-02	   2.4769172e+01	
   4.4000000e+02	   3.3672714e-01	  -2.0422695e+00	  -3.2151705e-02	   2.4720728e+01	
   4.4100000e+02	   2.1452922e-01	  -2.0582045e+00	   1.1654997e-01	   2.4762534e+01	
   4.4200000e+02	   1.1707641e-01	  -2.4729898e+00	   4.6690036e-01	   2.4780684e+01	
   4.4300000e+02	   1.6673442e-01	  -2.1738638e+00	   2.8679896e-01	   2.4767788e+01	
   4.4400000e+02	   2.8722515e-01	  -2.1817618e+00	   2.0174313e-01	   2.4757843e+01	
   4.4500000e+02	   2.4642723e-01	  -2.2182634e+00	   1.7839384e-01	   2.4769340e+01	
   4.4600000e+02	   2.4538146e-01	  -2.0566353e+00	  -4.3365299e-02	   2.4757902e+01	
   4.4700000e+02	   3.4906302e-01	  -1.9142974e+00	   1.4139871e-01	   2.4785546e+01	
   4.4800000e+02	   2.6091152e-01	  -2.3010138e+00	   1.8482456e-01	   2.4784750e+01	
   4.4900000e+02	   2.4297236e-01	  -2.2841632e+00	   3.2447367e-01	   2.4754359e+01	
   4.5000000e+02	  -2.6114653e-02	  -2.4141341e+00	   2.2300366e-01	   2.4764566e+01	
   4.5100000e+02	   1.8331213e-01	  -2.2657979e+00	   8.8124179e-02	   2.4759914e+01	
   4.5200000e+02	   1.9211179e-01	  -2.0006473e+00	   4.8977154e-02	   2.4790293e+01	
   4.5300000e+02	   1.9107322e-01	  -1.9775778e+00	   5.1918694e-02	   2.4779068e+01	
   4.5400000e+02	   1.0330247e-01	  -1.9956400e+00	   4.2997254e-02	   2.4767541e+01	
   4.5500000e+02	   7.1539018e-02	  -2.1017733e+00	   6.7642591e-02	   2.4758443e+01	
   4.5600000e+02	   8.5155862e-02	  -2.1529805e+00	   2.7355547e-01	   2.4778613e+01	
   4.5700000e+02	   3.8992118e-01	  -2.0795506e+00	   1.4801412e-02	   2.4782836e+01	
   4.5800000e+02	   2.2929100e-03	  -2.1750521e+00	   1.5581504e-01	   2.4789611e+01	
   4.5900000e+02	   1.5750198e-01	  -2.2483515e+00	   1.3410702e-01	   2.4790160e+01	
   4.6000000e+02	   1.8907433e-01	  -2.2722708e+00	   6.4896115e-02	   2.4751247e+01	
   4.6100000e+02	   1.9199450e-01	  -2.2898982e+00	   2.1243582e-01	   2.4750989e+01	
   4.6200000e+02	   9.7351830e-02	  -2.4111619e+00	   1.5618773e-01	   2.4740264e+01	
   4.6300000e+02	   1.8990640e-01	  -2.3314999e+00	   1.4367294e-01	   2.4754627e+01	
   4.6400000e+02	   1.1804496e-01	  -2.3525499e+00	   7.1098996e-02	   2.4737547e+01	
   4.6500000e+02	   5.2192306e-02	  -2.3852248e+00	   2.6977492e-01	   2.4778544e+01	
   4.6600000e+02	   1.8176889e-01	  -2.4893059e+00	   2.7889147e-01	   2.4790216e+01	
   4.6700000e+02	   1.4831716e-01	  -2.4507161e+00	   2.2475433e-01	   2.4814822e+01	
   4.6800000e+02	   3.4614654e-02	  -2.3650920e+00	   1.6733265e-01	   2.4818115e+01	
   4.6900000e+02	   2.2683687e-01	  -2.2120637e+00	   2.1920539e-01	   2.4828144e+01	
   4.7000000e+02	   1.2832204e-01	  -2.1479663e+00	   2.3400087e-01	   2.4828681e+01	
   4.7100000e+02	   1.3863783e-01	  -2.4256079e+00	   4.5111027e-01	   2.4815912e+01	
   4.7200000e+02	   2.7531892e-01	  -2.3833464e+00	   2.1530590e-01	   2.4812251e+01	
   4.7300000e+02	   1.4278099e-01	  -2.2467641e+00	   1.9578495e-01	   2.4744338e+01	
   4.7400000e+02	   2.6622991e-01	  -2.1567118e+00	   2.3731824e-01	   2.4726265e+01	
   4.7500000e+02	   1.6838513e-01	  -2.0509809e+00	   2.6536578e-01	   2.4702754e+01	
   4.7600000e+02	   2.2858430e-01	  -2.3364163e+00	   2.9865074e-01	   2.4696129e+01	
   4.7700000e+02	   2.8944876e-01	  -2.0851831e+00	   2.9504509e-01	   2.4712110e+01	
   4.7800000e+02	   1.8781681e-01	  -2.1630286e+00	   7.7314570e-02	   2.4733646e+01	
   4.7900000e+02	   1.8130903e-01	  -2.1210245e+00	   2.7976475e-01	   2.4687035e+01	
   4.8000000e+02	   1.0431385e-01	  -2.3509441e+00	   4.3403481e-01	   2.4677395e+01	
   4.8100000e+02	   3.7445689e-01	  -2.1100630e+00	   2.6743545e-01	   2.4690356e+01	
   4.8200000e+02	   3.1169321e-01	  -1.8562206e+00	  -9.4726467e-02	   2.4708226e+01	
   4.8300000e+02	   2.4343576e-01	  -1.7807908e+00	   1.0904025e-02	   2.4744848e+01	
   4.8400000e+02	   3.7269354e-01	  -1.9081355e+00	   2.3398020e-02	   2.4737958e+01	
   4.8500000e+02	   8.2070259e-02	  -2.0643497e+00	   5.2135303e-02	   2.4777500e+01	
   4.8600000e+02	   1.6467781e-02	  -1.7354237e+00	  -1.9007865e-01	   2.4754004e+01	
   4.8700000e+02	   2.9342698e-01	  -1.7609781e+00	  -1.7089226e-01	   2.4728839e+01	
   4.8800000e+02	   3.3346570e-01	  -1.6908840e+00	  -1.3306544e-01	   2.4737509e+01	
   4.8900000e+02	   2.6766348e-01	  -1.7567355e+00	  -3.3387370e-01	   2.4756552e+01	
   4.9000000e+02	   4.3930034e-01	  -1.7663132e+00	  -1.4453189e-01	   2.4739167e+01	
   4.9100000e+02	   2.1909963e-01	  -1.6539126e+00	  -1.3860684e-01	   2.4697484e+01	
   4.9200000e+02	   3.8990384e-01	  -1.7676461e+00	  -2.0251158e-01	   2.4707523e+01	
   4.9300000e+02	   1.6872776e-01	  -1.8173238e+00	  -3.2044499e-02	   2.4743945e+01	
   4.9400000e+02	   5.0924190e-01	  -2.0805097e+00	  -1.6041336e-01	   2.4732074e+01	
   4.9500000e+02	   3.9969110e-01	  -1.6859334e+00	  -2.4821155e-01	   2.4745420e+01	
   4.9600000e+02	   4.3203545e-01	  -1.8325656e+00	  -1.4514687e-01	   2.4739711e+01	
   4.9700000e+02	   4.1808052e-01	  -2.0718938e+00	  -1.5707930e-01	   2.4767590e+01	
   4.9800000e+02	   2.5983400e-01	  -2.0627584e+00	   1.0136843e-01	   2.4833587e+01	
   4.9900000e+02	   4.1050243e-01	  -2.0694113e+00	   2.5660144e-01	   2.4918404e+01	
   5.0000000e+02	   3.3987380e-01	  -2.0589617e+00	   2.4979830e-01	   2.4880931e+01	
   5.0100000e+02	   3.0148316e-01	  -2.1029647e+00	   1.9246482e-01	   2.4908537e+01	
   5.0200000e+02	   1.4853165e-01	  -2.0769797e+00	   1.9445105e-01	   2.4844099e+01	
   5.0300000e+02	   2.4689582e-02	  -2.1486711e+00	   4.3219203e-01	   2.4821677e+01	
   5.0400000e+02	   1.5082112e-01	  -2.1881063e+00	   5.2441854e-01	   2.4783548e+01	
   5.0500000e+02	   5.2889630e-02	  -2.3366123e+00	   4.3425083e-01	   2.4778569e+01	
   5.0600000e+02	   9.7003746e-02	  -2.2952016e+00	   3.5673132e-01	   2.4739498e+01	
   5.0700000e+02	   1.9758039e-02	  -2.4109554e+00	   4.9311809e-01	   2.4730115e+01	
   5.0800000e+02	   1.9923400e-01	  -2.3178666e+00	   4.1799728e-01	   2.4787593e+01	
   5.0900000e+02	   1.5005532e-01	  -2.3241336e+00	   3.2632943e-01	   2.4775845e+01	
   5.1000000e+02	   1.3539317e-01	  -2.1916382e+00	   2.4587603e-01	   2.4776040e+01	
   5.1100000e+02	  -6.5252974e-02	  -2.1402701e+00	   1.4113064e-01	   2.4784164e+01	
   5.1200000e+02	  -2.8218947e-01	  -1.9887418e+00	   3.8263233e-02	   2.4804581e+01	
   5.1300000e+02	   1.6318883e-01	  -1.8238218e+00	  -2.9788298e-01	   2.4773071e+01	
   5.1400000e+02	  -1.1531382e-01	  -1.9865321e+00	   1.9986840e-01	   2.4843000e+01	
   5.1500000e+02	  -4.1007045e-02	  -1.9649569e+00	   2.1089659e-01	   2.4788542e+01	
   5.1600000e+02	   1.3485854e-01	  -1.9643270e+00	   3.4483166e-02	   2.4776254e+01	
   5.1700000e+02	  -8.2703042e-02	  -2.0839873e+00	   2.3464937e-01	   2.4790225e+01	
   5.1800000e+02	   9.9208553e-02	  -2.0003738e+00	   1.5332032e-01	   2.4789352e+01	
   5.1900000e+02	   1.9790029e-01	  -2.1716637e+00	   2.1758289e-01	   2.4760707e+01	
   5.2000000e+02	   2.3348218e-01	  -2.1095967e+00	   1.6518850e-01	   2.4744557e+01	
   5.2100000e+02	   1.4938049e-01	  -2.2766838e+00	   2.9301374e-01	   2.4755742e+01	
   5.2200000e+02	   1.7087286e-01	  -2.1206179e+00	   1.3284311e-01	   2.4727788e+01	
   5.2300000e+02	   1.2154350e-01	  -2.1638234e+00	   1.0440814e-01	   2.4726031e+01	
   5.2400000e+02	   1.9459868e-01	  -2.1447129e+00	  -1.2499140e-02	   2.4747668e+01	
   5.2500000e+02	   1.7188291e-01	  -2.1320519e+00	   2.6103573e-01	   2.4738462e+01	
   5.2600000e+02	   2.8252906e-01	  -2.1725867e+00	   1.3116284e-01	   2.4706664e+01	
   5.2700000e+02	   2.4161568e-01	  -2.1336126e+00	   1.6587267e-01	   2.4746094e+01	
   5.2800000e+02	   2.3934451e-01	  -2.1613087e+00	   2.4475688e-01	   2.4787091e+01	
   5.2900000e+02	   1.8962744e-01	  -1.9653040e+00	   2.3840849e-01	   2.4825182e+01	
   5.3000000e+02	   4.4154244e-01	  -2.1276084e+00	   2.9300919e-01	   2.4862922e+01	
   5.3100000e+02	   3.1179457e-01	  -2.2104135e+00	   2.4422206e-01	   2.4851869e+01	
   5.3200000e+02	   3.3222424e-01	  -2.1339559e+00	   2.0786924e-01	   2.4860781e+01	
   5.3300000e+02	   2.3488397e-01	  -2.2802168e+00	   2.8789453e-01	   2.4832445e+01	
   5.3400000e+02	   1.7128448e-01	  -1.9686562e+00	   1.8690567e-01	   2.4856246e+01	
   5.3500000e+02	   2.5456982e-01	  -2.0862017e+00	   9.1724784e-02	   2.4837695e+01	
   5.3600000e+02	   3.0382070e-01	  -2.1629926e+00	   1.0961179e-01	   2.4806979e+01	
   5.3700000e+02	   4.0564971e-01	  -2.0879655e+00	   3.6189461e-02	   2.4745928e+01	
   5.3800000e+02	   1.5359867e-01	  -2.1091990e+00	   9.1460805e-02	   2.4755459e+01	
   5.3900000e+02	   1.8350096e-01	  -2.2654189e+00	   1.6997347e-01	   2.4770519e+01	
   5.4000000e+02	  -1.4356994e-02	  -2.0864999e+00	   6.1049732e-02	   2.4742354e+01	
   5.4100000e+02	   1.6872683e-01	  -2.2167660e+00	   2.1469880e-01	   2.4733379e+01	
   5.4200000e+02	   3.1344540e-01	  -1.8035887e+00	  -8.1318663e-02	   2.4687173e+01	
   5.4300000e+02	   2.5701237e-01	  -1.8532048e+00	  -1.1361751e-01	   2.4722887e+01	
   5.4400000e+02	   4.3887521e-01	  -2.0209208e+00	   3.4477420e-02	   2.4691955e+01	
   5.4500000e+02	   3.1667631e-01	  -1.9678186e+00	   1.2161636e-01	   2.4725654e+01	
   5.4600000e+02	   2.3505423e-01	  -2.0591226e+00	   1.6210747e-01	   2.4728923e+01	
   5.4700000e+02	   2.6853913e-01	  -2.0482169e+00	  -2.4184527e-02	   2.4732114e+01	
   5.4800000e+02	   1.8059894e-01	  -1.9209995e+00	   5.0304217e-02	   2.4737738e+01	
   5.4900000e+02	   1.6550731e-01	  -1.8437245e+00	   1.7052537e-01	   2.4726321e+01	
   5.5000000e+02	   4.5211269e-01	  -1.8528762e+00	  -1.3328114e-01	   2.4744817e+01	
   5.5100000e+02	   4.1804867e-01	  -1.5827114e+00	  -2.6861000e-01	   2.4717657e+01	
   5.5200000e+02	  -5.0377618e-01	  -2.3701432e+00	  -4.4225118e-02	   2.4766120e+01	
   5.5300000e+02	  -1.5274860e-01	  -2.0937605e+00	   4.6487732e-01	   2.4700490e+01	
   5.5400000e+02	  -1.8224088e-01	  -2.2928263e+00	   1.3311290e-01	   2.4738267e+01	
   5.5500000e+02	  -2.1263247e-01	  -2.2772288e+00	   3.9042368e-01	   2.4775891e+01	
   5.5600000e+02	  -3.0103713e-01	  -2.2403774e+00	   1.3745156e-01	   2.4808807e+01	
   5.5700000e+02	  -1.1392078e-01	  -1.6314888e+00	  -1.6636162e-01	   2.4793633e+01	
   5.5800000e+02	   5.6519320e-02	  -1.5202465e+00	  -3.6189900e-01	   2.4780421e+01	
   5.5900000e+02	  -5.9667693e-02	  -1.6833680e+00	  -2.9052933e-02	   2.4762821e+01	
   5.6000000e+02	  -2.4970035e-01	  -1.9629856e+00	  -5.0152298e-02	   2.4851546e+01	
   5.6100000e+02	  -1.4721813e-01	  -2.0405364e+00	   1.4018763e-01	   2.4805316e+01	
   5.6200000e+02	  -1.8134347e-01	  -2.1687889e+00	   2.1504172e-01	   2.4832174e+01	
   5.6300000e+02	  -1.2197430e-01	  -2.3145750e+00	   4.0545228e-01	   2.4780745e+01	
   5.6400000e+02	  -2.6032869e-01	  -2.5256025e+00	   4.2823679e-01	   2.4762161e+01	
   5.6500000e+02	  -2.4631366e-01	  -2.4718719e+00	   4.5598277e-01	   2.4763184e+01	
   5.6600000e+02	  -1.9064893e-01	  -2.3218644e+00	   4.7890044e-01	   2.4760451e+01	
   5.6700000e+02	  -3.8587850e-01	  -2.2612304e+00	   4.4837122e-01	   2.4796380e+01	
   5.6800000e+02	  -2.0226238e-01	  -2.1365596e+00	   4.6580228e-01	   2.4777037e+01	
   5.6900000e+02	  -3.0339699e-01	  -2.2809385e+00	   4.6220801e-01	   2.4777149e+01	
   5.7000000e+02	  -4.7799093e-01	  -2.4122553e+00	   2.0351038e-01	   2.4804581e+01	
   5.7100000e+02	   1.4021298e-02	  -2.4579656e+00	   3.4301786e-01	   2.4789408e+01	
   5.7200000e+02	  -4.5687408e-01	  -2.4661280e+00	   2.9352799e-01	   2.4858196e+01	
   5.7300000e+02	  -2.4876880e-01	  -2.5064040e+00	   3.4620314e-01	   2.4888061e+01	
   5.7400000e+02	  -3.8304995e-01	  -2.4960806e+00	   3.2736225e-01	   2.4811246e+01	
   5.7500000e+02	  -3.8293628e-01	  -2.3419540e+00	   4.3337211e-01	   2.4748076e+01	
   5.7600000e+02	  -4.2906553e-01	  -1.9265748e+00	   4.6613363e-01	   2.4665268e+01	
   5.7700000e+02	  -2.5805036e-01	  -1.7891800e+00	   5.1711233e-01	   2.4651987e+01	
   5.7800000e+02	  -2.7909230e-01	  -2.0274979e+00	   3.6926118e-01	   2.4727458e+01	
   5.7900000e+02	  -2.1432610e-01	  -2.3680506e+00	   3.6901837e-01	   2.4712408e+01	
   5.8000000e+02	   2.2374441e-02	  -1.9813562e+00	   3.6275167e-01	   2.4655155e+01	
   5.8100000e+02	  -1.3449562e-01	  -1.6678877e+00	   5.2304403e-01	   2.4607902e+01	
   5.8200000e+02	  -1.4246951e-01	  -2.1820423e+00	   2.9500742e-01	   2.4551970e+01	
   5.8300000e+02	  -2.7092571e-01	  -2.2087956e+00	   4.2949612e-01	   2.4508652e+01	
   5.8400000e+02	  -3.2985505e-01	  -2.5217395e+00	   3.9511624e-01	   2.4567587e+01	
   5.8500000e+02	  -2.9272719e-01	  -2.3056731e+00	   4.2552481e-01	   2.4612308e+01	
   5.8600000e+02	  -4.6989518e-01	  -2.2840680e+00	   3.7496576e-01	   2.4640046e+01	
   5.8700000e+02	  -3.1171789e-01	  -2.2750710e+00	   5.6900091e-01	   2.4716516e+01	
   5.8800000e+02	  -2.4659386e-01	  -2.3302686e+00	   2.9700043e-01	   2.4768597e+01	
   5.8900000e+02	  -1.9799177e-01	  -2.2093186e+00	   4.2888785e-01	   2.4723370e+01	
   5.9000000e+02	  -5.0681711e-01	  -2.4058902e+00	   1.9707194e-01	   2.4762109e+01	
   5.9100000e+02	  -8.6681173e-02	  -2.1441516e+00	   5.2075978e-01	   2.4713472e+01	
   5.9200000e+02	  -1.0852384e-01	  -2.4964794e+00	   4.9583625e-01	   2.4856573e+01	
   5.9300000e+02	  -2.5787611e-01	  -2.4411546e+00	   3.4760276e-01	   2.4807411e+01	
   5.9400000e+02	  -2.5233889e-01	  -2.5627251e+00	   4.6043102e-01	   2.4789465e+01	
   5.9500000e+02	  -5.7932566e-01	  -2.3070412e+00	   2.8370323e-01	   2.4752730e+01	
   5.9600000e+02	  -4.1558521e-01	  -2.4381592e+00	   3.0706760e-01	   2.4851561e+01	
   5.9700000e+02	  -1.6484059e-01	  -2.2765560e+00	   4.6921027e-01	   2.4781365e+01	
   5.9800000e+02	  -5.3648851e-01	  -2.2603290e+00	   3.4362305e-01	   2.4778587e+01	
   5.9900000e+02	  -5.9105441e-01	  -2.0450322e+00	   3.7335407e-01	   2.4873999e+01	
   6.0000000e+02	  -2.6185256e-01	  -2.2405975e+00	   5.0945358e-01	   2.4784299e+01	
   6.0100000e+02	  -5.0824171e-01	  -2.3636666e+00	   4.0372694e-01	   2.4755178e+01	
   6.0200000e+02	  -2.0326166e-01	  -2.0681430e+00	   4.9873955e-01	   2.4678420e+01	
   6.0300000e+02	  -3.9749771e-01	  -1.9969503e+00	   5.7170099e-01	   2.4654504e+01	
   6.0400000e+02	  -3.5244905e-01	  -2.1543997e+00	   5.8664280e-01	   2.4660075e+01	
   6.0500000e+02	  -4.5975369e-01	  -2.5070128e+00	   4.7725019e-01	   2.4686668e+01	
   6.0600000e+02	  -5.2975780e-01	  -2.2573762e+00	   5.8469066e-01	   2.4734788e+01	
   6.0700000e+02	  -2.4818125e-01	  -2.3116670e+00	   5.4926530e-01	   2.4754835e+01	
   6.0800000e+02	  -5.7829785e-03	  -2.1135689e+00	   3.9444283e-01	   2.4709972e+01	
   6.0900000e+02	  -2.5555097e-01	  -2.4001875e+00	   4.6421335e-01	   2.4784861e+01	
   6.1000000e+02	  -2.3014854e-02	  -1.9392096e+00	   6.0837105e-01	   2.4698233e+01	
   6.1100000e+02	  -2.6157096e-02	  -2.2333485e+00	   4.4591961e-01	   2.4645073e+01	
   6.1200000e+02	  -2.1705732e-01	  -2.3846821e+00	   4.3095903e-01	   2.4689316e+01	
   6.1300000e+02	  -2.1237845e-02	  -2.0921818e+00	   5.9331274e-01	   2.4702394e+01	
   6.1400000e+02	  -1.4665469e-01	  -2.3378697e+00	   5.1666471e-01	   2.4698336e+01	
   6.1500000e+02	  -1.9990940e-03	  -2.1745799e+00	   4.5691347e-01	   2.4689808e+01	
   6.1600000e+02	  -2.4028579e-01	  -2.3311093e+00	   5.2283885e-01	   2.4734628e+01	
   6.1700000e+02	  -2.2990263e-01	  -2.0220589e+00	   6.3009933e-01	   2.4749582e+01	
   6.1800000e+02	  -1.3716755e-01	  -1.7670407e+00	   6.2691602e-01	   2.4711571e+01	
   6.1900000e+02	  -1.7646637e-01	  -2.0454804e+00	   5.3884173e-01	   2.4739224e+01	
   6.2000000e+02	  -2.8223172e-01	  -1.9174815e+00	   3.7835579e-01	   2.4799912e+01	
   6.2100000e+02	  -7.4219702e-02	  -2.2633977e+00	   4.4866256e-01	   2.4712053e+01	
   6.2200000e+02	  -9.2199709e-02	  -2.2477298e+00	   5.1294088e-01	   2.4784675e+01	
   6.2300000e+02	  -8.8980680e-02	  -1.9394530e+00	   4.9816360e-01	   2.4676067e+01	
   6.2400000e+02	  -1.2894831e-01	  -2.0137245e+00	   4.4982126e-01	   2.4721567e+01	
   6.2500000e+02	  -3.0603073e-01	  -2.2383105e+00	   4.7054358e-01	   2.4789157e+01	
   6.2600000e+02	  -3.8906428e-01	  -2.2422129e+00	   5.3846409e-01	   2.4767139e+01	
   6.2700000e+02	  -1.4680062e-01	  -2.2963041e+00	   5.1222823e-01	   2.4737925e+01	
   6.2800000e+02	  -2.8659315e-01	  -2.2825638e+00	   3.9375771e-01	   2.4675033e+01	
   6.2900000e+02	  -7.3620039e-02	  -2.1435663e+00	   3.1733321e-01	   2.4620447e+01	
   6.3000000e+02	   6.3968938e-02	  -1.9280959e+00	   4.8366347e-01	   2.4599608e+01	
   6.3100000e+02	   8.3155342e-02	  -1.6874694e+00	   2.5830411e-01	   2.4657710e+01	
   6.3200000e+02	  -3.5747529e-01	  -1.9468109e+00	  -1.0282050e-01	   2.4706690e+01	
   6.3300000e+02	  -1.8930453e-01	  -2.4000044e+00	   2.3327331e-01	   2.4720027e+01	
   6.3400000e+02	  -2.6679420e-01	  -2.3245317e+00	   4.3116885e-01	   2.4719592e+01	
   6.3500000e+02	  -2.5559940e-01	  -2.2855609e+00	   4.7723854e-01	   2.4749456e+01	
   6.3600000e+02	  -1.4128857e-01	  -1.6685372e+00	   5.3458196e-01	   2.4725036e+01	
   6.3700000e+02	  -1.9112063e-01	  -2.1570969e+00	   6.0726853e-01	   2.4723574e+01	
   6.3800000e+02	  -1.0645114e-01	  -2.2249910e+00	   4.1771811e-01	   2.4726141e+01	
   6.3900000e+02	  -2.1311322e-01	  -2.3209164e+00	   4.0914555e-01	   2.4746580e+01	
   6.4000000e+02	  -2.3335400e-01	  -2.2251934e+00	   3.3608208e-01	   2.4754776e+01	
   6.4100000e+02	  -2.2834080e-01	  -2.4200462e+00	   3.6744479e-01	   2.4786383e+01	
   6.4200000e+02	  -1.9248551e-01	  -2.3027852e+00	   4.1367291e-01	   2.4830900e+01	
   6.4300000e+02	  -1.4081097e-01	  -2.1543958e+00	   4.3891429e-01	   2.4794775e+01	
   6.4400000e+02	  -3.4617127e-02	  -2.2695199e+00	   5.2401915e-01	   2.4786276e+01	
   6.4500000e+02	  -1.3045445e-01	  -2.4188962e+00	   4.7466058e-01	   2.4846561e+01	
   6.4600000e+02	  -1.7991313e-01	  -2.3540877e+00	   6.1689538e-01	   2.4826567e+01	
   6.4700000e+02	  -2.9068002e-01	  -2.4651528e+00	   6.4037879e-01	   2.4889602e+01	
   6.4800000e+02	  -3.8751611e-01	  -2.2297112e+00	   3.1352234e-01	   2.4931378e+01	
   6.4900000e+02	  -2.5212001e-01	  -1.8039897e+00	   3.1754503e-01	   2.4847137e+01	
   6.5000000e+02	  -1.8643226e-01	  -2.3144186e+00	   5.4973786e-01	   2.4861659e+01	
   6.5100000e+02	  -1.9044684e-01	  -2.4475797e+00	   3.8438539e-01	   2.4817500e+01	
   6.5200000e+02	  -3.5390203e-01	  -2.1639303e+00	   5.1310493e-01	   2.4792470e+01	
   6.5300000e+02	  -5.0010423e-01	  -2.1206966e+00	   4.7402544e-01	   2.4683277e+01	
   6.5400000e+02	  -1.1524829e-01	  -2.3768889e+00	   5.1719289e-01	   2.4713600e+01	
   6.5500000e+02	  -1.5765172e-01	  -2.0625956e+00	   5.0051899e-01	   2.4727224e+01	
   6.5600000e+02	  -1.1702070e-01	  -1.9413776e+00	   6.8133796e-01	   2.4797309e+01	
   6.5700000e+02	  -4.8120739e-01	  -2.2276071e+00	   5.2439673e-01	   2.4745090e+01	
   6.5800000e+02	  -2.5106342e-01	  -2.3635382e+00	   5.9322492e-01	   2.4800638e+01	
   6.5900000e+02	  -3.3620883e-01	  -2.3812409e+00	   5.6434116e-01	   2.4805741e+01	
   6.6000000e+02	  -4.3915416e-01	  -2.3863583e+00	   5.2268429e-01	   2.4781914e+01	
   6.6100000e+02	  -6.1548617e-02	  -2.2641445e+00	   5.4147558e-01	   2.4756029e+01	
   6.6200000e+02	  -2.4118099e-01	  -2.0921112e+00	   4.0263997e-01	   2.4777486e+01	
   6.6300000e+02	  -1.0549955e-01	  -2.2875743e+00	   4.5713129e-01	   2.4750489e+01	
   6.6400000e+02	  -1.1942281e-01	  -2.3121105e+00	   4.4942847e-01	   2.4795626e+01	
   6.6500000e+02	  -1.0569820e-01	  -1.6400650e+00	   4.8352452e-01	   2.4698532e+01	
   6.6600000e+02	  -1.7557754e-01	  -1.7156113e+00	   4.3284809e-01	   2.4656257e+01	
   6.6700000e+02	  -1.7483416e-01	  -2.1633530e+00	   5.7803376e-01	   2.4663650e+01	
   6.6800000e+02	  -2.3126059e-01	  -2.2032467e+00	   3.3003876e-01	   2.4722203e+01	
   6.6900000e+02	  -2.6058090e-01	  -2.2464232e+00	   5.7968477e-01	   2.4660289e+01	
   6.7000000e+02	  -3.9173800e-01	  -1.6739035e+00	   5.5656404e-01	   2.4649306e+01	
   6.7100000e+02	  -4.0268688e-01	  -2.1685245e+00	   3.8746949e-01	   2.4707108e+01	
   6.7200000e+02	  -3.1992635e-01	  -2.1026148e+00	   5.1981151e-01	   2.4657476e+01	
   6.7300000e+02	   9.4841386e-02	  -1.3623338e+00	   4.3544437e-01	   2.4515267e+01	
   6.7400000e+02	  -1.9272700e-01	  -2.2471879e+00	   4.2828408e-01	   2.4586272e+01	
   6.7500000e+02	  -3.4783944e-01	  -2.1328312e+00	   4.3862685e-01	   2.4674680e+01	
   6.7600000e+02	  -2.8828831e-01	  -2.2278078e+00	   4.4661313e-01	   2.4792904e+01	
   6.7700000e+02	  -1.0015659e-01	  -1.9273841e+00	   5.0599686e-01	   2.4794914e+01	
   6.7800000e+02	  -4.8049677e-01	  -2.2198917e+00	   3.9033568e-01	   2.4882597e+01	
   6.7900000e+02	  -2.1465473e-01	  -2.1115275e+00	   2.1075039e-01	   2.4873685e+01	
   6.8000000e+02	  -2.3699312e-01	  -1.7521134e+00	   4.3232788e-01	   2.4828769e+01	
   6.8100000e+02	  -4.2313673e-02	  -1.8074606e+00	   4.8071612e-01	   2.4713704e+01	
   6.8200000e+02	   3.9558915e-02	  -1.9428898e+00	   4.5258521e-01	   2.4694133e+01	
   6.8300000e+02	  -4.5793492e-03	  -1.7891926e+00	   4.1824419e-01	   2.4647930e+01	
   6.8400000e+02	  -2.2013435e-01	  -2.4425322e+00	   3.2695771e-01	   2.4708754e+01	
   6.8500000e+02	  -3.2646549e-01	  -2.4586612e+00	   4.3275718e-01	   2.4695983e+01	
   6.8600000e+02	  -3.8213943e-02	  -2.1427496e+00	   3.9145478e-01	   2.4602597e+01	
   6.8700000e+02	  -1.0958856e-02	  -2.1843103e+00	   4.5378018e-01	   2.4558153e+01	
   6.8800000e+02	   6.0799634e-02	  -1.6869817e+00	   3.0815078e-01	   2.4493259e+01	
   6.8900000e+02	  -9.9459340e-02	  -1.8279142e+00	   1.9015932e-01	   2.4552337e+01	
   6.9000000e+02	  -4.5170631e-01	  -2.4806142e+00	   3.7990865e-01	   2.4782208e+01	
   6.9100000e+02	  -3.0693733e-01	  -2.3594750e+00	   4.8746148e-01	   2.4797059e+01	
   6.9200000e+02	  -1.8676262e-01	  -2.4740093e+00	   5.5904324e-01	   2.4732554e+01	
   6.9300000e+02	  -2.8252848e-01	  -2.2863822e+00	   4.8233710e-01	   2.4597946e+01	
   6.9400000e+02	  -1.4460230e-01	  -2.4478593e+00	   4.8540811e-01	   2.4624160e+01	
   6.9500000e+02	   1.2078267e-01	  -2.2920854e+00	   6.3575852e-01	   2.4612915e+01	
   6.9600000e+02	   1.7856970e-01	  -2.1762678e+00	   4.8610419e-01	   2.4621751e+01	
   6.9700000e+02	  -7.1028133e-02	  -2.0809213e+00	   2.3262205e-01	   2.4602319e+01	
   6.9800000e+02	  -4.2634665e-01	  -2.2314006e+00	   4.0376921e-01	   2.4653053e+01	
   6.9900000e+02	  -4.2710017e-01	  -2.0802380e+00	   2.5438805e-01	   2.4648024e+01	
   7.0000000e+02	  -5.9729641e-01	  -2.0176075e+00	   3.4647311e-01	   2.4716260e+01	
   7.0100000e+02	  -2.1441023e-01	  -2.3368580e+00	   5.3650016e-01	   2.4722259e+01	
   7.0200000e+02	  -9.8555789e-02	  -2.1241545e+00	   4.9599934e-01	   2.4759775e+01	
   7.0300000e+02	  -3.9960291e-01	  -2.2671542e+00	   4.7642719e-01	   2.4734472e+01	
   7.0400000e+02	  -2.5895759e-01	  -2.2177414e+00	   4.3550806e-01	   2.4743145e+01	
   7.0500000e+02	  -3.3922699e-01	  -2.2765855e+00	   5.3735155e-01	   2.4762396e+01	
   7.0600000e+02	   3.7901975e-02	  -1.9574578e+00	   4.3081760e-01	   2.4745871e+01	
   7.0700000e+02	  -3.2592707e-01	  -2.4007824e+00	   4.9435576e-01	   2.4756350e+01	
   7.0800000e+02	  -3.5466293e-02	  -2.3126097e+00	   5.7834968e-01	   2.4776539e+01	
   7.0900000e+02	  -8.8505165e-02	  -2.3419810e+00	   6.0057591e-01	   2.4806274e+01	
   7.1000000e+02	   5.4930878e-02	  -2.5303002e+00	   6.2930822e-01	   2.4734611e+01	
   7.1100000e+02	   6.8942547e-02	  -2.4846214e+00	   5.0323401e-01	   2.4745772e+01	
   7.1200000e+02	  -5.8156964e-02	  -2.3874785e+00	   3.9507809e-01	   2.4720966e+01	
   7.1300000e+02	  -5.5948925e-02	  -2.5897115e+00	   4.6736793e-01	   2.4636816e+01	
   7.1400000e+02	   2.1276390e-01	  -2.0335163e+00	   1.2532720e-01	   2.4591338e+01	
   7.1500000e+02	  -3.0407549e-02	  -2.6121655e+00	   3.2607403e-01	   2.4541065e+01	
   7.1600000e+02	   5.1569840e-02	  -2.3740526e+00	   2.6920490e-01	   2.4532868e+01	
   7.1700000e+02	  -1.4211827e-01	  -2.2638776e+00	   1.4953451e-01	   2.4535719e+01	
   7.1800000e+02	  -6.1981758e-02	  -2.2862996e+00	   3.2422533e-01	   2.4546792e+01	
   7.1900000e+02	  -4.3449032e-02	  -2.3093947e+00	   2.8839825e-01	   2.4579163e+01	
   7.2000000e+02	  -9.5408534e-02	  -2.1057189e+00	   3.4476623e-01	   2.4573471e+01	
   7.2100000e+02	   5.9834475e-02	  -2.4831400e+00	   5.0326587e-01	   2.4519070e+01	
   7.2200000e+02	  -1.5710792e-01	  -2.3251469e+00	   3.6909446e-01	   2.4520115e+01	
   7.2300000e+02	  -1.3539994e-02	  -2.1282058e+00	  -1.1832149e-02	   2.4508164e+01	
   7.2400000e+02	  -1.4477120e-01	  -1.9576252e+00	  -1.3413027e-01	   2.4505602e+01	
   7.2500000e+02	   1.8266810e-01	  -1.9110003e+00	   7.2800746e-02	   2.4516948e+01	
   7.2600000e+02	   2.9652641e-01	  -1.7043221e+00	  -2.1943718e-01	   2.4547474e+01	
   7.2700000e+02	   2.9422865e-01	  -1.8339344e+00	  -3.7742530e-02	   2.4558181e+01	
   7.2800000e+02	   2.4267417e-01	  -1.6144161e+00	  -1.5592622e-01	   2.4578813e+01	
   7.2900000e+02	   1.3079576e-01	  -1.6589739e+00	  -1.1380825e-01	   2.4603762e+01	
   7.3000000e+02	   1.1317586e-01	  -1.9366455e+00	  -4.2759601e-02	   2.4624040e+01	
   7.3100000e+02	   6.7495325e-02	  -1.5791162e+00	  -5.3877932e-02	   2.4626043e+01	
   7.3200000e+02	   2.4464227e-01	  -2.0108004e+00	   1.6290958e-01	   2.4648589e+01	
   7.3300000e+02	   5.7526971e-02	  -1.8042887e+00	  -5.0018590e-03	   2.4622878e+01	
   7.3400000e+02	  -7.3237408e-03	  -2.3690908e+00	   3.8847623e-01	   2.4563254e+01	
   7.3500000e+02	   2.7551752e-02	  -2.1973861e+00	   1.4456578e-01	   2.4617414e+01	
   7.3600000e+02	   1.7194747e-01	  -2.1782341e+00	   1.2102175e-01	   2.4637360e+01	
   7.3700000e+02	   5.7755946e-02	  -2.4304443e+00	   2.8192205e-01	   2.4723349e+01	
   7.3800000e+02	   8.5794650e-02	  -2.4331239e+00	   2.7202186e-01	   2.4733538e+01	
   7.3900000e+02	  -1.1277676e-01	  -2.4712723e+00	   4.4717818e-01	   2.4729848e+01	
   7.4000000e+02	  -1.6167441e-01	  -2.2983150e+00	   5.2541885e-01	   2.4762221e+01	
   7.4100000e+02	  -9.0198143e-02	  -2.3269622e+00	   3.7811420e-01	   2.4773513e+01	
   7.4200000e+02	   7.2023662e-02	  -2.2897342e+00	   4.5443344e-01	   2.4763540e+01	
   7.4300000e+02	   7.4654861e-02	  -2.3336856e+00	   3.3257551e-01	   2.4751833e+01	
   7.4400000e+02	  -7.0306114e-02	  -2.5557547e+00	   4.2810554e-01	   2.4703467e+01	
   7.4500000e+02	   2.6308739e-02	  -2.5201218e+00	   4.1004794e-01	   2.4710006e+01	
   7.4600000e+02	  -1.5531925e-02	  -2.5468987e+00	   3.8672990e-01	   2.4698739e+01	
   7.4700000e+02	  -1.6932153e-01	  -2.4635476e+00	   3.9573174e-01	   2.4684727e+01	
   7.4800000e+02	  -8.3344375e-02	  -2.4487823e+00	   3.6718513e-01	   2.4697976e+01	
   7.4900000e+02	  -6.7517674e-02	  -2.6152581e+00	   3.5138426e-01	   2.4722576e+01	
   7.5000000e+02	  -1.5630199e-01	  -2.5181394e+00	   4.1550056e-01	   2.4728979e+01	
   7.5100000e+02	  -1.2601414e-01	  -2.6391368e+00	   4.2757309e-01	   2.4737374e+01	
   7.5200000e+02	  -1.0924178e-01	  -2.4193852e+00	   5.5354051e-01	   2.4752690e+01	
   7.5300000e+02	  -2.5469014e-02	  -2.5597845e+00	   5.3272204e-01	   2.4768067e+01	
   7.5400000e+02	   9.8156173e-02	  -2.0813743e+00	   4.4091434e-01	   2.4792580e+01	
   7.5500000e+02	  -1.2023370e-02	  -2.2943728e+00	   2.8355465e-01	   2.4774359e+01	
   7.5600000e+02	  -7.5508023e-02	  -2.3238627e+00	   3.3924675e-01	   2.4754282e+01	
   7.5700000e+02	   9.3022040e-02	  -2.2634156e+00	   3.4216491e-01	   2.4763245e+01	
   7.5800000e+02	   4.9006376e-02	  -2.3839839e+00	   4.1020660e-01	   2.4789380e+01	
   7.5900000e+02	   1.7817117e-02	  -2.2504474e+00	   4.8452129e-01	   2.4795547e+01	
   7.6000000e+02	   1.6592317e-02	  -2.1744150e+00	   3.1525927e-01	   2.4772802e+01	
   7.6100000e+02	   9.4303512e-02	  -2.4581723e+00	   2.7606010e-01	   2.4771666e+01	
   7.6200000e+02	   8.2929475e-03	  -2.4088102e+00	   3.6640901e-01	   2.4791184e+01	
   7.6300000e+02	   1.1458454e-01	  -2.5362445e+00	   2.5084056e-01	   2.4751541e+01	
   7.6400000e+02	   8.5109235e-02	  -2.5026328e+00	   4.2097035e-01	   2.4715740e+01	
   7.6500000e+02	   3.3240027e-02	  -2.5339074e+00	   4.7084179e-01	   2.4765248e+01	
   7.6600000e+02	   1.4244394e-01	  -2.4605545e+00	   5.0096122e-01	   2.4814488e+01	
   7.6700000e+02	   8.7445285e-03	  -2.4985543e+00	   4.9830656e-01	   2.4813291e+01	
   7.6800000e+02	   9.6397375e-03	  -2.3611678e+00	   4.1623764e-01	   2.4846292e+01	
   7.6900000e+02	   9.8296458e-02	  -2.5607082e+00	   4.9852237e-01	   2.4838696e+01	
   7.7000000e+02	   5.5670251e-02	  -2.4637823e+00	   3.2574167e-01	   2.4845424e+01	
   7.7100000e+02	  -8.8323791e-02	  -2.4154908e+00	   4.8504134e-01	   2.4826556e+01	
   7.7200000e+02	   6.2568198e-02	  -2.4192588e+00	   4.2334537e-01	   2.4805370e+01	
   7.7300000e+02	   3.7922776e-02	  -2.1621239e+00	   3.8290577e-01	   2.4767088e+01	
   7.7400000e+02	   1.1891164e-01	  -2.2996251e+00	   2.6216287e-01	   2.4735657e+01	
   7.7500000e+02	  -2.0286850e-02	  -2.3054390e+00	   3.9704962e-01	   2.4759134e+01	
   7.7600000e+02	   8.9952947e-02	  -2.2352281e+00	   2.8701010e-01	   2.4761995e+01	
   7.7700000e+02	  -2.0918854e-01	  -2.3952438e+00	   3.3360748e-01	   2.4773418e+01	
   7.7800000e+02	  -1.8776761e-01	  -2.2742045e+00	   3.8359718e-01	   2.4746364e+01	
   7.7900000e+02	  -2.9178706e-01	  -2.3125839e+00	   2.5979396e-01	   2.4734477e+01	
   7.8000000e+02	  -8.6461900e-02	  -2.3320717e+00	   2.0482531e-01	   2.4719309e+01	
   7.8100000e+02	  -7.4498822e-02	  -2.4165329e+00	   2.4826576e-01	   2.4705612e+01	
   7.8200000e+02	  -1.8833094e-01	  -2.1999753e+00	   3.8001288e-01	   2.4724425e+01	
   7.8300000e+02	  -3.4773919e-02	  -2.1548420e+00	   2.3992251e-01	   2.4704968e+01	
   7.8400000e+02	  -1.5448972e-01	  -2.0335798e+00	   1.6035871e-01	   2.4720430e+01	
   7.8500000e+02	   8.8401190e-02	  -1.9001317e+00	  -5.7082463e-02	   2.4682990e+01	
   7.8600000e+02	   6.5884988e-02	  -2.1168514e+00	   2.5106477e-01	   2.4697134e+01	
   7.8700000e+02	  -1.0546341e-01	  -2.0227107e+00	   1.3087902e-01	   2.4689294e+01	
   7.8800000e+02	  -2.3330784e-02	  -2.2312990e+00	   1.7407216e-01	   2.4668777e+01	
   7.8900000e+02	   1.2015505e-01	  -2.1729041e+00	   3.3801956e-01	   2.4676077e+01	
   7.9000000e+02	  -2.9507724e-02	  -2.3779862e+00	   3.5257664e-01	   2.4654344e+01	
   7.9100000e+02	   6.0982800e-02	  -2.4762786e+00	   5.2830810e-01	   2.4664462e+01	
   7.9200000e+02	  -3.5382571e-02	  -2.3315035e+00	   3.7115794e-01	   2.4678356e+01	
   7.9300000e+02	  -1.9015073e-01	  -2.5246197e+00	   4.6505212e-01	   2.4696370e+01	
   7.9400000e+02	  -1.1462041e-01	  -2.3846635e+00	   4.4434947e-01	   2.4694530e+01	
   7.9500000e+02	   6.5276115e-03	  -2.3601647e+00	   4.7119836e-01	   2.4750769e+01	
   7.9600000e+02	   4.2269029e-02	  -2.3118213e+00	   3.4927015e-01	   2.4801170e+01	
   7.9700000e+02	   5.3720193e-02	  -2.2374673e+00	   4.3067970e-01	   2.4819359e+01	
   7.9800000e+02	  -1.0572882e-01	  -2.2642050e+00	   4.5764188e-01	   2.4833517e+01	
   7.9900000e+02	  -2.0545044e-01	  -2.3752218e+00	   3.2068653e-01	   2.4856634e+01	
   8.0000000e+02	  -2.9114540e-01	  -2.1550360e+00	   2.1247062e-01	   2.4856997e+01	
   8.0100000e+02	  -1.0977058e-01	  -2.1281520e+00	   7.4796221e-02	   2.4846936e+01	
   8.0200000e+02	  -6.3251777e-02	  -1.9429047e+00	   3.0970700e-03	   2.4800801e+01	
   8.0300000e+02	  -1.3758212e-01	  -1.9208787e+00	   1.7370339e-01	   2.4792692e+01	
   8.0400000e+02	  -1.9314898e-01	  -1.8383509e+00	   2.3079773e-02	   2.4783736e+01	
   8.0500000e+02	  -1.8277789e-01	  -2.1548151e+00	   2.0589170e-01	   2.4797870e+01	
   8.0600000e+02	  -2.3348417e-01	  -1.9928265e+00	   1.9128113e-01	   2.4750926e+01	
   8.0700000e+02	  -1.2553817e-01	  -2.1393294e+00	   1.3101367e-01	   2.4765273e+01	
   8.0800000e+02	   4.3994878e-03	  -2.2665980e+00	   2.7745581e-01	   2.4713115e+01	
   8.0900000e+02	  -5.1164908e-02	  -2.4206047e+00	   2.8719377e-01	   2.4714387e+01	
   8.1000000e+02	  -8.9361949e-02	  -2.3349649e+00	   2.9682502e-01	   2.4698187e+01	
   8.1100000e+02	  -3.3362584e-02	  -2.2158462e+00	   2.3741874e-01	   2.4689554e+01	
   8.1200000e+02	  -3.8451573e-02	  -2.3401873e+00	   3.1189232e-01	   2.4666234e+01	
   8.1300000e+02	  -1.1283351e-01	  -1.9328619e+00	   1.1102142e-01	   2.4705550e+01	
   8.1400000e+02	  -1.4319134e-02	  -2.1279183e+00	   1.0882807e-01	   2.4667031e+01	
   8.1500000e+02	  -6.7542273e-02	  -2.1107988e+00	   2.1171195e-01	   2.4688641e+01	
   8.1600000e+02	  -3.0026501e-01	  -2.1478965e+00	   2.3896380e-01	   2.4670771e+01	
   8.1700000e+02	  -1.4836454e-01	  -2.2111790e+00	   2.1482182e-01	   2.4667846e+01	
   8.1800000e+02	  -5.6410978e-02	  -2.3564299e+00	   2.6196157e-01	   2.4653157e+01	
   8.1900000e+02	  -1.0233565e-01	  -2.4173341e+00	   3.0163165e-01	   2.4643922e+01	
   8.2000000e+02	   1.5208215e-01	  -2.4735070e+00	   2.9720211e-01	   2.4659897e+01	
   8.2100000e+02	  -1.2911719e-02	  -2.4063718e+00	   2.7744750e-01	   2.4623404e+01	
   8.2200000e+02	   1.0074702e-01	  -2.3622688e+00	   2.8364657e-01	   2.4622374e+01	
   8.2300000e+02	  -5.6850623e-02	  -2.4372851e+00	   2.8556279e-01	   2.4647983e+01	
   8.2400000e+02	  -5.3771575e-02	  -2.4438396e+00	   4.1079273e-01	   2.4633296e+01	
   8.2500000e+02	  -1.3019953e-01	  -2.4535810e+00	   3.7345334e-01	   2.4656683e+01	
   8.2600000e+02	   5.2053256e-02	  -2.3009180e+00	   3.6070462e-01	   2.4695654e+01	
   8.2700000e+02	   4.9169320e-02	  -2.3696644e+00	   3.1412735e-01	   2.4747326e+01	
   8.2800000e+02	  -8.7930905e-03	  -2.2734263e+00	   4.0039365e-01	   2.4756182e+01	
   8.2900000e+02	  -2.7691936e-02	  -2.5207970e+00	   4.5982418e-01	   2.4761380e+01	
   8.3000000e+02	   1.7186450e-02	  -2.4171789e+00	   5.1407174e-01	   2.4807923e+01	
   8.3100000e+02	  -1.6486264e-02	  -2.4007913e+00	   5.3282663e-01	   2.4806580e+01	
   8.3200000e+02	  -6.0071664e-02	  -2.5235802e+00	   5.6943206e-01	   2.4774001e+01	
   8.3300000e+02	   3.1586362e-02	  -2.3757587e+00	   4.5155038e-01	   2.4743263e+01	
   8.3400000e+02	  -2.9303066e-02	  -2.3920245e+00	   3.7882453e-01	   2.4675401e+01	
   8.3500000e+02	  -8.2656930e-03	  -2.4653308e+00	   4.8101931e-01	   2.4667382e+01	
   8.3600000e+02	  -1.2340346e-01	  -2.5294233e+00	   5.3313399e-01	   2.4665203e+01	
   8.3700000e+02	   5.1045212e-02	  -2.3976828e+00	   4.3393308e-01	   2.4654897e+01	
   8.3800000e+02	  -1.1207959e-02	  -2.3331983e+00	   3.0190488e-01	   2.4689445e+01	
   8.3900000e+02	   2.2081381e-02	  -2.4374044e+00	   3.6548472e-01	   2.4693700e+01	
   8.4000000e+02	   4.6979881e-03	  -2.5157258e+00	   3.9300289e-01	   2.4640269e+01	
   8.4100000e+02	   1.1743573e-01	  -2.4002281e+00	   4.2604341e-01	   2.4640645e+01	
   8.4200000e+02	  -1.2859889e-01	  -2.2784101e+00	   3.2677278e-01	   2.4658082e+01	
   8.4300000e+02	  -3.3019054e-03	  -2.2251621e+00	   1.3718863e-01	   2.4638539e+01	
   8.4400000e+02	  -1.5361261e-01	  -2.2693134e+00	   2.7001677e-01	   2.4646324e+01	
   8.4500000e+02	  -3.3807181e-02	  -2.4666648e+00	   2.7272311e-01	   2.4635398e+01	
   8.4600000e+02	  -2.3285096e-01	  -2.3374387e+00	   2.7615461e-01	   2.4622788e+01	
   8.4700000e+02	  -1.0172321e-01	  -2.4811857e+00	   4.5519963e-01	   2.4622737e+01	
   8.4800000e+02	  -3.8337796e-02	  -2.5627655e+00	   3.2933998e-01	   2.4597216e+01	
   8.4900000e+02	  -6.6905320e-02	  -2.4359818e+00	   3.5534801e-01	   2.4622391e+01	
   8.5000000e+02	  -3.8914010e-02	  -2.4669830e+00	   3.5888099e-01	   2.4594699e+01	
   8.5100000e+02	   2.2257613e-02	  -2.5137333e+00	   3.3570319e-01	   2.4607372e+01	
   8.5200000e+02	  -3.4035794e-02	  -2.3578122e+00	   3.7652455e-01	   2.4586568e+01	
   8.5300000e+02	   5.6590073e-02	  -2.4475087e+00	   3.4204616e-01	   2.4600589e+01	
   8.5400000e+02	   1.0238182e-02	  -2.4500604e+00	   3.8670781e-01	   2.4622480e+01	
   8.5500000e+02	   6.4562891e-02	  -2.2730642e+00	   2.1315641e-01	   2.4638136e+01	
   8.5600000e+02	   1.3422778e-02	  -2.5672010e+00	   2.4138222e-01	   2.4674038e+01	
   8.5700000e+02	   8.0901612e-02	  -2.4401218e+00	   4.1999750e-01	   2.4719876e+01	
   8.5800000e+02	   1.8257656e-01	  -2.3777118e+00	   2.3750287e-01	   2.4762561e+01	
   8.5900000e+02	  -1.8973444e-02	  -2.4167772e+00	   3.2002259e-01	   2.4753385e+01	
   8.6000000e+02	  -8.4963608e-02	  -2.2115352e+00	   4.4655929e-01	   2.4793793e+01	
   8.6100000e+02	   1.7151358e-02	  -2.0889072e+00	   5.7362490e-01	   2.4804711e+01	
   8.6200000e+02	   3.5612393e-02	  -1.7087465e+00	   5.5140723e-01	   2.4756403e+01	
   8.6300000e+02	  -3.8027200e-01	  -2.3952971e+00	   5.2405099e-01	   2.4690189e+01	
   8.6400000e+02	  -9.1846082e-02	  -2.4478926e+00	   6.4178653e-01	   2.4677867e+01	
   8.6500000e+02	  -2.6874247e-01	  -2.4766604e+00	   3.7986183e-01	   2.4658547e+01	
   8.6600000e+02	  -3.8505887e-01	  -2.3368564e+00	   3.6134892e-01	   2.4663320e+01	
   8.6700000e+02	  -4.1749459e-01	  -2.4992055e+00	   2.8755903e-01	   2.4662647e+01	
   8.6800000e+02	  -4.2194854e-01	  -2.4928426e+00	   1.0538711e-01	   2.4673254e+01	
   8.6900000e+02	  -2.6884767e-01	  -2.4179711e+00	   2.4884338e-01	   2.4629472e+01	
   8.7000000e+02	  -4.7151117e-01	  -2.3607295e+00	  -1.7389102e-02	   2.4673823e+01	
   8.7100000e+02	  -2.6947049e-01	  -2.4279912e+00	   4.6286954e-01	   2.4676671e+01	
   8.7200000e+02	  -3.2071887e-02	  -2.1825858e+00	   3.0224267e-01	   2.4644051e+01	
   8.7300000e+02	  -3.8710891e-01	  -2.3508119e+00	   7.1955299e-02	   2.4658667e+01	
   8.7400000e+02	   1.7924976e-02	  -1.1444416e+00	   2.6855831e-01	   2.4675616e+01	
   8.7500000e+02	  -3.2785148e-01	  -2.0833488e+00	   3.4078379e-01	   2.4817490e+01	
   8.7600000e+02	  -1.1529494e-01	  -2.0096203e+00	   3.4648104e-01	   2.4795015e+01	
   8.7700000e+02	  -2.5365877e-01	  -2.4787598e+00	   3.3548946e-01	   2.4742374e+01	
   8.7800000e+02	  -3.2012243e-01	  -2.4176592e+00	   3.1829749e-01	   2.4719603e+01	
   8.7900000e+02	  -3.3012557e-01	  -2.5217470e+00	   4.0609341e-01	   2.4704660e+01	
   8.8000000e+02	  -3.6756419e-01	  -2.4806586e+00	   3.0771008e-01	   2.4709116e+01	
   8.8100000e+02	  -2.2851697e-01	  -2.1259963e+00	   5.0724172e-01	   2.4665744e+01	
   8.8200000e+02	  -8.5011666e-02	  -2.1676790e+00	   5.0492717e-01	   2.4692946e+01	
   8.8300000e+02	  -2.5023165e-01	  -2.2387744e+00	   5.4089047e-01	   2.4695965e+01	
   8.8400000e+02	  -9.0361392e-02	  -2.2269935e+00	   4.4849293e-01	   2.4687761e+01	
   8.8500000e+02	  -3.5579061e-01	  -2.5453219e+00	   4.8675338e-01	   2.4741521e+01	
   8.8600000e+02	  -1.7441693e-01	  -2.2038096e+00	   4.8144466e-01	   2.4788854e+01	
   8.8700000e+02	  -1.3390465e-01	  -2.5024615e+00	   4.8338928e-01	   2.4750023e+01	
   8.8800000e+02	  -1.6603775e-01	  -2.2292916e+00	   5.7274869e-01	   2.4706781e+01	
   8.8900000e+02	  -1.9433210e-01	  -2.3347791e+00	   5.5869560e-01	   2.4664444e+01	
   8.9000000e+02	  -2.5342064e-01	  -2.5609863e+00	   5.0641804e-01	   2.4673879e+01	
   8.9100000e+02	  -2.1048899e-01	  -2.2769806e+00	   6.4333565e-01	   2.4646691e+01	
   8.9200000e+02	  -4.0198381e-01	  -2.6649855e+00	   3.5813417e-01	   2.4666637e+01	
   8.9300000e+02	  -8.3487997e-02	  -2.0453968e+00	   4.3115357e-01	   2.4509765e+01	
   8.9400000e+02	  -4.4296368e-02	  -1.7836047e+00	   4.8286352e-01	   2.4545358e+01	
   8.9500000e+02	  -2.7671375e-01	  -2.3549034e+00	   4.6139936e-01	   2.4601028e+01	
   8.9600000e+02	  -3.4073591e-01	  -2.3529676e+00	   3.2475156e-01	   2.4626332e+01	
   8.9700000e+02	   7.1775145e-02	  -2.0360623e+00	  -2.9385467e-02	   2.4609851e+01	
   8.9800000e+02	   1.4116955e-01	  -2.0487215e+00	   7.2217569e-02	   2.4549950e+01	
   8.9900000e+02	   3.2909293e-02	  -1.9027187e+00	  -2.1455286e-02	   2.4520796e+01	
   9.0000000e+02	   3.1679259e-02	  -1.7040082e+00	   1.4356653e-01	   2.4519300e+01	
   9.0100000e+02	   1.8177032e-01	  -1.9779592e+00	   1.6093626e-01	   2.4584610e+01	
   9.0200000e+02	   8.6530688e-02	  -1.7563581e+00	   7.9758266e-02	   2.4560252e+01	
   9.0300000e+02	   9.2698480e-02	  -1.8449442e+00	  -9.4953054e-02	   2.4531592e+01	
   9.0400000e+02	   1.4065867e-01	  -1.3845223e+00	  -1.4384306e-01	   2.4540040e+01	
   9.0500000e+02	   2.3173857e-01	  -1.6068955e+00	  -3.3847328e-02	   2.4532265e+01	
   9.0600000e+02	   1.3989000e-01	  -1.7852357e+00	  -1.8646727e-01	   2.4491927e+01	
   9.0700000e+02	   3.3178367e-01	  -1.8338599e+00	  -2.0923834e-01	   2.4499595e+01	
   9.0800000e+02	   1.3514739e-01	  -1.7090558e+00	  -1.4648075e-01	   2.4519453e+01	
   9.0900000e+02	   2.7621803e-01	  -1.8650958e+00	  -1.0001670e-01	   2.4489194e+01	
   9.1000000e+02	   2.5701102e-01	  -1.8182745e+00	  -8.7151447e-02	   2.4516086e+01	
   9.1100000e+02	   3.3856442e-01	  -1.8655021e+00	  -8.5578149e-02	   2.4524345e+01	
   9.1200000e+02	   1.4178850e-01	  -1.9354079e+00	   1.0933696e-01	   2.4532939e+01	
   9.1300000e+02	   6.4013871e-02	  -1.8839371e+00	   2.9720684e-02	   2.4506466e+01	
   9.1400000e+02	   1.3850545e-01	  -1.9332461e+00	   5.9497531e-02	   2.4564033e+01	
   9.1500000e+02	   2.4301090e-01	  -1.6434379e+00	   8.8599707e-02	   2.4620141e+01	
   9.1600000e+02	   2.4229480e-01	  -1.6304944e+00	  -1.2448103e-01	   2.4608226e+01	
   9.1700000e+02	   2.5654019e-01	  -1.5885098e+00	  -1.4992199e-01	   2.4588839e+01	
   9.1800000e+02	   1.6216430e-01	  -1.8801678e+00	  -1.6558687e-03	   2.4607819e+01	
   9.1900000e+02	   9.6108056e-02	  -1.9906763e+00	   1.9246292e-01	   2.4602652e+01	
   9.2000000e+02	   2.3744134e-01	  -1.9608622e+00	   6.4820282e-02	   2.4566934e+01	
   9.2100000e+02	  -1.2836665e-04	  -1.8871429e+00	   2.4817362e-01	   2.4576839e+01	
   9.2200000e+02	   1.3762861e-02	  -2.0525150e+00	   1.8591967e-01	   2.4566809e+01	
   9.2300000e+02	   2.3972473e-03	  -1.9852742e+00	   1.4645396e-01	   2.4522294e+01	
   9.2400000e+02	   1.0966827e-01	  -1.9408181e+00	   1.7910951e-01	   2.4519719e+01	
   9.2500000e+02	   6.9017003e-02	  -2.1269071e+00	   5.8255384e-02	   2.4509459e+01	
   9.2600000e+02	  -1.1081512e-01	  -2.2060510e+00	   2.6429587e-01	   2.4519236e+01	
   9.2700000e+02	  -1.4344273e-01	  -2.1011523e+00	   3.4760227e-01	   2.4484365e+01	
   9.2800000e+02	  -3.8858696e-02	  -2.2144401e+00	   2.5554333e-01	   2.4522952e+01	
   9.2900000e+02	   5.5259740e-03	  -2.1402237e+00	   1.9313536e-02	   2.4493232e+01	
   9.3000000e+02	   6.4251237e-02	  -2.3334081e+00	   8.7471776e-02	   2.4500628e+01	
   9.3100000e+02	   1.7112265e-01	  -2.2162323e+00	   2.0529518e-01	   2.4470894e+01	
   9.3200000e+02	   1.0799112e-01	  -2.0198411e+00	   2.2981587e-01	   2.4485316e+01	
   9.3300000e+02	   6.7114349e-02	  -2.2570850e+00	   2.5637932e-01	   2.4487503e+01	
   9.3400000e+02	   2.6032372e-01	  -1.9509505e+00	   3.2131929e-01	   2.4493537e+01	
   9.3500000e+02	   8.1115913e-02	  -2.0444686e+00	   3.8472766e-01	   2.4523284e+01	
   9.3600000e+02	   6.9756610e-02	  -2.1194974e+00	   2.7237282e-01	   2.4516450e+01	
   9.3700000e+02	  -2.2823526e-02	  -2.0901213e+00	   3.6018171e-01	   2.4548599e+01	
   9.3800000e+02	  -1.4467522e-02	  -2.0539050e+00	   9.4681082e-02	   2.4557129e+01	
   9.3900000e+02	  -2.5979032e-02	  -2.0187842e+00	   4.2314250e-02	   2.4535218e+01	
   9.4000000e+02	   1.4656458e-01	  -1.9191955e+00	  -3.2976811e-02	   2.4542632e+01	
   9.4100000e+02	   1.6090927e-01	  -2.0863727e+00	   2.6988458e-01	   2.4563655e+01	
   9.4200000e+02	   3.2764559e-01	  -1.8065205e+00	  -1.4977885e-01	   2.4574028e+01	
   9.4300000e+02	   1.6047048e-01	  -1.7867075e+00	   8.6861128e-02	   2.4644240e+01	
   9.4400000e+02	   2.7584601e-01	  -1.7610055e+00	   1.7446223e-01	   2.4708967e+01	
   9.4500000e+02	   2.3066875e-01	  -1.5188110e+00	  -3.5390957e-02	   2.4728518e+01	
   9.4600000e+02	   3.0168151e-01	  -1.5377739e+00	   3.8794817e-02	   2.4744291e+01	
   9.4700000e+02	   3.6157045e-01	  -1.6482695e+00	   1.3667602e-01	   2.4740444e+01	
   9.4800000e+02	   2.9199343e-01	  -1.4792676e+00	  -1.5186251e-01	   2.4715287e+01	
   9.4900000e+02	   3.8009347e-01	  -1.5880749e+00	  -1.3152057e-01	   2.4643868e+01	
   9.5000000e+02	   2.8107557e-01	  -1.8103427e+00	   5.1128481e-02	   2.4616459e+01	
   9.5100000e+02	   3.5011600e-01	  -1.8009295e+00	  -2.4777833e-01	   2.4626424e+01	
   9.5200000e+02	   1.4174328e-01	  -1.8055992e+00	   1.4146422e-02	   2.4644510e+01	
   9.5300000e+02	   2.5146028e-01	  -2.0419178e+00	  -6.5713706e-02	   2.4610117e+01	
   9.5400000e+02	   3.7681621e-01	  -1.9194830e+00	   6.1274338e-02	   2.4557427e+01	
   9.5500000e+02	   2.9325132e-01	  -1.8338427e+00	   1.8405236e-01	   2.4577399e+01	
   9.5600000e+02	   4.1432284e-01	  -1.6604182e+00	   2.4280166e-02	   2.4568685e+01	
   9.5700000e+02	   4.4301013e-01	  -1.8539897e+00	   6.5892033e-02	   2.4582815e+01	
   9.5800000e+02	  -7.6726868e-03	  -1.8212784e+00	   8.3639333e-02	   2.4622824e+01	
   9.5900000e+02	   1.7722779e-01	  -1.9395231e+00	  -1.4168265e-02	   2.4602437e+01	
   9.6000000e+02	   3.4210666e-01	  -1.6929359e+00	  -2.3065882e-01	   2.4693991e+01	
   9.6100000e+02	   1.4440516e-01	  -1.9648946e+00	  -2.2772084e-01	   2.4718197e+01	
   9.6200000e+02	   3.2244575e-02	  -2.0222995e+00	   2.7039453e-01	   2.4702635e+01	
   9.6300000e+02	   2.4105587e-01	  -1.7478890e+00	   1.2301378e-01	   2.4701863e+01	
   9.6400000e+02	   9.6992114e-02	  -1.7112953e+00	  -2.5888920e-01	   2.4696301e+01	
   9.6500000e+02	   7.4152754e-02	  -1.7791273e+00	  -1.3097544e-01	   2.4679379e+01	
   9.6600000e+02	   2.8087302e-01	  -1.6611581e+00	  -8.8668568e-02	   2.4657323e+01	
   9.6700000e+02	   2.9630812e-01	  -1.7098313e+00	  -2.1618530e-01	   2.4655864e+01	
   9.6800000e+02	   2.9061783e-01	  -1.6856309e+00	  -1.5800855e-01	   2.4676744e+01	
   9.6900000e+02	   2.0936671e-01	  -1.7175402e+00	  -2.4124391e-01	   2.4653259e+01	
   9.7000000e+02	  -5.2754607e-02	  -1.7131918e+00	  -2.2397582e-01	   2.4646427e+01	
   9.7100000e+02	  -1.8127051e-01	  -6.7241854e-01	  -2.6896915e-01	   2.4552794e+01	
   9.7200000e+02	  -1.0260477e-01	   1.1090774e-01	  -1.4883433e-01	   2.4597917e+01	
   9.7300000e+02	   1.5229696e-02	   1.5841550e-01	   7.6838875e-02	   2.4461844e+01	
   9.7400000e+02	   1.5078191e-01	  -1.0258726e+00	  -1.9484633e-01	   2.4549093e+01	
   9.7500000e+02	   1.8989973e-01	  -1.9458928e+00	  -4.7450064e-02	   2.4637933e+01	
   9.7600000e+02	   1.3656045e-01	  -1.8986783e+00	   5.9478569e-02	   2.4664829e+01	
   9.7700000e+02	   2.4399213e-01	  -1.8004707e+00	   2.4118497e-02	   2.4674045e+01	
   9.7800000e+02	   1.9596111e-01	  -1.8035285e+00	  -1.5193043e-01	   2.4707367e+01	
   9.7900000e+02	   4.4270038e-01	  -1.6601204e+00	  -9.4824983e-02	   2.4709133e+01	
   9.8000000e+02	   2.6008959e-01	  -1.8003351e+00	   2.3189827e-02	   2.4688453e+01	
   9.8100000e+02	   1.7653741e-01	  -1.9288527e+00	   1.9108735e-01	   2.4629109e+01	
   9.8200000e+02	   2.2091370e-01	  -1.6472144e+00	   3.1568432e-01	   2.4637496e+01	
   9.8300000e+02	   6.8387704e-02	  -1.6994361e+00	   1.2197876e-01	   2.4610720e+01	
   9.8400000e+02	   1.5422448e-01	  -1.5263005e+00	   3.1481755e-03	   2.4624854e+01	
   9.8500000e+02	   1.1489553e-01	  -1.5485272e+00	  -1.1231525e-01	   2.4606672e+01	
   9.8600000e+02	   1.4894428e-01	  -1.7174977e+00	  -1.2286826e-01	   2.4610516e+01	
   9.8700000e+02	  -5.2414699e-02	  -1.6709350e+00	   6.5299820e-04	   2.4606238e+01	
   9.8800000e+02	  -5.7345677e-02	  -1.2287051e+00	  -3.1103560e-01	   2.4625220e+01	
   9.8900000e+02	  -3.7636967e-01	  -9.4791168e-01	   9.8736475e-02	   2.4549454e+01	
   9.9000000e+02	  -5.4843042e-02	  -9.7160960e-01	   1.5521441e-01	   2.4598876e+01	
   9.9100000e+02	   1.9908420e-01	  -1.5887947e+00	  -3.1862707e-01	   2.4642452e+01	
   9.9200000e+02	   3.1243326e-01	  -1.3877753e+00	  -4.3007430e-01	   2.4621713e+01	
   9.9300000e+02	   2.2806959e-01	  -1.5735415e+00	  -2.8153236e-01	   2.4618366e+01	
   9.9400000e+02	   2.3217401e-01	  -1.4591690e+00	  -1.7720031e-01	   2.4637804e+01	
   9.9500000e+02	   2.2327680e-01	  -1.1506452e+00	  -4.2261525e-01	   2.4641372e+01	
   9.9600000e+02	   1.8598404e-01	  -1.1666626e+00	  -3.1897563e-01	   2.4628518e+01	
   9.9700000e+02	   2.3219120e-01	  -1.3114019e+00	  -3.0601931e-01	   2.4619446e+01	
   9.9800000e+02	   1.7385200e-01	  -1.3943999e+00	  -3.1284486e-01	   2.4698414e+01	
   9.9900000e+02	   1.2189254e-01	  -1.3500616e+00	  -2.4158040e-01	   2.4653102e+01	
   1.0000000e+03	   1.5407409e-01	  -1.4801629e+00	  -2.0649586e-01	   2.4596692e+01	
   1.0010000e+03	   1.7156830e-01	  -1.5455709e+00	  -1.9886502e-01	   2.4646524e+01	
   1.0020000e+03	   2.2176446e-01	  -1.4215961e+00	  -2.8220614e-01	   2.4687783e+01	
   1.0030000e+03	   7.2920418e-02	  -1.5549036e+00	  -3.0192005e-01	   2.4687296e+01	
   1.0040000e+03	   8.5690984e-02	  -1.3921298e+00	  -3.1533862e-01	   2.4654147e+01	
   1.0050000e+03	   3.2055197e-01	  -1.4913691e+00	  -2.2060373e-01	   2.4680578e+01	
   1.0060000e+03	   1.1736431e-01	  -1.5423589e+00	  -1.9968858e-01	   2.4701706e+01	
   1.0070000e+03	   1.7342425e-01	  -1.3494864e+00	  -1.6837340e-01	   2.4700088e+01	
   1.0080000e+03	   2.4711192e-01	  -1.4938455e+00	  -2.8949749e-01	   2.4732993e+01	
   1.0090000e+03	   8.9869596e-02	  -1.4649374e+00	  -3.2243191e-01	   2.4744673e+01	
   1.0100000e+03	   1.3122454e-01	  -1.4033955e+00	  -1.3814181e-01	   2.4720927e+01	
   1.0110000e+03	   2.7056292e-01	  -1.5017959e+00	  -2.6142632e-01	   2.4699309e+01	
   1.0120000e+03	   1.2810076e-01	  -1.2281919e+00	  -1.7487097e-01	   2.4636583e+01	
   1.0130000e+03	   1.2908411e-01	  -1.4904347e+00	  -2.9847935e-01	   2.4633621e+01	
   1.0140000e+03	   5.0834855e-02	  -1.3384196e+00	  -2.2833957e-01	   2.4630859e+01	
   1.0150000e+03	   1.4537964e-01	  -1.2740294e+00	  -3.4415732e-01	   2.4646020e+01	
   1.0160000e+03	   2.0387342e-01	  -1.3547513e+00	  -3.5946140e-01	   2.4700302e+01	
   1.0170000e+03	   2.0281201e-01	  -1.4643217e+00	  -2.8612528e-01	   2.4670396e+01	
   1.0180000e+03	   1.8098488e-01	  -1.3685004e+00	  -3.1202443e-01	   2.4651356e+01	
   1.0190000e+03	   1.1541941e-01	  -1.5219209e+00	  -1.7744475e-01	   2.4689616e+01	
   1.0200000e+03	   1.2177757e-02	  -1.3147929e+00	  -3.5562761e-01	   2.4681212e+01	
   1.0210000e+03	   7.4287047e-02	  -1.4236853e+00	  -1.8795461e-01	   2.4702532e+01	
   1.0220000e+03	   4.5352770e-03	  -1.2273387e+00	  -2.9681787e-01	   2.4700290e+01	
   1.0230000e+03	   1.5976475e-01	  -1.6030232e+00	  -2.6609305e-01	   2.4698392e+01	
   1.0240000e+03	   5.9577281e-02	  -1.5817068e+00	  -1.7041880e-01	   2.4681468e+01	
   1.0250000e+03	   1.3701239e-01	  -1.8115017e+00	  -1.6765072e-01	   2.4691790e+01	
   1.0260000e+03	   9.6739774e-02	  -1.2313639e+00	  -4.3006762e-01	   2.4658971e+01	
   1.0270000e+03	   3.2194807e-02	  -1.5166388e+00	  -2.0910950e-01	   2.4670910e+01	
   1.0280000e+03	   2.0540123e-01	  -1.5390625e+00	  -1.3865824e-01	   2.4609711e+01	
   1.0290000e+03	   2.6448869e-01	  -1.4158402e+00	  -4.9159063e-02	   2.4607382e+01	
   1.0300000e+03	   2.9383002e-01	  -1.4714514e+00	  -1.6483686e-01	   2.4600577e+01	
   1.0310000e+03	   2.2227125e-01	  -1.3683064e+00	  -1.3011378e-01	   2.4637486e+01	
   1.0320000e+03	   2.4175082e-01	  -1.7228317e+00	  -1.1022787e-01	   2.4659981e+01	
   1.0330000e+03	   1.3001977e-01	  -1.4022788e+00	  -1.7346507e-01	   2.4629625e+01	
   1.0340000e+03	   2.2797642e-01	  -1.3335283e+00	  -2.7662419e-01	   2.4698728e+01	
   1.0350000e+03	   1.2357066e-01	  -1.5584283e+00	   1.7627909e-02	   2.4788042e+01	
   1.0360000e+03	   1.7432691e-01	  -1.4893549e+00	  -3.1903251e-01	   2.4772246e+01	
   1.0370000e+03	   2.8590536e-01	  -1.3118217e+00	  -1.7423933e-01	   2.4800621e+01	
   1.0380000e+03	   9.8595800e-02	  -1.3394263e+00	  -2.3485727e-01	   2.4785029e+01	
   1.0390000e+03	   1.8800181e-01	  -1.5453676e+00	   1.0676776e-01	   2.4809543e+01	
   1.0400000e+03	   3.2271841e-01	  -1.2484953e+00	  -1.7134025e-01	   2.4756694e+01	
   1.0410000e+03	   2.0887759e-01	  -1.6173804e+00	  -1.1096908e-01	   2.4758344e+01	
   1.0420000e+03	   2.4926149e-01	  -1.3791695e+00	  -2.1312435e-01	   2.4718543e+01	
   1.0430000e+03	   7.2353149e-02	  -1.5114482e+00	   1.1125285e-02	   2.4706266e+01	
   1.0440000e+03	   9.9192815e-02	  -1.5085083e+00	   2.6854319e-02	   2.4698573e+01	
   1.0450000e+03	   7.8571804e-02	  -1.5934185e+00	  -9.6785448e-02	   2.4686500e+01	
   1.0460000e+03	   1.4607976e-01	  -1.7184183e+00	  -1.8007182e-01	   2.4673943e+01	
   1.0470000e+03	  -4.2156407e-02	  -1.6368740e+00	  -6.4518553e-02	   2.4692770e+01	
   1.0480000e+03	   1.5012198e-01	  -1.6440838e+00	  -1.2107192e-02	   2.4720773e+01	
   1.0490000e+03	   9.9235876e-02	  -1.6505242e+00	   6.7034822e-02	   2.4720273e+01	
   1.0500000e+03	   9.2552363e-02	  -1.6662208e+00	  -1.6129868e-02	   2.4717156e+01	
   1.0510000e+03	   9.0025806e-02	  -1.7569348e+00	   1.4084435e-01	   2.4696863e+01	
   1.0520000e+03	  -7.1572971e-02	  -1.7637333e+00	   2.0018463e-01	   2.4707210e+01	
   1.0530000e+03	   1.7133051e-02	  -1.8559352e+00	   1.4179600e-01	   2.4712896e+01	
   1.0540000e+03	  -1.3154718e-01	  -1.7704697e+00	   1.2178963e-01	   2.4682848e+01	
   1.0550000e+03	  -1.9291698e-01	  -1.8953359e+00	  -2.3150535e-02	   2.4730934e+01	
   1.0560000e+03	  -1.9698250e-01	  -1.8918242e+00	  -1.5945111e-01	   2.4747084e+01	
   1.0570000e+03	   3.2617560e-02	  -1.7408023e+00	  -2.9249277e-01	   2.4719019e+01	
   1.0580000e+03	   1.0203868e-01	  -1.7308367e+00	  -7.7040312e-02	   2.4755025e+01	
   1.0590000e+03	  -4.1471265e-01	  -1.7584424e+00	  -5.7004863e-01	   2.4744944e+01	
   1.0600000e+03	  -3.3073521e-01	  -1.8191306e+00	  -5.5842838e-01	   2.4736864e+01	
   1.0610000e+03	  -4.5337062e-01	  -1.6123849e+00	  -4.8095906e-01	   2.4727759e+01	
   1.0620000e+03	  -3.2120733e-01	  -1.5809390e+00	  -7.6525541e-01	   2.4737608e+01	
   1.0630000e+03	  -4.0033990e-01	  -1.7253518e+00	  -6.5955760e-01	   2.4726315e+01	
   1.0640000e+03	  -4.7573332e-01	  -1.8213844e+00	  -7.5562348e-01	   2.4810417e+01	
   1.0650000e+03	  -3.6501551e-01	  -1.9714067e+00	  -7.4417020e-01	   2.4852790e+01	
   1.0660000e+03	  -3.8020923e-01	  -2.0608348e+00	  -6.8117651e-01	   2.4837125e+01	
   1.0670000e+03	  -3.6944828e-01	  -1.4098818e+00	  -4.5415597e-01	   2.4841547e+01	
   1.0680000e+03	  -4.0892630e-01	  -1.4798074e+00	  -5.2109568e-01	   2.4843920e+01	
   1.0690000e+03	  -2.5023270e-01	  -1.6055428e+00	  -6.6499756e-01	   2.4821309e+01	
   1.0700000e+03	   5.3512589e-02	  -1.3658477e+00	  -5.4270993e-01	   2.4775072e+01	
   1.0710000e+03	  -3.3726301e-02	  -1.5267946e+00	  -7.3845717e-01	   2.4712512e+01	
   1.0720000e+03	   6.3013936e-02	  -1.4247883e+00	  -5.7751685e-01	   2.4715677e+01	
   1.0730000e+03	  -2.9996865e-01	  -1.6616247e+00	  -4.5179842e-01	   2.4737035e+01	
   1.0740000e+03	  -2.8023844e-01	  -1.9649290e+00	  -5.9845428e-01	   2.4694946e+01	
   1.0750000e+03	  -3.7848320e-01	  -1.7660410e+00	  -4.8780678e-01	   2.4719531e+01	
   1.0760000e+03	  -5.2486983e-01	  -1.7004420e+00	  -3.7785730e-01	   2.4680644e+01	
   1.0770000e+03	  -2.5066557e-01	  -2.0141609e+00	  -7.0264408e-01	   2.4721829e+01	
   1.0780000e+03	   2.3663905e-02	  -1.5023972e+00	  -4.2168016e-01	   2.4707960e+01	
   1.0790000e+03	  -1.0523977e-02	  -1.3234746e+00	  -5.6545127e-01	   2.4708632e+01	
   1.0800000e+03	  -3.3017971e-01	  -1.8977376e+00	  -5.5012895e-01	   2.4711685e+01	
   1.0810000e+03	  -3.8223470e-01	  -2.1209922e+00	  -6.3088998e-01	   2.4683659e+01	
   1.0820000e+03	  -4.2227022e-01	  -1.8260721e+00	  -6.3495829e-01	   2.4687478e+01	
   1.0830000e+03	  -3.9078278e-01	  -1.7455490e+00	  -6.4501519e-01	   2.4670383e+01	
   1.0840000e+03	  -2.1660283e-01	  -1.7347302e+00	  -4.7441046e-01	   2.4687114e+01	
   1.0850000e+03	  -3.0895317e-02	  -1.8241079e+00	  -3.9903394e-01	   2.4731936e+01	
   1.0860000e+03	  -4.6657600e-01	  -1.8172816e+00	  -2.3504590e-01	   2.4708294e+01	
   1.0870000e+03	  -2.0468493e-01	  -1.3767603e+00	  -5.1384453e-02	   2.4669945e+01	
   1.0880000e+03	  -2.5048798e-01	  -1.7854204e+00	  -7.7224733e-02	   2.4653546e+01	
   1.0890000e+03	  -3.3160773e-01	  -1.6995860e+00	  -2.2814343e-01	   2.4724859e+01	
   1.0900000e+03	  -2.8415802e-01	  -1.8006300e+00	  -4.2841003e-01	   2.4714831e+01	
   1.0910000e+03	  -2.8429250e-01	  -1.6041171e+00	  -2.0079145e-01	   2.4773544e+01	
   1.0920000e+03	  -2.8021777e-01	  -1.5300308e+00	  -2.3559837e-01	   2.4798888e+01	
   1.0930000e+03	  -1.4770917e-01	  -1.5626748e+00	  -5.5134173e-01	   2.4790666e+01	
   1.0940000e+03	  -1.9924965e-01	  -1.7863099e+00	  -2.6232752e-01	   2.4818725e+01	
   1.0950000e+03	  -1.4150145e-02	  -1.5988167e+00	  -6.2619509e-01	   2.4747656e+01	
   1.0960000e+03	  -3.3262595e-01	  -1.7001101e+00	  -6.3389710e-01	   2.4752234e+01	
   1.0970000e+03	   4.4364659e-02	  -1.6585272e+00	  -5.0400430e-01	   2.4755717e+01	
   1.0980000e+03	   1.5778846e-01	  -1.4676957e+00	  -2.9049376e-01	   2.4764562e+01	
   1.0990000e+03	   1.4967182e-01	  -1.4965760e+00	  -3.1870164e-01	   2.4714305e+01	
   1.1000000e+03	   1.3000222e-01	  -1.5761671e+00	  -1.7948808e-01	   2.4691199e+01	
   1.1010000e+03	   1.1262246e-01	  -1.5058183e+00	  -1.1912489e-01	   2.4728495e+01	
   1.1020000e+03	   1.4798805e-01	  -1.4801049e+00	  -2.5448893e-02	   2.4735251e+01	
   1.1030000e+03	   6.2841885e-02	  -1.6374087e+00	  -8.8926514e-02	   2.4750158e+01	
   1.1040000e+03	   1.0923515e-01	  -1.7855199e+00	  -2.4264340e-02	   2.4773003e+01	
   1.1050000e+03	   4.2407475e-01	  -1.4750029e+00	   1.1171036e-01	   2.4729121e+01	
   1.1060000e+03	   1.3209772e-01	  -1.6807083e+00	   4.5524689e-02	   2.4704466e+01	
   1.1070000e+03	   7.4831198e-02	  -1.4509107e+00	  -5.8519081e-02	   2.4681408e+01	
   1.1080000e+03	   1.5426873e-01	  -1.4551238e+00	  -1.7527840e-01	   2.4672701e+01	
   1.1090000e+03	   6.6157330e-03	  -1.6793070e+00	   1.2168779e-02	   2.4719175e+01	
   1.1100000e+03	   2.1133985e-01	  -1.5185076e+00	  -2.1282471e-02	   2.4715305e+01	
   1.1110000e+03	   2.8402064e-01	  -1.5931426e+00	   4.2710776e-02	   2.4711499e+01	
   1.1120000e+03	   2.5811853e-01	  -1.5278389e+00	  -6.6242290e-02	   2.4666823e+01	
   1.1130000e+03	   2.1778070e-01	  -1.2363620e+00	  -1.8797168e-01	   2.4660249e+01	
   1.1140000e+03	   2.0693532e-01	  -1.5419577e+00	  -1.8367757e-01	   2.4679319e+01	
   1.1150000e+03	   2.3823318e-01	  -1.7874039e+00	   1.4478399e-02	   2.4663206e+01	
   1.1160000e+03	   1.2062960e-01	  -1.5701556e+00	  -2.2985247e-01	   2.4633595e+01	
   1.1170000e+03	   1.1613941e-01	  -1.3789937e+00	  -1.7689552e-01	   2.4637274e+01	
   1.1180000e+03	   2.8711834e-01	  -1.6459777e+00	  -2.8265313e-01	   2.4639541e+01	
   1.1190000e+03	  -9.5734496e-02	  -2.1653527e+00	   2.8782511e-01	   2.4711432e+01	
   1.1200000e+03	  -2.8031346e-01	  -2.1368754e+00	   5.9876777e-01	   2.4730879e+01	
   1.1210000e+03	  -4.3937212e-02	  -1.6710732e+00	   6.6758032e-01	   2.4705483e+01	
   1.1220000e+03	  -1.7031724e-01	  -1.7610518e+00	   5.6972349e-01	   2.4736922e+01	
   1.1230000e+03	   2.1481504e-01	  -8.6346014e-01	   4.1494256e-01	   2.4652584e+01	
   1.1240000e+03	   3.5917666e-02	  -1.3006848e+00	   6.4303600e-01	   2.4627998e+01	
   1.1250000e+03	   7.1082195e-02	  -9.0295545e-01	   5.6914736e-01	   2.4607178e+01	
   1.1260000e+03	   1.8828002e-01	  -7.2076265e-01	   5.5031081e-01	   2.4533196e+01	
   1.1270000e+03	   8.6249446e-02	  -7.1267920e-01	   5.4795771e-01	   2.4530224e+01	
   1.1280000e+03	   3.6955738e-01	  -1.0728250e+00	   4.5621605e-01	   2.4614386e+01	
   1.1290000e+03	   1.1781499e-01	  -1.4458979e+00	   5.7678590e-01	   2.4632375e+01	
   1.1300000e+03	   1.5865231e-01	  -1.0805090e+00	   5.9092903e-01	   2.4557144e+01	
   1.1310000e+03	   1.4444687e-01	  -1.3139088e+00	   5.9642287e-01	   2.4577444e+01	
   1.1320000e+03	   4.3122194e-02	  -1.7014920e+00	   4.6306505e-01	   2.4654921e+01	
   1.1330000e+03	  -2.7175208e-01	  -2.0095209e+00	   4.8429220e-01	   2.4633865e+01	
   1.1340000e+03	  -1.1005935e-01	  -1.8447017e+00	   6.2182455e-01	   2.4633687e+01	
   1.1350000e+03	  -9.2323105e-02	  -1.6612916e+00	   5.8176966e-01	   2.4591760e+01	
   1.1360000e+03	   2.9773332e-02	  -1.5368696e+00	   5.8628530e-01	   2.4630801e+01	
   1.1370000e+03	   7.7116783e-02	  -1.8176575e+00	   6.3881094e-01	   2.4619576e+01	
   1.1380000e+03	  -5.9748976e-02	  -1.5835351e+00	   4.6322880e-01	   2.4570706e+01	
   1.1390000e+03	   5.9763243e-02	  -1.3121077e+00	   3.8173142e-01	   2.4581150e+01	
   1.1400000e+03	   5.6706912e-02	  -1.4568462e+00	   4.4658041e-01	   2.4604933e+01	
   1.1410000e+03	   1.6191215e-01	  -1.1213800e+00	   4.3010343e-01	   2.4516013e+01	
   1.1420000e+03	  -6.3327720e-03	  -1.5969247e+00	   4.7797403e-01	   2.4559464e+01	
   1.1430000e+03	  -1.0483354e-02	  -1.5392277e+00	   5.0532990e-01	   2.4528486e+01	
   1.1440000e+03	   5.0568105e-02	  -1.8004691e+00	   4.6242734e-01	   2.4520464e+01	
   1.1450000e+03	   1.4446028e-01	  -1.4875379e+00	   5.5688525e-01	   2.4441195e+01	
   1.1460000e+03	  -5.7972910e-02	  -1.7041915e+00	   4.4540441e-01	   2.4470036e+01	
   1.1470000e+03	  -6.1318996e-02	  -1.9748671e+00	   4.0473057e-01	   2.4477169e+01	
   1.1480000e+03	  -2.0172496e-02	  -1.8809230e+00	   4.3728485e-01	   2.4454771e+01	
   1.1490000e+03	  -2.3863106e-01	  -1.9848216e+00	   5.7838229e-01	   2.4500518e+01	
   1.1500000e+03	   5.2047352e-02	  -1.2711890e+00	   5.5722484e-01	   2.4424421e+01	
   1.1510000e+03	   4.4870767e-02	  -2.4646914e+00	   2.7558336e-01	   2.4616354e+01	
   1.1520000e+03	  -5.4054357e-02	  -2.1654080e+00	   5.6388606e-01	   2.4627975e+01	
   1.1530000e+03	  -8.4178945e-03	  -1.8621325e+00	   4.6790725e-01	   2.4595116e+01	
   1.1540000e+03	  -3.2423122e-01	  -1.9594439e+00	   7.4796017e-01	   2.4537115e+01	
   1.1550000e+03	  -1.2015695e-01	  -1.6685782e+00	   5.1760684e-01	   2.4489092e+01	
   1.1560000e+03	  -1.4584332e-01	  -2.1058733e+00	   2.5799919e-01	   2.4584210e+01	
   1.1570000e+03	   1.5447150e-01	  -1.6000161e+00	   7.8050463e-01	   2.4560450e+01	
   1.1580000e+03	   1.4095697e-01	  -1.3121035e+00	   7.4166836e-01	   2.4476622e+01	
   1.1590000e+03	   7.6803029e-02	  -1.4633834e+00	   8.7731246e-01	   2.4491131e+01	
   1.1600000e+03	  -1.1672050e-01	  -1.8259754e+00	   7.5821123e-01	   2.4555026e+01	
   1.1610000e+03	  -2.1782570e-01	  -1.9126011e+00	   7.4016579e-01	   2.4663772e+01	
   1.1620000e+03	  -1.3265248e-01	  -2.2367272e+00	   9.1667789e-01	   2.4545741e+01	
   1.1630000e+03	  -9.6184630e-02	  -2.0134473e+00	   8.3605915e-01	   2.4447480e+01	
   1.1640000e+03	  -2.5129810e-02	  -1.8617134e+00	   8.5837429e-01	   2.4424828e+01	
   1.1650000e+03	   6.6333871e-02	  -1.9598633e+00	   9.7405426e-01	   2.4468273e+01	
   1.1660000e+03	   1.7218333e-01	  -2.4676221e+00	   7.3611313e-01	   2.4637022e+01	
   1.1670000e+03	   1.7112659e-01	  -2.1511539e+00	   9.1767221e-01	   2.4620368e+01	
   1.1680000e+03	  -4.7365580e-02	  -1.5387983e+00	   9.2616326e-01	   2.4524082e+01	
   1.1690000e+03	  -2.5276631e-01	  -1.9574114e+00	   7.5710964e-01	   2.4552136e+01	
   1.1700000e+03	   1.8778191e-01	  -1.1649823e+00	   7.3980452e-01	   2.4454407e+01	
   1.1710000e+03	   1.0229442e-01	  -1.7214202e+00	   6.6645240e-01	   2.4484013e+01	
   1.1720000e+03	  -1.7719307e-01	  -1.8952934e+00	   6.8182962e-01	   2.4450570e+01	
   1.1730000e+03	  -2.0323457e-01	  -1.8701282e+00	   6.6020165e-01	   2.4364963e+01	
   1.1740000e+03	  -2.1831399e-01	  -2.0323907e+00	   7.0440662e-01	   2.4342261e+01	
   1.1750000e+03	  -2.2967509e-01	  -1.8404942e+00	   6.4903775e-01	   2.4328195e+01	
   1.1760000e+03	   1.2523946e-02	  -1.6576111e+00	   6.4493430e-01	   2.4283482e+01	
   1.1770000e+03	  -1.8940973e-01	  -2.1647739e+00	   8.9588232e-01	   2.4353343e+01	
   1.1780000e+03	  -1.6188786e-01	  -1.7477962e+00	   6.2685224e-01	   2.4325215e+01	
   1.1790000e+03	   1.0397939e-01	  -1.4653779e+00	   6.9588200e-01	   2.4333360e+01	
   1.1800000e+03	  -2.2810440e-01	  -1.7465815e+00	   7.0870347e-01	   2.4316437e+01	
   1.1810000e+03	  -1.5157252e-01	  -1.4979570e+00	   6.8768550e-01	   2.4291480e+01	
   1.1820000e+03	  -2.1214866e-01	  -1.7571943e+00	   6.5532357e-01	   2.4319784e+01	
   1.1830000e+03	   6.5050091e-03	  -1.7631297e+00	   6.9741004e-01	   2.4305803e+01	
   1.1840000e+03	  -1.9273854e-01	  -1.7483451e+00	   6.4995317e-01	   2.4344965e+01	
   1.1850000e+03	   1.0266588e-01	  -1.9979618e+00	   5.4197607e-01	   2.4344271e+01	
   1.1860000e+03	   8.2611375e-02	  -1.8204789e+00	   7.2752554e-01	   2.4360498e+01	
   1.1870000e+03	   3.3635623e-02	  -1.7951801e+00	   6.5539916e-01	   2.4343910e+01	
   1.1880000e+03	   5.2532475e-02	  -1.6920034e+00	   6.4179829e-01	   2.4410286e+01	
   1.1890000e+03	   3.8600943e-02	  -2.0851683e+00	   1.9478912e-01	   2.4481740e+01	
   1.1900000e+03	  -9.8973183e-02	  -1.2790755e+00	   5.0121088e-01	   2.4424731e+01	
   1.1910000e+03	   1.3134881e-01	  -1.2493775e+00	   4.9827044e-01	   2.4469402e+01	
   1.1920000e+03	   1.7344597e-01	  -1.2187609e+00	   2.3002196e-01	   2.4521280e+01	
   1.1930000e+03	   1.2472391e-01	  -1.4449363e+00	   5.2529638e-01	   2.4534344e+01	
   1.1940000e+03	   1.0374508e-01	  -1.3500881e+00	   5.2218617e-01	   2.4513524e+01	
   1.1950000e+03	   3.2942175e-02	  -1.2861656e+00	   6.2205283e-01	   2.4563237e+01	
   1.1960000e+03	  -3.2286722e-02	  -1.4643625e+00	   6.5614899e-01	   2.4580105e+01	
   1.1970000e+03	   1.9243851e-01	  -1.1597657e+00	   5.6430427e-01	   2.4621644e+01	
   1.1980000e+03	   3.2786294e-01	  -1.1216590e+00	   5.8406076e-01	   2.4624356e+01	
   1.1990000e+03	   2.3868094e-01	  -9.5545537e-01	   6.5561681e-01	   2.4588026e+01	
   1.2000000e+03	   2.1946888e-01	  -9.4126253e-01	   6.6642209e-01	   2.4522804e+01	
   1.2010000e+03	   3.2704850e-01	  -1.1389195e+00	   6.1825683e-01	   2.4570363e+01	
   1.2020000e+03	   3.9810535e-01	  -8.6786987e-01	   3.4820626e-01	   2.4517824e+01	
   1.2030000e+03	   2.1707047e-01	  -1.2183776e+00	   6.4010158e-02	   2.4559151e+01	
   1.2040000e+03	   4.8776790e-01	  -1.1800358e+00	   2.8824864e-01	   2.4486420e+01	
   1.2050000e+03	   2.6933661e-01	  -8.7972849e-01	   3.9302703e-01	   2.4426593e+01	
   1.2060000e+03	   2.7361908e-01	  -8.0622987e-01	   2.3729630e-01	   2.4443966e+01	
   1.2070000e+03	   3.5900852e-01	  -1.2223955e+00	   4.5190725e-01	   2.4464207e+01	
   1.2080000e+03	   2.8767126e-01	  -1.1762469e+00	   6.3033895e-01	   2.4469408e+01	
   1.2090000e+03	   1.6500780e-01	  -1.3116045e+00	   4.9024734e-01	   2.4503518e+01	
   1.2100000e+03	   6.2387963e-01	  -8.0579286e-01	   2.8630714e-01	   2.4457505e+01	
   1.2110000e+03	   3.6714459e-01	  -9.9672289e-01	   2.0330506e-01	   2.4450015e+01	
   1.2120000e+03	   4.0864649e-01	  -1.1145351e+00	   3.5584661e-01	   2.4433211e+01	
   1.2130000e+03	   3.0349445e-01	  -1.0540743e+00	   3.0322695e-01	   2.4405231e+01	
   1.2140000e+03	   5.1333025e-01	  -9.8366534e-01	   3.6338616e-01	   2.4423794e+01	
   1.2150000e+03	   3.4163055e-01	  -1.1242338e+00	   4.5719470e-01	   2.4465620e+01	
   1.2160000e+03	   3.7395173e-01	  -8.7562664e-01	   3.4257841e-01	   2.4470071e+01	
   1.2170000e+03	   4.6004935e-01	  -9.3197893e-01	   2.9628459e-01	   2.4498010e+01	
   1.2180000e+03	   5.8894485e-01	  -9.2223626e-01	   2.3704557e-01	   2.4498211e+01	
   1.2190000e+03	   3.2729023e-01	  -1.3290685e+00	   2.9048967e-01	   2.4512848e+01	
   1.2200000e+03	   2.6213112e-01	  -1.1930303e+00	   4.3933544e-01	   2.4508057e+01	
   1.2210000e+03	   3.1709158e-01	  -1.1381465e+00	   3.5358496e-01	   2.4520521e+01	
   1.2220000e+03	   1.5551921e-01	  -1.4431658e+00	   4.4126282e-01	   2.4535772e+01	
   1.2230000e+03	   2.5447694e-01	  -1.3128040e+00	   4.7772418e-01	   2.4493858e+01	
   1.2240000e+03	   2.4962921e-01	  -1.1307550e+00	   5.5161733e-01	   2.4523585e+01	
   1.2250000e+03	   3.5433035e-01	  -1.2004310e+00	   4.2412240e-01	   2.4513898e+01	
   1.2260000e+03	   3.2557095e-01	  -1.4260474e+00	   4.6898500e-01	   2.4509695e+01	
   1.2270000e+03	   2.5341588e-01	  -1.4474836e+00	   6.0924006e-01	   2.4543132e+01	
   1.2280000e+03	   4.0827570e-01	  -1.1900201e+00	   4.7780723e-01	   2.4518605e+01	
   1.2290000e+03	   3.2110253e-01	  -1.3713790e+00	   4.1368074e-01	   2.4518022e+01	
   1.2300000e+03	   3.8470376e-02	  -1.9486050e+00	   2.1872836e-01	   2.4526634e+01	
   1.2310000e+03	  -7.6289552e-02	  -1.9152733e+00	   4.0443477e-01	   2.4499637e+01	
   1.2320000e+03	   1.4580822e-02	  -1.9661606e+00	   4.6726407e-01	   2.4504623e+01	
   1.2330000e+03	   2.5621472e-01	  -1.8423716e+00	   2.6152008e-01	   2.4448676e+01	
   1.2340000e+03	   2.0905361e-01	  -1.9016440e+00	   4.0218497e-01	   2.4483913e+01	
   1.2350000e+03	   7.8369909e-02	  -1.8375325e+00	   3.4191724e-01	   2.4518123e+01	
   1.2360000e+03	   3.6447786e-02	  -2.0266890e+00	   2.0153018e-01	   2.4540936e+01	
   1.2370000e+03	   1.5693522e-01	  -1.8115409e+00	   2.1017009e-01	   2.4550649e+01	
   1.2380000e+03	   9.8446094e-02	  -1.8269741e+00	   3.4698791e-01	   2.4574310e+01	
   1.2390000e+03	   4.2861479e-01	  -1.4969617e+00	   3.3892936e-01	   2.4531627e+01	
   1.2400000e+03	   3.9137638e-01	  -1.3427535e+00	   3.4181153e-01	   2.4505842e+01	
   1.2410000e+03	   3.7845955e-01	  -1.8220832e+00	   2.8766545e-01	   2.4540567e+01	
   1.2420000e+03	   4.6430481e-01	  -1.5295136e+00	   2.7882395e-01	   2.4479112e+01	
   1.2430000e+03	   3.1221704e-01	  -1.3173884e+00	   3.6170836e-01	   2.4427642e+01	
   1.2440000e+03	   2.2575759e-01	  -1.5221577e+00	   3.1630268e-01	   2.4451227e+01	
   1.2450000e+03	   4.1705801e-01	  -1.5866377e+00	   3.9832648e-01	   2.4418304e+01	
   1.2460000e+03	   1.5671137e-01	  -1.7462769e+00	   3.8315239e-01	   2.4448205e+01	
   1.2470000e+03	   6.1635018e-02	  -1.6903259e+00	   2.6990290e-01	   2.4452470e+01	
   1.2480000e+03	   2.2081232e-01	  -1.5822493e+00	   2.2713034e-01	   2.4434258e+01	
   1.2490000e+03	  -1.4244396e-01	  -1.8914336e+00	   4.1630207e-01	   2.4424132e+01	
   1.2500000e+03	   1.6040821e-01	  -1.7160866e+00	   2.8806992e-01	   2.4427395e+01	
   1.2510000e+03	   1.9498872e-01	  -1.4247031e+00	   3.6639623e-01	   2.4398144e+01	
   1.2520000e+03	  -4.0845197e-02	  -1.4037242e+00	   4.9976484e-01	   2.4471990e+01	
   1.2530000e+03	   6.0595805e-02	  -1.4959561e+00	   4.0874759e-01	   2.4452243e+01	
   1.2540000e+03	   1.7171612e-01	  -1.1665537e+00	   3.5047894e-01	   2.4445960e+01	
   1.2550000e+03	   1.9918167e-01	  -1.3465208e+00	   5.5839251e-01	   2.4469694e+01	
   1.2560000e+03	   1.7182667e-01	  -1.5519395e+00	   4.4951516e-01	   2.4489465e+01	
   1.2570000e+03	   3.4587968e-02	  -1.5940683e+00	   4.9153473e-01	   2.4484271e+01	
   1.2580000e+03	   1.4867009e-01	  -1.3408170e+00	   5.0449142e-01	   2.4460606e+01	
   1.2590000e+03	  -1.9988438e-02	  -1.6372199e+00	   5.2800626e-01	   2.4468224e+01	
   1.2600000e+03	  -8.6679700e-05	  -1.8253556e+00	   3.4163818e-01	   2.4468919e+01	
   1.2610000e+03	  -1.0663501e-01	  -1.5793591e+00	   4.4620853e-01	   2.4432605e+01	
   1.2620000e+03	   1.9776105e-01	  -1.5629941e+00	   6.3048370e-01	   2.4423254e+01	
   1.2630000e+03	   1.9549955e-02	  -1.5992305e+00	   3.1723117e-01	   2.4411883e+01	
   1.2640000e+03	   3.2645473e-01	  -1.5324903e+00	   1.4536190e-01	   2.4398407e+01	
   1.2650000e+03	   1.3914156e-01	  -1.6439166e+00	   1.1050435e-01	   2.4427717e+01	
   1.2660000e+03	   4.3519373e-01	  -1.5293620e+00	   1.4494409e-01	   2.4427032e+01	
   1.2670000e+03	   5.6790410e-01	  -1.0400899e+00	   1.0620919e-01	   2.4433848e+01	
   1.2680000e+03	   3.4270448e-01	  -1.9734154e-01	   1.5852814e-01	   2.4496841e+01	
   1.2690000e+03	   4.5117187e-01	  -5.6996614e-01	   6.3554285e-02	   2.4516562e+01	
   1.2700000e+03	   3.9014559e-01	  -5.1595232e-01	   1.8331404e-01	   2.4518301e+01	
   1.2710000e+03	   4.1603002e-01	  -5.0532949e-01	   2.1575363e-02	   2.4485305e+01	
   1.2720000e+03	   4.6991489e-01	  -8.1735329e-01	   9.9128641e-02	   2.4452716e+01	
   1.2730000e+03	   2.4737253e-01	  -4.3122922e-01	   7.1387384e-02	   2.4464124e+01	
   1.2740000e+03	   4.3027764e-01	  -1.0662321e+00	   1.1008377e-01	   2.4555043e+01	
   1.2750000e+03	   2.4482822e-01	  -9.4452276e-01	   1.2649145e-01	   2.4565880e+01	
   1.2760000e+03	   3.5799122e-01	  -9.6962088e-01	   2.0281563e-01	   2.4622065e+01	
   1.2770000e+03	   4.4538605e-01	  -1.0735481e+00	   7.0411020e-02	   2.4592703e+01	
   1.2780000e+03	   4.3375269e-01	  -1.5315168e+00	   2.0809107e-01	   2.4607550e+01	
   1.2790000e+03	   5.0594464e-01	  -1.6047550e+00	   5.7944870e-02	   2.4635549e+01	
   1.2800000e+03	   6.1197193e-01	  -1.0445459e+00	   2.0120763e-01	   2.4613605e+01	
   1.2810000e+03	   6.3649016e-01	  -1.5665961e+00	  -2.3438073e-02	   2.4570263e+01	
   1.2820000e+03	   5.8066131e-01	  -9.3375155e-01	   8.0053906e-02	   2.4562858e+01	
   1.2830000e+03	   5.9089968e-01	  -8.9691853e-01	   1.7441101e-01	   2.4515043e+01	
   1.2840000e+03	   4.7542094e-01	  -6.3869253e-01	   2.0862722e-01	   2.4537919e+01	
   1.2850000e+03	   6.2598008e-01	  -9.8067967e-01	   1.3744030e-01	   2.4527353e+01	
   1.2860000e+03	   5.1646755e-01	  -7.5762641e-01	   1.6122341e-01	   2.4540166e+01	
   1.2870000e+03	   5.0045033e-01	  -8.9145909e-01	   1.0590868e-01	   2.4522718e+01	
   1.2880000e+03	   5.1931240e-01	  -7.9935502e-01	   1.2580700e-01	   2.4507562e+01	
   1.2890000e+03	   4.6981715e-01	  -1.0693760e+00	   1.4836388e-01	   2.4513799e+01	
   1.2900000e+03	   4.1500188e-01	  -9.0201173e-01	   1.3749380e-01	   2.4472295e+01	
   1.2910000e+03	   5.5345605e-01	  -8.2815996e-01	   1.2043830e-01	   2.4478133e+01	
   1.2920000e+03	   5.1160226e-01	  -9.8669044e-01	   9.9859134e-02	   2.4504948e+01	
   1.2930000e+03	   2.5881348e-01	  -4.5307274e-01	   3.4073563e-01	   2.4489575e+01	
   1.2940000e+03	   4.3190974e-01	  -8.0507780e-01	   1.4170465e-01	   2.4503274e+01	
   1.2950000e+03	   3.7739656e-01	  -1.3533211e+00	   2.9330253e-02	   2.4508257e+01	
   1.2960000e+03	   3.8195872e-01	  -8.6847089e-01	   2.1025598e-01	   2.4484385e+01	
   1.2970000e+03	   4.9762258e-01	  -1.0539014e+00	   1.2399273e-01	   2.4463376e+01	
   1.2980000e+03	   3.6944306e-01	  -1.4741359e+00	   1.6315736e-01	   2.4487054e+01	
   1.2990000e+03	   4.4554940e-01	  -1.8199868e+00	   1.6820879e-01	   2.4517572e+01	
   1.3000000e+03	   3.9765020e-01	  -1.7699258e+00	   2.5917105e-03	   2.4507309e+01	
   1.3010000e+03	   4.3474777e-01	  -1.4881355e+00	   8.1112093e-02	   2.4502128e+01	
   1.3020000e+03	   4.1220911e-01	  -1.6069589e+00	   1.0561524e-01	   2.4495736e+01	
   1.3030000e+03	   3.6253067e-01	  -1.7810153e+00	   1.2876730e-01	   2.4527897e+01	
   1.3040000e+03	   4.1397924e-01	  -1.6330361e+00	   7.5965976e-02	   2.4490374e+01	
   1.3050000e+03	   3.9750921e-01	  -1.6768957e+00	  -2.8318793e-02	   2.4501467e+01	
   1.3060000e+03	   3.7097224e-01	  -1.7231511e+00	   5.9620475e-02	   2.4552242e+01	
   1.3070000e+03	   4.5727407e-01	  -1.5426221e+00	   9.7967626e-02	   2.4485477e+01	
   1.3080000e+03	   3.7685955e-01	  -1.6600567e+00	   1.5169963e-01	   2.4536341e+01	
   1.3090000e+03	   4.6856592e-01	  -1.6296104e+00	   1.8673096e-01	   2.4549476e+01	
   1.3100000e+03	   4.8616686e-01	  -9.8310604e-01	   1.0527849e-01	   2.4506282e+01	
   1.3110000e+03	   2.9672345e-01	  -9.5216114e-01	   1.2242013e-01	   2.4566149e+01	
   1.3120000e+03	   4.5416632e-01	  -6.4662907e-01	   8.7315647e-02	   2.4486809e+01	
   1.3130000e+03	   4.6122874e-01	  -1.4686073e+00	   1.5234077e-02	   2.4580254e+01	
   1.3140000e+03	   4.4916640e-01	  -1.0933585e+00	  -4.8014549e-02	   2.4576860e+01	
   1.3150000e+03	   5.2788585e-01	  -1.2821811e+00	   7.3620225e-02	   2.4633207e+01	
   1.3160000e+03	   2.8881073e-01	  -9.5172812e-01	   2.3104154e-01	   2.4629792e+01	
   1.3170000e+03	   4.7214632e-01	  -1.2537818e+00	   1.6216117e-01	   2.4638882e+01	
   1.3180000e+03	   5.4235192e-01	  -1.4232814e+00	   7.7107904e-02	   2.4657244e+01	
   1.3190000e+03	   3.6335689e-01	  -1.5618722e+00	   5.3545763e-02	   2.4664698e+01	
   1.3200000e+03	   4.3510701e-01	  -1.7888944e+00	   1.4775094e-01	   2.4680604e+01	
   1.3210000e+03	   5.2919711e-01	  -1.3544606e+00	   1.8419934e-01	   2.4636456e+01	
   1.3220000e+03	   4.8506361e-01	  -1.7835512e+00	   7.1798810e-02	   2.4566550e+01	
   1.3230000e+03	   5.2687901e-01	  -1.5948346e+00	   6.7373305e-03	   2.4538102e+01	
   1.3240000e+03	   6.2962250e-01	  -1.6288532e+00	   1.1611107e-01	   2.4520857e+01	
   1.3250000e+03	   3.3233946e-01	  -1.7346729e+00	   9.7966866e-02	   2.4566206e+01	
   1.3260000e+03	   3.2992668e-01	  -1.6971041e+00	   9.0673060e-02	   2.4521128e+01	
   1.3270000e+03	   5.1491121e-01	  -1.1607391e+00	   2.0059615e-01	   2.4473385e+01	
   1.3280000e+03	   4.9782896e-01	  -1.1928007e+00	  -3.0012809e-02	   2.4449559e+01	
   1.3290000e+03	   5.8646904e-01	  -9.9071049e-01	   6.3243583e-02	   2.4424963e+01	
   1.3300000e+03	   5.6631204e-01	  -9.7481147e-01	   9.1439819e-02	   2.4487137e+01	
   1.3310000e+03	   4.6739660e-01	  -1.5972674e+00	   9.5890917e-02	   2.4562990e+01	
   1.3320000e+03	   4.2077742e-01	  -1.9709279e+00	   1.6829586e-02	   2.4563003e+01	
   1.3330000e+03	   5.6189308e-01	  -1.8065438e+00	   9.8370839e-02	   2.4480868e+01	
   1.3340000e+03	   2.4696379e-01	  -1.8348189e+00	   3.0009299e-02	   2.4491655e+01	
   1.3350000e+03	   4.1326047e-01	  -1.7396266e+00	   8.5013396e-02	   2.4492066e+01	
   1.3360000e+03	   2.1631204e-01	  -2.0856982e+00	   6.2007424e-02	   2.4521322e+01	
   1.3370000e+03	   4.0209086e-01	  -1.6234838e+00	   1.8971176e-01	   2.4515974e+01	
   1.3380000e+03	   2.9092177e-01	  -1.7148624e+00	   3.2448669e-02	   2.4517872e+01	
   1.3390000e+03	   2.9765978e-01	  -1.8241628e+00	   6.5503880e-02	   2.4504157e+01	
   1.3400000e+03	   5.6773717e-01	  -1.8397291e+00	   7.9956062e-02	   2.4483365e+01	
   1.3410000e+03	   5.2094851e-01	  -1.4451120e+00	   1.8234111e-01	   2.4504922e+01	
   1.3420000e+03	   1.8565032e-01	  -1.8476591e+00	   3.9914143e-02	   2.4595652e+01	
   1.3430000e+03	   2.2616060e-01	  -1.7536505e+00	   2.1272277e-02	   2.4583786e+01	
   1.3440000e+03	   4.0236255e-01	  -1.7517008e+00	   1.0900078e-01	   2.4564298e+01	
   1.3450000e+03	   3.1768123e-01	  -1.8030783e+00	   1.3823042e-01	   2.4626177e+01	
   1.3460000e+03	   4.1036310e-01	  -1.4907690e+00	   1.7867212e-01	   2.4594048e+01	
   1.3470000e+03	   4.8352690e-01	  -1.6722732e+00	   1.3605642e-01	   2.4659328e+01	
   1.3480000e+03	   6.0314013e-01	  -1.5331708e+00	   1.9771013e-01	   2.4627070e+01	
   1.3490000e+03	   5.3298069e-01	  -1.4118342e+00	   1.9618187e-01	   2.4649284e+01	
   1.3500000e+03	   5.2596550e-01	  -1.5078924e+00	   1.8963776e-01	   2.4684321e+01	
   1.3510000e+03	   3.4342066e-01	  -1.4233618e+00	   3.9754778e-02	   2.4718578e+01	
   1.3520000e+03	   5.1986840e-01	  -1.4607172e+00	   1.8101320e-01	   2.4685595e+01	
   1.3530000e+03	   4.7613508e-01	  -1.2695624e+00	   9.9510587e-02	   2.4658923e+01	
   1.3540000e+03	   4.7847282e-01	  -1.2392986e+00	   1.5968648e-01	   2.4598487e+01	
   1.3550000e+03	   3.5209399e-01	  -1.4041720e+00	   5.6435205e-02	   2.4611813e+01	
   1.3560000e+03	   4.0718355e-01	  -8.3352909e-01	   1.7219410e-01	   2.4572668e+01	
   1.3570000e+03	   3.2398653e-01	  -8.2557681e-01	   9.8369023e-02	   2.4599230e+01	
   1.3580000e+03	   3.6719387e-01	  -1.7057924e+00	   8.6019412e-02	   2.4590313e+01	
   1.3590000e+03	   2.2810440e-01	  -1.5050276e+00	   2.0385589e-01	   2.4555763e+01	
   1.3600000e+03	   6.0732520e-01	  -1.4763574e+00	   2.0613222e-01	   2.4530990e+01	
   1.3610000e+03	   4.9199237e-01	  -1.1520841e+00	   2.2509317e-01	   2.4537229e+01	
   1.3620000e+03	   4.1845827e-01	  -8.2054443e-01	   2.3558339e-01	   2.4540136e+01	
   1.3630000e+03	   5.5246830e-01	  -1.2634401e+00	   1.5973826e-01	   2.4515474e+01	
   1.3640000e+03	   3.1838112e-01	  -7.4780490e-01	   2.5335551e-01	   2.4488804e+01	
   1.3650000e+03	   4.7875433e-01	  -8.7147707e-01	   2.6116532e-01	   2.4483018e+01	
   1.3660000e+03	   5.1268303e-01	  -1.0954494e+00	   1.7991877e-01	   2.4494461e+01	
   1.3670000e+03	   2.7350322e-01	  -1.0053537e+00	   1.9492846e-01	   2.4499099e+01	
   1.3680000e+03	   3.8853435e-01	  -7.0158814e-01	   2.4769154e-01	   2.4500538e+01	
   1.3690000e+03	   3.3212236e-01	  -8.3206097e-01	   1.7293558e-01	   2.4515331e+01	
   1.3700000e+03	   4.7197401e-01	  -1.0309438e+00	   1.8426523e-01	   2.4464364e+01	
   1.3710000e+03	   2.2658290e-01	  -1.5238618e+00	   1.7203531e-01	   2.4436892e+01	
   1.3720000e+03	   1.7673626e-01	  -1.3012997e+00	   2.3056583e-01	   2.4443396e+01	
   1.3730000e+03	   2.6061612e-01	  -1.2236465e+00	   2.8797075e-01	   2.4457398e+01	
   1.3740000e+03	   4.6463234e-01	  -1.2651109e+00	   2.1756401e-01	   2.4418378e+01	
   1.3750000e+03	   4.3704630e-01	  -1.4831381e+00	   2.6926412e-01	   2.4409270e+01	
   1.3760000e+03	   4.1547851e-01	  -1.1352977e+00	   4.2795688e-01	   2.4436351e+01	
   1.3770000e+03	   4.8514332e-01	  -1.5953598e+00	   1.9062376e-01	   2.4451342e+01	
   1.3780000e+03	   3.4417868e-01	  -1.5229876e+00	   2.3402718e-01	   2.4440265e+01	
   1.3790000e+03	   4.4210575e-01	  -1.2661834e+00	   1.5254487e-01	   2.4407301e+01	
   1.3800000e+03	   2.7087747e-01	  -1.2381889e+00	   2.6337538e-01	   2.4427555e+01	
   1.3810000e+03	   1.9896041e-01	  -1.8000717e+00	   7.7367787e-02	   2.4480411e+01	
   1.3820000e+03	   1.5017880e-01	  -1.8812821e+00	   1.9313851e-01	   2.4474330e+01	
   1.3830000e+03	   3.5227547e-01	  -1.4595147e+00	   6.0942181e-02	   2.4464664e+01	
   1.3840000e+03	   2.8286610e-01	  -1.4592073e+00	   2.6343926e-01	   2.4456908e+01	
   1.3850000e+03	   5.6624898e-01	  -1.4267790e+00	   6.6883756e-02	   2.4472008e+01	
   1.3860000e+03	   4.1657933e-01	  -1.7927238e+00	   1.5744305e-01	   2.4563855e+01	
   1.3870000e+03	   4.0514489e-01	  -1.5128410e+00	   2.3044499e-01	   2.4546352e+01	
   1.3880000e+03	   4.6568605e-01	  -1.3430162e+00	   1.5998009e-01	   2.4584982e+01	
   1.3890000e+03	   5.7830478e-01	  -1.0594195e+00	   2.7638797e-01	   2.4579574e+01	
   1.3900000e+03	   2.5834902e-01	  -1.3391850e+00	   3.1918984e-01	   2.4580233e+01	
   1.3910000e+03	   4.7548854e-01	  -1.0972034e+00	   2.5715275e-01	   2.4604703e+01	
   1.3920000e+03	   5.4688521e-01	  -1.4774040e+00	   2.5143250e-01	   2.4602008e+01	
   1.3930000e+03	   4.6303661e-01	  -1.7226769e+00	   1.9338226e-01	   2.4572968e+01	
   1.3940000e+03	   2.0496033e-01	  -1.6075113e+00	   2.9023054e-01	   2.4539847e+01	
   1.3950000e+03	   2.4676113e-01	  -1.5488699e+00	   2.0116749e-01	   2.4512617e+01	
   1.3960000e+03	   2.9766893e-01	  -1.5898176e+00	   1.7660103e-01	   2.4501003e+01	
   1.3970000e+03	   2.5434513e-01	  -1.4596898e+00	   2.6254807e-01	   2.4512648e+01	
   1.3980000e+03	   1.2841092e-01	  -1.8537723e+00	   2.4388161e-01	   2.4493780e+01	
   1.3990000e+03	   2.0051480e-01	  -1.6403804e+00	   2.4138927e-01	   2.4540183e+01	
   1.4000000e+03	   4.6398692e-01	  -1.6101305e+00	   2.2023067e-01	   2.4499081e+01	
   1.4010000e+03	   1.3558056e-01	  -1.6409903e+00	   2.9898605e-01	   2.4496191e+01	
   1.4020000e+03	   1.6030786e-01	  -1.6017682e+00	   1.5482263e-01	   2.4490552e+01	
   1.4030000e+03	   3.2470141e-01	  -1.5908703e+00	   2.3991995e-01	   2.4478174e+01	
   1.4040000e+03	   3.7654091e-01	  -1.4985694e+00	   2.2475242e-01	   2.4439376e+01	
   1.4050000e+03	   2.4926339e-01	  -1.5743028e+00	   1.8989171e-01	   2.4470388e+01	
   1.4060000e+03	   1.0299310e-01	  -1.8370467e+00	   2.7400942e-01	   2.4502770e+01	
   1.4070000e+03	   1.3953859e-01	  -1.7945973e+00	   7.3414329e-02	   2.4514892e+01	
   1.4080000e+03	   1.3981028e-01	  -1.7243152e+00	   2.2803107e-01	   2.4475450e+01	
   1.4090000e+03	   2.4657756e-01	  -1.7342475e+00	   2.0658951e-01	   2.4493451e+01	
   1.4100000e+03	   1.1475306e-01	  -1.8495225e+00	   1.4558478e-01	   2.4485542e+01	
   1.4110000e+03	   1.1343449e-01	  -1.9182311e+00	   1.3795138e-01	   2.4488477e+01	
   1.4120000e+03	   2.7964400e-01	  -1.7896014e+00	   2.8741953e-01	   2.4507385e+01	
   1.4130000e+03	   1.4880418e-01	  -1.6795775e+00	   2.9514666e-01	   2.4467135e+01	
   1.4140000e+03	  -2.6394551e-01	  -1.9740737e+00	   7.0820246e-01	   2.4499208e+01	
   1.4150000e+03	  -8.5737988e-02	  -1.8400819e+00	   6.6635374e-01	   2.4507884e+01	
   1.4160000e+03	  -1.4568081e-01	  -1.6038101e+00	   6.5231800e-01	   2.4456390e+01	
   1.4170000e+03	  -5.0520036e-01	  -1.9444939e+00	   6.8093653e-01	   2.4496086e+01	
   1.4180000e+03	  -3.2199338e-01	  -1.5056384e+00	   6.6932534e-01	   2.4457524e+01	
   1.4190000e+03	  -3.8994257e-01	  -1.7506297e+00	   4.6366262e-01	   2.4534690e+01	
   1.4200000e+03	  -4.3832129e-01	  -2.2285717e+00	   3.6398935e-01	   2.4606691e+01	
   1.4210000e+03	  -3.4844143e-01	  -2.1377453e+00	   6.5584995e-01	   2.4620947e+01	
   1.4220000e+03	  -2.9183874e-01	  -2.0772933e+00	   6.9857330e-01	   2.4555090e+01	
   1.4230000e+03	  -3.2061089e-01	  -1.8717598e+00	   6.9597025e-01	   2.4515459e+01	
   1.4240000e+03	  -7.7214725e-02	  -1.6955378e+00	   7.4763517e-01	   2.4473287e+01	
   1.4250000e+03	  -1.9141847e-01	  -1.7039366e+00	   7.1548501e-01	   2.4445662e+01	
   1.4260000e+03	  -2.9923524e-01	  -1.9730981e+00	   6.0759869e-01	   2.4432088e+01	
   1.4270000e+03	  -7.2799013e-02	  -1.1991126e+00	   4.9853497e-01	   2.4387029e+01	
   1.4280000e+03	  -1.7237481e-02	  -1.0615239e+00	   5.2057365e-01	   2.4397372e+01	
   1.4290000e+03	  -2.3556871e-01	  -1.7350783e+00	   6.2704737e-01	   2.4460331e+01	
   1.4300000e+03	  -1.1198852e-01	  -1.7072939e+00	   6.7623548e-01	   2.4464504e+01	
   1.4310000e+03	  -2.9954968e-01	  -2.0849794e+00	   7.1303178e-01	   2.4504842e+01	
   1.4320000e+03	  -5.7292262e-02	  -1.9204581e+00	   6.7854042e-01	   2.4557074e+01	
   1.4330000e+03	  -2.3353387e-02	  -2.0498992e+00	   7.4570534e-01	   2.4604791e+01	
   1.4340000e+03	   1.7998124e-01	  -1.8917303e+00	   9.4452490e-01	   2.4572432e+01	
   1.4350000e+03	  -1.1541699e-01	  -2.2064059e+00	   6.4900319e-01	   2.4591616e+01	
   1.4360000e+03	   4.9784449e-02	  -2.0621489e+00	   1.0018208e+00	   2.4525742e+01	
   1.4370000e+03	  -3.5696222e-02	  -2.1463891e+00	   8.8711345e-01	   2.4530279e+01	
   1.4380000e+03	   5.4221048e-02	  -1.9143299e+00	   8.3950676e-01	   2.4534547e+01	
   1.4390000e+03	  -5.6383050e-02	  -2.0232619e+00	   8.6734304e-01	   2.4517365e+01	
   1.4400000e+03	  -8.2003375e-02	  -1.9413804e+00	   7.6090125e-01	   2.4525263e+01	
   1.4410000e+03	   1.8958750e-01	  -1.7504328e+00	   6.7977328e-01	   2.4417849e+01	
   1.4420000e+03	   1.1153679e-01	  -2.0167597e+00	   9.2155466e-01	   2.4475837e+01	
   1.4430000e+03	   8.1429419e-03	  -2.0933603e+00	   8.3222808e-01	   2.4487918e+01	
   1.4440000e+03	   1.0787162e-01	  -2.2854573e+00	   9.4788356e-01	   2.4437703e+01	
   1.4450000e+03	   5.7185461e-02	  -2.2730735e+00	   8.2214554e-01	   2.4488251e+01	
   1.4460000e+03	   1.5633172e-01	  -2.3587763e+00	   9.8823027e-01	   2.4351107e+01	
   1.4470000e+03	   1.3650533e-01	  -2.1473523e+00	   8.6100702e-01	   2.4337668e+01	
   1.4480000e+03	   8.6870205e-03	  -2.3246227e+00	   8.7219290e-01	   2.4401466e+01	
   1.4490000e+03	  -5.1932994e-02	  -2.4335161e+00	   1.0031307e+00	   2.4475563e+01	
   1.4500000e+03	   1.0803318e-01	  -2.1185195e+00	   9.4281457e-01	   2.4484370e+01	
   1.4510000e+03	   9.7059627e-02	  -1.8433161e+00	   9.3178238e-01	   2.4478304e+01	
   1.4520000e+03	   1.5746279e-01	  -1.5029456e+00	   8.1029799e-01	   2.4459322e+01	
   1.4530000e+03	   2.2626972e-02	  -1.9302218e+00	   9.3744025e-01	   2.4483037e+01	
   1.4540000e+03	   6.8328280e-02	  -1.5883267e+00	   8.2109677e-01	   2.4388384e+01	
   1.4550000e+03	   3.9766245e-01	  -1.2129358e+00	   6.6105225e-01	   2.4382415e+01	
   1.4560000e+03	   8.1727976e-02	  -1.7526960e+00	   7.5214111e-01	   2.4432668e+01	
   1.4570000e+03	   1.4807442e-01	  -2.2975796e+00	   7.8947578e-01	   2.4424046e+01	
   1.4580000e+03	  -8.0933096e-02	  -2.1043208e+00	   7.7154446e-01	   2.4412340e+01	
   1.4590000e+03	   1.4229786e-01	  -1.9766593e+00	   7.7420283e-01	   2.4379062e+01	
   1.4600000e+03	   6.9443708e-02	  -1.7500322e+00	   7.4662956e-01	   2.4378349e+01	
   1.4610000e+03	   2.2145233e-01	  -1.5394524e+00	   7.4693864e-01	   2.4361402e+01	
   1.4620000e+03	   1.4873582e-01	  -1.7789938e+00	   7.3250198e-01	   2.4364358e+01	
   1.4630000e+03	   1.0894071e-01	  -1.8289038e+00	   7.4785353e-01	   2.4329555e+01	
   1.4640000e+03	   1.5173836e-01	  -1.6887487e+00	   7.5908297e-01	   2.4298466e+01	
   1.4650000e+03	   1.8164692e-01	  -1.7571207e+00	   7.2941210e-01	   2.4352246e+01	
   1.4660000e+03	   2.0609446e-01	  -1.7612346e+00	   7.9905139e-01	   2.4392933e+01	
   1.4670000e+03	   5.7108971e-02	  -2.0605030e+00	   7.6793572e-01	   2.4390384e+01	
   1.4680000e+03	   1.5790243e-01	  -1.6364138e+00	   8.2479840e-01	   2.4372890e+01	
   1.4690000e+03	   2.9293633e-02	  -2.1042286e+00	   8.1630554e-01	   2.4381779e+01	
   1.4700000e+03	   6.8000415e-02	  -2.3749913e+00	   8.1722414e-01	   2.4381730e+01	
   1.4710000e+03	   6.5682127e-02	  -2.1215248e+00	   7.5177717e-01	   2.4355545e+01	
   1.4720000e+03	   4.1815942e-02	  -2.0907609e+00	   8.4576334e-01	   2.4335786e+01	
   1.4730000e+03	  -6.3669106e-02	  -1.5987546e+00	   8.5430522e-01	   2.4307063e+01	
   1.4740000e+03	   6.7730897e-02	  -2.0255661e+00	   8.7440423e-01	   2.4304081e+01	
   1.4750000e+03	   1.6238824e-01	  -2.0566708e+00	   8.8216040e-01	   2.4315566e+01	
   1.4760000e+03	  -9.2050737e-02	  -2.2583003e+00	   9.5084755e-01	   2.4300049e+01	
   1.4770000e+03	   1.1874894e-01	  -2.2040456e+00	   8.1469226e-01	   2.4329661e+01	
   1.4780000e+03	   1.9680729e-01	  -1.9162252e+00	   8.3512973e-01	   2.4340646e+01	
   1.4790000e+03	   9.4431122e-02	  -2.0144215e+00	   8.9628417e-01	   2.4381110e+01	
   1.4800000e+03	   1.8479052e-02	  -1.6471536e+00	   7.7866563e-01	   2.4401105e+01	
   1.4810000e+03	   8.0626293e-02	  -2.0634944e+00	   9.0790875e-01	   2.4392878e+01	
   1.4820000e+03	   2.8383547e-02	  -2.0954618e+00	   8.1433447e-01	   2.4408368e+01	
   1.4830000e+03	  -4.9543855e-02	  -2.0515627e+00	   8.7323390e-01	   2.4387701e+01	
   1.4840000e+03	  -5.0610257e-02	  -2.0806446e+00	   9.1959376e-01	   2.4488120e+01	
   1.4850000e+03	  -3.4016611e-02	  -2.1012770e+00	   9.7669089e-01	   2.4512142e+01	
   1.4860000e+03	   2.4273092e-01	  -1.7201970e+00	   8.6493732e-01	   2.4492769e+01	
   1.4870000e+03	  -2.7364521e-01	  -2.3672566e+00	   9.3127557e-01	   2.4597784e+01	
   1.4880000e+03	  -2.5558930e-01	  -2.3594027e+00	   8.2310235e-01	   2.4637947e+01	
   1.4890000e+03	  -2.5880832e-01	  -2.2316643e+00	   7.6770675e-01	   2.4615860e+01	
   1.4900000e+03	  -1.1424695e-01	  -2.1155901e+00	   8.9441393e-01	   2.4533725e+01	
   1.4910000e+03	  -3.0714994e-02	  -2.0893302e+00	   8.9315106e-01	   2.4470255e+01	
   1.4920000e+03	  -2.4917308e-01	  -2.2091264e+00	   8.4246138e-01	   2.4489488e+01	
   1.4930000e+03	   2.4054250e-02	  -1.8967764e+00	   8.8362302e-01	   2.4481137e+01	
   1.4940000e+03	   8.9024167e-02	  -2.1957113e+00	   7.6453170e-01	   2.4553410e+01	
   1.4950000e+03	  -1.1989947e-01	  -2.1399678e+00	   8.9948758e-01	   2.4504937e+01	
   1.4960000e+03	  -2.6156997e-02	  -2.1673343e+00	   8.6232321e-01	   2.4540259e+01	
   1.4970000e+03	  -3.0596188e-01	  -2.4619041e+00	   9.0371077e-01	   2.4550042e+01	
   1.4980000e+03	  -1.9280396e-01	  -2.4269424e+00	   7.4188167e-01	   2.4531751e+01	
   1.4990000e+03	  -3.9971736e-02	  -2.1962197e+00	   6.4361487e-01	   2.4457613e+01	
   1.5000000e+03	  -2.3052369e-01	  -2.0127263e+00	   6.1641674e-01	   2.4448722e+01	
   1.5010000e+03	  -2.1046457e-01	  -2.2769495e+00	   8.1407242e-01	   2.4435973e+01	
   1.5020000e+03	  -3.6303817e-01	  -2.0157843e+00	   5.4948568e-01	   2.4507554e+01	
   1.5030000e+03	  -2.9391402e-01	  -2.0570330e+00	   6.4267514e-01	   2.4492008e+01	
   1.5040000e+03	  -3.2365827e-01	  -2.1832234e+00	   6.0228756e-01	   2.4570756e+01	
   1.5050000e+03	  -1.3652792e-01	  -2.2146659e+00	   7.6514932e-01	   2.4475528e+01	
   1.5060000e+03	  -4.9426413e-01	  -2.4848406e+00	   7.1132955e-01	   2.4517582e+01	
   1.5070000e+03	  -4.4597187e-01	  -2.2090547e+00	   6.2579243e-01	   2.4537167e+01	
   1.5080000e+03	  -5.7022579e-02	  -2.2194779e+00	   8.4159582e-01	   2.4504654e+01	
   1.5090000e+03	  -2.7587337e-01	  -2.0790593e+00	   6.2547406e-01	   2.4521960e+01	
   1.5100000e+03	  -3.8275001e-01	  -2.3597624e+00	   8.3221276e-01	   2.4498780e+01	
   1.5110000e+03	  -3.4983327e-01	  -2.3362615e+00	   6.4802378e-01	   2.4487584e+01	
   1.5120000e+03	   1.2577628e-01	  -1.7766188e+00	   6.9564343e-01	   2.4418985e+01	
   1.5130000e+03	  -1.2634802e-01	  -2.0855173e+00	   8.4667306e-01	   2.4470976e+01	
   1.5140000e+03	  -7.6638410e-02	  -2.0722516e+00	   8.6943149e-01	   2.4395772e+01	
   1.5150000e+03	   7.8252730e-03	  -1.9663368e+00	   8.4449371e-01	   2.4477316e+01	
   1.5160000e+03	  -5.0416656e-02	  -2.1498831e+00	   8.9917375e-01	   2.4521188e+01	
   1.5170000e+03	   7.0075033e-02	  -2.1313635e+00	   1.0746224e+00	   2.4494348e+01	
   1.5180000e+03	   1.1059435e-01	  -1.9386152e+00	   8.7177714e-01	   2.4529298e+01	
   1.5190000e+03	  -1.1118639e-01	  -2.1263525e+00	   8.2049814e-01	   2.4541739e+01	
   1.5200000e+03	   2.0153904e-01	  -1.4073275e+00	   7.4960664e-01	   2.4484218e+01	
   1.5210000e+03	  -1.0684423e-01	  -1.7254693e+00	   8.7123892e-01	   2.4491036e+01	
   1.5220000e+03	   8.8738840e-02	  -1.8394899e+00	   9.2945194e-01	   2.4498114e+01	
   1.5230000e+03	  -2.8338883e-01	  -2.1714263e+00	   7.1513845e-01	   2.4457762e+01	
   1.5240000e+03	  -8.7581643e-02	  -2.1632264e+00	   7.5889201e-01	   2.4414685e+01	
   1.5250000e+03	   1.2402812e-02	  -2.0640198e+00	   8.3321026e-01	   2.4412879e+01	
   1.5260000e+03	  -1.9773742e-01	  -2.1556902e+00	   7.8625998e-01	   2.4403709e+01	
   1.5270000e+03	   6.2185575e-02	  -1.7785330e+00	   7.6780158e-01	   2.4348831e+01	
   1.5280000e+03	  -1.1504185e-01	  -2.1564763e+00	   7.1947787e-01	   2.4336102e+01	
   1.5290000e+03	  -1.5549318e-01	  -2.3040486e+00	   5.9637431e-01	   2.4425404e+01	
   1.5300000e+03	  -2.7206410e-02	  -2.3245312e+00	   6.9879799e-01	   2.4429305e+01	
   1.5310000e+03	   1.6190805e-01	  -2.3578597e+00	   8.9343628e-01	   2.4385404e+01	
   1.5320000e+03	   1.3128271e-01	  -1.7521843e+00	   5.8144959e-01	   2.4349304e+01	
   1.5330000e+03	   7.5371640e-02	  -2.0843872e+00	   7.0742121e-01	   2.4372648e+01	
   1.5340000e+03	  -7.3039246e-02	  -2.1613201e+00	   7.5560287e-01	   2.4323181e+01	
   1.5350000e+03	  -3.1102462e-02	  -2.1922508e+00	   7.4487219e-01	   2.4320688e+01	
   1.5360000e+03	   1.4536152e-01	  -1.3672880e+00	   7.2871893e-01	   2.4272704e+01	
   1.5370000e+03	  -1.0635881e-01	  -2.1296468e+00	   7.7383622e-01	   2.4349778e+01	
   1.5380000e+03	   4.7753620e-02	  -1.8508517e+00	   7.1758605e-01	   2.4296207e+01	
   1.5390000e+03	  -3.8395987e-01	  -2.2687677e+00	   8.9090997e-01	   2.4415835e+01	
   1.5400000e+03	  -8.6631863e-02	  -2.0693409e+00	   6.4628363e-01	   2.4362614e+01	
   1.5410000e+03	  -1.0019863e-01	  -2.1269969e+00	   6.4193600e-01	   2.4343779e+01	
   1.5420000e+03	  -1.1729985e-01	  -2.2337837e+00	   6.4114932e-01	   2.4359114e+01	
   1.5430000e+03	  -1.1830082e-01	  -2.2386626e+00	   5.7788505e-01	   2.4353718e+01	
   1.5440000e+03	  -2.9896068e-02	  -1.8358503e+00	   8.0556348e-01	   2.4299484e+01	
   1.5450000e+03	  -2.3407203e-01	  -1.7371972e+00	   6.2260094e-01	   2.4331359e+01	
   1.5460000e+03	  -1.3229238e-01	  -1.9326614e+00	   6.8991977e-01	   2.4387416e+01	
   1.5470000e+03	  -1.6057472e-01	  -1.7245888e+00	   7.8211417e-01	   2.4402538e+01	
   1.5480000e+03	  -2.9713432e-01	  -2.1648900e+00	   6.9014894e-01	   2.4515980e+01	
   1.5490000e+03	   1.4283802e-01	  -1.6460747e+00	   6.5410526e-01	   2.4474692e+01	
   1.5500000e+03	   4.1219263e-01	  -1.0456096e+00	   6.8780977e-01	   2.4426550e+01	
   1.5510000e+03	   1.5200414e-01	  -1.5622797e+00	   6.2950240e-01	   2.4469305e+01	
   1.5520000e+03	   2.4166822e-01	  -1.2558600e+00	   6.5178060e-01	   2.4428905e+01	
   1.5530000e+03	   2.6076928e-01	  -1.5681416e+00	   7.2227032e-01	   2.4464135e+01	
   1.5540000e+03	   2.8741446e-01	  -1.7037086e+00	   7.0481055e-01	   2.4434592e+01	
   1.5550000e+03	   3.8850527e-01	  -1.5041361e+00	   7.7619812e-01	   2.4395370e+01	
   1.5560000e+03	   1.1730748e-01	  -1.9537988e+00	   8.8805641e-01	   2.4427414e+01	
   1.5570000e+03	   2.3424158e-01	  -1.8874494e+00	   9.7821783e-01	   2.4409741e+01	
   1.5580000e+03	   2.1125965e-01	  -1.7568438e+00	   7.9597340e-01	   2.4393491e+01	
   1.5590000e+03	   3.9439482e-02	  -1.8083590e+00	   9.8382492e-01	   2.4408990e+01	
   1.5600000e+03	   1.5249262e-01	  -1.4725710e+00	   7.6208842e-01	   2.4362244e+01	
   1.5610000e+03	   2.5927219e-01	  -1.1263933e+00	   7.3739000e-01	   2.4334935e+01	
   1.5620000e+03	   7.4008366e-02	  -1.2539516e+00	   6.8232517e-01	   2.4409430e+01	
   1.5630000e+03	   1.5886849e-01	  -1.8522105e+00	   8.4519495e-01	   2.4422924e+01	
   1.5640000e+03	   1.1147241e-01	  -1.8979589e+00	   8.2454221e-01	   2.4381349e+01	
   1.5650000e+03	   1.1176834e-01	  -1.8910167e+00	   6.7911032e-01	   2.4380219e+01	
   1.5660000e+03	   1.2627078e-01	  -2.0396971e+00	   8.8800158e-01	   2.4424984e+01	
   1.5670000e+03	  -3.5674207e-02	  -2.2291212e+00	   8.3592762e-01	   2.4421043e+01	
   1.5680000e+03	   2.2256318e-01	  -1.7005326e+00	   9.0555266e-01	   2.4370236e+01	
   1.5690000e+03	   3.6910528e-02	  -1.8250686e+00	   7.7965916e-01	   2.4438621e+01	
   1.5700000e+03	   9.1700543e-02	  -1.1636929e+00	   3.1263857e-01	   2.4370747e+01	
   1.5710000e+03	   1.6518688e-01	  -2.9994183e-01	   2.2649813e-01	   2.4277894e+01	
   1.5720000e+03	   6.6779151e-03	  -4.1741085e-01	  -1.0375290e-01	   2.4322663e+01	
   1.5730000e+03	  -6.0530182e-02	  -3.0305061e-01	   4.4854164e-02	   2.4325725e+01	
   1.5740000e+03	   2.0249313e-03	  -8.2813931e-02	   2.4759869e-02	   2.4393967e+01	
   1.5750000e+03	  -9.0850920e-02	  -1.4801168e-01	  -1.1581221e-01	   2.4392860e+01	
   1.5760000e+03	   6.6027640e-02	  -1.6765166e-01	  -1.7034930e-01	   2.4381213e+01	
   1.5770000e+03	   1.1570587e-01	  -1.4450742e-01	  -1.1605262e-03	   2.4369008e+01	
   1.5780000e+03	   6.4188860e-02	  -9.7956752e-02	   9.0162180e-02	   2.4420821e+01	
   1.5790000e+03	   9.3063260e-02	  -8.8854029e-02	   3.4733009e-02	   2.4375323e+01	
   1.5800000e+03	   1.2078074e-01	  -4.8308851e-02	   1.4963627e-02	   2.4351190e+01	
   1.5810000e+03	   9.6940804e-02	  -6.6063785e-02	   6.8550104e-04	   2.4392830e+01	
   1.5820000e+03	   1.1320667e-01	  -4.4960784e-02	  -2.1343995e-02	   2.4366644e+01	
   1.5830000e+03	   1.0143043e-01	  -3.4930325e-02	   2.7448273e-02	   2.4364099e+01	
   1.5840000e+03	   1.4846631e-01	  -4.5882701e-02	  -1.3838673e-02	   2.4325352e+01	
   1.5850000e+03	   9.5237062e-02	  -4.1300774e-02	  -1.8887233e-02	   2.4318396e+01	
   1.5860000e+03	   7.9625607e-02	  -3.4195519e-02	  -3.2470225e-02	   2.4345427e+01	
   1.5870000e+03	   6.9150257e-02	  -3.7425328e-02	  -4.9749184e-02	   2.4362960e+01	
   1.5880000e+03	   6.5620517e-02	  -3.1936551e-02	  -6.0337925e-02	   2.4366025e+01	
   1.5890000e+03	   5.4856872e-02	  -3.8044072e-02	  -4.8925018e-02	   2.4354954e+01	
   1.5900000e+03	   7.8700447e-02	  -1.2213134e-02	  -2.5647259e-02	   2.4368871e+01	
   1.5910000e+03	   8.7765982e-02	  -8.1128123e-03	   1.8472481e-02	   2.4368533e+01	
   1.5920000e+03	   8.0092050e-02	  -1.2782860e-02	   2.1020985e-02	   2.4377535e+01	
   1.5930000e+03	   5.6447792e-02	  -2.1227073e-02	  -3.4320835e-03	   2.4375532e+01	
   1.5940000e+03	   4.3690490e-02	  -1.2141513e-02	   2.8576851e-03	   2.4371905e+01	
   1.5950000e+03	   3.1631088e-02	  -3.6688041e-02	   1.2969971e-02	   2.4337631e+01	
   1.5960000e+03	   1.8145943e-02	  -4.9807644e-02	   1.1084366e-02	   2.4305135e+01	
   1.5970000e+03	   3.1359673e-02	  -1.6249943e-02	  -2.2707012e-04	   2.4300849e+01	
   1.5980000e+03	   4.0400029e-02	   1.9227505e-02	   3.0840301e-02	   2.4272908e+01	
   1.5990000e+03	   7.1325970e-02	   1.4107417e-02	   2.8349686e-02	   2.4271558e+01	
   1.6000000e+03	   9.4172670e-02	   1.1945152e-02	   3.1279754e-02	   2.4309355e+01	
   1.6010000e+03	   1.1912441e-01	   5.1210307e-02	   9.7443588e-03	   2.4317755e+01	
   1.6020000e+03	   1.1899902e-01	   5.6127644e-02	   3.4278869e-03	   2.4350933e+01	
   1.6030000e+03	   1.1708193e-01	   4.3279267e-02	   2.4360180e-02	   2.4357152e+01	
   1.6040000e+03	   9.6719458e-02	   3.0037499e-02	   1.0449505e-02	   2.4429666e+01	
   1.6050000e+03	   7.8789234e-02	   4.6198655e-02	   1.2463093e-02	   2.4389444e+01	
   1.6060000e+03	   8.7043475e-02	   3.5459040e-02	   1.5528297e-02	   2.4444454e+01	
   1.6070000e+03	   1.0714475e-01	   5.6235600e-02	   2.8631686e-02	   2.4441343e+01	
   1.6080000e+03	   1.1850272e-01	   5.6424141e-02	   4.1573620e-02	   2.4406434e+01	
   1.6090000e+03	   1.2299594e-01	   4.5146275e-02	   5.4117966e-02	   2.4334057e+01	
   1.6100000e+03	   1.1436730e-01	   3.7794876e-02	   5.2114772e-02	   2.4309136e+01	
   1.6110000e+03	   1.1446380e-01	   2.5975132e-02	   4.2597963e-02	   2.4288657e+01	
   1.6120000e+03	   8.8585280e-02	   1.3434410e-02	   3.4436894e-02	   2.4287775e+01	
   1.6130000e+03	   8.8129711e-02	  -1.2034702e-02	   3.1340789e-02	   2.4306749e+01	
   1.6140000e+03	   8.8533591e-02	   5.9502597e-03	   2.4113083e-02	   2.4259523e+01	
   1.6150000e+03	   5.3903676e-02	   9.2545499e-03	   1.9487857e-02	   2.4295084e+01	
   1.6160000e+03	   5.1082898e-02	   3.0135152e-03	   1.3529969e-02	   2.4278019e+01	
   1.6170000e+03	   5.5382824e-02	  -2.1254253e-02	   1.0118675e-02	   2.4245598e+01	
   1.6180000e+03	   5.1728153e-02	  -2.5384236e-02	   9.4423289e-04	   2.4253086e+01	
   1.6190000e+03	   3.2675265e-02	  -3.3896255e-02	  -2.7618415e-04	   2.4242608e+01	
   1.6200000e+03	   4.2637634e-02	  -2.6308727e-02	  -1.4428139e-03	   2.4251433e+01	
