"2025-04-08 16:56:00",3838,0.0449791,0.03098869,-0.005111694,24.03425
"2025-04-08 16:56:00.05",3839,0.04820061,0.03285599,-0.003616333,24.05816
"2025-04-08 16:56:00.1",3840,0.04810905,0.03311348,-0.004646301,24.08564
"2025-04-08 16:56:00.15",3841,0.04871178,0.03279686,-0.003477097,24.06797
"2025-04-08 16:56:00.2",3842,0.05276299,0.03525162,-0.00476265,24.06827
"2025-04-08 16:56:00.25",3843,0.04860306,0.03164101,-0.002052307,24.06939
"2025-04-08 16:56:00.3",3844,0.05205727,0.03229904,-0.002401352,24.07037
"2025-04-08 16:56:00.35",3845,0.05195427,0.0321312,-0.00161171,24.09161
"2025-04-08 16:56:00.4",3846,0.05238724,0.03260422,-0.004516602,24.08968
"2025-04-08 16:56:00.45",3847,0.05210876,0.03282356,-0.003326416,24.08949
"2025-04-08 16:56:00.5",3848,0.05506897,0.03288651,-0.0008296967,24.08829
"2025-04-08 16:56:00.55",3849,0.05592728,0.03310394,-0.0004291534,24.08754
"2025-04-08 16:56:00.6",3850,0.05602837,0.03841591,-0.003881454,24.08954
"2025-04-08 16:56:00.65",3851,0.05584145,0.04232979,-0.006912231,24.09155
"2025-04-08 16:56:00.7",3852,0.05509186,0.04826164,-0.005695343,24.08951
"2025-04-08 16:56:00.75",3853,0.05773354,0.0481205,-0.002595901,24.06734
"2025-04-08 16:56:00.8",3854,0.05680656,0.05424881,-0.001472473,24.04176
"2025-04-08 16:56:00.85",3855,0.05632401,0.05591202,-0.003707886,24.04188
"2025-04-08 16:56:00.9",3856,0.0569191,0.05581856,-0.004606247,24.03896
"2025-04-08 16:56:00.95",3857,0.05879021,0.05579567,2.288818E-05,24.05872
"2025-04-08 16:56:01",3858,0.06031418,0.05503082,0.001346588,24.05573
"2025-04-08 16:56:01.05",3859,0.06113815,0.05509567,-0.002578735,24.07597
"2025-04-08 16:56:01.1",3860,0.0595665,0.0566597,-0.002399445,24.05399
"2025-04-08 16:56:01.15",3861,0.0609436,0.05993843,0.0007400513,24.05251
"2025-04-08 16:56:01.2",3862,0.06023026,0.06538582,-0.001718521,24.02911
"2025-04-08 16:56:01.25",3863,0.06119537,0.06445313,-0.003364563,24.02978
"2025-04-08 16:56:01.3",3864,0.06366348,0.06787109,-0.0005054474,24.05435
"2025-04-08 16:56:01.35",3865,0.0642395,0.06817627,0.00308609,24.07688
"2025-04-08 16:56:01.4",3866,0.06225014,0.06719017,0.003509521,24.07745
"2025-04-08 16:56:01.45",3867,0.06446457,0.06760788,0.01146889,24.07452
"2025-04-08 16:56:01.5",3868,0.06722069,0.0682106,0.007564545,24.07438
"2025-04-08 16:56:01.55",3869,0.06690788,0.0692997,0.007156372,24.0821
"2025-04-08 16:56:01.6",3870,0.06747818,0.06876183,0.01054573,24.05239
"2025-04-08 16:56:01.65",3871,0.06685448,0.06985283,0.01125717,24.05115
"2025-04-08 16:56:01.7",3872,0.07016563,0.07204628,0.02126503,24.06066
"2025-04-08 16:56:01.75",3873,0.07053947,0.07098007,0.01634407,24.08447
"2025-04-08 16:56:01.8",3874,0.07001495,0.0702877,0.01257896,24.08317
"2025-04-08 16:56:01.85",3875,0.0706501,0.07073021,0.01184082,24.05354
"2025-04-08 16:56:01.9",3876,0.06946754,0.07176208,0.01362991,24.08165
"2025-04-08 16:56:01.95",3877,0.06487083,0.0718689,0.0119915,24.08337
"2025-04-08 16:56:02",3878,0.06474686,0.07492828,0.01455688,24.07941
"2025-04-08 16:56:02.05",3879,0.07658768,0.07345581,0.01504898,24.10382
"2025-04-08 16:56:02.1",3880,0.07487297,0.07318115,0.01457405,24.09792
"2025-04-08 16:56:02.15",3881,0.07712936,0.07315826,0.01360703,24.10315
"2025-04-08 16:56:02.2",3882,0.07644272,0.07310486,0.01305199,24.10476
"2025-04-08 16:56:02.25",3883,0.07618141,0.07329178,0.01386261,24.11614
"2025-04-08 16:56:02.3",3884,0.07501793,0.07608414,0.0137291,24.11698
"2025-04-08 16:56:02.35",3885,0.08105659,0.0765152,0.01680756,24.11078
"2025-04-08 16:56:02.4",3886,0.08617592,0.07598114,0.01475334,24.08873
"2025-04-08 16:56:02.45",3887,0.08847427,0.07349014,0.01702499,24.11597
"2025-04-08 16:56:02.5",3888,0.08882904,0.07343292,0.01059532,24.10874
"2025-04-08 16:56:02.55",3889,0.09463882,0.07314301,0.01636124,24.11647
"2025-04-08 16:56:02.6",3890,0.09659195,0.07524872,0.01264,24.1184
"2025-04-08 16:56:02.65",3891,0.09658432,0.07200813,0.01741028,24.11836
"2025-04-08 16:56:02.7",3892,0.09655952,0.07509804,0.01422691,24.10954
"2025-04-08 16:56:02.75",3893,0.09937668,0.07114983,0.01002502,24.10766
"2025-04-08 16:56:02.8",3894,0.09730911,0.07441521,0.008964539,24.11337
"2025-04-08 16:56:02.85",3895,0.09596634,0.07469559,0.01198006,24.10633
"2025-04-08 16:56:02.9",3896,0.09818459,0.07470703,0.01202011,24.1073
"2025-04-08 16:56:02.95",3897,0.1033115,0.07482338,0.01175308,24.11447
"2025-04-08 16:56:03",3898,0.1053276,0.07159424,0.01215363,24.10652
"2025-04-08 16:56:03.05",3899,0.1070442,0.07378387,0.01382446,24.11312
"2025-04-08 16:56:03.1",3900,0.1083183,0.07469368,0.01159668,24.11258
"2025-04-08 16:56:03.15",3901,0.1096134,0.07193756,0.01545143,24.10463
"2025-04-08 16:56:03.2",3902,0.1089249,0.07235336,0.01453781,24.10957
"2025-04-08 16:56:03.25",3903,0.1097794,0.07415962,0.0159874,24.10159
"2025-04-08 16:56:03.3",3904,0.1095676,0.07378387,0.01507378,24.09781
"2025-04-08 16:56:03.35",3905,0.1116905,0.07388115,0.02047157,24.09837
"2025-04-08 16:56:03.4",3906,0.1063347,0.08196259,0.01358986,24.10086
"2025-04-08 16:56:03.45",3907,0.1071873,0.08163643,0.01402473,24.10027
"2025-04-08 16:56:03.5",3908,0.1073265,0.08379936,0.01203728,24.06858
"2025-04-08 16:56:03.55",3909,0.1075916,0.084692,0.01634216,24.09185
"2025-04-08 16:56:03.6",3910,0.1107559,0.08560181,0.01758766,24.09475
"2025-04-08 16:56:03.65",3911,0.1064014,0.08664513,0.02396011,24.06885
"2025-04-08 16:56:03.7",3912,0.1080055,0.08556175,0.01683426,24.09743
"2025-04-08 16:56:03.75",3913,0.1068439,0.0849762,0.02140999,24.08892
"2025-04-08 16:56:03.8",3914,0.1045856,0.08527756,0.02257538,24.08996
"2025-04-08 16:56:03.85",3915,0.1094284,0.08404541,0.02368736,24.09064
"2025-04-08 16:56:03.9",3916,0.1087036,0.08444786,0.02541924,24.11935
"2025-04-08 16:56:03.95",3917,0.1068573,0.08380318,0.02920532,24.11897
"2025-04-08 16:56:04",3918,0.1025696,0.08293724,0.03350449,24.09708
"2025-04-08 16:56:04.05",3919,0.1033401,0.08344269,0.03237724,24.09419
"2025-04-08 16:56:04.1",3920,0.100565,0.08413887,0.03319168,24.09507
"2025-04-08 16:56:04.15",3921,0.09747505,0.08469772,0.03428078,24.093
"2025-04-08 16:56:04.2",3922,0.1008949,0.08470345,0.02910042,24.09517
"2025-04-08 16:56:04.25",3923,0.1016312,0.08416176,0.02637863,24.08921
"2025-04-08 16:56:04.3",3924,0.1016655,0.08370972,0.02747536,24.09828
"2025-04-08 16:56:04.35",3925,0.09621239,0.08306503,0.0294838,24.09765
"2025-04-08 16:56:04.4",3926,0.09830856,0.08268547,0.02978706,24.10388
"2025-04-08 16:56:04.45",3927,0.09939003,0.0821228,0.0287075,24.1108
"2025-04-08 16:56:04.5",3928,0.09947586,0.08131981,0.02341461,24.14085
"2025-04-08 16:56:04.55",3929,0.09711266,0.08164787,0.02031326,24.11108
"2025-04-08 16:56:04.6",3930,0.09358215,0.08051491,0.02310753,24.12711
"2025-04-08 16:56:04.65",3931,0.09443855,0.07978439,0.02036858,24.14919
"2025-04-08 16:56:04.7",3932,0.09304619,0.08115005,0.02301788,24.12292
"2025-04-08 16:56:04.75",3933,0.09727669,0.08974266,0.01841545,24.12665
"2025-04-08 16:56:04.8",3934,0.09504509,0.07953835,0.0207386,24.12524
"2025-04-08 16:56:04.85",3935,0.09674454,0.07648849,0.02150345,24.13376
"2025-04-08 16:56:04.9",3936,0.09576035,0.07624817,0.01742744,24.12646
"2025-04-08 16:56:04.95",3937,0.09828568,0.07694054,0.01590157,24.12613
"2025-04-08 16:56:05",3938,0.09676743,0.07804108,0.01511955,24.12563
"2025-04-08 16:56:05.05",3939,0.09693909,0.07771111,0.01698112,24.12341
"2025-04-08 16:56:05.1",3940,0.09179688,0.07562637,0.01786423,24.12013
"2025-04-08 16:56:05.15",3941,0.09724045,0.07575989,0.01329231,24.12016
"2025-04-08 16:56:05.2",3942,0.1020336,0.07689476,0.01179886,24.12699
"2025-04-08 16:56:05.25",3943,0.1052284,0.07380295,0.009847641,24.1263
"2025-04-08 16:56:05.3",3944,0.1041603,0.07333183,0.01046181,24.11887
"2025-04-08 16:56:05.35",3945,0.1114559,0.07291222,0.006534576,24.12073
"2025-04-08 16:56:05.4",3946,0.1078033,0.07413101,0.006998062,24.12096
"2025-04-08 16:56:05.45",3947,0.1134987,0.07588959,0.006071091,24.11995
"2025-04-08 16:56:05.5",3948,0.1083794,0.07518196,0.007959366,24.11801
"2025-04-08 16:56:05.55",3949,0.1107845,0.07491684,0.006696701,24.11665
"2025-04-08 16:56:05.6",3950,0.1110439,0.07502937,0.00614357,24.11275
"2025-04-08 16:56:05.65",3951,0.109684,0.0759964,0.006244659,24.10841
"2025-04-08 16:56:05.7",3952,0.1081486,0.07618523,0.006771088,24.11678
"2025-04-08 16:56:05.75",3953,0.1086521,0.08030701,0.007305145,24.10653
"2025-04-08 16:56:05.8",3954,0.1088295,0.078722,0.00639534,24.1073
"2025-04-08 16:56:05.85",3955,0.107975,0.08161354,0.006959915,24.11199
"2025-04-08 16:56:05.9",3956,0.1080532,0.08585548,0.005096436,24.1032
"2025-04-08 16:56:05.95",3957,0.1089478,0.09041023,0.002878189,24.10336
"2025-04-08 16:56:06",3958,0.1068439,0.09115791,-0.0005512238,24.10941
"2025-04-08 16:56:06.05",3959,0.1044846,0.0916214,0.0002708435,24.10406
"2025-04-08 16:56:06.1",3960,0.1076813,0.09183502,0.005218506,24.10934
"2025-04-08 16:56:06.15",3961,0.1063404,0.08909798,0.00138092,24.10083
"2025-04-08 16:56:06.2",3962,0.1083794,0.09068298,0.003576279,24.10255
"2025-04-08 16:56:06.25",3963,0.1094856,0.08779716,0.002498627,24.11081
"2025-04-08 16:56:06.3",3964,0.1050396,0.09041786,0.003040314,24.10725
"2025-04-08 16:56:06.35",3965,0.1101837,0.09106827,0.003738403,24.10181
"2025-04-08 16:56:06.4",3966,0.1041889,0.09045029,0.01211548,24.10036
"2025-04-08 16:56:06.45",3967,0.1060867,0.08737373,0.01317215,24.10741
"2025-04-08 16:56:06.5",3968,0.1053963,0.08973503,0.01703072,24.1005
"2025-04-08 16:56:06.55",3969,0.1004848,0.08706093,0.01888275,24.10011
"2025-04-08 16:56:06.6",3970,0.09903526,0.08790207,0.01387978,24.10784
"2025-04-08 16:56:06.65",3971,0.09779549,0.08754539,0.01421165,24.10707
"2025-04-08 16:56:06.7",3972,0.1004963,0.08677101,0.01640511,24.10563
"2025-04-08 16:56:06.75",3973,0.09849167,0.08610535,0.01905823,24.1273
"2025-04-08 16:56:06.8",3974,0.09811974,0.08512688,0.01607513,24.09826
"2025-04-08 16:56:06.85",3975,0.09946442,0.08771896,0.01468468,24.11726
"2025-04-08 16:56:06.9",3976,0.09831238,0.08518791,0.01029968,24.11185
"2025-04-08 16:56:06.95",3977,0.09817314,0.08398819,0.01230431,24.12043
"2025-04-08 16:56:07",3978,0.09960556,0.08485413,0.01136208,24.12856
"2025-04-08 16:56:07.05",3979,0.09992218,0.08447266,0.01496887,24.1594
"2025-04-08 16:56:07.1",3980,0.09836388,0.0836544,0.01385689,24.14498
"2025-04-08 16:56:07.15",3981,0.1004524,0.08117294,0.01133537,24.16523
"2025-04-08 16:56:07.2",3982,0.09840202,0.07919693,0.009483337,24.16528
"2025-04-08 16:56:07.25",3983,0.09894562,0.08135605,0.01189613,24.15038
"2025-04-08 16:56:07.3",3984,0.09660339,0.07982826,0.01243973,24.13589
"2025-04-08 16:56:07.35",3985,0.1019154,0.07952118,0.01314926,24.13504
"2025-04-08 16:56:07.4",3986,0.1008892,0.07971191,0.01672745,24.14113
"2025-04-08 16:56:07.45",3987,0.1017876,0.07983971,0.01203728,24.16447
"2025-04-08 16:56:07.5",3988,0.09647751,0.07865524,0.006053925,24.14127
"2025-04-08 16:56:07.55",3989,0.1013451,0.07948494,0.009534836,24.14021
"2025-04-08 16:56:07.6",3990,0.105608,0.07886505,0.009077072,24.13753
"2025-04-08 16:56:07.65",3991,0.1026268,0.07935143,0.009634018,24.13536
"2025-04-08 16:56:07.7",3992,0.1054459,0.07821846,0.01194954,24.13071
"2025-04-08 16:56:07.75",3993,0.1081562,0.07707977,0.008428574,24.15932
"2025-04-08 16:56:07.8",3994,0.1099491,0.07802963,0.004007339,24.13646
"2025-04-08 16:56:07.85",3995,0.1102104,0.07746506,0.004535675,24.13536
"2025-04-08 16:56:07.9",3996,0.1116638,0.07589149,0.005311966,24.13828
"2025-04-08 16:56:07.95",3997,0.1138115,0.07800674,0.00749588,24.13644
"2025-04-08 16:56:08",3998,0.1137619,0.07936478,0.009832382,24.12781
"2025-04-08 16:56:08.05",3999,0.1143436,0.07535362,0.005184174,24.13502
"2025-04-08 16:56:08.1",4000,0.1146545,0.08996582,-0.001037598,24.13195
"2025-04-08 16:56:08.15",4001,0.1136284,0.08139229,0.01078606,24.12486
"2025-04-08 16:56:08.2",4002,0.1139355,0.08158684,0.007061005,24.16182
"2025-04-08 16:56:08.25",4003,0.113512,0.08784866,0.007066727,24.11648
"2025-04-08 16:56:08.3",4004,0.1155224,0.1014824,0.004083633,24.11919
"2025-04-08 16:56:08.35",4005,0.1172256,0.09541512,0.01232338,24.12007
"2025-04-08 16:56:08.4",4006,0.1135235,0.1070251,-0.0006732941,24.14057
"2025-04-08 16:56:08.45",4007,0.1118927,0.09250641,0.008766174,24.11364
"2025-04-08 16:56:08.5",4008,0.1141472,0.09319878,0.007925034,24.11905
"2025-04-08 16:56:08.55",4009,0.1134377,0.09595108,0.01006126,24.12034
"2025-04-08 16:56:08.6",4010,0.1117134,0.09390259,0.005172729,24.11842
"2025-04-08 16:56:08.65",4011,0.1108685,0.09637642,0.009904861,24.10909
"2025-04-08 16:56:08.7",4012,0.1040211,0.09455681,0.023386,24.10679
"2025-04-08 16:56:08.75",4013,0.1042328,0.09353447,0.0257206,24.11309
"2025-04-08 16:56:08.8",4014,0.1079826,0.10672,0.01478958,24.13708
"2025-04-08 16:56:08.85",4015,0.108427,0.09008026,0.01930809,24.11419
"2025-04-08 16:56:08.9",4016,0.1079369,0.09187508,0.01959991,24.10847
"2025-04-08 16:56:08.95",4017,0.1095886,0.1056843,0.01098824,24.13526
"2025-04-08 16:56:09",4018,0.1077251,0.10392,0.01058388,24.11543
"2025-04-08 16:56:09.05",4019,0.1065502,0.09305382,0.02356339,24.11658
"2025-04-08 16:56:09.1",4020,0.1059818,0.1052113,0.01752663,24.14841
"2025-04-08 16:56:09.15",4021,0.1025925,0.0916214,0.0199585,24.12615
"2025-04-08 16:56:09.2",4022,0.1076145,0.1043892,0.01682854,24.15704
"2025-04-08 16:56:09.25",4023,0.1033916,0.08789063,0.02420044,24.14751
"2025-04-08 16:56:09.3",4024,0.1017113,0.08605003,0.02115822,24.17309
"2025-04-08 16:56:09.35",4025,0.1015072,0.08499908,0.01779556,24.15401
"2025-04-08 16:56:09.4",4026,0.1043224,0.08441353,0.02222824,24.153
"2025-04-08 16:56:09.45",4027,0.1079941,0.08903694,0.0276413,24.18256
"2025-04-08 16:56:09.5",4028,0.1125488,0.08481026,0.01776123,24.17144
"2025-04-08 16:56:09.55",4029,0.1035137,0.08649063,0.01922989,24.14794
"2025-04-08 16:56:09.6",4030,0.102951,0.08613968,0.02077866,24.1677
"2025-04-08 16:56:09.65",4031,0.1075668,0.09653854,0.01228142,24.14354
"2025-04-08 16:56:09.7",4032,0.1116066,0.09544945,0.0115242,24.16583
"2025-04-08 16:56:09.75",4033,0.1161594,0.08497238,0.01942253,24.15234
"2025-04-08 16:56:09.8",4034,0.1212006,0.07972145,0.01643944,24.1829
"2025-04-08 16:56:09.85",4035,0.1188259,0.08244705,0.0177269,24.16759
"2025-04-08 16:56:09.9",4036,0.1251163,0.08119392,0.01643753,24.14482
"2025-04-08 16:56:09.95",4037,0.1249084,0.08559608,0.02130318,24.17194
"2025-04-08 16:56:10",4038,0.1243973,0.09741974,0.008049011,24.16316
"2025-04-08 16:56:10.05",4039,0.1210842,0.09848595,0.009651184,24.17693
"2025-04-08 16:56:10.1",4040,0.120985,0.08435059,0.01376152,24.16045
"2025-04-08 16:56:10.15",4041,0.123476,0.08563614,0.01989365,24.15514
"2025-04-08 16:56:10.2",4042,0.1214085,0.08584976,0.01771355,24.13251
"2025-04-08 16:56:10.25",4043,0.1234131,0.08990669,0.0191021,24.16963
"2025-04-08 16:56:10.3",4044,0.1238079,0.1059361,0.01045609,24.13713
"2025-04-08 16:56:10.35",4045,0.119751,0.09978867,0.01464462,24.14947
"2025-04-08 16:56:10.4",4046,0.12076,0.1016598,0.01490402,24.14931
"2025-04-08 16:56:10.45",4047,0.1207886,0.102272,0.01540947,24.14959
"2025-04-08 16:56:10.5",4048,0.1206779,0.1021442,0.01503563,24.12311
"2025-04-08 16:56:10.55",4049,0.1184101,0.1013641,0.01473618,24.11867
"2025-04-08 16:56:10.6",4050,0.1210213,0.1004925,0.01685143,24.11624
"2025-04-08 16:56:10.65",4051,0.1160069,0.09994507,0.02314186,24.11599
"2025-04-08 16:56:10.7",4052,0.1169186,0.09952164,0.02345467,24.11377
"2025-04-08 16:56:10.75",4053,0.1182365,0.09760284,0.02596664,24.12114
"2025-04-08 16:56:10.8",4054,0.1200962,0.102005,0.03084755,24.15183
"2025-04-08 16:56:10.85",4055,0.1152706,0.09797287,0.02677727,24.12428
"2025-04-08 16:56:10.9",4056,0.1169739,0.09891319,0.03356934,24.12384
"2025-04-08 16:56:10.95",4057,0.116806,0.09840202,0.03435898,24.11311
"2025-04-08 16:56:11",4058,0.1162548,0.09518242,0.0294838,24.12027
"2025-04-08 16:56:11.05",4059,0.1142597,0.09726524,0.0279274,24.11185
"2025-04-08 16:56:11.1",4060,0.1132584,0.09644127,0.0304451,24.11112
"2025-04-08 16:56:11.15",4061,0.1163921,0.09678268,0.03372002,24.12079
"2025-04-08 16:56:11.2",4062,0.1234245,0.09708405,0.03190804,24.12212
"2025-04-08 16:56:11.25",4063,0.1158276,0.08978462,0.02862358,24.12478
"2025-04-08 16:56:11.3",4064,0.1141872,0.08984756,0.02898216,24.14678
"2025-04-08 16:56:11.35",4065,0.1149921,0.08858871,0.03013992,24.12206
"2025-04-08 16:56:11.4",4066,0.1187,0.08982468,0.03177452,24.12818
"2025-04-08 16:56:11.45",4067,0.1138248,0.08909988,0.02498436,24.1181
"2025-04-08 16:56:11.5",4068,0.1184082,0.08917809,0.02481651,24.118
"2025-04-08 16:56:11.55",4069,0.114399,0.08628464,0.02372742,24.13924
"2025-04-08 16:56:11.6",4070,0.1138077,0.08923912,0.02899933,24.15527
"2025-04-08 16:56:11.65",4071,0.1135368,0.08610535,0.02726746,24.14253
"2025-04-08 16:56:11.7",4072,0.118475,0.08625984,0.02510452,24.14353
"2025-04-08 16:56:11.75",4073,0.1220741,0.08847427,0.01890755,24.11072
"2025-04-08 16:56:11.8",4074,0.1224632,0.08830643,0.01715851,24.11655
"2025-04-08 16:56:11.85",4075,0.1278915,0.08799744,0.01828766,24.10736
"2025-04-08 16:56:11.9",4076,0.1312809,0.0848217,0.02409935,24.11357
"2025-04-08 16:56:11.95",4077,0.1307011,0.08500481,0.02199554,24.10945
"2025-04-08 16:56:12",4078,0.1329422,0.08476448,0.01645088,24.10685
"2025-04-08 16:56:12.05",4079,0.1311359,0.08675385,0.01685333,24.10825
"2025-04-08 16:56:12.1",4080,0.130724,0.08425522,0.01622581,24.10573
"2025-04-08 16:56:12.15",4081,0.1350517,0.08615494,0.0126133,24.10332
"2025-04-08 16:56:12.2",4082,0.1336327,0.08703232,0.01778412,24.10302
"2025-04-08 16:56:12.25",4083,0.1310463,0.08609772,0.0174942,24.10167
"2025-04-08 16:56:12.3",4084,0.1301384,0.09344482,0.01168442,24.12499
"2025-04-08 16:56:12.35",4085,0.1314373,0.09596634,0.01040649,24.09463
"2025-04-08 16:56:12.4",4086,0.1292267,0.1000023,0.01207733,24.09615
"2025-04-08 16:56:12.45",4087,0.1269131,0.1021938,0.01380157,24.10622
"2025-04-08 16:56:12.5",4088,0.1314125,0.1043587,0.01598549,24.09857
"2025-04-08 16:56:12.55",4089,0.1281872,0.1027489,0.01279831,24.10159
"2025-04-08 16:56:12.6",4090,0.1256084,0.1018543,0.01263618,24.09605
"2025-04-08 16:56:12.65",4091,0.1232853,0.1009884,0.01233864,24.10238
"2025-04-08 16:56:12.7",4092,0.1210403,0.1016579,0.01272011,24.10056
"2025-04-08 16:56:12.75",4093,0.1216202,0.1021347,0.01103783,24.09367
"2025-04-08 16:56:12.8",4094,0.1188393,0.10009,0.008195877,24.09176
"2025-04-08 16:56:12.85",4095,0.1158466,0.1023369,0.006372452,24.09895
"2025-04-08 16:56:12.9",4096,0.118084,0.1023865,0.006809235,24.09047
"2025-04-08 16:56:12.95",4097,0.1184196,0.100214,0.008897781,24.09067
"2025-04-08 16:56:13",4098,0.1216984,0.09994316,0.009243011,24.09103
"2025-04-08 16:56:13.05",4099,0.1218948,0.09923935,0.01187134,24.09996
"2025-04-08 16:56:13.1",4100,0.1192684,0.09493637,0.006111145,24.09373
"2025-04-08 16:56:13.15",4101,0.119463,0.09475517,0.0079422,24.06648
"2025-04-08 16:56:13.2",4102,0.1172123,0.09607506,0.007513046,24.09277
"2025-04-08 16:56:13.25",4103,0.1188107,0.09493446,0.008075714,24.08411
"2025-04-08 16:56:13.3",4104,0.11936,0.09292412,0.007858276,24.08293
"2025-04-08 16:56:13.35",4105,0.1173306,0.09281921,0.008903503,24.08733
"2025-04-08 16:56:13.4",4106,0.116415,0.09218025,0.008010864,24.08969
"2025-04-08 16:56:13.45",4107,0.1167107,0.09196854,0.01119804,24.0832
"2025-04-08 16:56:13.5",4108,0.1206436,0.09760857,0.007724762,24.09176
"2025-04-08 16:56:13.55",4109,0.1167507,0.09435463,0.004127502,24.08407
"2025-04-08 16:56:13.6",4110,0.1176586,0.09421539,0.002002716,24.08293
"2025-04-08 16:56:13.65",4111,0.1204624,0.09600258,0.003381729,24.09002
"2025-04-08 16:56:13.7",4112,0.1329727,0.09423065,0.006162643,24.08763
"2025-04-08 16:56:13.75",4113,0.1321964,0.09685135,0.008329391,24.08085
"2025-04-08 16:56:13.8",4114,0.1348896,0.09348869,0.004302979,24.07965
"2025-04-08 16:56:13.85",4115,0.1309376,0.09364319,0.007143021,24.08588
"2025-04-08 16:56:13.9",4116,0.1324787,0.09378052,0.009708405,24.08747
"2025-04-08 16:56:13.95",4117,0.133007,0.09335518,0.007585526,24.10834
"2025-04-08 16:56:14",4118,0.1361065,0.09593391,0.007240295,24.10907
"2025-04-08 16:56:14.05",4119,0.1334991,0.09303474,0.006832123,24.11159
"2025-04-08 16:56:14.1",4120,0.134964,0.09195709,0.006105423,24.08489
"2025-04-08 16:56:14.15",4121,0.1344452,0.09172821,0.007190704,24.08575
"2025-04-08 16:56:14.2",4122,0.1340408,0.09265137,0.003152847,24.0853
"2025-04-08 16:56:14.25",4123,0.1325893,0.09397888,0.00217247,24.08484
"2025-04-08 16:56:14.3",4124,0.128746,0.09187508,-0.0009860992,24.07585
"2025-04-08 16:56:14.35",4125,0.1286678,0.09161568,0.003664017,24.08105
"2025-04-08 16:56:14.4",4126,0.1249657,0.09122086,-0.0007820129,24.08131
"2025-04-08 16:56:14.45",4127,0.1236515,0.08912659,-0.004278183,24.07372
"2025-04-08 16:56:14.5",4128,0.1296635,0.09014893,0.004152298,24.08789
"2025-04-08 16:56:14.55",4129,0.1237411,0.08311653,-0.0001773834,24.07358
"2025-04-08 16:56:14.6",4130,0.1220894,0.08312225,-0.00393486,24.07528
"2025-04-08 16:56:14.65",4131,0.1166534,0.08337784,-0.004125595,24.10464
"2025-04-08 16:56:14.7",4132,0.1187267,0.0843277,-0.004716873,24.10624
"2025-04-08 16:56:14.75",4133,0.1149254,0.0795269,-0.007497787,24.08363
"2025-04-08 16:56:14.8",4134,0.1115494,0.07892799,-0.002599716,24.08344
"2025-04-08 16:56:14.85",4135,0.1115952,0.07834816,-0.003013611,24.07174
"2025-04-08 16:56:14.9",4136,0.1116333,0.07678413,-0.003818512,24.06877
"2025-04-08 16:56:14.95",4137,0.1086063,0.07564354,-0.002468109,24.07005
"2025-04-08 16:56:15",4138,0.1097202,0.07405663,-0.004131317,24.07522
"2025-04-08 16:56:15.05",4139,0.1086178,0.07417107,-0.006801605,24.0783
"2025-04-08 16:56:15.1",4140,0.1054344,0.07788467,-0.001918793,24.07117
"2025-04-08 16:56:15.15",4141,0.102459,0.07501984,-0.005426407,24.07874
"2025-04-08 16:56:15.2",4142,0.1095505,0.07440376,-0.008522034,24.07745
"2025-04-08 16:56:15.25",4143,0.1074715,0.07367897,-0.004238129,24.07826
"2025-04-08 16:56:15.3",4144,0.1046257,0.07457924,-0.003316879,24.07493
"2025-04-08 16:56:15.35",4145,0.1019669,0.07324409,-0.005186081,24.07553
"2025-04-08 16:56:15.4",4146,0.1017246,0.07388496,0.001720428,24.0761
"2025-04-08 16:56:15.45",4147,0.1016426,0.07241631,0.001325607,24.09684
"2025-04-08 16:56:15.5",4148,0.09749794,0.07172775,-0.002822876,24.07919
"2025-04-08 16:56:15.55",4149,0.09891701,0.07148743,0.003278732,24.08239
"2025-04-08 16:56:15.6",4150,0.1040707,0.07423019,0.0004711151,24.11188
"2025-04-08 16:56:15.65",4151,0.09898376,0.07191467,-0.002660751,24.08337
"2025-04-08 16:56:15.7",4152,0.09739685,0.06808281,0.003700256,24.0717
"2025-04-08 16:56:15.75",4153,0.09589958,0.07031631,0.0006370544,24.07429
"2025-04-08 16:56:15.8",4154,0.09203148,0.06803322,-0.0001869202,24.03635
"2025-04-08 16:56:15.85",4155,0.0911026,0.07157898,0.004955292,24.05531
"2025-04-08 16:56:15.9",4156,0.09000397,0.07085228,0.007629395,24.05596
"2025-04-08 16:56:15.95",4157,0.09405899,0.07008171,0.006763458,24.03602
"2025-04-08 16:56:16",4158,0.0892601,0.06807709,0.004644394,24.05787
"2025-04-08 16:56:16.05",4159,0.09189224,0.06816483,0.005311966,24.07397
"2025-04-08 16:56:16.1",4160,0.09205246,0.06836128,0.00352478,24.03925
"2025-04-08 16:56:16.15",4161,0.09186745,0.06778145,0.007051468,24.0625
"2025-04-08 16:56:16.2",4162,0.09321022,0.0640564,0.004728317,24.03901
"2025-04-08 16:56:16.25",4163,0.09066963,0.06799889,0.005464554,24.034
"2025-04-08 16:56:16.3",4164,0.09043312,0.06475258,0.009094238,24.0334
"2025-04-08 16:56:16.35",4165,0.09120369,0.06703758,0.0117588,24.03039
"2025-04-08 16:56:16.4",4166,0.09270096,0.06730461,0.008743286,24.0533
"2025-04-08 16:56:16.45",4167,0.09320259,0.06336212,0.01112175,24.05199
"2025-04-08 16:56:16.5",4168,0.09136581,0.06393623,0.01199722,24.03163
"2025-04-08 16:56:16.55",4169,0.09240341,0.06672096,0.012043,24.07133
"2025-04-08 16:56:16.6",4170,0.09466171,0.06678581,0.008993149,24.05609
"2025-04-08 16:56:16.65",4171,0.09546661,0.06317139,0.008350372,24.06897
"2025-04-08 16:56:16.7",4172,0.09656143,0.06385422,0.003705978,24.06792
"2025-04-08 16:56:16.75",4173,0.09676552,0.06640053,0.007436752,24.04983
"2025-04-08 16:56:16.8",4174,0.09483337,0.06657791,0.003787994,24.07103
"2025-04-08 16:56:16.85",4175,0.09404755,0.06525612,-0.0004119873,24.05453
"2025-04-08 16:56:16.9",4176,0.09279633,0.06502151,-0.002691269,24.05186
"2025-04-08 16:56:16.95",4177,0.09135056,0.06434059,-0.004018784,24.05345
"2025-04-08 16:56:17",4178,0.09322166,0.06600952,-0.008050919,24.05578
"2025-04-08 16:56:17.05",4179,0.09515381,0.06419563,-0.01103973,24.06998
"2025-04-08 16:56:17.1",4180,0.09517097,0.06856728,-0.005231857,24.06727
"2025-04-08 16:56:17.15",4181,0.09280205,0.06300545,-0.008588791,24.02983
"2025-04-08 16:56:17.2",4182,0.09518623,0.06592178,-0.00617981,24.05227
"2025-04-08 16:56:17.25",4183,0.09600258,0.06550598,-0.007036209,24.05328
"2025-04-08 16:56:17.3",4184,0.09563828,0.06428337,-0.01093292,24.05116
"2025-04-08 16:56:17.35",4185,0.09505081,0.06364632,-0.006216049,24.05223
"2025-04-08 16:56:17.4",4186,0.0981617,0.06443405,-0.005678177,24.05258
"2025-04-08 16:56:17.45",4187,0.09573364,0.06376076,-0.009145737,24.06693
"2025-04-08 16:56:17.5",4188,0.09514236,0.07466125,-0.01708412,24.05188
"2025-04-08 16:56:17.55",4189,0.09478378,0.06508827,-0.009162903,24.05034
"2025-04-08 16:56:17.6",4190,0.09783363,0.06476593,-0.006689072,24.0517
"2025-04-08 16:56:17.65",4191,0.0935955,0.06393242,-0.009073257,24.05046
"2025-04-08 16:56:17.7",4192,0.09501839,0.06056023,-0.01144791,24.05099
"2025-04-08 16:56:17.75",4193,0.09405708,0.06349564,-0.01194572,24.02953
"2025-04-08 16:56:17.8",4194,0.09538078,0.07613182,-0.01881027,24.05404
"2025-04-08 16:56:17.85",4195,0.09732628,0.07757568,-0.01519585,24.05205
"2025-04-08 16:56:17.9",4196,0.09199333,0.06719589,-0.01112556,24.05274
"2025-04-08 16:56:17.95",4197,0.09459305,0.06719971,-0.01018715,24.02579
"2025-04-08 16:56:18",4198,0.09310341,0.06396103,-0.009410858,24.02532
"2025-04-08 16:56:18.05",4199,0.08913231,0.05464935,-0.01251411,24.02623
"2025-04-08 16:56:18.1",4200,0.09197044,0.04564095,-0.01044655,24.04963
"2025-04-08 16:56:18.15",4201,0.08978653,0.04120064,-0.011343,24.02802
"2025-04-08 16:56:18.2",4202,0.08867455,0.04195595,-0.01299095,24.02959
"2025-04-08 16:56:18.25",4203,0.0885334,0.04288864,-0.01358223,24.05312
"2025-04-08 16:56:18.3",4204,0.08967781,0.04409981,-0.01126862,24.05343
"2025-04-08 16:56:18.35",4205,0.09368324,0.04558563,-0.009002686,24.03078
"2025-04-08 16:56:18.4",4206,0.09405899,0.05786705,-0.02002525,24.05278
"2025-04-08 16:56:18.45",4207,0.08595848,0.04456902,-0.01072884,24.02736
"2025-04-08 16:56:18.5",4208,0.09140587,0.04370308,-0.01094055,24.048
"2025-04-08 16:56:18.55",4209,0.09253883,0.05841064,-0.01492882,24.05402
"2025-04-08 16:56:18.6",4210,0.08890343,0.04260445,-0.01027107,24.06182
"2025-04-08 16:56:18.65",4211,0.09192848,0.04315186,-0.008876801,24.04857
"2025-04-08 16:56:18.7",4212,0.0915966,0.04328918,-0.007829666,24.04784
"2025-04-08 16:56:18.75",4213,0.094347,0.04360962,-0.00916481,24.04859
"2025-04-08 16:56:18.8",4214,0.09055519,0.04304504,-0.01102257,24.06113
"2025-04-08 16:56:18.85",4215,0.09046555,0.0439949,-0.01029015,24.05956
"2025-04-08 16:56:18.9",4216,0.08756828,0.04400063,-0.0134964,24.04575
"2025-04-08 16:56:18.95",4217,0.08992004,0.04318428,-0.00938797,24.02379
"2025-04-08 16:56:19",4218,0.08634949,0.04295921,-0.007949829,24.06117
"2025-04-08 16:56:19.05",4219,0.09271812,0.04272079,-0.003873825,24.04951
"2025-04-08 16:56:19.1",4220,0.09371567,0.04248428,-0.01002884,24.02435
"2025-04-08 16:56:19.15",4221,0.08971977,0.04266357,-0.01319695,24.06393
"2025-04-08 16:56:19.2",4222,0.08809853,0.04317856,-0.007637024,24.06552
"2025-04-08 16:56:19.25",4223,0.09050751,0.0434761,-0.01124001,24.04712
"2025-04-08 16:56:19.3",4224,0.09455109,0.04734993,-0.006343842,24.06891
"2025-04-08 16:56:19.35",4225,0.09155083,0.04281044,-0.01074791,24.04571
"2025-04-08 16:56:19.4",4226,0.08865738,0.04037857,-0.01246262,24.06051
"2025-04-08 16:56:19.45",4227,0.09277344,0.04184532,-0.008365631,24.0452
"2025-04-08 16:56:19.5",4228,0.09561729,0.04380989,-0.005872726,24.06036
"2025-04-08 16:56:19.55",4229,0.08786964,0.04151535,-0.006700516,24.04588
"2025-04-08 16:56:19.6",4230,0.07973862,0.04296494,-0.01197433,24.04782
"2025-04-08 16:56:19.65",4231,0.0719471,0.04374123,-0.01093292,24.0451
"2025-04-08 16:56:19.7",4232,0.06666946,0.04413986,-0.01277161,24.0229
"2025-04-08 16:56:19.75",4233,0.06650543,0.04446983,-0.01264381,24.05934
"2025-04-08 16:56:19.8",4234,0.06955528,0.04426193,-0.01066399,24.05932
"2025-04-08 16:56:19.85",4235,0.06701469,0.04314041,-0.006130219,24.06084
"2025-04-08 16:56:19.9",4236,0.07113266,0.04213524,-0.005434036,24.06185
"2025-04-08 16:56:19.95",4237,0.07407951,0.04123497,-0.008447647,24.04712
"2025-04-08 16:56:20",4238,0.06918335,0.04087257,-0.009170532,24.06117
"2025-04-08 16:56:20.05",4239,0.0684433,0.04152679,-0.01115227,24.02437
"2025-04-08 16:56:20.1",4240,0.06668663,0.04180527,-0.008960724,24.04462
"2025-04-08 16:56:20.15",4241,0.0676136,0.03811836,-0.007364273,24.0218
"2025-04-08 16:56:20.2",4242,0.06716728,0.03795815,-0.009159088,24.0437
"2025-04-08 16:56:20.25",4243,0.06650734,0.03861618,-0.01181793,24.0605
"2025-04-08 16:56:20.3",4244,0.06952858,0.04110718,-0.009181976,24.04529
"2025-04-08 16:56:20.35",4245,0.0687027,0.03819656,-0.01030731,24.04691
"2025-04-08 16:56:20.4",4246,0.07249451,0.03765106,-0.007789612,24.06312
"2025-04-08 16:56:20.45",4247,0.06934357,0.04083443,-0.006074905,24.04858
"2025-04-08 16:56:20.5",4248,0.06915474,0.03837395,-0.0122757,24.05134
"2025-04-08 16:56:20.55",4249,0.06656265,0.0389576,-0.01285553,24.0633
"2025-04-08 16:56:20.6",4250,0.06865692,0.04065895,-0.006101608,24.04585
"2025-04-08 16:56:20.65",4251,0.06908226,0.04026413,-0.01131439,24.04431
"2025-04-08 16:56:20.7",4252,0.06818199,0.03702545,-0.008901596,24.06188
"2025-04-08 16:56:20.75",4253,0.06732368,0.03729248,-0.003511429,24.04533
"2025-04-08 16:56:20.8",4254,0.06550789,0.03763962,-0.006990433,24.0592
"2025-04-08 16:56:20.85",4255,0.06891251,0.03856659,-0.007154465,24.0573
"2025-04-08 16:56:20.9",4256,0.06866264,0.03829002,-0.008184433,24.04127
"2025-04-08 16:56:20.95",4257,0.0663414,0.03856468,-0.006944656,24.01648
"2025-04-08 16:56:21",4258,0.06735992,0.03904152,-0.004701614,24.04076
"2025-04-08 16:56:21.05",4259,0.06818771,0.03833771,-0.004074097,24.01654
"2025-04-08 16:56:21.1",4260,0.06448555,0.03724098,-0.005716324,24.05389
"2025-04-08 16:56:21.15",4261,0.06876183,0.0377903,-0.003984451,24.04026
"2025-04-08 16:56:21.2",4262,0.06669807,0.0356884,-0.007070541,24.04053
"2025-04-08 16:56:21.25",4263,0.06734657,0.03595543,-0.007583618,24.01862
"2025-04-08 16:56:21.3",4264,0.06579399,0.03743744,-0.002344131,24.04342
"2025-04-08 16:56:21.35",4265,0.06507874,0.03795815,-0.004707336,24.05747
"2025-04-08 16:56:21.4",4266,0.06920624,0.03839302,-0.009281158,24.01811
"2025-04-08 16:56:21.45",4267,0.0691433,0.03814507,-0.004623413,24.04073
"2025-04-08 16:56:21.5",4268,0.06834412,0.03770447,-0.008562088,24.01826
"2025-04-08 16:56:21.55",4269,0.06653595,0.03712463,-0.009397507,24.05222
"2025-04-08 16:56:21.6",4270,0.0653801,0.03690147,-0.006414413,24.04134
"2025-04-08 16:56:21.65",4271,0.06713295,0.03587341,-0.003757477,24.03914
"2025-04-08 16:56:21.7",4272,0.06698799,0.03659248,-0.008314133,24.01748
"2025-04-08 16:56:21.75",4273,0.06620026,0.03715897,-0.01073265,24.01801
"2025-04-08 16:56:21.8",4274,0.0664463,0.03741074,-0.01355171,24.01933
"2025-04-08 16:56:21.85",4275,0.06602097,0.03872871,-0.007558823,24.01643
"2025-04-08 16:56:21.9",4276,0.06548882,0.04136467,-0.007555008,24.03967
"2025-04-08 16:56:21.95",4277,0.06365204,0.0394516,-0.006811142,24.01699
"2025-04-08 16:56:22",4278,0.06419945,0.04143143,-0.01052666,24.01624
"2025-04-08 16:56:22.05",4279,0.06721497,0.04074478,-0.01230621,24.01866
"2025-04-08 16:56:22.1",4280,0.0686512,0.05102539,-0.01319695,24.01926
"2025-04-08 16:56:22.15",4281,0.06732941,0.03933716,-0.007219315,24.04097
"2025-04-08 16:56:22.2",4282,0.06632233,0.03958893,-0.008319855,24.05631
"2025-04-08 16:56:22.25",4283,0.06663513,0.05057144,-0.01645851,24.01971
"2025-04-08 16:56:22.3",4284,0.0648613,0.03956032,-0.01308441,24.03873
"2025-04-08 16:56:22.35",4285,0.06894875,0.05043411,-0.01769066,24.01678
"2025-04-08 16:56:22.4",4286,0.06689644,0.03955269,-0.009248734,24.03839
"2025-04-08 16:56:22.45",4287,0.06438637,0.03827095,-0.008520126,24.01569
"2025-04-08 16:56:22.5",4288,0.06712151,0.03900719,-0.006788254,24.04201
"2025-04-08 16:56:22.55",4289,0.06683159,0.03865623,-0.007555008,24.04168
"2025-04-08 16:56:22.6",4290,0.06742287,0.03847694,-0.009756088,24.04292
"2025-04-08 16:56:22.65",4291,0.06817627,0.03905678,-0.01340866,24.0451
"2025-04-08 16:56:22.7",4292,0.06809998,0.03912926,-0.01385307,24.02412
"2025-04-08 16:56:22.75",4293,0.07216644,0.03959465,-0.01044273,24.02592
"2025-04-08 16:56:22.8",4294,0.0668087,0.0396862,-0.01316833,24.0249
"2025-04-08 16:56:22.85",4295,0.06520462,0.03980064,-0.01072121,24.02435
"2025-04-08 16:56:22.9",4296,0.06256866,0.03965378,-0.01213455,24.04628
"2025-04-08 16:56:22.95",4297,0.06454277,0.03896332,-0.01010895,24.04409
"2025-04-08 16:56:23",4298,0.06563759,0.03880501,-0.009038925,24.04601
"2025-04-08 16:56:23.05",4299,0.06374359,0.03535843,-0.01669121,24.02152
"2025-04-08 16:56:23.1",4300,0.06491089,0.03580666,-0.0150013,24.04648
"2025-04-08 16:56:23.15",4301,0.06645012,0.03631592,-0.008174896,24.0602
"2025-04-08 16:56:23.2",4302,0.06646156,0.03665352,-0.01391602,24.04621
"2025-04-08 16:56:23.25",4303,0.06674767,0.03939629,-0.01426315,24.04378
"2025-04-08 16:56:23.3",4304,0.06584167,0.03893852,-0.01195526,24.05956
"2025-04-08 16:56:23.35",4305,0.06100464,0.03862762,-0.007925034,24.04606
"2025-04-08 16:56:23.4",4306,0.06577682,0.03857231,-0.008893967,24.05733
"2025-04-08 16:56:23.45",4307,0.06430626,0.0376339,-0.009241104,24.05048
"2025-04-08 16:56:23.5",4308,0.06402779,0.03502274,-0.008207321,24.04896
"2025-04-08 16:56:23.55",4309,0.06670189,0.03491783,-0.008888245,24.06686
"2025-04-08 16:56:23.6",4310,0.06557465,0.03829002,-0.0128727,24.05002
"2025-04-08 16:56:23.65",4311,0.06388283,0.039217,-0.01444817,24.02758
"2025-04-08 16:56:23.7",4312,0.06211662,0.03882217,-0.01298523,24.04947
"2025-04-08 16:56:23.75",4313,0.06146812,0.03671074,-0.01198006,24.0638
"2025-04-08 16:56:23.8",4314,0.06177139,0.03788567,-0.01161385,24.06341
"2025-04-08 16:56:23.85",4315,0.05930138,0.03797913,-0.01177597,24.05065
"2025-04-08 16:56:23.9",4316,0.06246758,0.03700638,-0.01284981,24.05286
"2025-04-08 16:56:23.95",4317,0.06131744,0.03429222,-0.01296616,24.0524
"2025-04-08 16:56:24",4318,0.06140709,0.03759766,-0.01202774,24.05363
"2025-04-08 16:56:24.05",4319,0.05854225,0.03793907,-0.007810593,24.06812
"2025-04-08 16:56:24.1",4320,0.06151009,0.04028702,-0.01308823,24.02993
"2025-04-08 16:56:24.15",4321,0.05784607,0.04086113,-0.01046562,24.05341
"2025-04-08 16:56:24.2",4322,0.06246185,0.04146767,-0.01293945,24.05175
"2025-04-08 16:56:24.25",4323,0.06032562,0.03980637,-0.01015663,24.02333
"2025-04-08 16:56:24.3",4324,0.05978203,0.03900528,-0.009597778,24.03163
"2025-04-08 16:56:24.35",4325,0.05972862,0.03829575,-0.009504318,24.02461
"2025-04-08 16:56:24.4",4326,0.06096268,0.03817558,-0.009988785,24.03377
"2025-04-08 16:56:24.45",4327,0.05831528,0.0370636,-0.01014137,24.0267
"2025-04-08 16:56:24.5",4328,0.05745316,0.03761482,-0.007980347,24.0331
"2025-04-08 16:56:24.55",4329,0.05630493,0.03739166,-0.007102966,24.03356
"2025-04-08 16:56:24.6",4330,0.0562191,0.03752518,-0.007944107,24.03153
"2025-04-08 16:56:24.65",4331,0.05901146,0.03774452,-0.004108429,24.05214
"2025-04-08 16:56:24.7",4332,0.05770111,0.03759384,-0.009050369,24.02779
"2025-04-08 16:56:24.75",4333,0.05993843,0.03683281,-0.0100975,24.02214
"2025-04-08 16:56:24.8",4334,0.0595665,0.03680611,-0.007963181,24.00914
"2025-04-08 16:56:24.85",4335,0.06033707,0.03702354,-0.007331848,24.00971
"2025-04-08 16:56:24.9",4336,0.06168747,0.03499222,-0.005544662,24.00288
"2025-04-08 16:56:24.95",4337,0.06160164,0.03454018,-0.005947113,24.01019
"2025-04-08 16:56:25",4338,0.06149864,0.03562737,-0.01072121,23.99869
"2025-04-08 16:56:25.05",4339,0.05881119,0.03335381,-0.004823685,24.01015
"2025-04-08 16:56:25.1",4340,0.06202316,0.03416443,-0.007816315,23.97473
"2025-04-08 16:56:25.15",4341,0.05877876,0.03466606,-0.005371094,24.00702
"2025-04-08 16:56:25.2",4342,0.05800056,0.03402519,-0.00491333,24.00965
"2025-04-08 16:56:25.25",4343,0.05926323,0.03720093,-0.002462387,24.00569
"2025-04-08 16:56:25.3",4344,0.06150246,0.03137589,-0.008399963,24.00259
"2025-04-08 16:56:25.35",4345,0.06103325,0.03447151,-0.01163292,23.98272
"2025-04-08 16:56:25.4",4346,0.05793953,0.03393364,-0.01110268,23.97981
"2025-04-08 16:56:25.45",4347,0.0581646,0.03384972,-0.008872986,24.03481
"2025-04-08 16:56:25.5",4348,0.06249237,0.03788948,-0.007108688,24.01135
"2025-04-08 16:56:25.55",4349,0.05745888,0.03711319,-0.001935959,23.99034
"2025-04-08 16:56:25.6",4350,0.06055832,0.03966522,-0.003713608,24.01142
"2025-04-08 16:56:25.65",4351,0.0579052,0.03295898,-0.01171684,24.00877
"2025-04-08 16:56:25.7",4352,0.05751419,0.033638,-0.01169205,24.00997
"2025-04-08 16:56:25.75",4353,0.06311798,0.03697205,-0.01024246,24.01756
"2025-04-08 16:56:25.8",4354,0.05965424,0.03786659,-0.004371643,23.98647
"2025-04-08 16:56:25.85",4355,0.06081009,0.03736877,-0.01015091,23.98337
"2025-04-08 16:56:25.9",4356,0.05454826,0.03403473,-0.003953934,24.00605
"2025-04-08 16:56:25.95",4357,0.05801392,0.03684616,-0.006973267,24.007
"2025-04-08 16:56:26",4358,0.06061935,0.0340519,-0.01110268,23.96364
"2025-04-08 16:56:26.05",4359,0.05894089,0.03647614,-0.01241493,23.96329
"2025-04-08 16:56:26.1",4360,0.05480003,0.03573418,-0.00693512,23.98668
"2025-04-08 16:56:26.15",4361,0.05696106,0.03585243,-0.007520676,24.00967
"2025-04-08 16:56:26.2",4362,0.05509567,0.03551483,-0.0118103,23.96388
"2025-04-08 16:56:26.25",4363,0.05442047,0.03421021,-0.01207924,23.98594
"2025-04-08 16:56:26.3",4364,0.05667877,0.03829193,-0.007799149,23.96212
"2025-04-08 16:56:26.35",4365,0.05901146,0.03495598,-0.01589775,23.98302
"2025-04-08 16:56:26.4",4366,0.05781555,0.03974915,-0.01639557,23.98457
"2025-04-08 16:56:26.45",4367,0.05699539,0.03883934,-0.01436234,23.9834
"2025-04-08 16:56:26.5",4368,0.05437088,0.03788948,-0.0128212,23.962
"2025-04-08 16:56:26.55",4369,0.05571747,0.03723526,-0.01394272,23.98413
"2025-04-08 16:56:26.6",4370,0.05819702,0.03656197,-0.009519577,23.98723
"2025-04-08 16:56:26.65",4371,0.06132507,0.03896141,-0.01383781,23.97113
"2025-04-08 16:56:26.7",4372,0.05854416,0.03619576,-0.01455307,23.963
"2025-04-08 16:56:26.75",4373,0.0580349,0.03649902,-0.014431,23.96304
"2025-04-08 16:56:26.8",4374,0.05461502,0.03639412,-0.01091766,23.9838
"2025-04-08 16:56:26.85",4375,0.05607414,0.0366497,-0.008739471,23.98239
"2025-04-08 16:56:26.9",4376,0.05029297,0.03546143,-0.009767532,23.98341
"2025-04-08 16:56:26.95",4377,0.05597305,0.03538704,-0.01070023,23.98382
"2025-04-08 16:56:27",4378,0.05581856,0.03527069,-0.01584435,23.98529
"2025-04-08 16:56:27.05",4379,0.05636406,0.03479004,-0.008577347,23.98778
"2025-04-08 16:56:27.1",4380,0.0577507,0.03323174,-0.0141964,24.01156
"2025-04-08 16:56:27.15",4381,0.05690765,0.03581238,-0.0118103,23.98773
"2025-04-08 16:56:27.2",4382,0.05853271,0.03998566,-0.01379395,23.97424
"2025-04-08 16:56:27.25",4383,0.05872154,0.03594017,-0.01085091,24.01223
"2025-04-08 16:56:27.3",4384,0.05263901,0.03593636,-0.01416206,23.98908
"2025-04-08 16:56:27.35",4385,0.05103683,0.03561211,-0.01918793,24.01176
"2025-04-08 16:56:27.4",4386,0.05131531,0.03529358,-0.01358032,24.00791
"2025-04-08 16:56:27.45",4387,0.05319214,0.03489685,-0.01140213,23.9857
"2025-04-08 16:56:27.5",4388,0.05378532,0.03490067,-0.01572037,23.98604
"2025-04-08 16:56:27.55",4389,0.05007553,0.03496361,-0.01288986,23.9857
"2025-04-08 16:56:27.6",4390,0.05305099,0.03236008,-0.01117516,23.98494
"2025-04-08 16:56:27.65",4391,0.05244827,0.03499031,-0.01869202,24.00601
"2025-04-08 16:56:27.7",4392,0.05012512,0.03300285,-0.013134,24.0046
"2025-04-08 16:56:27.75",4393,0.05028343,0.03606987,-0.0184803,23.98233
"2025-04-08 16:56:27.8",4394,0.05079079,0.03528023,-0.01207924,24.00396
"2025-04-08 16:56:27.85",4395,0.05298615,0.03487206,-0.01161003,24.01471
"2025-04-08 16:56:27.9",4396,0.05396461,0.03435326,-0.007236481,24.01413
"2025-04-08 16:56:27.95",4397,0.04976463,0.03362656,-0.007867813,24.00721
"2025-04-08 16:56:28",4398,0.04808235,0.03199768,-0.01048088,23.98468
"2025-04-08 16:56:28.05",4399,0.05011368,0.03444862,-0.008331299,23.98569
"2025-04-08 16:56:28.1",4400,0.05064011,0.03409576,-0.008720398,24.0052
"2025-04-08 16:56:28.15",4401,0.050354,0.03488922,-0.008934021,23.98369
"2025-04-08 16:56:28.2",4402,0.05152702,0.03160477,-0.01661301,24.00524
"2025-04-08 16:56:28.25",4403,0.04876518,0.03137589,-0.01699829,24.00364
"2025-04-08 16:56:28.3",4404,0.04641914,0.03013802,-0.01685905,23.9822
"2025-04-08 16:56:28.35",4405,0.04800224,0.03282547,-0.01379395,23.98336
"2025-04-08 16:56:28.4",4406,0.04792976,0.03281403,-0.01583672,24.00488
"2025-04-08 16:56:28.45",4407,0.05300903,0.03097343,-0.01469803,24.00564
"2025-04-08 16:56:28.5",4408,0.04726219,0.03378487,-0.01618004,23.98367
"2025-04-08 16:56:28.55",4409,0.04737282,0.03138733,-0.01768684,24.00635
"2025-04-08 16:56:28.6",4410,0.04636574,0.03159332,-0.01800537,24.00461
"2025-04-08 16:56:28.65",4411,0.04639435,0.03225899,-0.01861382,24.00307
"2025-04-08 16:56:28.7",4412,0.04793167,0.03635788,-0.02399826,23.98086
"2025-04-08 16:56:28.75",4413,0.04771996,0.03248405,-0.02296257,23.98064
"2025-04-08 16:56:28.8",4414,0.04815483,0.03302383,-0.02474403,24.00283
"2025-04-08 16:56:28.85",4415,0.04746628,0.03253174,-0.02588463,23.98209
"2025-04-08 16:56:28.9",4416,0.05036163,0.029953,-0.02799225,24.0131
"2025-04-08 16:56:28.95",4417,0.05035591,0.03158569,-0.02704811,24.00504
"2025-04-08 16:56:29",4418,0.04685974,0.02960587,-0.02651596,24.00538
"2025-04-08 16:56:29.05",4419,0.04673004,0.03144836,-0.02726936,24.0116
"2025-04-08 16:56:29.1",4420,0.04777336,0.02878571,-0.02905846,24.01266
"2025-04-08 16:56:29.15",4421,0.04776001,0.02937317,-0.02420998,24.00291
"2025-04-08 16:56:29.2",4422,0.04411125,0.03069496,-0.02349281,24.00462
"2025-04-08 16:56:29.25",4423,0.04894829,0.03126144,-0.02331543,23.98097
"2025-04-08 16:56:29.3",4424,0.05061913,0.02944565,-0.02571678,24.00375
"2025-04-08 16:56:29.35",4425,0.04900742,0.0283947,-0.02290726,24.00569
"2025-04-08 16:56:29.4",4426,0.04930115,0.02906609,-0.02207756,24.01005
"2025-04-08 16:56:29.45",4427,0.05016708,0.02857399,-0.02229881,24.01203
"2025-04-08 16:56:29.5",4428,0.04834938,0.0288372,-0.02466583,24.02858
"2025-04-08 16:56:29.55",4429,0.04592514,0.02979279,-0.02266884,24.0186
"2025-04-08 16:56:29.6",4430,0.04456902,0.02942085,-0.02721405,24.01336
"2025-04-08 16:56:29.65",4431,0.04574585,0.02935028,-0.02472496,24.03574
"2025-04-08 16:56:29.7",4432,0.04915619,0.02592087,-0.0242157,24.03017
"2025-04-08 16:56:29.75",4433,0.04647446,0.02793121,-0.02167892,24.01015
"2025-04-08 16:56:29.8",4434,0.0462265,0.02780151,-0.01971245,24.01044
"2025-04-08 16:56:29.85",4435,0.04697227,0.02739906,-0.02423096,24.01176
"2025-04-08 16:56:29.9",4436,0.04538345,0.02735519,-0.02071762,24.01084
"2025-04-08 16:56:29.95",4437,0.04428482,0.0275898,-0.02973175,24.03185
"2025-04-08 16:56:30",4438,0.04862785,0.02526093,-0.02264595,24.01089
"2025-04-08 16:56:30.05",4439,0.04572105,0.02602577,-0.02242661,24.00965
"2025-04-08 16:56:30.1",4440,0.04818726,0.02950668,-0.02663231,24.01068
"2025-04-08 16:56:30.15",4441,0.04325485,0.02802467,-0.02589607,24.00264
"2025-04-08 16:56:30.2",4442,0.04294968,0.02827835,-0.02303696,24.01056
"2025-04-08 16:56:30.25",4443,0.0455761,0.02535248,-0.02201462,24.00998
"2025-04-08 16:56:30.3",4444,0.04612732,0.02792549,-0.02642822,24.01087
"2025-04-08 16:56:30.35",4445,0.04268837,0.02436638,-0.02979279,24.0495
"2025-04-08 16:56:30.4",4446,0.04569626,0.02855682,-0.02497482,24.05021
"2025-04-08 16:56:30.45",4447,0.04529953,0.02654076,-0.027174,24.032
"2025-04-08 16:56:30.5",4448,0.0413456,0.0290947,-0.02936363,24.05595
"2025-04-08 16:56:30.55",4449,0.038414,0.02885246,-0.02875137,24.04655
"2025-04-08 16:56:30.6",4450,0.04081535,0.02709198,-0.02734375,24.03165
"2025-04-08 16:56:30.65",4451,0.04270554,0.0294075,-0.02958679,24.03201
"2025-04-08 16:56:30.7",4452,0.04224396,0.02939606,-0.030159,24.03335
"2025-04-08 16:56:30.75",4453,0.04468536,0.03048515,-0.02767944,24.0131
"2025-04-08 16:56:30.8",4454,0.04321098,0.03204727,-0.026968,24.05726
"2025-04-08 16:56:30.85",4455,0.04137421,0.03284645,-0.02831841,24.03275
"2025-04-08 16:56:30.9",4456,0.0407753,0.0364151,-0.0279808,24.03246
"2025-04-08 16:56:30.95",4457,0.03984261,0.03089142,-0.03007889,24.04556
"2025-04-08 16:56:31",4458,0.03962517,0.03042221,-0.02962112,24.03326
"2025-04-08 16:56:31.05",4459,0.03999519,0.0301609,-0.03034782,24.03191
"2025-04-08 16:56:31.1",4460,0.03968048,0.04286575,-0.02736092,24.0331
"2025-04-08 16:56:31.15",4461,0.0398941,0.03190804,-0.02767944,24.01096
"2025-04-08 16:56:31.2",4462,0.04028702,0.02960014,-0.03274918,24.0337
"2025-04-08 16:56:31.25",4463,0.03871155,0.03076363,-0.03105164,24.03326
"2025-04-08 16:56:31.3",4464,0.03925133,0.03097916,-0.03094101,24.0309
"2025-04-08 16:56:31.35",4465,0.03696251,0.0384922,-0.03710556,24.0302
"2025-04-08 16:56:31.4",4466,0.03722954,0.03539848,-0.03075409,24.04612
"2025-04-08 16:56:31.45",4467,0.03981209,0.03110504,-0.03033066,24.03198
"2025-04-08 16:56:31.5",4468,0.03897858,0.04288864,-0.03644562,24.03172
"2025-04-08 16:56:31.55",4469,0.04512787,0.02829552,-0.03120804,24.01043
"2025-04-08 16:56:31.6",4470,0.04369926,0.03430367,-0.03896332,24.03468
"2025-04-08 16:56:31.65",4471,0.0411911,0.03450012,-0.03959656,24.036
"2025-04-08 16:56:31.7",4472,0.04095078,0.03051186,-0.03969574,24.03769
"2025-04-08 16:56:31.75",4473,0.03807449,0.03037071,-0.03911018,24.03622
"2025-04-08 16:56:31.8",4474,0.03854942,0.03223228,-0.03934669,24.04878
"2025-04-08 16:56:31.85",4475,0.0362587,0.02309036,-0.03357697,24.03428
"2025-04-08 16:56:31.9",4476,0.03820229,0.02277756,-0.03314972,24.03493
"2025-04-08 16:56:31.95",4477,0.04263496,0.02169991,-0.03073311,24.04137
"2025-04-08 16:56:32",4478,0.03973198,0.02953529,-0.04152298,24.03425
"2025-04-08 16:56:32.05",4479,0.03386307,0.03229713,-0.03926086,24.0342
"2025-04-08 16:56:32.1",4480,0.03827095,0.03495789,-0.0396595,24.03339
"2025-04-08 16:56:32.15",4481,0.03904724,0.03521919,-0.03859138,24.06838
"2025-04-08 16:56:32.2",4482,0.03525925,0.02511787,-0.0333252,24.04629
"2025-04-08 16:56:32.25",4483,0.03572273,0.03411293,-0.03898811,24.02994
"2025-04-08 16:56:32.3",4484,0.03315926,0.02140808,-0.03338623,24.04645
"2025-04-08 16:56:32.35",4485,0.0325222,0.03137779,-0.03697777,24.04532
"2025-04-08 16:56:32.4",4486,0.03464508,0.02085114,-0.03183937,24.03111
"2025-04-08 16:56:32.45",4487,0.03453445,0.02108955,-0.03138733,24.04787
"2025-04-08 16:56:32.5",4488,0.03622055,0.03166199,-0.04037857,24.03173
"2025-04-08 16:56:32.55",4489,0.03695679,0.0216217,-0.03240967,24.03353
"2025-04-08 16:56:32.6",4490,0.03580475,0.02139664,-0.03277779,24.06799
"2025-04-08 16:56:32.65",4491,0.03309822,0.03264618,-0.04066849,24.03219
"2025-04-08 16:56:32.7",4492,0.03528214,0.02110672,-0.03282547,24.03094
"2025-04-08 16:56:32.75",4493,0.03697205,0.02085114,-0.03293419,24.04726
"2025-04-08 16:56:32.8",4494,0.03212166,0.02018547,-0.033638,24.04747
"2025-04-08 16:56:32.85",4495,0.03757668,0.02077293,-0.03377151,24.0331
"2025-04-08 16:56:32.9",4496,0.03582764,0.02077103,-0.03392029,24.04865
"2025-04-08 16:56:32.95",4497,0.03711319,0.0248642,-0.0314312,24.03697
"2025-04-08 16:56:33",4498,0.03637123,0.02112961,-0.03420639,24.06754
"2025-04-08 16:56:33.05",4499,0.03231049,0.02219963,-0.03405571,24.02952
"2025-04-08 16:56:33.1",4500,0.03855515,0.03282547,-0.0402565,24.07763
"2025-04-08 16:56:33.15",4501,0.03311539,0.02333641,-0.0338707,24.03104
"2025-04-08 16:56:33.2",4502,0.03327751,0.02202225,-0.0340004,24.04618
"2025-04-08 16:56:33.25",4503,0.03612518,0.02371597,-0.03378677,24.04625
"2025-04-08 16:56:33.3",4504,0.0344944,0.0218544,-0.03324699,24.03274
"2025-04-08 16:56:33.35",4505,0.03788948,0.03254318,-0.03971481,24.07012
"2025-04-08 16:56:33.4",4506,0.03790665,0.02114105,-0.03440094,24.04802
"2025-04-08 16:56:33.45",4507,0.03811455,0.02091599,-0.03385544,24.03064
"2025-04-08 16:56:33.5",4508,0.03754807,0.02090454,-0.03421402,24.07503
"2025-04-08 16:56:33.55",4509,0.03771591,0.03165627,-0.03927231,24.04408
"2025-04-08 16:56:33.6",4510,0.03793526,0.02040672,-0.03340149,24.02972
"2025-04-08 16:56:33.65",4511,0.03786087,0.02020645,-0.03378677,24.04583
"2025-04-08 16:56:33.7",4512,0.03864861,0.01963043,-0.03399849,24.04494
"2025-04-08 16:56:33.75",4513,0.03661728,0.03076363,-0.03900528,24.03197
"2025-04-08 16:56:33.8",4514,0.03929138,0.01930237,-0.03400993,24.07017
"2025-04-08 16:56:33.85",4515,0.03999329,0.01995659,-0.03405762,24.03425
"2025-04-08 16:56:33.9",4516,0.03770447,0.0206356,-0.03127861,24.03473
"2025-04-08 16:56:33.95",4517,0.03616905,0.02040863,-0.03134727,24.03367
"2025-04-08 16:56:34",4518,0.03454971,0.0184536,-0.0337944,24.03493
"2025-04-08 16:56:34.05",4519,0.03483009,0.01995087,-0.0334034,24.07012
"2025-04-08 16:56:34.1",4520,0.03532982,0.02058601,-0.03082657,24.03468
"2025-04-08 16:56:34.15",4521,0.03909492,0.02363205,-0.02867126,24.05406
"2025-04-08 16:56:34.2",4522,0.03154945,0.03093529,-0.03973579,24.07301
"2025-04-08 16:56:34.25",4523,0.03210258,0.01831818,-0.0316658,24.0332
"2025-04-08 16:56:34.3",4524,0.03410912,0.02064705,-0.0316658,24.04556
"2025-04-08 16:56:34.35",4525,0.03616524,0.0212574,-0.03220749,24.03042
"2025-04-08 16:56:34.4",4526,0.03345871,0.02082825,-0.03127861,24.04376
"2025-04-08 16:56:34.45",4527,0.03271294,0.02014732,-0.03342056,24.02971
"2025-04-08 16:56:34.5",4528,0.03335571,0.02010155,-0.03083801,24.02986
"2025-04-08 16:56:34.55",4529,0.03690529,0.01986504,-0.03039742,24.0453
"2025-04-08 16:56:34.6",4530,0.03364563,0.01984978,-0.0304985,24.03077
"2025-04-08 16:56:34.65",4531,0.03354454,0.01990509,-0.03007507,24.0304
"2025-04-08 16:56:34.7",4532,0.0372982,0.02010536,-0.02852058,24.03022
"2025-04-08 16:56:34.75",4533,0.03444862,0.03130531,-0.038311,24.06622
"2025-04-08 16:56:34.8",4534,0.03385735,0.0207386,-0.02997208,24.0287
"2025-04-08 16:56:34.85",4535,0.03386688,0.02035332,-0.030056,24.02866
"2025-04-08 16:56:34.9",4536,0.03356171,0.01920319,-0.02988243,24.02956
"2025-04-08 16:56:34.95",4537,0.03445435,0.01963806,-0.0305481,24.03011
"2025-04-08 16:56:35",4538,0.03430939,0.02002907,-0.03125191,24.04585
"2025-04-08 16:56:35.05",4539,0.03841019,0.02350235,-0.03184509,24.02962
"2025-04-08 16:56:35.1",4540,0.03806114,0.02099037,-0.02999115,24.05221
"2025-04-08 16:56:35.15",4541,0.03441048,0.03133202,-0.03947449,24.03117
"2025-04-08 16:56:35.2",4542,0.03774452,0.02521133,-0.0284977,24.07523
"2025-04-08 16:56:35.25",4543,0.03356171,0.01800728,-0.03101921,24.04601
"2025-04-08 16:56:35.3",4544,0.03385162,0.03216362,-0.03490067,24.05062
"2025-04-08 16:56:35.35",4545,0.03397369,0.01865578,-0.03165817,24.03304
"2025-04-08 16:56:35.4",4546,0.03508186,0.0331974,-0.03989792,24.04852
"2025-04-08 16:56:35.45",4547,0.03451157,0.02224731,-0.03175926,24.04945
"2025-04-08 16:56:35.5",4548,0.03381157,0.02206039,-0.03194427,24.07632
"2025-04-08 16:56:35.55",4549,0.03334427,0.03330994,-0.0371933,24.06693
"2025-04-08 16:56:35.6",4550,0.03342247,0.02232361,-0.03138542,24.06626
"2025-04-08 16:56:35.65",4551,0.03323746,0.01886559,-0.0312748,24.02999
"2025-04-08 16:56:35.7",4552,0.03361511,0.01748848,-0.03133583,24.06778
"2025-04-08 16:56:35.75",4553,0.0340519,0.01684952,-0.03155518,24.07489
"2025-04-08 16:56:35.8",4554,0.03414154,0.01768303,-0.03186607,24.07595
"2025-04-08 16:56:35.85",4555,0.03662109,0.0177269,-0.03190422,24.0307
"2025-04-08 16:56:35.9",4556,0.03392982,0.01729012,-0.03191566,24.04414
"2025-04-08 16:56:35.95",4557,0.03396988,0.01990509,-0.03131866,24.04432
"2025-04-08 16:56:36",4558,0.03352356,0.03086853,-0.0366478,24.03001
"2025-04-08 16:56:36.05",4559,0.03523254,0.01947403,-0.02856064,24.04474
"2025-04-08 16:56:36.1",4560,0.03526878,0.0306015,-0.03630257,24.07017
"2025-04-08 16:56:36.15",4561,0.03629684,0.01632118,-0.02908707,24.03719
"2025-04-08 16:56:36.2",4562,0.03611755,0.03052711,-0.03714561,24.03433
"2025-04-08 16:56:36.25",4563,0.03595543,0.01930428,-0.02911949,24.03558
"2025-04-08 16:56:36.3",4564,0.03493118,0.01659966,-0.02898026,24.03267
"2025-04-08 16:56:36.35",4565,0.03452873,0.03038406,-0.03429031,24.03394
"2025-04-08 16:56:36.4",4566,0.03386879,0.01901245,-0.02916908,24.04729
"2025-04-08 16:56:36.45",4567,0.03372192,0.03064728,-0.03390503,24.03262
"2025-04-08 16:56:36.5",4568,0.03405952,0.01971626,-0.02866554,24.04816
"2025-04-08 16:56:36.55",4569,0.03332138,0.01642036,-0.02927971,24.04633
"2025-04-08 16:56:36.6",4570,0.03299522,0.01668739,-0.02958298,24.06907
"2025-04-08 16:56:36.65",4571,0.03691673,0.02062035,-0.02718163,24.03643
"2025-04-08 16:56:36.7",4572,0.03278923,0.01808357,-0.02708435,24.02939
"2025-04-08 16:56:36.75",4573,0.02973557,0.0312767,-0.03385544,24.03029
"2025-04-08 16:56:36.8",4574,0.03240585,0.01704597,-0.02824211,24.02807
"2025-04-08 16:56:36.85",4575,0.03224754,0.01723671,-0.02790642,24.06467
"2025-04-08 16:56:36.9",4576,0.0328083,0.01713562,-0.02777863,24.04329
"2025-04-08 16:56:36.95",4577,0.03268242,0.01689911,-0.02731514,24.0452
"2025-04-08 16:56:37",4578,0.03325462,0.01748085,-0.02776337,24.04434
"2025-04-08 16:56:37.05",4579,0.03322601,0.01691818,-0.02639771,24.04443
"2025-04-08 16:56:37.1",4580,0.03420258,0.03072357,-0.03353119,24.06722
"2025-04-08 16:56:37.15",4581,0.03338814,0.02812004,-0.03368187,24.04366
"2025-04-08 16:56:37.2",4582,0.03318214,0.01794624,-0.02854919,24.02793
"2025-04-08 16:56:37.25",4583,0.03284645,0.01712418,-0.02828789,24.06491
"2025-04-08 16:56:37.3",4584,0.03325272,0.01723671,-0.02837753,24.04415
"2025-04-08 16:56:37.35",4585,0.03359604,0.01680183,-0.02876282,24.06667
"2025-04-08 16:56:37.4",4586,0.03432655,0.01707458,-0.02920151,24.04523
"2025-04-08 16:56:37.45",4587,0.03136635,0.01706886,-0.02988815,24.03085
"2025-04-08 16:56:37.5",4588,0.03083992,0.01765633,-0.02983475,24.03103
"2025-04-08 16:56:37.55",4589,0.03345108,0.01827431,-0.03017044,24.02943
"2025-04-08 16:56:37.6",4590,0.03303528,0.01909065,-0.02962875,24.02939
"2025-04-08 16:56:37.65",4591,0.03059578,0.01585007,-0.03198433,24.02968
"2025-04-08 16:56:37.7",4592,0.03281403,0.03019714,-0.03485489,24.02969
"2025-04-08 16:56:37.75",4593,0.03336716,0.01916122,-0.02895546,24.02934
"2025-04-08 16:56:37.8",4594,0.03013802,0.01570702,-0.02915382,24.03149
"2025-04-08 16:56:37.85",4595,0.03334808,0.01748085,-0.02971077,24.0303
"2025-04-08 16:56:37.9",4596,0.03031158,0.01536942,-0.03022957,24.0298
"2025-04-08 16:56:37.95",4597,0.03318214,0.01543617,-0.02960968,24.03002
"2025-04-08 16:56:38",4598,0.03286934,0.01717949,-0.0293045,24.07642
"2025-04-08 16:56:38.05",4599,0.03295898,0.02539635,-0.03410721,24.04359
"2025-04-08 16:56:38.1",4600,0.03328705,0.01441002,-0.02643204,24.02878
"2025-04-08 16:56:38.15",4601,0.03078651,0.01369476,-0.02594566,24.04425
"2025-04-08 16:56:38.2",4602,0.03307343,0.01377296,-0.02630234,24.04536
"2025-04-08 16:56:38.25",4603,0.03398132,0.01326942,-0.02700615,24.0688
"2025-04-08 16:56:38.3",4604,0.03512955,0.0138073,-0.02706528,24.04538
"2025-04-08 16:56:38.35",4605,0.03621483,0.01338387,-0.02716255,24.03283
"2025-04-08 16:56:38.4",4606,0.03347206,0.01414871,-0.02692986,24.04876
"2025-04-08 16:56:38.45",4607,0.03464508,0.02493668,-0.03203964,24.04774
"2025-04-08 16:56:38.5",4608,0.03180313,0.01123047,-0.02684021,24.03716
"2025-04-08 16:56:38.55",4609,0.03431511,0.01298523,-0.02656174,24.0334
"2025-04-08 16:56:38.6",4610,0.03336716,0.01396179,-0.02340698,24.03284
"2025-04-08 16:56:38.65",4611,0.03442574,0.01104355,-0.02435303,24.03287
"2025-04-08 16:56:38.7",4612,0.0342083,0.01127815,-0.02647781,24.04819
"2025-04-08 16:56:38.75",4613,0.03404808,0.01473427,-0.02425385,24.03409
"2025-04-08 16:56:38.8",4614,0.03326416,0.01098251,-0.02425957,24.03192
"2025-04-08 16:56:38.85",4615,0.03263474,0.01172447,-0.02441597,24.0293
"2025-04-08 16:56:38.9",4616,0.03264046,0.01415253,-0.02452278,24.02956
"2025-04-08 16:56:38.95",4617,0.03267288,0.02532959,-0.03187752,24.02941
"2025-04-08 16:56:39",4618,0.03270721,0.01187325,-0.02407455,24.04474
"2025-04-08 16:56:39.05",4619,0.03203583,0.01134491,-0.02332687,24.04408
"2025-04-08 16:56:39.1",4620,0.03258896,0.01068497,-0.02330017,24.04447
"2025-04-08 16:56:39.15",4621,0.0366478,0.01179123,-0.02276802,24.02921
"2025-04-08 16:56:39.2",4622,0.03262329,0.02499962,-0.02822685,24.04459
"2025-04-08 16:56:39.25",4623,0.03294182,0.02545547,-0.02800179,24.03136
"2025-04-08 16:56:39.3",4624,0.03198624,0.02272987,-0.02794647,24.02663
"2025-04-08 16:56:39.35",4625,0.03132629,0.01131058,-0.02275085,24.02637
"2025-04-08 16:56:39.4",4626,0.03161621,0.0114727,-0.02215958,24.02719
"2025-04-08 16:56:39.45",4627,0.03215981,0.01165009,-0.02309418,24.02738
"2025-04-08 16:56:39.5",4628,0.03575706,0.02215004,-0.02850533,24.02785
"2025-04-08 16:56:39.55",4629,0.03275108,0.008361816,-0.0230751,24.02811
"2025-04-08 16:56:39.6",4630,0.03630257,0.02177811,-0.03224564,24.04509
"2025-04-08 16:56:39.65",4631,0.03383064,0.0116024,-0.02410507,24.04419
"2025-04-08 16:56:39.7",4632,0.03307533,0.008617401,-0.02441788,24.06663
"2025-04-08 16:56:39.75",4633,0.03328323,0.01148415,-0.02455139,24.0293
"2025-04-08 16:56:39.8",4634,0.03278542,0.02342415,-0.03011322,24.04358
"2025-04-08 16:56:39.85",4635,0.03286934,0.02322197,-0.0293293,24.04345
"2025-04-08 16:56:39.9",4636,0.03587914,0.01199722,-0.0212841,24.04462
"2025-04-08 16:56:39.95",4637,0.03290176,0.02344131,-0.02958679,24.04675
"2025-04-08 16:56:40",4638,0.03368378,0.01262856,-0.02183723,24.04533
"2025-04-08 16:56:40.05",4639,0.03339195,0.0132637,-0.02214813,24.04388
"2025-04-08 16:56:40.1",4640,0.03359985,0.02457047,-0.03065872,24.04438
"2025-04-08 16:56:40.15",4641,0.03285027,0.01322174,-0.02446175,24.07269
"2025-04-08 16:56:40.2",4642,0.03663254,0.01620102,-0.01894951,24.03561
"2025-04-08 16:56:40.25",4643,0.03263283,0.0119133,-0.02385139,24.04317
"2025-04-08 16:56:40.3",4644,0.03337097,0.02247047,-0.02940941,24.04277
"2025-04-08 16:56:40.35",4645,0.03323746,0.01120567,-0.02144623,24.03078
"2025-04-08 16:56:40.4",4646,0.03691101,0.01433563,-0.0193634,24.07208
"2025-04-08 16:56:40.45",4647,0.03631973,0.01049995,-0.02067566,24.03793
"2025-04-08 16:56:40.5",4648,0.03388023,0.01093483,-0.02499199,24.0443
"2025-04-08 16:56:40.55",4649,0.03578568,0.01172256,-0.0217247,24.02921
"2025-04-08 16:56:40.6",4650,0.0331707,0.02463531,-0.02971649,24.04516
"2025-04-08 16:56:40.65",4651,0.03417587,0.01056671,-0.02381134,24.0682
"2025-04-08 16:56:40.7",4652,0.03201485,0.02379799,-0.02945328,24.03217
"2025-04-08 16:56:40.75",4653,0.03535843,0.01281166,-0.02168655,24.0469
"2025-04-08 16:56:40.8",4654,0.03470993,0.01094627,-0.02229881,24.04784
"2025-04-08 16:56:40.85",4655,0.03396225,0.0107975,-0.0219574,24.1011
"2025-04-08 16:56:40.9",4656,0.03361511,0.01133347,-0.02156639,24.07738
"2025-04-08 16:56:40.95",4657,0.03328705,0.01404572,-0.02149391,24.03024
"2025-04-08 16:56:41",4658,0.03027534,0.0141716,-0.0208931,24.04594
"2025-04-08 16:56:41.05",4659,0.03043938,0.01373863,-0.02145767,24.0303
"2025-04-08 16:56:41.1",4660,0.03313828,0.01009178,-0.02095985,24.04588
"2025-04-08 16:56:41.15",4661,0.02972984,0.01016045,-0.02181244,24.03047
"2025-04-08 16:56:41.2",4662,0.02949524,0.01062393,-0.01842499,24.03577
"2025-04-08 16:56:41.25",4663,0.02995491,0.01091766,-0.02104187,24.04319
"2025-04-08 16:56:41.3",4664,0.02889252,0.0107193,-0.02162743,24.02816
"2025-04-08 16:56:41.35",4665,0.02900314,0.01371002,-0.02090263,24.02773
"2025-04-08 16:56:41.4",4666,0.02881241,0.01399231,-0.02079201,24.0274
"2025-04-08 16:56:41.45",4667,0.03154945,0.01296997,-0.02016068,24.02454
"2025-04-08 16:56:41.5",4668,0.03230476,0.01367378,-0.02075386,24.0423
"2025-04-08 16:56:41.55",4669,0.03026581,0.01325798,-0.02082634,24.04195
"2025-04-08 16:56:41.6",4670,0.02973938,0.02466965,-0.02600288,24.04334
"2025-04-08 16:56:41.65",4671,0.02954102,0.01395226,-0.02114487,24.09343
"2025-04-08 16:56:41.7",4672,0.02957726,0.01398659,-0.02050209,24.04125
"2025-04-08 16:56:41.75",4673,0.02889633,0.01394081,-0.01972389,24.04084
"2025-04-08 16:56:41.8",4674,0.02906418,0.01358414,-0.02099991,24.09398
"2025-04-08 16:56:41.85",4675,0.03111076,0.02699852,-0.02903366,24.07439
"2025-04-08 16:56:41.9",4676,0.03018379,0.0133152,-0.02122307,24.04433
"2025-04-08 16:56:41.95",4677,0.03109741,0.01364517,-0.02147293,24.04494
"2025-04-08 16:56:42",4678,0.02945518,0.02801132,-0.02957535,24.02792
"2025-04-08 16:56:42.05",4679,0.029356,0.01498604,-0.02158546,24.06499
"2025-04-08 16:56:42.1",4680,0.02964211,0.01566505,-0.02431488,24.02794
"2025-04-08 16:56:42.15",4681,0.03030014,0.02929306,-0.02923584,24.04369
"2025-04-08 16:56:42.2",4682,0.03034782,0.01485252,-0.02156639,24.04333
"2025-04-08 16:56:42.25",4683,0.02987099,0.01465416,-0.02241135,24.03075
"2025-04-08 16:56:42.3",4684,0.03030014,0.01561737,-0.02231026,24.02962
"2025-04-08 16:56:42.35",4685,0.03105354,0.02927589,-0.03021812,24.06618
"2025-04-08 16:56:42.4",4686,0.03055,0.02960777,-0.03011703,24.04233
"2025-04-08 16:56:42.45",4687,0.02994728,0.01814651,-0.02266312,24.07372
"2025-04-08 16:56:42.5",4688,0.02941513,0.02830124,-0.02993965,24.04242
"2025-04-08 16:56:42.55",4689,0.02966309,0.02746201,-0.02937508,24.06447
"2025-04-08 16:56:42.6",4690,0.03416443,0.03031731,-0.02665138,24.03742
"2025-04-08 16:56:42.65",4691,0.03142929,0.03078079,-0.02737045,24.03768
"2025-04-08 16:56:42.7",4692,0.02980232,0.02829361,-0.02925301,24.07378
"2025-04-08 16:56:42.75",4693,0.03027725,0.016119,-0.02219963,24.02902
"2025-04-08 16:56:42.8",4694,0.03036499,0.02705383,-0.02931023,24.07163
"2025-04-08 16:56:42.85",4695,0.03157997,0.02716637,-0.0290699,24.02744
"2025-04-08 16:56:42.9",4696,0.03063011,0.02658081,-0.02952766,24.04245
"2025-04-08 16:56:42.95",4697,0.03118134,0.01212692,-0.02141762,24.03265
"2025-04-08 16:56:43",4698,0.03243828,0.01274681,-0.02105904,24.03121
"2025-04-08 16:56:43.05",4699,0.03166771,0.0288353,-0.03043175,24.05651
"2025-04-08 16:56:43.1",4700,0.03161621,0.02705956,-0.03001976,24.04766
"2025-04-08 16:56:43.15",4701,0.02860069,0.02633286,-0.03000641,24.04713
"2025-04-08 16:56:43.2",4702,0.03025055,0.01374435,-0.02417183,24.0975
"2025-04-08 16:56:43.25",4703,0.03054047,0.01755333,-0.01904297,24.04823
"2025-04-08 16:56:43.3",4704,0.02762413,0.02578735,-0.03017044,24.04573
"2025-04-08 16:56:43.35",4705,0.03073502,0.01516342,-0.02455711,24.04526
"2025-04-08 16:56:43.4",4706,0.03014755,0.02679634,-0.02980423,24.0462
"2025-04-08 16:56:43.45",4707,0.0297966,0.01686096,-0.02242661,24.04571
"2025-04-08 16:56:43.5",4708,0.0264473,0.02755547,-0.03020668,24.06657
"2025-04-08 16:56:43.55",4709,0.02703094,0.02778435,-0.02961731,24.07327
"2025-04-08 16:56:43.6",4710,0.02908325,0.02687073,-0.02931976,24.06839
"2025-04-08 16:56:43.65",4711,0.02846909,0.02648926,-0.02879906,24.09227
"2025-04-08 16:56:43.7",4712,0.02863884,0.02708626,-0.02838707,24.04071
"2025-04-08 16:56:43.75",4713,0.02990913,0.017416,-0.02323341,24.04316
"2025-04-08 16:56:43.8",4714,0.02986908,0.03070641,-0.02906227,24.06599
"2025-04-08 16:56:43.85",4715,0.02595329,0.01695824,-0.02247238,24.04089
"2025-04-08 16:56:43.9",4716,0.02618408,0.0172081,-0.02324486,24.0267
"2025-04-08 16:56:43.95",4717,0.02624512,0.02712631,-0.03079033,24.02693
"2025-04-08 16:56:44",4718,0.02672005,0.01332474,-0.02339935,24.0275
"2025-04-08 16:56:44.05",4719,0.02932358,0.02669144,-0.02879333,24.07415
"2025-04-08 16:56:44.1",4720,0.03009224,0.02663994,-0.02927017,24.04288
"2025-04-08 16:56:44.15",4721,0.02967453,0.01375008,-0.02395439,24.04194
"2025-04-08 16:56:44.2",4722,0.02668571,0.02791977,-0.02960396,24.04188
"2025-04-08 16:56:44.25",4723,0.02653503,0.03056717,-0.02912331,24.07214
"2025-04-08 16:56:44.3",4724,0.02643013,0.03026581,-0.02955055,24.04071
"2025-04-08 16:56:44.35",4725,0.02684402,0.03039932,-0.03221703,24.06557
"2025-04-08 16:56:44.4",4726,0.02742386,0.0309124,-0.03308296,24.04396
"2025-04-08 16:56:44.45",4727,0.0270977,0.01833725,-0.02542877,24.04419
"2025-04-08 16:56:44.5",4728,0.02721786,0.01782799,-0.02508736,24.04379
"2025-04-08 16:56:44.55",4729,0.02740097,0.02880096,-0.03350258,24.02612
"2025-04-08 16:56:44.6",4730,0.02739906,0.01857567,-0.02484131,24.07259
"2025-04-08 16:56:44.65",4731,0.02700996,0.03165245,-0.03255463,24.02857
"2025-04-08 16:56:44.7",4732,0.02985764,0.01874352,-0.02419662,24.02693
"2025-04-08 16:56:44.75",4733,0.0269146,0.01700592,-0.02781868,24.03008
"2025-04-08 16:56:44.8",4734,0.02739906,0.02782059,-0.03310204,24.02894
"2025-04-08 16:56:44.85",4735,0.02779579,0.01691818,-0.02453804,24.06518
"2025-04-08 16:56:44.9",4736,0.02685356,0.03087997,-0.03297806,24.02924
"2025-04-08 16:56:44.95",4737,0.0297451,0.01613998,-0.02503777,24.02765
"2025-04-08 16:56:45",4738,0.02694893,0.02726555,-0.03236771,24.04162
"2025-04-08 16:56:45.05",4739,0.02723503,0.02688789,-0.03184509,24.04127
"2025-04-08 16:56:45.1",4740,0.02756119,0.0267849,-0.03173828,24.09507
"2025-04-08 16:56:45.15",4741,0.02806473,0.01531601,-0.02446175,24.02988
"2025-04-08 16:56:45.2",4742,0.03094101,0.02608299,-0.03188515,24.04692
"2025-04-08 16:56:45.25",4743,0.03170013,0.01530457,-0.02457237,24.04713
"2025-04-08 16:56:45.3",4744,0.03216934,0.0158844,-0.02457428,24.05199
"2025-04-08 16:56:45.35",4745,0.03141212,0.02703285,-0.03274345,24.0304
"2025-04-08 16:56:45.4",4746,0.03111076,0.02726173,-0.03222275,24.06772
"2025-04-08 16:56:45.45",4747,0.03066635,0.0160141,-0.02407646,24.02946
"2025-04-08 16:56:45.5",4748,0.03243446,0.02840996,-0.02915955,24.07887
"2025-04-08 16:56:45.55",4749,0.03041077,0.02379799,-0.03226852,24.06765
"2025-04-08 16:56:45.6",4750,0.0336628,0.03020859,-0.02963257,24.0501
"2025-04-08 16:56:45.65",4751,0.02973938,0.01316452,-0.02486801,24.04504
"2025-04-08 16:56:45.7",4752,0.0296402,0.02472687,-0.03034592,24.04293
"2025-04-08 16:56:45.75",4753,0.03111649,0.01319122,-0.02462769,24.02835
"2025-04-08 16:56:45.8",4754,0.02909851,0.02696609,-0.02920151,24.04205
"2025-04-08 16:56:45.85",4755,0.02745056,0.01069069,-0.02378082,24.04168
"2025-04-08 16:56:45.9",4756,0.0319519,0.01297379,-0.0240097,24.04129
"2025-04-08 16:56:45.95",4757,0.03613472,0.01368332,-0.02021027,24.07898
"2025-04-08 16:56:46",4758,0.02911949,0.0216217,-0.02807045,24.04186
"2025-04-08 16:56:46.05",4759,0.02973938,0.02473831,-0.03150368,24.04232
"2025-04-08 16:56:46.1",4760,0.03215218,0.01041794,-0.02398682,24.04031
"2025-04-08 16:56:46.15",4761,0.03145981,0.02462006,-0.03102303,24.06248
"2025-04-08 16:56:46.2",4762,0.0319252,0.01048279,-0.02250481,24.0407
"2025-04-08 16:56:46.25",4763,0.03188705,0.01061058,-0.02335358,24.02742
"2025-04-08 16:56:46.3",4764,0.03201485,0.01066971,-0.02631378,24.02808
"2025-04-08 16:56:46.35",4765,0.03246498,0.01053429,-0.02434349,24.06497
"2025-04-08 16:56:46.4",4766,0.03244019,0.01090813,-0.0246563,24.04292
"2025-04-08 16:56:46.45",4767,0.03233337,0.02434731,-0.02941322,24.02863
"2025-04-08 16:56:46.5",4768,0.03294182,0.0111599,-0.02489662,24.02722
"2025-04-08 16:56:46.55",4769,0.03222084,0.02188683,-0.03334045,24.04172
"2025-04-08 16:56:46.6",4770,0.03223228,0.00904274,-0.02441216,24.04286
"2025-04-08 16:56:46.65",4771,0.03654861,0.0171032,-0.0215168,24.05134
"2025-04-08 16:56:46.7",4772,0.03271294,0.00892067,-0.02492332,24.07265
"2025-04-08 16:56:46.75",4773,0.03295326,0.0228672,-0.03257179,24.04473
"2025-04-08 16:56:46.8",4774,0.03711319,0.01296425,-0.02146339,24.03603
"2025-04-08 16:56:46.85",4775,0.03198624,0.01252174,-0.02540398,24.04263
"2025-04-08 16:56:46.9",4776,0.03916168,0.01195335,-0.02193642,24.03615
"2025-04-08 16:56:46.95",4777,0.03201294,0.02265739,-0.03269768,24.0258
"2025-04-08 16:56:47",4778,0.03878403,0.02514267,-0.02999115,24.07117
"2025-04-08 16:56:47.05",4779,0.03818512,0.01142311,-0.02185249,24.03706
"2025-04-08 16:56:47.1",4780,0.03470993,0.01868629,-0.03182793,24.07179
"2025-04-08 16:56:47.15",4781,0.03517914,0.008489609,-0.02475548,24.04443
"2025-04-08 16:56:47.2",4782,0.03567123,0.008077621,-0.02452087,24.06477
"2025-04-08 16:56:47.25",4783,0.0320797,0.02203751,-0.0328064,24.04263
"2025-04-08 16:56:47.3",4784,0.03538895,-0.006439209,-0.01937675,24.06461
"2025-04-08 16:56:47.35",4785,0.03684044,0.007205963,-0.02427483,24.02768
"2025-04-08 16:56:47.4",4786,0.03587341,0.007631302,-0.02445602,24.027
"2025-04-08 16:56:47.45",4787,0.03621292,0.0204525,-0.03228378,24.0281
"2025-04-08 16:56:47.5",4788,0.03695107,0.006380081,-0.0243206,24.07492
"2025-04-08 16:56:47.55",4789,0.03709793,0.006416321,-0.02462769,24.04673
"2025-04-08 16:56:47.6",4790,0.03652,0.00702095,-0.02519417,24.04725
"2025-04-08 16:56:47.65",4791,0.03697968,0.007787704,-0.02464485,24.04831
"2025-04-08 16:56:47.7",4792,0.03627968,0.008026123,-0.0246067,24.07485
"2025-04-08 16:56:47.75",4793,0.03553391,0.02177238,-0.03281593,24.04596
"2025-04-08 16:56:47.8",4794,0.03549957,0.02155304,-0.03225708,24.04507
"2025-04-08 16:56:47.85",4795,0.03552628,0.007921219,-0.02422142,24.0293
"2025-04-08 16:56:47.9",4796,0.03464508,0.007886887,-0.02430344,24.07566
"2025-04-08 16:56:47.95",4797,0.03539276,0.00802803,-0.02717972,24.04155
"2025-04-08 16:56:48",4798,0.03480148,0.007423401,-0.0250473,24.04414
"2025-04-08 16:56:48.05",4799,0.03719521,0.008008957,-0.0240593,24.04267
"2025-04-08 16:56:48.1",4800,0.03503418,0.02173233,-0.03223419,24.06477
"2025-04-08 16:56:48.15",4801,0.03454018,0.008651733,-0.02401924,24.04038
"2025-04-08 16:56:48.2",4802,0.03678513,0.008043289,-0.02370644,24.04049
"2025-04-08 16:56:48.25",4803,0.03841019,0.01240921,-0.01996994,24.02995
"2025-04-08 16:56:48.3",4804,0.03661156,0.02170372,-0.02796936,24.04067
"2025-04-08 16:56:48.35",4805,0.03672218,0.02153778,-0.03057098,24.02805
"2025-04-08 16:56:48.4",4806,0.03705215,0.007741928,-0.02347946,24.02685
"2025-04-08 16:56:48.45",4807,0.03578949,0.007383347,-0.02341461,24.04338
"2025-04-08 16:56:48.5",4808,0.03769302,0.007741928,-0.02431488,24.06501
"2025-04-08 16:56:48.55",4809,0.03766632,0.008026123,-0.02192688,24.02576
"2025-04-08 16:56:48.6",4810,0.03720284,0.008563995,-0.02126503,24.06393
"2025-04-08 16:56:48.65",4811,0.03788376,0.007249832,-0.02414894,24.07032
"2025-04-08 16:56:48.7",4812,0.03451157,0.02089882,-0.02969551,24.02741
"2025-04-08 16:56:48.75",4813,0.03772163,0.01032829,-0.02103043,24.04352
"2025-04-08 16:56:48.8",4814,0.03825951,0.01161194,-0.02171707,24.04369
"2025-04-08 16:56:48.85",4815,0.0381279,0.008136749,-0.02196312,24.06609
"2025-04-08 16:56:48.9",4816,0.04030228,0.02775383,-0.02718735,24.07192
"2025-04-08 16:56:48.95",4817,0.03756523,0.01225471,-0.02277374,24.04392
"2025-04-08 16:56:49",4818,0.04164886,0.0004196167,-0.01366425,24.07286
"2025-04-08 16:56:49.05",4819,0.03680038,0.009937286,-0.02202034,24.04382
"2025-04-08 16:56:49.1",4820,0.03704071,0.01195717,-0.02192497,24.06662
"2025-04-08 16:56:49.15",4821,0.03739929,0.01190376,-0.01962852,24.04728
"2025-04-08 16:56:49.2",4822,0.03746986,0.009248734,-0.0230217,24.03476
"2025-04-08 16:56:49.25",4823,0.03778267,0.02252388,-0.02774429,24.06214
"2025-04-08 16:56:49.3",4824,0.03759956,0.008773804,-0.01982498,24.06636
"2025-04-08 16:56:49.35",4825,0.03695679,0.01132774,-0.01963997,24.08025
"2025-04-08 16:56:49.4",4826,0.03648186,0.01119995,-0.01986504,24.11298
"2025-04-08 16:56:49.45",4827,0.03685188,0.02126122,-0.02679634,24.11253
"2025-04-08 16:56:49.5",4828,0.03822517,0.006982803,-0.02194023,24.10399
"2025-04-08 16:56:49.55",4829,0.03853226,0.006629944,-0.01985741,24.13013
"2025-04-08 16:56:49.6",4830,0.03920746,0.01026154,-0.01921082,24.13641
"2025-04-08 16:56:49.65",4831,0.03906822,0.0204258,-0.02715683,24.09212
"2025-04-08 16:56:49.7",4832,0.03878784,0.007411957,-0.01900482,24.10576
"2025-04-08 16:56:49.75",4833,0.0418644,0.02095604,-0.02703094,24.09332
"2025-04-08 16:56:49.8",4834,0.04222298,0.02479744,-0.0248127,24.09216
"2025-04-08 16:56:49.85",4835,0.03923416,0.006187439,-0.0189724,24.09367
"2025-04-08 16:56:49.9",4836,0.04216576,0.02062607,-0.02703476,24.11584
"2025-04-08 16:56:49.95",4837,0.03955269,0.02049828,-0.02448463,24.09344
"2025-04-08 16:56:50",4838,0.03871155,0.02167511,-0.03350258,24.09427
"2025-04-08 16:56:50.05",4839,0.04156876,0.02108574,-0.02610397,24.0922
"2025-04-08 16:56:50.1",4840,0.04129601,0.02160454,-0.01934433,24.12749
"2025-04-08 16:56:50.15",4841,0.03755951,0.009880066,-0.0123806,24.10556
"2025-04-08 16:56:50.2",4842,0.04024124,0.008432388,-0.01602364,24.09138
"2025-04-08 16:56:50.25",4843,0.03997993,0.007608414,-0.007827759,24.09242
"2025-04-08 16:56:50.3",4844,0.03754425,0.01107407,-0.001605988,24.10103
"2025-04-08 16:56:50.35",4845,0.03989029,0.008930206,-0.002416611,24.10281
"2025-04-08 16:56:50.4",4846,0.03962517,0.008014679,-0.003755569,24.1038
"2025-04-08 16:56:50.45",4847,0.03910255,0.008468628,0.002653122,24.10341
"2025-04-08 16:56:50.5",4848,0.04334068,0.01214218,0.004899979,24.1312
"2025-04-08 16:56:50.55",4849,0.03662682,0.00822258,0.004476547,24.09035
"2025-04-08 16:56:50.6",4850,0.0396328,0.008182526,0.004743576,24.10336
"2025-04-08 16:56:50.65",4851,0.03981781,0.007631302,0.006475449,24.11692
"2025-04-08 16:56:50.7",4852,0.04027367,0.008083344,0.003856659,24.11982
"2025-04-08 16:56:50.75",4853,0.04027557,0.008214951,0.007623672,24.13628
"2025-04-08 16:56:50.8",4854,0.03991699,0.007684708,0.001558304,24.12123
"2025-04-08 16:56:50.85",4855,0.03990173,0.00837326,0.00917244,24.13413
"2025-04-08 16:56:50.9",4856,0.03690147,0.00709343,0.006217957,24.12115
"2025-04-08 16:56:50.95",4857,0.03992844,0.008401871,0.006498337,24.12166
"2025-04-08 16:56:51",4858,0.03641891,0.008378983,0.003816605,24.12116
"2025-04-08 16:56:51.05",4859,0.04446983,0.01414299,0.009946823,24.12617
"2025-04-08 16:56:51.1",4860,0.03757668,0.009647369,0.004329681,24.11906
"2025-04-08 16:56:51.15",4861,0.03958702,0.01683807,0.005569458,24.12777
"2025-04-08 16:56:51.2",4862,0.03773308,0.0172081,0.003429413,24.11885
"2025-04-08 16:56:51.25",4863,0.03646088,0.02532959,0.006515503,24.15308
"2025-04-08 16:56:51.3",4864,0.03751373,0.03012657,0.005615234,24.13008
"2025-04-08 16:56:51.35",4865,0.03845787,0.02831841,0.005144119,24.1182
"2025-04-08 16:56:51.4",4866,0.03781509,0.03334427,0.004184723,24.12029
"2025-04-08 16:56:51.45",4867,0.03866196,0.03736877,0.003458023,24.11996
"2025-04-08 16:56:51.5",4868,0.04379463,0.04020119,0.004940033,24.11389
"2025-04-08 16:56:51.55",4869,0.03720093,0.04152107,0.007732391,24.12029
"2025-04-08 16:56:51.6",4870,0.04116058,0.04101181,0.01252747,24.11083
"2025-04-08 16:56:51.65",4871,0.04118347,0.04422379,0.01177025,24.10993
"2025-04-08 16:56:51.7",4872,0.03772163,0.03840828,0.01566887,24.11611
"2025-04-08 16:56:51.75",4873,0.03860855,0.03829002,0.0107975,24.11816
"2025-04-08 16:56:51.8",4874,0.04372978,0.04235077,0.01598549,24.12671
"2025-04-08 16:56:51.85",4875,0.03904152,0.04237938,0.01599884,24.10841
"2025-04-08 16:56:51.9",4876,0.03608513,0.0418663,0.01408005,24.10785
"2025-04-08 16:56:51.95",4877,0.0394516,0.04107666,0.01473045,24.1199
"2025-04-08 16:56:52",4878,0.03868675,0.04181671,0.01465225,24.1188
"2025-04-08 16:56:52.05",4879,0.03491974,0.03854179,0.01445389,24.13318
"2025-04-08 16:56:52.1",4880,0.04403877,0.04501152,0.02031898,24.12598
"2025-04-08 16:56:52.15",4881,0.03958893,0.04132843,0.01365662,24.13754
"2025-04-08 16:56:52.2",4882,0.04158592,0.04093361,0.01376152,24.14047
"2025-04-08 16:56:52.25",4883,0.04174423,0.04127312,0.01862907,24.1416
"2025-04-08 16:56:52.3",4884,0.04496574,0.04135132,0.01454544,24.14661
"2025-04-08 16:56:52.35",4885,0.05276108,0.04141235,0.009290695,24.13654
"2025-04-08 16:56:52.4",4886,0.05700111,0.04149055,0.01657677,24.13624
"2025-04-08 16:56:52.45",4887,0.05478859,0.03892136,0.01425362,24.1355
"2025-04-08 16:56:52.5",4888,0.05983925,0.03882599,0.006540298,24.13527
"2025-04-08 16:56:52.55",4889,0.06106186,0.0383625,0.00859642,24.14877
"2025-04-08 16:56:52.6",4890,0.05759239,0.03919792,0.009160995,24.15269
"2025-04-08 16:56:52.65",4891,0.0597477,0.03961372,0.0082798,24.13543
"2025-04-08 16:56:52.7",4892,0.066679,0.03986549,0.008880615,24.14843
"2025-04-08 16:56:52.75",4893,0.06920624,0.03980446,0.008771896,24.15529
"2025-04-08 16:56:52.8",4894,0.06544113,0.04288101,0.01260567,24.13538
"2025-04-08 16:56:52.85",4895,0.06430626,0.04582596,0.007562637,24.12445
"2025-04-08 16:56:52.9",4896,0.06361961,0.04746628,0.005752563,24.12048
"2025-04-08 16:56:52.95",4897,0.07045174,0.05243111,0.008955002,24.11945
"2025-04-08 16:56:53",4898,0.06977272,0.05447769,0.01370621,24.12253
"2025-04-08 16:56:53.05",4899,0.07224274,0.05852509,0.008327484,24.1433
"2025-04-08 16:56:53.1",4900,0.06899643,0.05536652,0.01018906,24.11986
"2025-04-08 16:56:53.15",4901,0.06769562,0.05928612,0.01132393,24.1413
"2025-04-08 16:56:53.2",4902,0.0688076,0.05637741,0.0106411,24.11652
"2025-04-08 16:56:53.25",4903,0.06771851,0.05423164,0.01633644,24.11707
"2025-04-08 16:56:53.3",4904,0.06321716,0.05335426,0.02637863,24.12389
"2025-04-08 16:56:53.35",4905,0.06406021,0.05389786,0.02273941,24.11836
"2025-04-08 16:56:53.4",4906,0.06846046,0.0547657,0.01792336,24.12
"2025-04-08 16:56:53.45",4907,0.06610107,0.05267143,0.01921463,24.13058
"2025-04-08 16:56:53.5",4908,0.06772041,0.04841614,0.02262688,24.13243
"2025-04-08 16:56:53.55",4909,0.06205559,0.04757309,0.01950455,24.15396
"2025-04-08 16:56:53.6",4910,0.067173,0.05003738,0.0199852,24.16143
"2025-04-08 16:56:53.65",4911,0.0681591,0.05113792,0.0191803,24.175
"2025-04-08 16:56:53.7",4912,0.08222198,0.04929543,0.01635551,24.14958
"2025-04-08 16:56:53.75",4913,0.08229637,0.04959679,0.01311493,24.15034
"2025-04-08 16:56:53.8",4914,0.07849312,0.048769,0.01442909,24.14803
"2025-04-08 16:56:53.85",4915,0.08269119,0.0485363,0.01451683,24.14592
"2025-04-08 16:56:53.9",4916,0.07981682,0.04930687,0.01339912,24.15414
"2025-04-08 16:56:53.95",4917,0.08174706,0.05728531,0.01599312,24.13416
"2025-04-08 16:56:54",4918,0.0809269,0.05724335,0.01496506,24.13295
"2025-04-08 16:56:54.05",4919,0.08192825,0.06445313,0.01366997,24.1494
"2025-04-08 16:56:54.1",4920,0.0780468,0.06720352,0.01063156,24.13308
"2025-04-08 16:56:54.15",4921,0.07935715,0.0640049,0.01289749,24.14809
"2025-04-08 16:56:54.2",4922,0.08316612,0.06777573,0.01815414,24.14124
"2025-04-08 16:56:54.25",4923,0.08106041,0.06460762,0.01154518,24.13128
"2025-04-08 16:56:54.3",4924,0.07452583,0.06405067,0.0214653,24.12855
"2025-04-08 16:56:54.35",4925,0.08148193,0.0693779,0.03072357,24.13465
"2025-04-08 16:56:54.4",4926,0.07975578,0.06529045,0.02538681,24.12952
"2025-04-08 16:56:54.45",4927,0.07346535,0.06503105,0.02401733,24.10901
"2025-04-08 16:56:54.5",4928,0.07595253,0.06210518,0.02420807,24.15585
"2025-04-08 16:56:54.55",4929,0.07597351,0.06040955,0.02532387,24.17899
"2025-04-08 16:56:54.6",4930,0.0757618,0.05839157,0.02233505,24.16819
"2025-04-08 16:56:54.65",4931,0.07400131,0.05813599,0.02276039,24.18202
"2025-04-08 16:56:54.7",4932,0.07569313,0.0585537,0.02776909,24.17606
"2025-04-08 16:56:54.75",4933,0.0772934,0.05839157,0.02235985,24.16498
"2025-04-08 16:56:54.8",4934,0.07460022,0.05977631,0.02296257,24.16286
"2025-04-08 16:56:54.85",4935,0.07607269,0.0575428,0.02336884,24.16294
"2025-04-08 16:56:54.9",4936,0.08255386,0.05665588,0.02225304,24.15981
"2025-04-08 16:56:54.95",4937,0.08559799,0.05635834,0.01690292,24.16641
"2025-04-08 16:56:55",4938,0.08886337,0.06000519,0.01505852,24.17228
"2025-04-08 16:56:55.05",4939,0.09627151,0.0621109,0.0212574,24.1543
"2025-04-08 16:56:55.1",4940,0.09180832,0.05947495,0.0165844,24.15444
"2025-04-08 16:56:55.15",4941,0.0899601,0.05649948,0.01781082,24.1528
"2025-04-08 16:56:55.2",4942,0.09243774,0.05997276,0.01571083,24.12838
"2025-04-08 16:56:55.25",4943,0.09218025,0.06775665,0.01489639,24.14688
"2025-04-08 16:56:55.3",4944,0.09607506,0.07505798,0.02009583,24.14785
"2025-04-08 16:56:55.35",4945,0.08856201,0.07424355,0.01715279,24.13871
"2025-04-08 16:56:55.4",4946,0.09066391,0.07798004,0.01547813,24.14172
"2025-04-08 16:56:55.45",4947,0.08969116,0.0765934,0.01914787,24.14138
"2025-04-08 16:56:55.5",4948,0.09009743,0.07761002,0.0163784,24.13907
"2025-04-08 16:56:55.55",4949,0.08780289,0.07521439,0.02523994,24.14684
"2025-04-08 16:56:55.6",4950,0.08616257,0.07614708,0.0280056,24.13852
"2025-04-08 16:56:55.65",4951,0.0874958,0.07473373,0.03147697,24.13648
"2025-04-08 16:56:55.7",4952,0.08517838,0.07596779,0.03365517,24.13807
"2025-04-08 16:56:55.75",4953,0.08086777,0.07421494,0.03271484,24.15158
"2025-04-08 16:56:55.8",4954,0.08218002,0.07525253,0.02884293,24.13413
"2025-04-08 16:56:55.85",4955,0.08147621,0.07510948,0.0285244,24.1361
"2025-04-08 16:56:55.9",4956,0.08413506,0.07135963,0.03246689,24.15044
"2025-04-08 16:56:55.95",4957,0.08235741,0.07205391,0.03021622,24.13826
"2025-04-08 16:56:56",4958,0.07965851,0.07177544,0.02688789,24.17213
"2025-04-08 16:56:56.05",4959,0.08635139,0.07278061,0.02947807,24.15308
"2025-04-08 16:56:56.1",4960,0.07764435,0.07002449,0.0288372,24.18287
"2025-04-08 16:56:56.15",4961,0.07692146,0.06727219,0.02620697,24.19006
"2025-04-08 16:56:56.2",4962,0.07904053,0.06683731,0.02554321,24.18848
"2025-04-08 16:56:56.25",4963,0.07980919,0.0658474,0.03081512,24.1723
"2025-04-08 16:56:56.3",4964,0.08677101,0.06976891,0.03368378,24.19428
"2025-04-08 16:56:56.35",4965,0.07858276,0.06508255,0.02553177,24.18712
"2025-04-08 16:56:56.4",4966,0.07722473,0.06562042,0.02724075,24.17167
"2025-04-08 16:56:56.45",4967,0.07862663,0.06563759,0.02469254,24.16829
"2025-04-08 16:56:56.5",4968,0.08616638,0.06510544,0.02325249,24.18129
"2025-04-08 16:56:56.55",4969,0.08924866,0.06513405,0.02306175,24.16368
"2025-04-08 16:56:56.6",4970,0.09243965,0.06474304,0.02173233,24.16615
"2025-04-08 16:56:56.65",4971,0.09605789,0.06528473,0.02483749,24.17851
"2025-04-08 16:56:56.7",4972,0.09559441,0.07105255,0.02283478,24.13273
"2025-04-08 16:56:56.75",4973,0.09732056,0.07606697,0.0177803,24.15047
"2025-04-08 16:56:56.8",4974,0.09497452,0.07912445,0.01758385,24.14821
"2025-04-08 16:56:56.85",4975,0.09288597,0.08716011,0.01999474,24.14902
"2025-04-08 16:56:56.9",4976,0.09636497,0.08598137,0.01999474,24.12659
"2025-04-08 16:56:56.95",4977,0.09458351,0.08545685,0.02277184,24.14586
"2025-04-08 16:56:57",4978,0.08977318,0.08789063,0.02244759,24.14491
"2025-04-08 16:56:57.05",4979,0.08926582,0.08271408,0.02010345,24.14495
"2025-04-08 16:56:57.1",4980,0.09156799,0.08374786,0.02308846,24.12344
"2025-04-08 16:56:57.15",4981,0.09128189,0.08337784,0.02831268,24.14443
"2025-04-08 16:56:57.2",4982,0.09113693,0.08271027,0.03118324,24.13152
"2025-04-08 16:56:57.25",4983,0.08852768,0.08526611,0.03211975,24.14387
"2025-04-08 16:56:57.3",4984,0.08271408,0.08143425,0.032444,24.14445
"2025-04-08 16:56:57.35",4985,0.08616257,0.08450699,0.0377636,24.14428
"2025-04-08 16:56:57.4",4986,0.08581924,0.08122826,0.03435135,24.15008
"2025-04-08 16:56:57.45",4987,0.0843792,0.0814991,0.03369141,24.14156
"2025-04-08 16:56:57.5",4988,0.07977104,0.08079338,0.03569412,24.14188
"2025-04-08 16:56:57.55",4989,0.08491135,0.08354759,0.03926468,24.15055
"2025-04-08 16:56:57.6",4990,0.08416557,0.07777786,0.03427124,24.14509
"2025-04-08 16:56:57.65",4991,0.0850811,0.08008575,0.03348923,24.16022
"2025-04-08 16:56:57.7",4992,0.08596611,0.07893944,0.03626442,24.16479
"2025-04-08 16:56:57.75",4993,0.08460999,0.07766151,0.03414917,24.14327
"2025-04-08 16:56:57.8",4994,0.08023071,0.07689667,0.03450203,24.15827
"2025-04-08 16:56:57.85",4995,0.07758141,0.07508659,0.03524399,24.15755
"2025-04-08 16:56:57.9",4996,0.08056641,0.07512665,0.03294182,24.18059
"2025-04-08 16:56:57.95",4997,0.08298302,0.0724678,0.03046608,24.11928
"2025-04-08 16:56:58",4998,0.08481026,0.07341194,0.03177452,24.16328
"2025-04-08 16:56:58.05",4999,0.08204079,0.07996559,0.03237152,24.14278
"2025-04-08 16:56:58.1",5000,0.07937431,0.07637405,0.03489113,24.13896
"2025-04-08 16:56:58.15",5001,0.08140755,0.07607269,0.03560638,24.15552
"2025-04-08 16:56:58.2",5002,0.0899353,0.07188606,0.0300045,24.14081
"2025-04-08 16:56:58.25",5003,0.09080315,0.07175636,0.02698135,24.15522
"2025-04-08 16:56:58.3",5004,0.09537506,0.07388878,0.02496529,24.1429
"2025-04-08 16:56:58.35",5005,0.1028271,0.0741291,0.02918434,24.1153
"2025-04-08 16:56:58.4",5006,0.1069889,0.07832527,0.03020477,24.13858
"2025-04-08 16:56:58.45",5007,0.09747124,0.07470131,0.02937889,24.13577
"2025-04-08 16:56:58.5",5008,0.09867668,0.07383919,0.02415085,24.12561
"2025-04-08 16:56:58.55",5009,0.09648323,0.07287407,0.0237484,24.13948
"2025-04-08 16:56:58.6",5010,0.09767342,0.07230949,0.02905083,24.1236
"2025-04-08 16:56:58.65",5011,0.1003399,0.07862091,0.02820015,24.10544
"2025-04-08 16:56:58.7",5012,0.09576225,0.09135056,0.02456856,24.10298
"2025-04-08 16:56:58.75",5013,0.08784294,0.08843994,0.02853966,24.09902
"2025-04-08 16:56:58.8",5014,0.08863068,0.08864212,0.02690315,24.12122
"2025-04-08 16:56:58.85",5015,0.08699226,0.08811378,0.02272606,24.13539
"2025-04-08 16:56:58.9",5016,0.0860424,0.08574677,0.02549553,24.12241
"2025-04-08 16:56:58.95",5017,0.09253311,0.08828926,0.02585983,24.10211
"2025-04-08 16:56:59",5018,0.08787727,0.08642197,0.02241325,24.11996
"2025-04-08 16:56:59.05",5019,0.08534622,0.08570671,0.02139282,24.09399
"2025-04-08 16:56:59.1",5020,0.08971214,0.08186722,0.02328682,24.11333
"2025-04-08 16:56:59.15",5021,0.08226204,0.08263016,0.01568031,24.11227
"2025-04-08 16:56:59.2",5022,0.08623886,0.08204079,0.01543427,24.08811
"2025-04-08 16:56:59.25",5023,0.1008892,0.08011818,0.01898956,24.08595
"2025-04-08 16:56:59.3",5024,0.1022835,0.07879829,0.01875687,24.1084
"2025-04-08 16:56:59.35",5025,0.1046467,0.07981491,0.01325035,24.08502
"2025-04-08 16:56:59.4",5026,0.1002731,0.07989502,0.0211792,24.08496
"2025-04-08 16:56:59.45",5027,0.1027603,0.08067131,0.01984596,24.10685
"2025-04-08 16:56:59.5",5028,0.1002522,0.07892227,0.02045441,24.11855
"2025-04-08 16:56:59.55",5029,0.09507561,0.07944679,0.01389122,24.0792
"2025-04-08 16:56:59.6",5030,0.09432602,0.07893372,0.01457214,24.10254
"2025-04-08 16:56:59.65",5031,0.09370613,0.07884407,0.01225662,24.1381
"2025-04-08 16:56:59.7",5032,0.09338188,0.07769394,0.01505852,24.10111
"2025-04-08 16:56:59.75",5033,0.09213066,0.07657242,0.01158905,24.11863
"2025-04-08 16:56:59.8",5034,0.0880928,0.07667351,0.01204681,24.08451
"2025-04-08 16:56:59.85",5035,0.08981895,0.07422066,0.007854462,24.12096
"2025-04-08 16:56:59.9",5036,0.09010315,0.07294273,0.01226234,24.10353
"2025-04-08 16:56:59.95",5037,0.0891552,0.07221603,0.008729935,24.0985
"2025-04-08 16:57:00",5038,0.08994675,0.07056046,0.01389122,24.09756
"2025-04-08 16:57:00.05",5039,0.09330368,0.07157707,0.01394844,24.07622
"2025-04-08 16:57:00.1",5040,0.08613396,0.07121086,0.01148796,24.09806
"2025-04-08 16:57:00.15",5041,0.08698654,0.06977844,0.009222031,24.07486
"2025-04-08 16:57:00.2",5042,0.09176826,0.07271004,0.00670433,24.07654
"2025-04-08 16:57:00.25",5043,0.0910244,0.0694561,0.006921768,24.08316
"2025-04-08 16:57:00.3",5044,0.08501625,0.06907082,0.007993698,24.08001
"2025-04-08 16:57:00.35",5045,0.0819397,0.07055092,0.00894928,24.11501
"2025-04-08 16:57:00.4",5046,0.09023666,0.07355881,0.006759644,24.10023
"2025-04-08 16:57:00.45",5047,0.0865078,0.0667572,0.008220673,24.03296
"2025-04-08 16:57:00.5",5048,0.08748436,0.06646156,0.008556366,24.07058
"2025-04-08 16:57:00.55",5049,0.08455849,0.06555176,0.01010323,24.06927
"2025-04-08 16:57:00.6",5050,0.07787895,0.06363678,0.007266998,24.05983
"2025-04-08 16:57:00.65",5051,0.08174324,0.06381416,0.0054245,24.03569
"2025-04-08 16:57:00.7",5052,0.07643509,0.06338501,0.004138947,24.05836
"2025-04-08 16:57:00.75",5053,0.08094978,0.06397629,0.003976822,24.0565
"2025-04-08 16:57:00.8",5054,0.08198166,0.06408882,0.006942749,24.06354
"2025-04-08 16:57:00.85",5055,0.08166885,0.07845688,0.001840591,24.04128
"2025-04-08 16:57:00.9",5056,0.08249664,0.06515503,0.004743576,24.06018
"2025-04-08 16:57:00.95",5057,0.07941437,0.07252121,0.00453186,24.07439
"2025-04-08 16:57:01",5058,0.08102608,0.06179428,0.008255005,24.07379
"2025-04-08 16:57:01.05",5059,0.0755825,0.06133461,0.005609512,24.06028
"2025-04-08 16:57:01.1",5060,0.07575417,0.06184387,0.0002422333,24.05987
"2025-04-08 16:57:01.15",5061,0.0784359,0.06086731,-0.0032444,24.05785
"2025-04-08 16:57:01.2",5062,0.07449722,0.05979919,-0.009119034,24.05415
"2025-04-08 16:57:01.25",5063,0.07268333,0.06028938,-0.01046944,24.04944
"2025-04-08 16:57:01.3",5064,0.07473755,0.0599823,-0.01095772,24.06364
"2025-04-08 16:57:01.35",5065,0.07322121,0.05856323,-0.01583862,24.05159
"2025-04-08 16:57:01.4",5066,0.07152939,0.05889511,-0.01061058,24.04926
"2025-04-08 16:57:01.45",5067,0.07665062,0.05870438,-0.01079369,24.05081
"2025-04-08 16:57:01.5",5068,0.07253838,0.05482292,-0.01604271,24.05129
"2025-04-08 16:57:01.55",5069,0.0755043,0.0574646,-0.01701736,24.04687
"2025-04-08 16:57:01.6",5070,0.0755825,0.06153107,-0.01119041,24.05522
"2025-04-08 16:57:01.65",5071,0.0745945,0.06207275,-0.007955551,24.05595
"2025-04-08 16:57:01.7",5072,0.07674026,0.06279373,-0.01065063,24.05579
"2025-04-08 16:57:01.75",5073,0.07396889,0.05936432,-0.01446533,24.0661
"2025-04-08 16:57:01.8",5074,0.07014656,0.06204033,-0.01319695,24.04972
"2025-04-08 16:57:01.85",5075,0.07092285,0.03877258,-0.0115757,24.06457
"2025-04-08 16:57:01.9",5076,0.07095337,0.04686928,-0.02085686,24.02785
"2025-04-08 16:57:01.95",5077,0.06922531,0.03832436,-0.01798248,24.06814
"2025-04-08 16:57:02",5078,0.07400703,0.04007339,-0.01569366,24.04619
"2025-04-08 16:57:02.05",5079,0.07706261,0.03979301,-0.01557922,24.06035
"2025-04-08 16:57:02.1",5080,0.07636452,0.03705788,-0.0127449,24.04927
"2025-04-08 16:57:02.15",5081,0.06815338,0.03842545,-0.01315308,24.06346
"2025-04-08 16:57:02.2",5082,0.07258224,0.03803444,-0.01342583,24.04829
"2025-04-08 16:57:02.25",5083,0.07159424,0.0489769,-0.02284241,24.04806
"2025-04-08 16:57:02.3",5084,0.07266045,0.03696823,-0.01609421,24.02647
"2025-04-08 16:57:02.35",5085,0.07147217,0.04032898,-0.01584435,24.02473
"2025-04-08 16:57:02.4",5086,0.07765961,0.05526352,-0.01990318,24.03383
"2025-04-08 16:57:02.45",5087,0.07098007,0.03716278,-0.01583862,24.02462
"2025-04-08 16:57:02.5",5088,0.07045937,0.04733467,-0.02336502,24.02422
"2025-04-08 16:57:02.55",5089,0.0695076,0.04694939,-0.02381134,24.06168
"2025-04-08 16:57:02.6",5090,0.06985664,0.03522491,-0.01841164,24.04751
"2025-04-08 16:57:02.65",5091,0.07548714,0.03755951,-0.01438713,24.02673
"2025-04-08 16:57:02.7",5092,0.07258224,0.03700829,-0.01525688,24.02579
"2025-04-08 16:57:02.75",5093,0.07325363,0.03485489,-0.01729012,24.02402
"2025-04-08 16:57:02.8",5094,0.07461739,0.03755379,-0.01070404,24.02287
"2025-04-08 16:57:02.85",5095,0.07444382,0.03461075,-0.01333046,24.02412
"2025-04-08 16:57:02.9",5096,0.07084465,0.03606987,-0.01592064,24.02328
"2025-04-08 16:57:02.95",5097,0.05493546,0.03539276,-0.0156765,24.06082
"2025-04-08 16:57:03",5098,0.05211258,0.04671288,-0.02587318,24.0242
"2025-04-08 16:57:03.05",5099,0.0612011,0.03591156,-0.01216316,24.04957
"2025-04-08 16:57:03.1",5100,0.05887222,0.04813194,-0.02560616,24.04776
"2025-04-08 16:57:03.15",5101,0.05721855,0.04730415,-0.02592468,24.04662
"2025-04-08 16:57:03.2",5102,0.05978775,0.03697777,-0.01702118,24.04767
"2025-04-08 16:57:03.25",5103,0.0549736,0.03663826,-0.01513481,24.04745
"2025-04-08 16:57:03.3",5104,0.05489159,0.03566742,-0.01404381,24.02672
"2025-04-08 16:57:03.35",5105,0.05780602,0.03528214,-0.01457405,24.06307
"2025-04-08 16:57:03.4",5106,0.05442238,0.03541374,-0.01527214,24.06349
"2025-04-08 16:57:03.45",5107,0.05740166,0.0382843,-0.01558685,24.05403
"2025-04-08 16:57:03.5",5108,0.05414772,0.03478813,-0.0206871,24.044
"2025-04-08 16:57:03.55",5109,0.05568695,0.03295708,-0.01615715,24.04324
"2025-04-08 16:57:03.6",5110,0.05853081,0.0372982,-0.01469231,24.0201
"2025-04-08 16:57:03.65",5111,0.05308723,0.0348568,-0.01708984,24.0561
"2025-04-08 16:57:03.7",5112,0.05388451,0.03402519,-0.01446915,24.04466
"2025-04-08 16:57:03.75",5113,0.05049896,0.03327179,-0.01695061,24.04469
"2025-04-08 16:57:03.8",5114,0.0546608,0.03392792,-0.01888084,24.02348
"2025-04-08 16:57:03.85",5115,0.05199242,0.0316391,-0.01419067,24.04518
"2025-04-08 16:57:03.9",5116,0.05123901,0.04316711,-0.023283,24.05772
"2025-04-08 16:57:03.95",5117,0.05421829,0.0326786,-0.01852798,24.04168
"2025-04-08 16:57:04",5118,0.05804062,0.03261185,-0.01542854,24.0206
"2025-04-08 16:57:04.05",5119,0.05388451,0.04280472,-0.0201664,24.04603
"2025-04-08 16:57:04.1",5120,0.05288315,0.0310688,-0.02020645,24.04526
"2025-04-08 16:57:04.15",5121,0.05480766,0.0285778,-0.02035713,24.04464
"2025-04-08 16:57:04.2",5122,0.05175209,0.04304504,-0.02432632,24.04216
"2025-04-08 16:57:04.25",5123,0.05312347,0.04359245,-0.02452278,24.04301
"2025-04-08 16:57:04.3",5124,0.05108643,0.03191376,-0.01991463,24.04205
"2025-04-08 16:57:04.35",5125,0.05451584,0.04030228,-0.02490616,24.04227
"2025-04-08 16:57:04.4",5126,0.05644226,0.0417366,-0.02803993,24.0426
"2025-04-08 16:57:04.45",5127,0.05495071,0.03084564,-0.02378464,24.01865
"2025-04-08 16:57:04.5",5128,0.05668831,0.04155159,-0.0281868,24.04382
"2025-04-08 16:57:04.55",5129,0.05454445,0.04305649,-0.02661514,24.05968
"2025-04-08 16:57:04.6",5130,0.05539894,0.0325489,-0.0234375,24.05779
"2025-04-08 16:57:04.65",5131,0.0514164,0.03503418,-0.02085686,24.05313
"2025-04-08 16:57:04.7",5132,0.05290604,0.03068352,-0.02090836,24.05415
"2025-04-08 16:57:04.75",5133,0.0527916,0.03202438,-0.01825523,24.05414
"2025-04-08 16:57:04.8",5134,0.05765533,0.03151703,-0.02390289,24.05847
"2025-04-08 16:57:04.85",5135,0.05512047,0.03004646,-0.01960182,24.05801
"2025-04-08 16:57:04.9",5136,0.05363464,0.03077316,-0.01813316,24.05723
"2025-04-08 16:57:04.95",5137,0.05549431,0.03074646,-0.02348328,24.05853
"2025-04-08 16:57:05",5138,0.0554142,0.02793121,-0.01943016,24.0835
"2025-04-08 16:57:05.05",5139,0.05307961,0.02704811,-0.02370644,24.03929
"2025-04-08 16:57:05.1",5140,0.05723572,0.02971268,-0.02192116,24.03871
"2025-04-08 16:57:05.15",5141,0.06353378,0.03199196,-0.0156765,24.08539
"2025-04-08 16:57:05.2",5142,0.06072617,0.02866745,-0.01944733,24.04066
"2025-04-08 16:57:05.25",5143,0.06575966,0.0296669,-0.02591705,24.04171
"2025-04-08 16:57:05.3",5144,0.0684948,0.03342056,-0.02329445,24.04741
"2025-04-08 16:57:05.35",5145,0.06871986,0.04408836,-0.02791214,24.05231
"2025-04-08 16:57:05.4",5146,0.06341934,0.03287888,-0.02709579,24.01909
"2025-04-08 16:57:05.45",5147,0.06858253,0.03574944,-0.02239037,24.04804
"2025-04-08 16:57:05.5",5148,0.06310081,0.0328064,-0.02271461,24.05911
"2025-04-08 16:57:05.55",5149,0.06733513,0.03483582,-0.02450562,24.08061
"2025-04-08 16:57:05.6",5150,0.0675621,0.03395081,-0.02724838,24.05859
"2025-04-08 16:57:05.65",5151,0.06486511,0.04784775,-0.03311157,24.05704
"2025-04-08 16:57:05.7",5152,0.06770325,0.0479908,-0.03692245,24.04208
"2025-04-08 16:57:05.75",5153,0.06904411,0.0407486,-0.02543259,24.04703
"2025-04-08 16:57:05.8",5154,0.0695076,0.05769348,-0.03319168,24.04766
"2025-04-08 16:57:05.85",5155,0.07119942,0.05401993,-0.03507805,24.01799
"2025-04-08 16:57:05.9",5156,0.07271767,0.04379082,-0.02670097,24.04096
"2025-04-08 16:57:05.95",5157,0.06877899,0.04380417,-0.02931976,24.04478
"2025-04-08 16:57:06",5158,0.07033157,0.05886459,-0.03417969,24.03884
"2025-04-08 16:57:06.05",5159,0.06973457,0.0454998,-0.03001976,24.04032
"2025-04-08 16:57:06.1",5160,0.06513214,0.05560493,-0.03751373,24.03957
"2025-04-08 16:57:06.15",5161,0.06805992,0.055933,-0.03750801,24.01833
"2025-04-08 16:57:06.2",5162,0.07035637,0.045578,-0.02311325,24.0395
"2025-04-08 16:57:06.25",5163,0.06644058,0.04579163,-0.02395821,24.04007
"2025-04-08 16:57:06.3",5164,0.07114601,0.04911613,-0.02484703,24.04641
"2025-04-08 16:57:06.35",5165,0.06677437,0.0453968,-0.02745056,24.01595
"2025-04-08 16:57:06.4",5166,0.06692696,0.04550171,-0.02371407,24.05356
"2025-04-08 16:57:06.45",5167,0.06578636,0.04527092,-0.02918434,24.03857
"2025-04-08 16:57:06.5",5168,0.0684166,0.05797958,-0.03228569,24.03756
"2025-04-08 16:57:06.55",5169,0.06676865,0.04472923,-0.02171135,24.03919
"2025-04-08 16:57:06.6",5170,0.06637192,0.05824089,-0.03209496,24.04038
"2025-04-08 16:57:06.65",5171,0.06564522,0.04522896,-0.02595329,24.03698
"2025-04-08 16:57:06.7",5172,0.06639671,0.04534912,-0.02728844,24.03738
"2025-04-08 16:57:06.75",5173,0.06630516,0.04561806,-0.02311897,24.05187
"2025-04-08 16:57:06.8",5174,0.06527901,0.04494858,-0.0223217,24.03691
"2025-04-08 16:57:06.85",5175,0.06668091,0.04615974,-0.02509689,24.0384
"2025-04-08 16:57:06.9",5176,0.06797409,0.05682945,-0.03346825,24.0516
"2025-04-08 16:57:06.95",5177,0.06465912,0.04337502,-0.02601242,24.04037
"2025-04-08 16:57:07",5178,0.06220245,0.04607582,-0.02492905,24.03934
"2025-04-08 16:57:07.05",5179,0.06505966,0.04916,-0.01996422,24.0611
"2025-04-08 16:57:07.1",5180,0.06378746,0.04249191,-0.02456093,24.0394
"2025-04-08 16:57:07.15",5181,0.06198311,0.05556107,-0.02958679,24.01508
"2025-04-08 16:57:07.2",5182,0.06296158,0.04405403,-0.02549553,24.01487
"2025-04-08 16:57:07.25",5183,0.06275368,0.04411507,-0.01658058,24.03572
"2025-04-08 16:57:07.3",5184,0.06376839,0.04299545,-0.02284622,24.01701
"2025-04-08 16:57:07.35",5185,0.06357956,0.04420471,-0.01631355,24.01576
"2025-04-08 16:57:07.4",5186,0.06295013,0.05447578,-0.02242088,24.03954
"2025-04-08 16:57:07.45",5187,0.06479263,0.04382133,-0.02056313,24.01651
"2025-04-08 16:57:07.5",5188,0.05981064,0.04478264,-0.0180378,24.01344
"2025-04-08 16:57:07.55",5189,0.06133461,0.05499649,-0.02653313,24.012
"2025-04-08 16:57:07.6",5190,0.06153488,0.05497932,-0.02482986,24.0079
"2025-04-08 16:57:07.65",5191,0.06406784,0.04434967,-0.02205467,24.03815
"2025-04-08 16:57:07.7",5192,0.06077194,0.04140282,-0.01753616,24.04064
"2025-04-08 16:57:07.75",5193,0.06010246,0.0403862,-0.01814461,24.04282
"2025-04-08 16:57:07.8",5194,0.06048584,0.04352379,-0.01973534,24.05681
"2025-04-08 16:57:07.85",5195,0.06268501,0.04324913,-0.01965904,24.04212
"2025-04-08 16:57:07.9",5196,0.06147003,0.0402565,-0.02152252,24.05329
"2025-04-08 16:57:07.95",5197,0.05695534,0.04127502,-0.01903725,24.03828
"2025-04-08 16:57:08",5198,0.05424309,0.04127884,-0.0170536,24.01389
"2025-04-08 16:57:08.05",5199,0.05565071,0.0415802,-0.01962852,24.01269
"2025-04-08 16:57:08.1",5200,0.05768204,0.04508209,-0.01347923,24.04237
"2025-04-08 16:57:08.15",5201,0.05773926,0.03996658,-0.01756287,24.03763
"2025-04-08 16:57:08.2",5202,0.05437088,0.03998756,-0.01661301,24.014
"2025-04-08 16:57:08.25",5203,0.05589676,0.04030037,-0.01877594,24.01496
"2025-04-08 16:57:08.3",5204,0.05764771,0.05478287,-0.02861786,24.01485
"2025-04-08 16:57:08.35",5205,0.05735397,0.05799103,-0.02282524,24.02146
"2025-04-08 16:57:08.4",5206,0.05552101,0.04196167,-0.01590919,24.01262
"2025-04-08 16:57:08.45",5207,0.05715752,0.04132271,-0.01578903,24.04951
"2025-04-08 16:57:08.5",5208,0.05381584,0.05507278,-0.02154732,24.05022
"2025-04-08 16:57:08.55",5209,0.05323601,0.05108643,-0.02372932,24.0369
"2025-04-08 16:57:08.6",5210,0.05344391,0.03673363,-0.01417923,24.01411
"2025-04-08 16:57:08.65",5211,0.0521431,0.0397377,-0.01215553,24.05241
"2025-04-08 16:57:08.7",5212,0.05318642,0.04398727,-0.01226425,24.04623
"2025-04-08 16:57:08.75",5213,0.05206299,0.0516243,-0.02274513,24.03788
"2025-04-08 16:57:08.8",5214,0.04678154,0.03818512,-0.01627922,24.05028
"2025-04-08 16:57:08.85",5215,0.05280495,0.05766106,-0.01930428,24.05635
"2025-04-08 16:57:08.9",5216,0.04845619,0.0517292,-0.02265739,24.0492
"2025-04-08 16:57:08.95",5217,0.05214119,0.03771782,-0.01310539,24.03304
"2025-04-08 16:57:09",5218,0.05088615,0.05147362,-0.02513695,24.01124
"2025-04-08 16:57:09.05",5219,0.04945183,0.05373955,-0.02202415,24.03629
"2025-04-08 16:57:09.1",5220,0.04777527,0.04234505,-0.01623344,24.03762
"2025-04-08 16:57:09.15",5221,0.04642868,0.04001617,-0.01239586,24.03871
"2025-04-08 16:57:09.2",5222,0.04966736,0.0532074,-0.02044487,24.03709
"2025-04-08 16:57:09.25",5223,0.04503632,0.04245758,-0.01106262,24.0448
"2025-04-08 16:57:09.3",5224,0.04356194,0.04205513,-0.01194,24.03473
"2025-04-08 16:57:09.35",5225,0.04560852,0.0410347,-0.01256371,24.0131
"2025-04-08 16:57:09.4",5226,0.04713631,0.04422379,-0.01314545,24.04354
"2025-04-08 16:57:09.45",5227,0.04543877,0.0404911,-0.01325226,24.03479
"2025-04-08 16:57:09.5",5228,0.04690742,0.04060745,-0.01060295,24.01474
"2025-04-08 16:57:09.55",5229,0.04814148,0.04006577,-0.0112915,24.03486
"2025-04-08 16:57:09.6",5230,0.04922676,0.0404377,-0.01430321,24.01593
"2025-04-08 16:57:09.65",5231,0.04768562,0.04023933,-0.01361656,24.01286
"2025-04-08 16:57:09.7",5232,0.04541779,0.04053497,-0.008394241,24.00513
"2025-04-08 16:57:09.75",5233,0.04817772,0.0399456,-0.007270813,24.01186
"2025-04-08 16:57:09.8",5234,0.04926109,0.04031754,-0.008945465,24.01176
"2025-04-08 16:57:09.85",5235,0.04658508,0.03953743,-0.009895325,24.00496
"2025-04-08 16:57:09.9",5236,0.04887962,0.04057121,-0.01028633,24.03823
"2025-04-08 16:57:09.95",5237,0.05177498,0.04077721,-0.01062202,24.01462
"2025-04-08 16:57:10",5238,0.05366516,0.04092026,-0.008214951,24.01463
"2025-04-08 16:57:10.05",5239,0.04847908,0.04033661,-0.01023102,24.01725
"2025-04-08 16:57:10.1",5240,0.05136108,0.05367279,-0.01950645,24.01552
"2025-04-08 16:57:10.15",5241,0.04831696,0.04258156,-0.01262665,24.00591
"2025-04-08 16:57:10.2",5242,0.0492382,0.04251862,-0.007810593,24.01257
"2025-04-08 16:57:10.25",5243,0.04789352,0.04236221,-0.01045799,24.03539
"2025-04-08 16:57:10.3",5244,0.04674721,0.042099,-0.01353264,24.01264
"2025-04-08 16:57:10.35",5245,0.04659462,0.03944206,-0.01278877,24.03298
"2025-04-08 16:57:10.4",5246,0.04954529,0.04343414,-0.01122284,24.00188
"2025-04-08 16:57:10.45",5247,0.05225563,0.05599976,-0.0141449,24.0034
"2025-04-08 16:57:10.5",5248,0.04994774,0.04187012,-0.0109005,24.04713
"2025-04-08 16:57:10.55",5249,0.0501709,0.04211235,-0.009626389,24.00175
"2025-04-08 16:57:10.6",5250,0.05036163,0.04137802,-0.008190155,24.00491
"2025-04-08 16:57:10.65",5251,0.05094719,0.04193306,-0.01406097,24.00993
"2025-04-08 16:57:10.7",5252,0.05563354,0.04590797,-0.009977341,24.01204
"2025-04-08 16:57:10.75",5253,0.04970741,0.04293633,-0.01314545,24.01038
"2025-04-08 16:57:10.8",5254,0.04965591,0.04564667,-0.01196861,24.00145
"2025-04-08 16:57:10.85",5255,0.04950523,0.04471397,-0.01448059,24.0089
"2025-04-08 16:57:10.9",5256,0.05290794,0.04430771,-0.01293182,24.00182
"2025-04-08 16:57:10.95",5257,0.05335808,0.0447979,-0.0134201,24.01107
"2025-04-08 16:57:11",5258,0.05003166,0.04393196,-0.01558495,24.01099
"2025-04-08 16:57:11.05",5259,0.04971886,0.04456902,-0.01438713,24.00375
"2025-04-08 16:57:11.1",5260,0.05410194,0.04720497,-0.0152359,24.01228
"2025-04-08 16:57:11.15",5261,0.05093575,0.04508781,-0.01719475,23.98112
"2025-04-08 16:57:11.2",5262,0.05247116,0.04421043,-0.0173111,24.0019
"2025-04-08 16:57:11.25",5263,0.04584694,0.04517365,-0.01626396,24.00884
"2025-04-08 16:57:11.3",5264,0.04735565,0.04464149,-0.01729965,24.01086
"2025-04-08 16:57:11.35",5265,0.04786301,0.04544449,-0.01955605,24.00342
"2025-04-08 16:57:11.4",5266,0.05066872,0.05727386,-0.0247345,24.01355
"2025-04-08 16:57:11.45",5267,0.04965591,0.04803085,-0.01962852,24.01222
"2025-04-08 16:57:11.5",5268,0.04902649,0.04647446,-0.01968002,24.04986
"2025-04-08 16:57:11.55",5269,0.04956818,0.04709244,-0.01817703,24.01219
"2025-04-08 16:57:11.6",5270,0.0434227,0.04606438,-0.01901627,24.00378
"2025-04-08 16:57:11.65",5271,0.04474258,0.04476357,-0.02122688,24.01148
"2025-04-08 16:57:11.7",5272,0.04551125,0.0550251,-0.02776146,23.9829
"2025-04-08 16:57:11.75",5273,0.04583168,0.04378128,-0.02000427,24.00429
"2025-04-08 16:57:11.8",5274,0.04628944,0.04277992,-0.02266121,24.00783
"2025-04-08 16:57:11.85",5275,0.04356384,0.04324341,-0.02383995,24.03951
"2025-04-08 16:57:11.9",5276,0.04343414,0.04398727,-0.0235672,24.00685
"2025-04-08 16:57:11.95",5277,0.04738235,0.04409027,-0.02008057,24.0076
"2025-04-08 16:57:12",5278,0.04517746,0.04464531,-0.02145004,23.98629
"2025-04-08 16:57:12.05",5279,0.04496956,0.04348564,-0.02467346,23.98413
"2025-04-08 16:57:12.1",5280,0.04582977,0.04281425,-0.02459908,23.98777
"2025-04-08 16:57:12.15",5281,0.04832268,0.04718208,-0.02207756,23.99129
"2025-04-08 16:57:12.2",5282,0.05267143,0.04778481,-0.01791,24.02152
"2025-04-08 16:57:12.25",5283,0.04863548,0.04688072,-0.01924896,24.01842
"2025-04-08 16:57:12.3",5284,0.04440117,0.04644012,-0.0219574,24.0168
"2025-04-08 16:57:12.35",5285,0.04849434,0.04732132,-0.01962852,24.01638
"2025-04-08 16:57:12.4",5286,0.04458618,0.04609871,-0.0221386,24.01413
"2025-04-08 16:57:12.45",5287,0.04439735,0.04692459,-0.02171135,23.98938
"2025-04-08 16:57:12.5",5288,0.04247284,0.04607201,-0.02284622,24.01806
"2025-04-08 16:57:12.55",5289,0.04686928,0.04338646,-0.02259064,24.00994
"2025-04-08 16:57:12.6",5290,0.04393196,0.04572868,-0.01757431,24.00314
"2025-04-08 16:57:12.65",5291,0.04408455,0.04569244,-0.01837158,24.00808
"2025-04-08 16:57:12.7",5292,0.0476532,0.04973602,-0.01932907,24.0232
"2025-04-08 16:57:12.75",5293,0.0460701,0.04991531,-0.0202961,24.02067
"2025-04-08 16:57:12.8",5294,0.04018402,0.0455246,-0.01977539,23.99687
"2025-04-08 16:57:12.85",5295,0.04318428,0.04683495,-0.01935577,24.00101
"2025-04-08 16:57:12.9",5296,0.04368019,0.04607582,-0.01688194,23.99189
"2025-04-08 16:57:12.95",5297,0.04181099,0.04670715,-0.01512146,24.0012
"2025-04-08 16:57:13",5298,0.04210472,0.04652786,-0.0123024,24.00887
"2025-04-08 16:57:13.05",5299,0.04092598,0.04596519,-0.01406288,24.01401
"2025-04-08 16:57:13.1",5300,0.04320145,0.04650688,-0.01884079,24.00337
"2025-04-08 16:57:13.15",5301,0.0396328,0.04398918,-0.01615715,23.97297
"2025-04-08 16:57:13.2",5302,0.03829002,0.04398918,-0.01713371,23.96987
"2025-04-08 16:57:13.25",5303,0.04312706,0.04656982,-0.0138588,23.96841
"2025-04-08 16:57:13.3",5304,0.04375839,0.04694939,-0.01319695,23.97619
"2025-04-08 16:57:13.35",5305,0.04440117,0.04439735,-0.01146889,23.96906
"2025-04-08 16:57:13.4",5306,0.04546928,0.04331779,-0.01287079,23.9932
"2025-04-08 16:57:13.45",5307,0.04629326,0.04294395,-0.01643944,23.99459
"2025-04-08 16:57:13.5",5308,0.04512596,0.04300117,-0.01785469,24.00448
"2025-04-08 16:57:13.55",5309,0.04340553,0.04361343,-0.01205826,24.0106
"2025-04-08 16:57:13.6",5310,0.04524994,0.04254723,-0.009843826,23.99321
"2025-04-08 16:57:13.65",5311,0.04662895,0.04364777,-0.01513481,23.99563
"2025-04-08 16:57:13.7",5312,0.04544449,0.04329491,-0.01453209,24.00082
"2025-04-08 16:57:13.75",5313,0.04458618,0.04303169,-0.01433945,24.00857
"2025-04-08 16:57:13.8",5314,0.04651642,0.04329109,-0.01310158,24.00974
"2025-04-08 16:57:13.85",5315,0.05283356,0.04486656,-0.01159859,24.01762
"2025-04-08 16:57:13.9",5316,0.04930878,0.04065323,-0.01095581,23.98611
"2025-04-08 16:57:13.95",5317,0.04924774,0.0383358,-0.01255417,24.00661
"2025-04-08 16:57:14",5318,0.05447006,0.04221725,-0.01051521,24.01953
"2025-04-08 16:57:14.05",5319,0.05028152,0.03762817,-0.01321983,24.00213
"2025-04-08 16:57:14.1",5320,0.04657936,0.03834534,-0.01472092,24.01007
"2025-04-08 16:57:14.15",5321,0.04851723,0.03801727,-0.009832382,24.01064
"2025-04-08 16:57:14.2",5322,0.04932022,0.03492928,-0.009269714,24.01067
"2025-04-08 16:57:14.25",5323,0.05389404,0.0351696,-0.01280975,24.00362
"2025-04-08 16:57:14.3",5324,0.05222702,0.03685188,-0.01436234,24.00287
"2025-04-08 16:57:14.35",5325,0.05378532,0.03426552,-0.01306343,24.00542
"2025-04-08 16:57:14.4",5326,0.05640221,0.0384407,-0.01265335,23.98531
"2025-04-08 16:57:14.45",5327,0.05389404,0.0381279,-0.01400566,23.98508
"2025-04-08 16:57:14.5",5328,0.052845,0.03517914,-0.01454735,23.98698
"2025-04-08 16:57:14.55",5329,0.05204773,0.03578377,-0.01461029,24.00684
"2025-04-08 16:57:14.6",5330,0.05116653,0.03538132,-0.01625252,23.98511
"2025-04-08 16:57:14.65",5331,0.05179405,0.0344429,-0.0152626,23.98496
"2025-04-08 16:57:14.7",5332,0.05401802,0.03561783,-0.01960373,24.00624
"2025-04-08 16:57:14.75",5333,0.05770302,0.04053688,-0.01437569,23.98954
"2025-04-08 16:57:14.8",5334,0.05496216,0.03832054,-0.01495934,24.00426
"2025-04-08 16:57:14.85",5335,0.0512886,0.0378933,-0.01818848,24.00217
"2025-04-08 16:57:14.9",5336,0.05380058,0.03830719,-0.01921082,24.00212
"2025-04-08 16:57:14.95",5337,0.04894829,0.03694534,-0.02426147,24.0005
"2025-04-08 16:57:15",5338,0.05140305,0.0372467,-0.01962852,23.97845
"2025-04-08 16:57:15.05",5339,0.05228615,0.0409317,-0.02427101,23.97874
"2025-04-08 16:57:15.1",5340,0.04808044,0.04100609,-0.02064705,24.00227
"2025-04-08 16:57:15.15",5341,0.05400085,0.04445839,-0.01690292,24.01109
"2025-04-08 16:57:15.2",5342,0.05199242,0.04007721,-0.0247345,23.98245
"2025-04-08 16:57:15.25",5343,0.04688263,0.04286385,-0.02695847,23.97768
"2025-04-08 16:57:15.3",5344,0.04831123,0.04382133,-0.02199173,24.00086
"2025-04-08 16:57:15.35",5345,0.05035591,0.04726791,-0.0249424,24.00521
"2025-04-08 16:57:15.4",5346,0.0489769,0.04307938,-0.02635574,24.0022
"2025-04-08 16:57:15.45",5347,0.04842758,0.04338455,-0.02239418,24.00359
"2025-04-08 16:57:15.5",5348,0.05143356,0.04844475,-0.02038765,23.96599
"2025-04-08 16:57:15.55",5349,0.04927254,0.04604149,-0.02334976,23.98104
"2025-04-08 16:57:15.6",5350,0.05142021,0.04526711,-0.02828217,24.00381
"2025-04-08 16:57:15.65",5351,0.04653549,0.04659653,-0.02748108,23.95966
"2025-04-08 16:57:15.7",5352,0.04723358,0.05057716,-0.02352905,23.98139
"2025-04-08 16:57:15.75",5353,0.05215263,0.05177307,-0.02322006,24.01064
"2025-04-08 16:57:15.8",5354,0.05082512,0.0534935,-0.01958084,23.98673
"2025-04-08 16:57:15.85",5355,0.04738998,0.05390739,-0.01966286,23.96461
"2025-04-08 16:57:15.9",5356,0.0472393,0.05048943,-0.02284813,24.00153
"2025-04-08 16:57:15.95",5357,0.05049515,0.05033684,-0.02516556,23.97974
"2025-04-08 16:57:16",5358,0.04645729,0.05053329,-0.02480125,23.95938
"2025-04-08 16:57:16.05",5359,0.0491581,0.05406952,-0.02228165,23.98064
"2025-04-08 16:57:16.1",5360,0.05454445,0.05234146,-0.02210999,23.98008
"2025-04-08 16:57:16.15",5361,0.05302048,0.05361748,-0.02189064,23.9861
"2025-04-08 16:57:16.2",5362,0.04997444,0.05179596,-0.02145195,23.9788
"2025-04-08 16:57:16.25",5363,0.05324364,0.05174446,-0.0206871,23.94858
"2025-04-08 16:57:16.3",5364,0.05668831,0.053339,-0.01865959,24.00799
"2025-04-08 16:57:16.35",5365,0.05420303,0.05049324,-0.0206089,23.95847
"2025-04-08 16:57:16.4",5366,0.05248833,0.05048752,-0.02071381,23.98083
"2025-04-08 16:57:16.45",5367,0.05595207,0.05377769,-0.02099991,23.98083
"2025-04-08 16:57:16.5",5368,0.05926704,0.05147362,-0.02080345,23.98039
"2025-04-08 16:57:16.55",5369,0.05507851,0.05044937,-0.01833534,23.97789
"2025-04-08 16:57:16.6",5370,0.05962753,0.05395889,-0.01720619,23.95813
"2025-04-08 16:57:16.65",5371,0.05982018,0.05397797,-0.01743126,23.98091
"2025-04-08 16:57:16.7",5372,0.05726433,0.05386734,-0.01735687,24.0043
"2025-04-08 16:57:16.75",5373,0.06632233,0.05649185,-0.01445389,23.99099
"2025-04-08 16:57:16.8",5374,0.06128311,0.05373383,-0.01674843,23.98474
"2025-04-08 16:57:16.85",5375,0.05959129,0.05356598,-0.01786041,23.98584
"2025-04-08 16:57:16.9",5376,0.05788803,0.05386162,-0.02240562,23.96256
"2025-04-08 16:57:16.95",5377,0.06072044,0.05409813,-0.01685524,23.98199
"2025-04-08 16:57:17",5378,0.05849075,0.05628777,-0.02077484,23.95907
"2025-04-08 16:57:17.05",5379,0.05978775,0.055933,-0.01587105,23.97986
"2025-04-08 16:57:17.1",5380,0.0593586,0.05285835,-0.02255249,24.00123
"2025-04-08 16:57:17.15",5381,0.05909538,0.05571556,-0.0205555,23.97971
"2025-04-08 16:57:17.2",5382,0.05923653,0.05284119,-0.02099228,24.00076
"2025-04-08 16:57:17.25",5383,0.05906105,0.05303192,-0.02350616,24.00287
"2025-04-08 16:57:17.3",5384,0.05922508,0.05242157,-0.02413177,23.95771
"2025-04-08 16:57:17.35",5385,0.05869865,0.05727005,-0.02075958,23.96468
"2025-04-08 16:57:17.4",5386,0.06054306,0.05351448,-0.02328873,23.99998
"2025-04-08 16:57:17.45",5387,0.0583744,0.05362892,-0.02178001,23.99904
"2025-04-08 16:57:17.5",5388,0.05386162,0.05302429,-0.01850319,23.99874
"2025-04-08 16:57:17.55",5389,0.05789375,0.0549469,-0.01911736,24.00136
"2025-04-08 16:57:17.6",5390,0.05463791,0.05338287,-0.01867485,24.00005
"2025-04-08 16:57:17.65",5391,0.06029129,0.05214691,-0.02174759,24.00067
"2025-04-08 16:57:17.7",5392,0.05874443,0.0530262,-0.02280807,24.00287
"2025-04-08 16:57:17.75",5393,0.05941772,0.05667114,-0.02219772,24.01664
"2025-04-08 16:57:17.8",5394,0.05282784,0.05396843,-0.02332306,23.97637
"2025-04-08 16:57:17.85",5395,0.05607414,0.05269432,-0.0252552,24.0079
"2025-04-08 16:57:17.9",5396,0.05743027,0.05286217,-0.02244949,23.97995
"2025-04-08 16:57:17.95",5397,0.0527668,0.05260468,-0.02553368,24.00098
"2025-04-08 16:57:18",5398,0.0541687,0.05230522,-0.02598,24.00208
"2025-04-08 16:57:18.05",5399,0.05701256,0.05316353,-0.02635384,24.00302
"2025-04-08 16:57:18.1",5400,0.05575943,0.05137062,-0.02658463,24.00329
"2025-04-08 16:57:18.15",5401,0.05685043,0.05473518,-0.02701378,23.98029
"2025-04-08 16:57:18.2",5402,0.05534172,0.05264473,-0.02557373,24.00859
"2025-04-08 16:57:18.25",5403,0.0554924,0.05547142,-0.02606773,24.0013
"2025-04-08 16:57:18.3",5404,0.05505371,0.05190849,-0.02580833,24.0078
"2025-04-08 16:57:18.35",5405,0.05550575,0.05148888,-0.02505112,24.00827
"2025-04-08 16:57:18.4",5406,0.05198669,0.05107689,-0.02577972,24.00359
"2025-04-08 16:57:18.45",5407,0.05106544,0.05047798,-0.02589035,24.00932
"2025-04-08 16:57:18.5",5408,0.05698395,0.06204605,-0.03356552,24.03274
"2025-04-08 16:57:18.55",5409,0.05602455,0.06057167,-0.0336647,24.00804
"2025-04-08 16:57:18.6",5410,0.05309105,0.06103897,-0.03318405,24.02991
"2025-04-08 16:57:18.65",5411,0.05336952,0.04868889,-0.02768517,24.00652
"2025-04-08 16:57:18.7",5412,0.05361176,0.04924774,-0.02824211,24.03086
"2025-04-08 16:57:18.75",5413,0.05648804,0.0626297,-0.03329659,24.00779
"2025-04-08 16:57:18.8",5414,0.0561409,0.05920792,-0.0337944,24.03561
"2025-04-08 16:57:18.85",5415,0.0584259,0.05945969,-0.03376961,24.04801
"2025-04-08 16:57:18.9",5416,0.06016159,0.06033134,-0.03324699,24.03329
"2025-04-08 16:57:18.95",5417,0.05825615,0.05962753,-0.03431702,24.04623
"2025-04-08 16:57:19",5418,0.06125069,0.06387138,-0.02816772,24.04306
"2025-04-08 16:57:19.05",5419,0.0574131,0.06039619,-0.03022385,24.04951
"2025-04-08 16:57:19.1",5420,0.05692863,0.0603466,-0.0303688,24.03399
"2025-04-08 16:57:19.15",5421,0.05732346,0.05951881,-0.03058815,24.04979
"2025-04-08 16:57:19.2",5422,0.06009674,0.06039047,-0.02815437,24.0425
"2025-04-08 16:57:19.25",5423,0.05635452,0.05729675,-0.03135109,24.07047
"2025-04-08 16:57:19.3",5424,0.05574989,0.06059837,-0.02859306,24.03152
"2025-04-08 16:57:19.35",5425,0.05499649,0.04606628,-0.02128792,24.03179
"2025-04-08 16:57:19.4",5426,0.05804062,0.06032372,-0.02863121,24.02983
"2025-04-08 16:57:19.45",5427,0.05772018,0.05717278,-0.02841949,24.02965
"2025-04-08 16:57:19.5",5428,0.05721474,0.04601669,-0.02042389,24.02969
"2025-04-08 16:57:19.55",5429,0.05476761,0.05694962,-0.02581215,24.00974
"2025-04-08 16:57:19.6",5430,0.05561638,0.05725098,-0.025774,24.03153
"2025-04-08 16:57:19.65",5431,0.056036,0.05729675,-0.02619743,24.00929
"2025-04-08 16:57:19.7",5432,0.05656624,0.06096458,-0.02467728,24.00795
"2025-04-08 16:57:19.75",5433,0.05584335,0.05764389,-0.02429199,24.0079
"2025-04-08 16:57:19.8",5434,0.05872726,0.05821228,-0.02144051,24.00569
"2025-04-08 16:57:19.85",5435,0.05553055,0.05807495,-0.02131271,24.00631
"2025-04-08 16:57:19.9",5436,0.05505371,0.05737114,-0.02213669,24.00665
"2025-04-08 16:57:19.95",5437,0.0563755,0.05762482,-0.02214241,24.04448
"2025-04-08 16:57:20",5438,0.05706406,0.05783463,-0.02284622,24.04547
"2025-04-08 16:57:20.05",5439,0.05368805,0.0615139,-0.02303696,24.03142
"2025-04-08 16:57:20.1",5440,0.05359459,0.06153488,-0.02239418,24.00932
"2025-04-08 16:57:20.15",5441,0.05301285,0.06092834,-0.02362442,24.03033
"2025-04-08 16:57:20.2",5442,0.05295372,0.0490036,-0.01550102,24.00906
"2025-04-08 16:57:20.25",5443,0.05262947,0.04933739,-0.01492691,24.0463
"2025-04-08 16:57:20.3",5444,0.04998016,0.04912758,-0.01773262,24.00942
"2025-04-08 16:57:20.35",5445,0.05321312,0.05082512,-0.01585388,24.00829
"2025-04-08 16:57:20.4",5446,0.05305099,0.06148529,-0.0232029,24.04682
"2025-04-08 16:57:20.45",5447,0.05317116,0.06295013,-0.02361298,24.01095
"2025-04-08 16:57:20.5",5448,0.05231667,0.05151749,-0.01612282,24.00834
"2025-04-08 16:57:20.55",5449,0.05220222,0.05136108,-0.01574135,24.00664
"2025-04-08 16:57:20.6",5450,0.05223274,0.06202698,-0.02331161,24.00652
"2025-04-08 16:57:20.65",5451,0.05253792,0.06121826,-0.02294922,24.03065
"2025-04-08 16:57:20.7",5452,0.05574989,0.04723358,-0.01505661,24.03001
"2025-04-08 16:57:20.75",5453,0.05343628,0.04956055,-0.0186367,24.03316
"2025-04-08 16:57:20.8",5454,0.05584526,0.05054474,-0.01869583,24.0318
"2025-04-08 16:57:20.85",5455,0.05373001,0.05086136,-0.01866531,24.03136
"2025-04-08 16:57:20.9",5456,0.05568695,0.06144714,-0.02608681,24.02921
"2025-04-08 16:57:20.95",5457,0.05539131,0.05083084,-0.01782036,24.02886
"2025-04-08 16:57:21",5458,0.05558777,0.05029869,-0.01991081,24.03021
"2025-04-08 16:57:21.05",5459,0.05989265,0.05088043,-0.01744461,24.04512
"2025-04-08 16:57:21.1",5460,0.06030083,0.05051041,-0.01795959,24.03195
"2025-04-08 16:57:21.15",5461,0.06101799,0.05346489,-0.01810455,24.04875
"2025-04-08 16:57:21.2",5462,0.05768394,0.04942894,-0.02048492,24.03717
"2025-04-08 16:57:21.25",5463,0.06199455,0.05229378,-0.01875305,24.01268
"2025-04-08 16:57:21.3",5464,0.05966377,0.06628799,-0.02615166,24.04818
"2025-04-08 16:57:21.35",5465,0.06116104,0.06521606,-0.02589607,24.03335
"2025-04-08 16:57:21.4",5466,0.05820656,0.05452728,-0.0177269,24.03348
"2025-04-08 16:57:21.45",5467,0.0587616,0.05191422,-0.01815033,24.048
"2025-04-08 16:57:21.5",5468,0.05854225,0.04956055,-0.01800346,24.03362
"2025-04-08 16:57:21.55",5469,0.0586586,0.06030655,-0.02379608,24.04751
"2025-04-08 16:57:21.6",5470,0.05792236,0.06090546,-0.02362251,24.0467
"2025-04-08 16:57:21.65",5471,0.06164932,0.06679726,-0.02198792,24.03736
"2025-04-08 16:57:21.7",5472,0.06045914,0.06105423,-0.02389145,24.02975
"2025-04-08 16:57:21.75",5473,0.0574646,0.05569267,-0.02032852,24.03542
"2025-04-08 16:57:21.8",5474,0.0607872,0.05788994,-0.02222252,24.04322
"2025-04-08 16:57:21.85",5475,0.06229591,0.06637192,-0.01965714,24.03865
"2025-04-08 16:57:21.9",5476,0.05726814,0.05988121,-0.02244377,24.03004
"2025-04-08 16:57:21.95",5477,0.05916214,0.05755234,-0.02197456,24.04613
"2025-04-08 16:57:22",5478,0.05887604,0.05752182,-0.02158546,24.03022
"2025-04-08 16:57:22.05",5479,0.06096458,0.0580616,-0.02143478,24.04322
"2025-04-08 16:57:22.1",5480,0.0608139,0.05812263,-0.02219772,24.04512
"2025-04-08 16:57:22.15",5481,0.05911064,0.05841827,-0.01955605,24.04333
"2025-04-08 16:57:22.2",5482,0.05854797,0.05765343,-0.02257919,24.02975
"2025-04-08 16:57:22.25",5483,0.06170464,0.05778694,-0.02371216,24.03035
"2025-04-08 16:57:22.3",5484,0.05853844,0.05772591,-0.02084351,24.02763
"2025-04-08 16:57:22.35",5485,0.05842018,0.05514145,-0.0216198,24.03436
"2025-04-08 16:57:22.4",5486,0.06011581,0.05629158,-0.02312088,24.04377
"2025-04-08 16:57:22.45",5487,0.06001282,0.05307961,-0.0246048,24.03035
"2025-04-08 16:57:22.5",5488,0.05746078,0.05631828,-0.02135468,24.06664
"2025-04-08 16:57:22.55",5489,0.06076622,0.05480003,-0.02095985,24.03058
"2025-04-08 16:57:22.6",5490,0.06096458,0.05488968,-0.02117538,24.03182
"2025-04-08 16:57:22.65",5491,0.05720901,0.05510139,-0.0209713,24.04739
"2025-04-08 16:57:22.7",5492,0.0584259,0.05834579,-0.02163506,24.03225
"2025-04-08 16:57:22.75",5493,0.06001282,0.05729675,-0.02164459,24.04594
"2025-04-08 16:57:22.8",5494,0.06015205,0.05994034,-0.02109337,24.06682
"2025-04-08 16:57:22.85",5495,0.06029701,0.05734253,-0.02131081,24.04471
"2025-04-08 16:57:22.9",5496,0.0603466,0.05584335,-0.02080917,24.03024
"2025-04-08 16:57:22.95",5497,0.06045914,0.05504227,-0.02051926,24.06786
"2025-04-08 16:57:23",5498,0.06082153,0.05527115,-0.02051926,24.04613
"2025-04-08 16:57:23.05",5499,0.06371498,0.05565643,-0.02092743,24.04474
"2025-04-08 16:57:23.1",5500,0.06369209,0.05510902,-0.02120972,24.0966
"2025-04-08 16:57:23.15",5501,0.06334686,0.05548096,-0.02062416,24.06755
"2025-04-08 16:57:23.2",5502,0.06291389,0.05538559,-0.02015114,24.03017
"2025-04-08 16:57:23.25",5503,0.06245804,0.05236435,-0.01943016,24.06646
"2025-04-08 16:57:23.3",5504,0.06613159,0.05228615,-0.0202179,24.06607
"2025-04-08 16:57:23.35",5505,0.06501961,0.05135536,-0.01956749,24.03011
"2025-04-08 16:57:23.4",5506,0.0670929,0.05200768,-0.01812172,24.09669
"2025-04-08 16:57:23.45",5507,0.06667328,0.05228615,-0.01812935,24.07943
"2025-04-08 16:57:23.5",5508,0.06771851,0.03866959,-0.01203537,24.04877
"2025-04-08 16:57:23.55",5509,0.06959534,0.05189705,-0.01840591,24.08046
"2025-04-08 16:57:23.6",5510,0.0656147,0.03689575,-0.01588631,24.10101
"2025-04-08 16:57:23.65",5511,0.06747246,0.05219841,-0.01767921,24.07196
"2025-04-08 16:57:23.7",5512,0.06978416,0.0533886,-0.01475525,24.10249
"2025-04-08 16:57:23.75",5513,0.07282448,0.05290031,-0.01485634,24.1041
"2025-04-08 16:57:23.8",5514,0.06761932,0.04889107,-0.01774788,24.04684
"2025-04-08 16:57:23.85",5515,0.06765747,0.04940033,-0.01773643,24.09925
"2025-04-08 16:57:23.9",5516,0.06959343,0.04970169,-0.01814461,24.07491
"2025-04-08 16:57:23.95",5517,0.06987,0.04734612,-0.01818466,24.09679
"2025-04-08 16:57:24",5518,0.07008553,0.04771996,-0.02100372,24.06844
"2025-04-08 16:57:24.05",5519,0.06965828,0.04738426,-0.01780319,24.0728
"2025-04-08 16:57:24.1",5520,0.06925964,0.0466671,-0.01710129,24.07344
"2025-04-08 16:57:24.15",5521,0.07026672,0.04388618,-0.01699448,24.06509
"2025-04-08 16:57:24.2",5522,0.07080841,0.03019142,-0.01365471,24.06609
"2025-04-08 16:57:24.25",5523,0.07163429,0.04393768,-0.01667023,24.0671
"2025-04-08 16:57:24.3",5524,0.07148933,0.04468155,-0.01978493,24.07252
"2025-04-08 16:57:24.35",5525,0.07307625,0.04437256,-0.01719666,24.07303
"2025-04-08 16:57:24.4",5526,0.07206345,0.04493904,-0.01702881,24.07375
"2025-04-08 16:57:24.45",5527,0.07391167,0.04457474,-0.0172348,24.09615
"2025-04-08 16:57:24.5",5528,0.07187462,0.04062653,-0.01693344,24.07422
"2025-04-08 16:57:24.55",5529,0.07515335,0.04369926,-0.01755333,24.09544
"2025-04-08 16:57:24.6",5530,0.07528496,0.04428291,-0.01828957,24.07367
"2025-04-08 16:57:24.65",5531,0.07582855,0.04460335,-0.01865196,24.09686
"2025-04-08 16:57:24.7",5532,0.07382393,0.04447365,-0.01841164,24.07392
"2025-04-08 16:57:24.75",5533,0.07593346,0.04499817,-0.02104187,24.09428
"2025-04-08 16:57:24.8",5534,0.07377243,0.0452652,-0.01819611,24.07432
"2025-04-08 16:57:24.85",5535,0.07320976,0.03188705,-0.01280022,24.07612
"2025-04-08 16:57:24.9",5536,0.07397461,0.04616737,-0.01861954,24.11784
"2025-04-08 16:57:24.95",5537,0.07424164,0.04280281,-0.01875687,24.11842
"2025-04-08 16:57:25",5538,0.07373238,0.03289032,-0.01611519,24.07568
"2025-04-08 16:57:25.05",5539,0.07514572,0.04636574,-0.0214901,24.09669
"2025-04-08 16:57:25.1",5540,0.07391739,0.04680443,-0.01896667,24.07558
"2025-04-08 16:57:25.15",5541,0.0707283,0.0450325,-0.01877975,24.07285
"2025-04-08 16:57:25.2",5542,0.07911301,0.04820061,-0.01839447,24.12296
"2025-04-08 16:57:25.25",5543,0.06928062,0.04725456,-0.02018929,24.09533
"2025-04-08 16:57:25.3",5544,0.06914902,0.04671288,-0.02061844,24.07506
"2025-04-08 16:57:25.35",5545,0.06856346,0.04641151,-0.02095413,24.09807
"2025-04-08 16:57:25.4",5546,0.06918335,0.04485321,-0.02012825,24.10574
"2025-04-08 16:57:25.45",5547,0.06847763,0.04663658,-0.02136612,24.0733
"2025-04-08 16:57:25.5",5548,0.07056618,0.04398346,-0.0228138,24.07352
"2025-04-08 16:57:25.55",5549,0.06945992,0.04434586,-0.02347374,24.09553
"2025-04-08 16:57:25.6",5550,0.06953239,0.04389763,-0.02315903,24.07336
"2025-04-08 16:57:25.65",5551,0.06918907,0.04380226,-0.02255821,24.09801
"2025-04-08 16:57:25.7",5552,0.07206345,0.0438633,-0.02297401,24.07751
"2025-04-08 16:57:25.75",5553,0.07043457,0.04361534,-0.02598953,24.12856
"2025-04-08 16:57:25.8",5554,0.06584167,0.04761124,-0.02453423,24.08497
"2025-04-08 16:57:25.85",5555,0.06320763,0.04355621,-0.02682495,24.07883
"2025-04-08 16:57:25.9",5556,0.06885147,0.04370499,-0.02623749,24.07545
"2025-04-08 16:57:25.95",5557,0.0661869,0.0444355,-0.02882957,24.06685
"2025-04-08 16:57:26",5558,0.06583214,0.04424477,-0.02839851,24.09628
"2025-04-08 16:57:26.05",5559,0.06837082,0.04197884,-0.0287571,24.07553
"2025-04-08 16:57:26.1",5560,0.06521225,0.04350853,-0.03084373,24.09642
"2025-04-08 16:57:26.15",5561,0.06585503,0.04052353,-0.03137016,24.0982
"2025-04-08 16:57:26.2",5562,0.06978416,0.04727745,-0.02920341,24.10503
"2025-04-08 16:57:26.25",5563,0.06528282,0.04164886,-0.03462982,24.09348
"2025-04-08 16:57:26.3",5564,0.06225014,0.04199028,-0.03465462,24.09575
"2025-04-08 16:57:26.35",5565,0.06218338,0.04160881,-0.03378677,24.07284
"2025-04-08 16:57:26.4",5566,0.0634613,0.04520416,-0.03160286,24.10361
"2025-04-08 16:57:26.45",5567,0.0641613,0.04284477,-0.03193283,24.08404
"2025-04-08 16:57:26.5",5568,0.06013298,0.03874969,-0.03573608,24.07324
"2025-04-08 16:57:26.55",5569,0.05986023,0.03872299,-0.03578758,24.09621
"2025-04-08 16:57:26.6",5570,0.06105423,0.03874207,-0.0363636,24.07281
"2025-04-08 16:57:26.65",5571,0.05746078,0.03928566,-0.0355587,24.07172
"2025-04-08 16:57:26.7",5572,0.05456543,0.03600311,-0.03897667,24.07191
"2025-04-08 16:57:26.75",5573,0.0541935,0.03604126,-0.03894234,24.07306
"2025-04-08 16:57:26.8",5574,0.05535316,0.03610229,-0.03632355,24.07367
"2025-04-08 16:57:26.85",5575,0.05588913,0.03622055,-0.04003906,24.07526
"2025-04-08 16:57:26.9",5576,0.05571175,0.03634834,-0.04058456,24.09607
"2025-04-08 16:57:26.95",5577,0.05533028,0.03649902,-0.03984833,24.06679
"2025-04-08 16:57:27",5578,0.05786705,0.04065514,-0.03458214,24.07343
"2025-04-08 16:57:27.05",5579,0.05211449,0.03743172,-0.03725624,24.07317
"2025-04-08 16:57:27.1",5580,0.05176926,0.03480148,-0.03989792,24.06683
"2025-04-08 16:57:27.15",5581,0.05449867,0.03647995,-0.03714561,24.06699
"2025-04-08 16:57:27.2",5582,0.05832291,0.04149246,-0.03642845,24.0751
"2025-04-08 16:57:27.25",5583,0.05583763,0.04088783,-0.03422737,24.10379
"2025-04-08 16:57:27.3",5584,0.0554142,0.04051971,-0.03510475,24.07354
"2025-04-08 16:57:27.35",5585,0.0550251,0.03830719,-0.03763771,24.06615
"2025-04-08 16:57:27.4",5586,0.05463219,0.03755569,-0.03711128,24.07233
"2025-04-08 16:57:27.45",5587,0.05722046,0.03692245,-0.03398323,24.10188
"2025-04-08 16:57:27.5",5588,0.05481148,0.03634644,-0.03670502,24.07344
"2025-04-08 16:57:27.55",5589,0.05483437,0.0358963,-0.037117,24.07357
"2025-04-08 16:57:27.6",5590,0.05540276,0.03546906,-0.03453636,24.1179
"2025-04-08 16:57:27.65",5591,0.05801582,0.03874397,-0.03245354,24.07439
"2025-04-08 16:57:27.7",5592,0.05490494,0.03614616,-0.03487587,24.09758
"2025-04-08 16:57:27.75",5593,0.05789566,0.03564262,-0.03417397,24.0948
"2025-04-08 16:57:27.8",5594,0.05553055,0.03650284,-0.03357506,24.09468
"2025-04-08 16:57:27.85",5595,0.05577087,0.03588486,-0.03392601,24.06934
"2025-04-08 16:57:27.9",5596,0.05966377,0.03271675,-0.03320122,24.09679
"2025-04-08 16:57:27.95",5597,0.0600338,0.03936195,-0.03197289,24.08491
"2025-04-08 16:57:28",5598,0.059515,0.03486633,-0.0339222,24.07746
"2025-04-08 16:57:28.05",5599,0.05939865,0.03569031,-0.03185654,24.07948
"2025-04-08 16:57:28.1",5600,0.05843735,0.03273582,-0.0343399,24.07827
"2025-04-08 16:57:28.15",5601,0.05519867,0.03316498,-0.0344429,24.07547
"2025-04-08 16:57:28.2",5602,0.0580101,0.03284073,-0.03123665,24.075
"2025-04-08 16:57:28.25",5603,0.05442238,0.03536987,-0.03109741,24.09618
"2025-04-08 16:57:28.3",5604,0.05499077,0.03258324,-0.03123665,24.07571
"2025-04-08 16:57:28.35",5605,0.05796242,0.03323555,-0.03110886,24.07571
"2025-04-08 16:57:28.4",5606,0.05839157,0.02237511,-0.02392578,24.07639
"2025-04-08 16:57:28.45",5607,0.05459404,0.03258324,-0.03232002,24.07279
"2025-04-08 16:57:28.5",5608,0.05491066,0.03050423,-0.03178215,24.07333
"2025-04-08 16:57:28.55",5609,0.05375099,0.03287888,-0.02873802,24.0657
"2025-04-08 16:57:28.6",5610,0.05722618,0.03065109,-0.02776146,24.07198
"2025-04-08 16:57:28.65",5611,0.05371666,0.03014183,-0.02760696,24.07101
"2025-04-08 16:57:28.7",5612,0.05471802,0.03026009,-0.02741432,24.11748
"2025-04-08 16:57:28.75",5613,0.05482292,0.0197773,-0.01817322,24.0727
"2025-04-08 16:57:28.8",5614,0.05693245,0.03072739,-0.02569389,24.11546
"2025-04-08 16:57:28.85",5615,0.05445862,0.03082275,-0.02594757,24.07242
"2025-04-08 16:57:28.9",5616,0.05629349,0.01971054,-0.01992607,24.09369
"2025-04-08 16:57:28.95",5617,0.05374908,0.03352165,-0.02528191,24.07011
"2025-04-08 16:57:29",5618,0.0543251,0.03041649,-0.02549934,24.09386
"2025-04-08 16:57:29.05",5619,0.05434418,0.03027725,-0.02589226,24.07191
"2025-04-08 16:57:29.1",5620,0.05360603,0.03052902,-0.02817535,24.09427
"2025-04-08 16:57:29.15",5621,0.05447578,0.03009796,-0.02643967,24.07301
"2025-04-08 16:57:29.2",5622,0.05404282,0.03366089,-0.0265274,24.07324
"2025-04-08 16:57:29.25",5623,0.0540123,0.03050995,-0.02441788,24.07277
"2025-04-08 16:57:29.3",5624,0.0560627,0.03397369,-0.02430916,24.07142
"2025-04-08 16:57:29.35",5625,0.05698395,0.03380585,-0.02376938,24.07185
"2025-04-08 16:57:29.4",5626,0.05447578,0.0338192,-0.02418137,24.09576
"2025-04-08 16:57:29.45",5627,0.05731392,0.03366089,-0.02453804,24.07332
"2025-04-08 16:57:29.5",5628,0.054533,0.03462791,-0.0247612,24.06496
"2025-04-08 16:57:29.55",5629,0.05412865,0.03440285,-0.02478981,24.09497
"2025-04-08 16:57:29.6",5630,0.05496216,0.03457832,-0.02458,24.11609
"2025-04-08 16:57:29.65",5631,0.05428123,0.03445435,-0.02216148,24.07403
"2025-04-08 16:57:29.7",5632,0.05360603,0.03393364,-0.02160263,24.09632
"2025-04-08 16:57:29.75",5633,0.05209732,0.03286743,-0.02490616,24.0725
"2025-04-08 16:57:29.8",5634,0.05368423,0.0329895,-0.02178955,24.09531
"2025-04-08 16:57:29.85",5635,0.05482864,0.03305244,-0.02173042,24.1189
"2025-04-08 16:57:29.9",5636,0.05486298,0.03245544,-0.02199173,24.09626
"2025-04-08 16:57:29.95",5637,0.05257034,0.03183365,-0.02186775,24.06618
"2025-04-08 16:57:30",5638,0.05511856,0.03527451,-0.02170372,24.07261
"2025-04-08 16:57:30.05",5639,0.05264473,0.0244503,-0.01567078,24.11703
"2025-04-08 16:57:30.1",5640,0.05288506,0.03476715,-0.02124977,24.07435
"2025-04-08 16:57:30.15",5641,0.05394745,0.03477669,-0.02133751,24.096
"2025-04-08 16:57:30.2",5642,0.05399704,0.02365685,-0.01362038,24.09831
"2025-04-08 16:57:30.25",5643,0.05456161,0.03468323,-0.01903725,24.09979
"2025-04-08 16:57:30.3",5644,0.05462074,0.03537178,-0.01893234,24.10084
"2025-04-08 16:57:30.35",5645,0.05271912,0.03492928,-0.01621628,24.11982
"2025-04-08 16:57:30.4",5646,0.0520134,0.03494644,-0.01605988,24.09878
"2025-04-08 16:57:30.45",5647,0.049366,0.02435112,-0.01036263,24.09682
"2025-04-08 16:57:30.5",5648,0.05212021,0.0375309,-0.01535797,24.04372
"2025-04-08 16:57:30.55",5649,0.0496788,0.02671814,-0.01019859,24.06923
"2025-04-08 16:57:30.6",5650,0.0495739,0.02637863,-0.01060867,24.0974
"2025-04-08 16:57:30.65",5651,0.04872513,0.02699852,-0.01371384,24.09567
"2025-04-08 16:57:30.7",5652,0.05140305,0.03816986,-0.01612854,24.09434
"2025-04-08 16:57:30.75",5653,0.05093002,0.02779198,-0.01100731,24.0423
"2025-04-08 16:57:30.8",5654,0.05087852,0.0379715,-0.01590538,24.02876
"2025-04-08 16:57:30.85",5655,0.05052948,0.02981949,-0.01060486,24.06574
"2025-04-08 16:57:30.9",5656,0.04845047,0.03004646,-0.01267242,24.04276
"2025-04-08 16:57:30.95",5657,0.05160713,0.0379715,-0.01567078,24.07423
"2025-04-08 16:57:31",5658,0.05143356,0.04071045,-0.0156517,24.04168
"2025-04-08 16:57:31.05",5659,0.05077553,0.04122925,-0.01521301,24.04187
"2025-04-08 16:57:31.1",5660,0.05057144,0.03083611,-0.01284409,24.07069
"2025-04-08 16:57:31.15",5661,0.05055618,0.03070641,-0.01210213,24.07042
"2025-04-08 16:57:31.2",5662,0.05146027,0.02938461,-0.01186562,24.07063
"2025-04-08 16:57:31.25",5663,0.0519352,0.04041481,-0.01503944,24.04212
"2025-04-08 16:57:31.3",5664,0.05178642,0.02963066,-0.01256943,24.04276
"2025-04-08 16:57:31.35",5665,0.05259323,0.02995682,-0.01343536,24.06543
"2025-04-08 16:57:31.4",5666,0.05537415,0.04118538,-0.01859093,24.04292
"2025-04-08 16:57:31.45",5667,0.05418205,0.04106522,-0.01935577,24.04208
"2025-04-08 16:57:31.5",5668,0.05206299,0.03090286,-0.01300049,24.07121
"2025-04-08 16:57:31.55",5669,0.05114937,0.04083633,-0.01847267,24.04088
"2025-04-08 16:57:31.6",5670,0.05470467,0.03110504,-0.01353836,24.06537
"2025-04-08 16:57:31.65",5671,0.05448151,0.03050995,-0.01342964,24.04304
"2025-04-08 16:57:31.7",5672,0.0514164,0.03113747,-0.01397133,24.02946
"2025-04-08 16:57:31.75",5673,0.05258369,0.03166008,-0.01472473,24.07304
"2025-04-08 16:57:31.8",5674,0.05400085,0.0457859,-0.01970291,24.02747
"2025-04-08 16:57:31.85",5675,0.05347824,0.03176689,-0.01395035,24.0279
"2025-04-08 16:57:31.9",5676,0.05396461,0.0311985,-0.01305199,24.04173
"2025-04-08 16:57:31.95",5677,0.05420876,0.03077507,-0.01317406,24.02805
"2025-04-08 16:57:32",5678,0.05393028,0.0442791,-0.0189476,24.04327
"2025-04-08 16:57:32.05",5679,0.05673409,0.04421616,-0.0194416,24.04514
"2025-04-08 16:57:32.1",5680,0.0533638,0.03118324,-0.01659775,24.04445
"2025-04-08 16:57:32.15",5681,0.05427551,0.02942657,-0.01365471,24.02786
"2025-04-08 16:57:32.2",5682,0.05397224,0.0440197,-0.0187645,24.04183
"2025-04-08 16:57:32.25",5683,0.05448723,0.03019905,-0.01262093,24.00632
"2025-04-08 16:57:32.3",5684,0.05464554,0.02985191,-0.01337051,24.00553
"2025-04-08 16:57:32.35",5685,0.05576134,0.02861214,-0.01571083,24.02888
"2025-04-08 16:57:32.4",5686,0.05780602,0.02890396,-0.01628876,24.02979
"2025-04-08 16:57:32.45",5687,0.05590057,0.0423851,-0.02166176,24.00901
"2025-04-08 16:57:32.5",5688,0.05631828,0.02915573,-0.01636696,24.00898
"2025-04-08 16:57:32.55",5689,0.05285072,0.0290184,-0.01599503,24.03342
"2025-04-08 16:57:32.6",5690,0.05202103,0.02989769,-0.01608276,24.03119
"2025-04-08 16:57:32.65",5691,0.05192375,0.02878952,-0.01536369,24.03129
"2025-04-08 16:57:32.7",5692,0.05537415,0.04527092,-0.02102661,24.03306
"2025-04-08 16:57:32.75",5693,0.05268478,0.02923775,-0.01634979,24.01102
"2025-04-08 16:57:32.8",5694,0.05226898,0.02953529,-0.01667023,24.01048
"2025-04-08 16:57:32.85",5695,0.05144501,0.0291996,-0.01622772,24.00859
"2025-04-08 16:57:32.9",5696,0.05113602,0.03199577,-0.01585007,24.00641
"2025-04-08 16:57:32.95",5697,0.05317497,0.04306793,-0.02134323,24.04386
"2025-04-08 16:57:33",5698,0.05035973,0.0311985,-0.0160656,24.04414
"2025-04-08 16:57:33.05",5699,0.05032539,0.03234482,-0.01568222,24.02898
"2025-04-08 16:57:33.1",5700,0.05060577,0.04582024,-0.01913834,24.02928
"2025-04-08 16:57:33.15",5701,0.05113602,0.04576302,-0.0188942,24.00573
"2025-04-08 16:57:33.2",5702,0.04959679,0.04646683,-0.02130127,24.04184
"2025-04-08 16:57:33.25",5703,0.04963875,0.04642296,-0.02078438,24.02664
"2025-04-08 16:57:33.3",5704,0.05057907,0.03358459,-0.01201057,24.00234
"2025-04-08 16:57:33.35",5705,0.05134201,0.04602242,-0.01698112,24.00427
"2025-04-08 16:57:33.4",5706,0.05074501,0.03291893,-0.01461029,24.04164
"2025-04-08 16:57:33.45",5707,0.05080032,0.04843521,-0.01750183,24.00495
"2025-04-08 16:57:33.5",5708,0.05606842,0.0389843,-0.0135746,24.01565
"2025-04-08 16:57:33.55",5709,0.05094147,0.04611015,-0.02071762,24.00625
"2025-04-08 16:57:33.6",5710,0.05138206,0.04936028,-0.02083015,24.00539
"2025-04-08 16:57:33.65",5711,0.05110359,0.04621124,-0.0214119,24.00478
"2025-04-08 16:57:33.7",5712,0.05115891,0.04676819,-0.02088165,24.04221
"2025-04-08 16:57:33.75",5713,0.05126572,0.03606987,-0.01614952,24.04224
"2025-04-08 16:57:33.8",5714,0.05144882,0.03564835,-0.01548576,24.02753
"2025-04-08 16:57:33.85",5715,0.05205917,0.03733635,-0.01581573,24.02903
"2025-04-08 16:57:33.9",5716,0.04868889,0.03679466,-0.01693916,24.04383
"2025-04-08 16:57:33.95",5717,0.051651,0.0367775,-0.01713371,24.06664
"2025-04-08 16:57:34",5718,0.05211449,0.03687668,-0.01688194,24.02876
"2025-04-08 16:57:34.05",5719,0.05155563,0.03760338,-0.01683044,24.07204
"2025-04-08 16:57:34.1",5720,0.05105782,0.03723145,-0.01658058,24.04182
"2025-04-08 16:57:34.15",5721,0.05113602,0.03569031,-0.0165062,24.02628
"2025-04-08 16:57:34.2",5722,0.05116653,0.03632927,-0.01630211,24.02876
"2025-04-08 16:57:34.25",5723,0.05191422,0.03866959,-0.01653481,24.04427
"2025-04-08 16:57:34.3",5724,0.05163765,0.05204201,-0.02188683,24.04305
"2025-04-08 16:57:34.35",5725,0.05137825,0.04950523,-0.0221138,24.0063
"2025-04-08 16:57:34.4",5726,0.05123138,0.03915596,-0.01577568,24.04338
"2025-04-08 16:57:34.45",5727,0.05168343,0.03597832,-0.0158329,24.0072
"2025-04-08 16:57:34.5",5728,0.0517292,0.03486061,-0.01532555,24.06527
"2025-04-08 16:57:34.55",5729,0.05258942,0.03472137,-0.01556587,24.02924
"2025-04-08 16:57:34.6",5730,0.0528698,0.0376873,-0.01654053,24.03043
"2025-04-08 16:57:34.65",5731,0.05334663,0.04826546,-0.02158928,24.03017
"2025-04-08 16:57:34.7",5732,0.05302048,0.04813385,-0.02149391,24.01015
"2025-04-08 16:57:34.75",5733,0.05328178,0.03766441,-0.01625252,24.03115
"2025-04-08 16:57:34.8",5734,0.05285072,0.03393364,-0.01545143,24.07086
"2025-04-08 16:57:34.85",5735,0.05223274,0.0482769,-0.02154732,24.04549
"2025-04-08 16:57:34.9",5736,0.05258369,0.03411484,-0.01588249,24.04681
"2025-04-08 16:57:34.95",5737,0.05241394,0.04823685,-0.02162552,24.07872
"2025-04-08 16:57:35",5738,0.05312538,0.03508568,-0.0167141,24.03219
"2025-04-08 16:57:35.05",5739,0.05197906,0.03515434,-0.01669312,24.03142
"2025-04-08 16:57:35.1",5740,0.05191422,0.04626083,-0.02116013,24.02944
"2025-04-08 16:57:35.15",5741,0.05082321,0.04847145,-0.02123451,24.02982
"2025-04-08 16:57:35.2",5742,0.0492897,0.03480148,-0.01585579,24.02991
"2025-04-08 16:57:35.25",5743,0.05183029,0.03480148,-0.01664734,24.02972
"2025-04-08 16:57:35.3",5744,0.051651,0.03563118,-0.01611519,24.02953
"2025-04-08 16:57:35.35",5745,0.04805565,0.0352459,-0.01644707,24.02863
"2025-04-08 16:57:35.4",5746,0.05036163,0.04900742,-0.02162933,24.02823
"2025-04-08 16:57:35.45",5747,0.05055428,0.0493679,-0.02074814,24.03889
"2025-04-08 16:57:35.5",5748,0.05113602,0.03523636,-0.01392746,24.03937
"2025-04-08 16:57:35.55",5749,0.05082512,0.03529358,-0.01430702,24.02555
"2025-04-08 16:57:35.6",5750,0.05106926,0.04838753,-0.02103806,24.06345
"2025-04-08 16:57:35.65",5751,0.05066299,0.04623222,-0.02066994,24.00356
"2025-04-08 16:57:35.7",5752,0.05038452,0.04917717,-0.01981926,24.00328
"2025-04-08 16:57:35.75",5753,0.05070686,0.04901886,-0.02035522,24.00446
"2025-04-08 16:57:35.8",5754,0.0515728,0.03962708,-0.01342964,24.01311
"2025-04-08 16:57:35.85",5755,0.05059433,0.0461731,-0.02077103,24.02644
"2025-04-08 16:57:35.9",5756,0.05123901,0.04820633,-0.02045059,24.04244
"2025-04-08 16:57:35.95",5757,0.05144501,0.04849052,-0.02146149,24.02785
"2025-04-08 16:57:36",5758,0.05167198,0.04923248,-0.0192337,24.00564
"2025-04-08 16:57:36.05",5759,0.04838371,0.03630447,-0.01616287,24.0285
"2025-04-08 16:57:36.1",5760,0.04871368,0.03588867,-0.01646233,24.00494
"2025-04-08 16:57:36.15",5761,0.05070496,0.04944611,-0.02204704,24.02782
"2025-04-08 16:57:36.2",5762,0.05145645,0.04742432,-0.02189827,24.04345
"2025-04-08 16:57:36.25",5763,0.05094719,0.04998589,-0.02210808,24.02955
"2025-04-08 16:57:36.3",5764,0.04916382,0.0360527,-0.01677704,24.02944
"2025-04-08 16:57:36.35",5765,0.0486412,0.05060577,-0.02301025,24.00793
"2025-04-08 16:57:36.4",5766,0.04932022,0.03660011,-0.01675415,24.02973
"2025-04-08 16:57:36.45",5767,0.05158997,0.0473671,-0.02202415,24.02731
"2025-04-08 16:57:36.5",5768,0.05531502,0.0397892,-0.01109695,24.01427
"2025-04-08 16:57:36.55",5769,0.04792595,0.03550911,-0.0164032,24.02846
"2025-04-08 16:57:36.6",5770,0.05169106,0.04951859,-0.01896477,24.00604
"2025-04-08 16:57:36.65",5771,0.04846573,0.03539848,-0.01347542,24.02888
"2025-04-08 16:57:36.7",5772,0.05183983,0.03538132,-0.01406288,24.02784
"2025-04-08 16:57:36.75",5773,0.05192375,0.03780365,-0.01653481,24.00646
"2025-04-08 16:57:36.8",5774,0.05171585,0.05116653,-0.01914024,24.02856
"2025-04-08 16:57:36.85",5775,0.05079079,0.03787804,-0.01307487,23.99857
"2025-04-08 16:57:36.9",5776,0.05202866,0.03757095,-0.01611519,24.00626
"2025-04-08 16:57:36.95",5777,0.05215454,0.03643036,-0.01571083,24.00019
"2025-04-08 16:57:37",5778,0.05263901,0.03604126,-0.01635742,24.04622
"2025-04-08 16:57:37.05",5779,0.05332184,0.03667259,-0.01654053,24.01076
"2025-04-08 16:57:37.1",5780,0.0535202,0.03940392,-0.01644707,24.00951
"2025-04-08 16:57:37.15",5781,0.05543137,0.05057907,-0.02227592,24.01158
"2025-04-08 16:57:37.2",5782,0.05207062,0.04038048,-0.01661491,24.00308
"2025-04-08 16:57:37.25",5783,0.05459213,0.04047966,-0.01626778,24.00865
"2025-04-08 16:57:37.3",5784,0.05458832,0.04060364,-0.01615715,24.03077
"2025-04-08 16:57:37.35",5785,0.05447578,0.05381203,-0.02150536,24.00755
"2025-04-08 16:57:37.4",5786,0.05452156,0.04253769,-0.01639557,24.00047
"2025-04-08 16:57:37.45",5787,0.0545311,0.04291153,-0.01708794,24.02918
"2025-04-08 16:57:37.5",5788,0.05724716,0.04320526,-0.01689339,24.02772
"2025-04-08 16:57:37.55",5789,0.05390167,0.04054642,-0.01749039,24.00465
"2025-04-08 16:57:37.6",5790,0.05602837,0.04619408,-0.01553154,24.04116
"2025-04-08 16:57:37.65",5791,0.05346489,0.04377174,-0.01577568,24.02682
"2025-04-08 16:57:37.7",5792,0.05353355,0.05653763,-0.02378464,24.0423
"2025-04-08 16:57:37.75",5793,0.05653572,0.04582977,-0.0158596,24.02899
"2025-04-08 16:57:37.8",5794,0.05324364,0.0457859,-0.01565933,24.00526
"2025-04-08 16:57:37.85",5795,0.05600166,0.04628372,-0.01555824,24.02563
"2025-04-08 16:57:37.9",5796,0.05581284,0.0462265,-0.01517868,24.02622
"2025-04-08 16:57:37.95",5797,0.05616379,0.04604912,-0.01508522,24.03979
"2025-04-08 16:57:38",5798,0.0561676,0.04515076,-0.01476669,24.02583
"2025-04-08 16:57:38.05",5799,0.05653191,0.0453167,-0.01521873,24.02694
"2025-04-08 16:57:38.1",5800,0.05720711,0.04765129,-0.01596451,24.04086
"2025-04-08 16:57:38.15",5801,0.05685997,0.04854012,-0.01901436,24.02846
"2025-04-08 16:57:38.2",5802,0.05646515,0.04874039,-0.0190773,24.00598
"2025-04-08 16:57:38.25",5803,0.05698967,0.05166817,-0.01567459,24.02927
"2025-04-08 16:57:38.3",5804,0.05570412,0.05187416,-0.01618385,24.0642
"2025-04-08 16:57:38.35",5805,0.05608559,0.06255722,-0.02519417,24.00382
"2025-04-08 16:57:38.4",5806,0.05945778,0.06240273,-0.02462387,24.02824
"2025-04-08 16:57:38.45",5807,0.05729675,0.06333923,-0.02836609,24.02804
"2025-04-08 16:57:38.5",5808,0.05993843,0.06682014,-0.02542114,24.02937
"2025-04-08 16:57:38.55",5809,0.05710793,0.05304146,-0.02005959,24.02803
"2025-04-08 16:57:38.6",5810,0.05676651,0.05389023,-0.0200386,24.00386
"2025-04-08 16:57:38.65",5811,0.05889893,0.06404877,-0.0271244,24.00468
"2025-04-08 16:57:38.7",5812,0.05653572,0.06593323,-0.02680588,24.00464
"2025-04-08 16:57:38.75",5813,0.05936241,0.06507111,-0.02438927,24.00534
"2025-04-08 16:57:38.8",5814,0.05671692,0.05203056,-0.01934624,23.99965
"2025-04-08 16:57:38.85",5815,0.05762482,0.06557846,-0.02804184,24.02926
"2025-04-08 16:57:38.9",5816,0.05997276,0.06211662,-0.02739143,24.02864
"2025-04-08 16:57:38.95",5817,0.05897713,0.06530571,-0.02708626,24.00353
"2025-04-08 16:57:39",5818,0.05679321,0.05396461,-0.01939583,24.00452
"2025-04-08 16:57:39.05",5819,0.05983734,0.05345345,-0.01864243,23.99834
"2025-04-08 16:57:39.1",5820,0.05983734,0.05029869,-0.01887512,24.00613
"2025-04-08 16:57:39.15",5821,0.06309509,0.04974556,-0.01880455,24.00729
"2025-04-08 16:57:39.2",5822,0.06438828,0.0634079,-0.02659607,24.03218
"2025-04-08 16:57:39.25",5823,0.06362343,0.06719398,-0.02728081,24.03707
"2025-04-08 16:57:39.3",5824,0.06365204,0.0670929,-0.02419281,24.00148
"2025-04-08 16:57:39.35",5825,0.0621891,0.0535202,-0.01844597,24.03105
"2025-04-08 16:57:39.4",5826,0.0629921,0.06457329,-0.02692413,24.00744
"2025-04-08 16:57:39.45",5827,0.06262398,0.05611992,-0.01856995,24.0098
"2025-04-08 16:57:39.5",5828,0.06305695,0.05308151,-0.01918221,24.00883
"2025-04-08 16:57:39.55",5829,0.0628891,0.06720924,-0.02433205,24.04572
"2025-04-08 16:57:39.6",5830,0.06236649,0.05378532,-0.01922226,23.99979
"2025-04-08 16:57:39.65",5831,0.0649929,0.06760788,-0.02461052,24.00592
"2025-04-08 16:57:39.7",5832,0.06252861,0.05698395,-0.01919556,24.00599
"2025-04-08 16:57:39.75",5833,0.06397247,0.06757355,-0.02436447,24.02905
"2025-04-08 16:57:39.8",5834,0.06485748,0.06731033,-0.02155113,24.02721
"2025-04-08 16:57:39.85",5835,0.05861473,0.05437088,-0.01589775,24.00416
"2025-04-08 16:57:39.9",5836,0.06169891,0.05712891,-0.01501656,24.02826
"2025-04-08 16:57:39.95",5837,0.06163025,0.05767822,-0.01507187,24.02795
"2025-04-08 16:57:40",5838,0.06104469,0.0568676,-0.0152359,24.00283
"2025-04-08 16:57:40.05",5839,0.06137466,0.05744743,-0.01492691,24.00242
"2025-04-08 16:57:40.1",5840,0.06128311,0.07035446,-0.02033424,24.02422
"2025-04-08 16:57:40.15",5841,0.06144524,0.05656052,-0.0144062,24.00433
"2025-04-08 16:57:40.2",5842,0.06171989,0.05585098,-0.01496506,24.00546
"2025-04-08 16:57:40.25",5843,0.06509781,0.06970596,-0.01814461,24.00574
"2025-04-08 16:57:40.3",5844,0.06208229,0.05617332,-0.01284409,24.02816
"2025-04-08 16:57:40.35",5845,0.0621109,0.05671692,-0.01276016,24.0406
"2025-04-08 16:57:40.4",5846,0.061306,0.0674324,-0.01834679,24.0267
"2025-04-08 16:57:40.45",5847,0.061306,0.05736542,-0.01300621,24.02667
"2025-04-08 16:57:40.5",5848,0.06191635,0.06720352,-0.01872063,24.00496
"2025-04-08 16:57:40.55",5849,0.06246948,0.05640793,-0.01387024,24.00579
"2025-04-08 16:57:40.6",5850,0.06252861,0.0568943,-0.01356316,24.00677
"2025-04-08 16:57:40.65",5851,0.06287575,0.05698967,-0.01449203,24.02824
"2025-04-08 16:57:40.7",5852,0.06208801,0.05852509,-0.01456261,24.02814
"2025-04-08 16:57:40.75",5853,0.0615406,0.058918,-0.01446533,24.00579
"2025-04-08 16:57:40.8",5854,0.06142616,0.05747604,-0.01721764,24.00524
"2025-04-08 16:57:40.85",5855,0.06453896,0.06883621,-0.02195168,23.99574
"2025-04-08 16:57:40.9",5856,0.06420135,0.05545807,-0.01667023,24.00368
"2025-04-08 16:57:40.95",5857,0.06471252,0.05522537,-0.01672745,24.02871
"2025-04-08 16:57:41",5858,0.06476402,0.06559181,-0.02260017,24.00586
"2025-04-08 16:57:41.05",5859,0.06235123,0.05496979,-0.01647377,24.02823
"2025-04-08 16:57:41.1",5860,0.06121826,0.0547905,-0.01653671,24.0043
"2025-04-08 16:57:41.15",5861,0.06104851,0.05455017,-0.01645088,24.00407
"2025-04-08 16:57:41.2",5862,0.06122398,0.06497765,-0.02159691,24.02549
"2025-04-08 16:57:41.25",5863,0.06464577,0.05316353,-0.01651955,24.00449
"2025-04-08 16:57:41.3",5864,0.06552887,0.05318832,-0.01710701,24.00518
"2025-04-08 16:57:41.35",5865,0.06387711,0.05249405,-0.01582146,24.03027
"2025-04-08 16:57:41.4",5866,0.06626511,0.06374359,-0.02146912,24.00076
"2025-04-08 16:57:41.45",5867,0.06651878,0.05021095,-0.01675224,24.00845
"2025-04-08 16:57:41.5",5868,0.06363487,0.05071068,-0.01616096,24.00814
"2025-04-08 16:57:41.55",5869,0.06378555,0.05058479,-0.01589966,24.03236
"2025-04-08 16:57:41.6",5870,0.0626545,0.05066681,-0.01626205,24.00757
"2025-04-08 16:57:41.65",5871,0.06347275,0.05048943,-0.01625061,24.02931
"2025-04-08 16:57:41.7",5872,0.063591,0.06407738,-0.01959229,24.00824
"2025-04-08 16:57:41.75",5873,0.06310081,0.06201744,-0.02192497,24.03134
"2025-04-08 16:57:41.8",5874,0.05979347,0.05121994,-0.01420593,24.00985
"2025-04-08 16:57:41.85",5875,0.06284332,0.05477333,-0.01099586,24.01193
"2025-04-08 16:57:41.9",5876,0.06200981,0.05142212,-0.01616669,23.99905
"2025-04-08 16:57:41.95",5877,0.0592556,0.05133057,-0.01627922,24.00723
"2025-04-08 16:57:42",5878,0.06079483,0.05101776,-0.01341438,24.02714
"2025-04-08 16:57:42.05",5879,0.06425476,0.06799889,-0.01529503,24.01127
"2025-04-08 16:57:42.1",5880,0.06175804,0.06198883,-0.02121544,24.00524
"2025-04-08 16:57:42.15",5881,0.06138992,0.05323219,-0.01290131,23.9743
"2025-04-08 16:57:42.2",5882,0.06138611,0.06465721,-0.02094841,23.97553
"2025-04-08 16:57:42.25",5883,0.06098747,0.05149841,-0.01342964,23.99627
"2025-04-08 16:57:42.3",5884,0.06014633,0.06393051,-0.01794815,24.00164
"2025-04-08 16:57:42.35",5885,0.05835152,0.05605698,-0.01251411,24.00405
"2025-04-08 16:57:42.4",5886,0.05821419,0.05376816,-0.01459312,23.9745
"2025-04-08 16:57:42.45",5887,0.05924606,0.05347824,-0.01250267,24.00507
"2025-04-08 16:57:42.5",5888,0.05939674,0.05632591,-0.01336288,23.9969
"2025-04-08 16:57:42.55",5889,0.06000519,0.05360603,-0.01346016,23.97625
"2025-04-08 16:57:42.6",5890,0.05947495,0.05694008,-0.01324463,23.9982
"2025-04-08 16:57:42.65",5891,0.05726814,0.05649948,-0.01375008,23.99749
"2025-04-08 16:57:42.7",5892,0.05973244,0.06805229,-0.0192852,23.99732
"2025-04-08 16:57:42.75",5893,0.05652618,0.05685616,-0.01323128,23.99699
"2025-04-08 16:57:42.8",5894,0.05927467,0.06719398,-0.01888275,24.00473
"2025-04-08 16:57:42.85",5895,0.05949211,0.05723953,-0.0136776,24.0059
"2025-04-08 16:57:42.9",5896,0.05985641,0.05716324,-0.01450729,24.00027
"2025-04-08 16:57:42.95",5897,0.05705643,0.05778694,-0.0148201,24.00562
"2025-04-08 16:57:43",5898,0.05731964,0.05548096,-0.0152359,24.0065
"2025-04-08 16:57:43.05",5899,0.05661392,0.05924797,-0.01454926,23.99784
"2025-04-08 16:57:43.1",5900,0.0568676,0.05858231,-0.01400185,23.99631
"2025-04-08 16:57:43.15",5901,0.05671692,0.05887794,-0.0138092,24.00298
"2025-04-08 16:57:43.2",5902,0.05864143,0.05748749,-0.01118088,23.99669
"2025-04-08 16:57:43.25",5903,0.05619621,0.05712318,-0.0111084,23.97604
"2025-04-08 16:57:43.3",5904,0.05660057,0.05434799,-0.01120186,24.00523
"2025-04-08 16:57:43.35",5905,0.06403732,0.07077408,-0.01417732,24.00892
"2025-04-08 16:57:43.4",5906,0.0596199,0.06802559,-0.01672554,24.00579
"2025-04-08 16:57:43.45",5907,0.05698586,0.06777573,-0.01675224,24.02701
"2025-04-08 16:57:43.5",5908,0.05753326,0.06797409,-0.01680946,24.00549
"2025-04-08 16:57:43.55",5909,0.05766487,0.05716133,-0.008209229,24.00478
"2025-04-08 16:57:43.6",5910,0.05720901,0.05631447,-0.00793457,23.97683
"2025-04-08 16:57:43.65",5911,0.05758858,0.05599022,-0.0108223,24.02888
"2025-04-08 16:57:43.7",5912,0.05604553,0.0565033,-0.005144119,24.01408
"2025-04-08 16:57:43.75",5913,0.05887794,0.06902695,-0.01610565,24.00827
"2025-04-08 16:57:43.8",5914,0.05916214,0.05636406,-0.008861542,24.03077
"2025-04-08 16:57:43.85",5915,0.05877876,0.06680298,-0.01730537,24.00793
"2025-04-08 16:57:43.9",5916,0.05792809,0.05639648,-0.008745193,24.03001
"2025-04-08 16:57:43.95",5917,0.05418587,0.0670929,-0.01417732,24.00822
"2025-04-08 16:57:44",5918,0.05441666,0.05404663,-0.008905411,24.0282
"2025-04-08 16:57:44.05",5919,0.05412483,0.056427,-0.008548737,24.0293
"2025-04-08 16:57:44.1",5920,0.05459785,0.05332565,-0.008131027,24.00069
"2025-04-08 16:57:44.15",5921,0.05731964,0.05695534,-0.005678177,24.01321
"2025-04-08 16:57:44.2",5922,0.05364609,0.05337524,-0.009483337,23.99959
"2025-04-08 16:57:44.25",5923,0.05268478,0.05466652,-0.009185791,24.00607
"2025-04-08 16:57:44.3",5924,0.05293465,0.05499458,-0.008447647,24.02605
"2025-04-08 16:57:44.35",5925,0.05240059,0.05410957,-0.007728577,24.00454
"2025-04-08 16:57:44.4",5926,0.05211258,0.05375671,-0.007806778,24.06086
"2025-04-08 16:57:44.45",5927,0.05545998,0.05392456,-0.007131577,24.02526
"2025-04-08 16:57:44.5",5928,0.05278397,0.06720543,-0.01203346,24.02621
"2025-04-08 16:57:44.55",5929,0.05670547,0.05449295,-0.004573822,24.03714
"2025-04-08 16:57:44.6",5930,0.05320358,0.05365181,-0.007600784,24.04205
"2025-04-08 16:57:44.65",5931,0.05311394,0.05123901,-0.007726669,24.02659
"2025-04-08 16:57:44.7",5932,0.05387878,0.05404091,-0.007862091,24.02734
"2025-04-08 16:57:44.75",5933,0.05328178,0.05152321,-0.007455826,24.02647
"2025-04-08 16:57:44.8",5934,0.05373955,0.05078506,-0.007684708,24.02756
"2025-04-08 16:57:44.85",5935,0.05403519,0.06426048,-0.01316261,24.04195
"2025-04-08 16:57:44.9",5936,0.05322456,0.04969597,-0.005249023,24.00701
"2025-04-08 16:57:44.95",5937,0.05463791,0.05335236,-0.008777618,24.02766
"2025-04-08 16:57:45",5938,0.05730247,0.05556679,-0.008672714,24.06581
"2025-04-08 16:57:45.05",5939,0.05410957,0.05202484,-0.006973267,24.04414
"2025-04-08 16:57:45.1",5940,0.05348969,0.05624199,-0.007068634,24.0321
"2025-04-08 16:57:45.15",5941,0.05110931,0.05328751,-0.009588242,24.04227
"2025-04-08 16:57:45.2",5942,0.05647469,0.06649017,-0.01421738,24.07228
"2025-04-08 16:57:45.25",5943,0.05304527,0.05203629,-0.008478165,24.02622
"2025-04-08 16:57:45.3",5944,0.05406952,0.06651878,-0.01440811,24.07177
"2025-04-08 16:57:45.35",5945,0.05382347,0.06558418,-0.01425171,24.04396
"2025-04-08 16:57:45.4",5946,0.05440331,0.06879807,-0.01472664,24.02883
"2025-04-08 16:57:45.45",5947,0.05513382,0.06870651,-0.01402664,24.03021
"2025-04-08 16:57:45.5",5948,0.05368805,0.06844902,-0.01158142,24.04164
"2025-04-08 16:57:45.55",5949,0.05405617,0.05726242,-0.006019592,24.02657
"2025-04-08 16:57:45.6",5950,0.05383873,0.05459785,-0.005426407,24.04295
"2025-04-08 16:57:45.65",5951,0.05407906,0.05685425,-0.005758286,24.04106
"2025-04-08 16:57:45.7",5952,0.05748177,0.06619453,-0.01071548,24.02902
"2025-04-08 16:57:45.75",5953,0.05486298,0.06625938,-0.01363182,24.06477
"2025-04-08 16:57:45.8",5954,0.0602169,0.06977844,-0.0122242,24.04421
"2025-04-08 16:57:45.85",5955,0.05828667,0.0695343,-0.01095772,24.02844
"2025-04-08 16:57:45.9",5956,0.05792427,0.06650543,-0.01125908,24.04182
"2025-04-08 16:57:45.95",5957,0.05499649,0.06639481,-0.01161385,24.0456
"2025-04-08 16:57:46",5958,0.05817223,0.06926537,-0.01108551,24.02999
"2025-04-08 16:57:46.05",5959,0.05926895,0.06875801,-0.01045799,24.04504
"2025-04-08 16:57:46.1",5960,0.05812263,0.0684948,-0.01136017,24.07649
"2025-04-08 16:57:46.15",5961,0.05867577,0.0688343,-0.01144791,24.07659
"2025-04-08 16:57:46.2",5962,0.05755806,0.07008553,-0.01126862,24.07674
"2025-04-08 16:57:46.25",5963,0.05756569,0.07316399,-0.01159286,24.07343
"2025-04-08 16:57:46.3",5964,0.05726242,0.06965065,-0.01107407,24.04461
"2025-04-08 16:57:46.35",5965,0.05657005,0.07032013,-0.01092148,24.0724
"2025-04-08 16:57:46.4",5966,0.05691338,0.06910896,-0.01132584,24.07332
"2025-04-08 16:57:46.45",5967,0.05660439,0.07246208,-0.01080513,24.04346
"2025-04-08 16:57:46.5",5968,0.06104469,0.07578278,-0.008562088,24.08131
"2025-04-08 16:57:46.55",5969,0.05683517,0.07276344,-0.008609772,24.0736
"2025-04-08 16:57:46.6",5970,0.05569267,0.07266235,-0.01025391,24.06373
"2025-04-08 16:57:46.65",5971,0.05587387,0.07294083,-0.01052666,24.04078
"2025-04-08 16:57:46.7",5972,0.06016731,0.07707977,-0.006599426,24.07786
"2025-04-08 16:57:46.75",5973,0.06030273,0.07603455,-0.007080078,24.03539
"2025-04-08 16:57:46.8",5974,0.0592308,0.07515335,-0.009187698,24.07066
"2025-04-08 16:57:46.85",5975,0.05896187,0.07460022,-0.009988785,24.07193
"2025-04-08 16:57:46.9",5976,0.05938148,0.07234764,-0.009832382,24.02824
"2025-04-08 16:57:46.95",5977,0.0567627,0.07304764,-0.01067162,24.02802
"2025-04-08 16:57:47",5978,0.05885506,0.0752964,-0.01049805,24.07365
"2025-04-08 16:57:47.05",5979,0.05565071,0.0757885,-0.01018715,24.06331
"2025-04-08 16:57:47.1",5980,0.0591507,0.07502556,-0.01042175,24.07146
"2025-04-08 16:57:47.15",5981,0.05692291,0.061409,-0.005567551,24.07264
"2025-04-08 16:57:47.2",5982,0.05635262,0.07463264,-0.01096725,24.06614
"2025-04-08 16:57:47.25",5983,0.06025314,0.07305336,-0.01216698,24.04426
"2025-04-08 16:57:47.3",5984,0.05936241,0.07428169,-0.01206207,24.04435
"2025-04-08 16:57:47.35",5985,0.05669975,0.07396698,-0.01162529,24.0448
"2025-04-08 16:57:47.4",5986,0.05677795,0.07511711,-0.01190758,24.03764
"2025-04-08 16:57:47.45",5987,0.05639267,0.07460976,-0.01493454,24.06644
"2025-04-08 16:57:47.5",5988,0.05669403,0.07921982,-0.0109787,24.03439
"2025-04-08 16:57:47.55",5989,0.06012917,0.07415962,-0.01396179,24.02882
"2025-04-08 16:57:47.6",5990,0.05697441,0.07397461,-0.01437378,24.06798
"2025-04-08 16:57:47.65",5991,0.05679321,0.07367706,-0.01462173,24.04358
"2025-04-08 16:57:47.7",5992,0.05660629,0.06018066,-0.006540298,24.00715
"2025-04-08 16:57:47.75",5993,0.05688286,0.0741024,-0.01420593,24.02872
"2025-04-08 16:57:47.8",5994,0.05576134,0.06035614,-0.008586884,24.02846
"2025-04-08 16:57:47.85",5995,0.05598068,0.07250404,-0.01329803,24.04259
"2025-04-08 16:57:47.9",5996,0.0581913,0.07289505,-0.0134182,24.04491
"2025-04-08 16:57:47.95",5997,0.05762482,0.07003021,-0.01358032,24.06722
"2025-04-08 16:57:48",5998,0.05744743,0.06852722,-0.01421738,24.02745
"2025-04-08 16:57:48.05",5999,0.05794525,0.05772591,-0.009050369,24.00499
"2025-04-08 16:57:48.1",6000,0.05812836,0.06859398,-0.01408386,24.04511
"2025-04-08 16:57:48.15",6001,0.05873871,0.0585022,-0.008789063,24.04477
"2025-04-08 16:57:48.2",6002,0.0580883,0.05544281,-0.008916855,24.04687
"2025-04-08 16:57:48.25",6003,0.05561638,0.05517578,-0.008476257,24.03362
"2025-04-08 16:57:48.3",6004,0.05632591,0.05569267,-0.008640289,24.03743
"2025-04-08 16:57:48.35",6005,0.05857468,0.06011581,-0.005756378,24.04687
"2025-04-08 16:57:48.4",6006,0.05602837,0.05673409,-0.008817673,24.0513
"2025-04-08 16:57:48.45",6007,0.05533218,0.06959343,-0.01411819,24.04394
"2025-04-08 16:57:48.5",6008,0.05482292,0.07009125,-0.01441383,24.0572
"2025-04-08 16:57:48.55",6009,0.05458832,0.06692696,-0.01376152,24.04138
"2025-04-08 16:57:48.6",6010,0.05415154,0.069561,-0.01631355,24.06709
"2025-04-08 16:57:48.65",6011,0.05433655,0.07028389,-0.014328,24.07034
"2025-04-08 16:57:48.7",6012,0.05405807,0.07015228,-0.01448631,24.0723
"2025-04-08 16:57:48.75",6013,0.05346107,0.07508087,-0.01065445,24.08043
"2025-04-08 16:57:48.8",6014,0.05571556,0.06095123,-0.003395081,24.07811
"2025-04-08 16:57:48.85",6015,0.05007172,0.05671692,-0.004652023,24.04834
"2025-04-08 16:57:48.9",6016,0.04968452,0.06956673,-0.01120377,24.04813
"2025-04-08 16:57:48.95",6017,0.05119133,0.05616951,-0.005718231,24.0729
"2025-04-08 16:57:49",6018,0.05110359,0.05631828,-0.006471634,24.04996
"2025-04-08 16:57:49.05",6019,0.05116653,0.05671692,-0.00459671,24.05073
"2025-04-08 16:57:49.1",6020,0.05093193,0.07026482,-0.01272011,24.07609
"2025-04-08 16:57:49.15",6021,0.05094147,0.07105827,-0.01309967,24.08125
"2025-04-08 16:57:49.2",6022,0.05141068,0.07044792,-0.01200485,24.0824
"2025-04-08 16:57:49.25",6023,0.05108643,0.06972313,-0.01216316,24.10381
"2025-04-08 16:57:49.3",6024,0.05149269,0.05525208,-0.007768631,24.06898
"2025-04-08 16:57:49.35",6025,0.05168343,0.06975174,-0.0132618,24.09301
"2025-04-08 16:57:49.4",6026,0.04903793,0.05656052,-0.006029129,24.09336
"2025-04-08 16:57:49.45",6027,0.0489521,0.05632401,-0.008140564,24.06937
"2025-04-08 16:57:49.5",6028,0.04820061,0.05729675,-0.005895615,24.10427
"2025-04-08 16:57:49.55",6029,0.04819489,0.05712318,-0.009399414,24.09016
"2025-04-08 16:57:49.6",6030,0.0488739,0.05926132,-0.005744934,24.0886
"2025-04-08 16:57:49.65",6031,0.04880333,0.05744743,-0.006555557,24.09011
"2025-04-08 16:57:49.7",6032,0.04804993,0.0574379,-0.006528854,24.10731
"2025-04-08 16:57:49.75",6033,0.05140305,0.07337189,-0.01471519,24.09404
"2025-04-08 16:57:49.8",6034,0.05075645,0.07476234,-0.01394844,24.07195
"2025-04-08 16:57:49.85",6035,0.04845619,0.06093407,-0.006444931,24.09277
"2025-04-08 16:57:49.9",6036,0.05029488,0.07155991,-0.01109505,24.10651
"2025-04-08 16:57:49.95",6037,0.048172,0.07371521,-0.01084328,24.06942
"2025-04-08 16:57:50",6038,0.04761314,0.0571804,-0.005338669,24.07133
"2025-04-08 16:57:50.05",6039,0.04556274,0.05637932,-0.005788803,24.09396
"2025-04-08 16:57:50.1",6040,0.04832077,0.05715179,-0.009466171,24.09525
"2025-04-08 16:57:50.15",6041,0.04855156,0.07055664,-0.01853561,24.09373
"2025-04-08 16:57:50.2",6042,0.05344963,0.06017303,-0.01035881,24.07735
"2025-04-08 16:57:50.25",6043,0.04726601,0.05619621,-0.01169777,24.06987
"2025-04-08 16:57:50.3",6044,0.04601669,0.0557785,-0.003639221,24.11311
"2025-04-08 16:57:50.35",6045,0.04930878,0.06876183,-0.007890701,24.09281
"2025-04-08 16:57:50.4",6046,0.04681396,0.05586243,0.001815796,24.10594
"2025-04-08 16:57:50.45",6047,0.0476284,0.05499649,-0.003339767,24.09383
"2025-04-08 16:57:50.5",6048,0.04787636,0.05625725,-0.003435135,24.07016
"2025-04-08 16:57:50.55",6049,0.04741669,0.0562458,-0.002845764,24.10709
"2025-04-08 16:57:50.6",6050,0.04963875,0.0698204,-0.002607346,24.09133
"2025-04-08 16:57:50.65",6051,0.046875,0.05635834,0.005908966,24.06447
"2025-04-08 16:57:50.7",6052,0.04688263,0.05361176,0.007478714,24.08909
"2025-04-08 16:57:50.75",6053,0.04674149,0.05252075,0.008306503,24.07016
"2025-04-08 16:57:50.8",6054,0.04900742,0.05395317,0.01027679,24.06887
"2025-04-08 16:57:50.85",6055,0.04910851,0.06794167,0.002124786,24.08992
"2025-04-08 16:57:50.9",6056,0.04702187,0.05457306,0.0124073,24.08305
"2025-04-08 16:57:50.95",6057,0.04779625,0.07032585,0.002319336,24.10007
"2025-04-08 16:57:51",6058,0.04828453,0.0547123,0.009580612,24.086
"2025-04-08 16:57:51.05",6059,0.05386734,0.06943321,0.005271912,24.08787
"2025-04-08 16:57:51.1",6060,0.04799652,0.05465698,0.008172989,24.09107
"2025-04-08 16:57:51.15",6061,0.04766846,0.05459976,0.004709244,24.09156
"2025-04-08 16:57:51.2",6062,0.04773712,0.06787491,0.005439758,24.06749
"2025-04-08 16:57:51.25",6063,0.04721451,0.06803131,0.008514404,24.06568
"2025-04-08 16:57:51.3",6064,0.05181122,0.07209206,0.01143456,24.10376
"2025-04-08 16:57:51.35",6065,0.04780769,0.0674057,0.007444382,24.06083
"2025-04-08 16:57:51.4",6066,0.05091286,0.05275536,0.01407051,24.06792
"2025-04-08 16:57:51.45",6067,0.05506325,0.07069016,0.01137733,24.0743
"2025-04-08 16:57:51.5",6068,0.04900169,0.05381584,0.01435471,24.07072
"2025-04-08 16:57:51.55",6069,0.05458832,0.05721474,0.01892471,24.08283
"2025-04-08 16:57:51.6",6070,0.0473156,0.05380249,0.01562881,24.11189
"2025-04-08 16:57:51.65",6071,0.05032539,0.05324173,0.01722717,24.08508
"2025-04-08 16:57:51.7",6072,0.0514431,0.06905937,0.009847641,24.09835
"2025-04-08 16:57:51.75",6073,0.051054,0.05405617,0.01543236,24.09756
"2025-04-08 16:57:51.8",6074,0.05145645,0.06766701,0.01250458,24.08808
"2025-04-08 16:57:51.85",6075,0.04809952,0.05865288,0.01456261,24.08874
"2025-04-08 16:57:51.9",6076,0.04828262,0.05841446,0.01148033,24.08929
"2025-04-08 16:57:51.95",6077,0.05053329,0.07200241,0.01154137,24.09734
"2025-04-08 16:57:52",6078,0.04796028,0.05837631,0.01800728,24.09799
"2025-04-08 16:57:52.05",6079,0.05130577,0.05790138,0.01963234,24.09293
"2025-04-08 16:57:52.1",6080,0.05222702,0.05787086,0.01911354,24.06989
"2025-04-08 16:57:52.15",6081,0.0512867,0.07090187,0.007602692,24.09222
"2025-04-08 16:57:52.2",6082,0.04800415,0.05800629,0.01527596,24.09634
"2025-04-08 16:57:52.25",6083,0.05153847,0.07245636,0.01288986,24.1343
"2025-04-08 16:57:52.3",6084,0.04798698,0.05762482,0.01891327,24.086
"2025-04-08 16:57:52.35",6085,0.04799843,0.05692863,0.01770592,24.11884
"2025-04-08 16:57:52.4",6086,0.04829979,0.05909157,0.01853752,24.09696
"2025-04-08 16:57:52.45",6087,0.04808617,0.06221581,0.01965523,24.09551
"2025-04-08 16:57:52.5",6088,0.0484848,0.05961609,0.01959229,24.09518
"2025-04-08 16:57:52.55",6089,0.04875183,0.0600605,0.01703644,24.11831
"2025-04-08 16:57:52.6",6090,0.05101776,0.0680027,0.01418114,24.09335
"2025-04-08 16:57:52.65",6091,0.04983521,0.06690216,0.01439285,24.08859
"2025-04-08 16:57:52.7",6092,0.05142212,0.07624245,0.0225029,24.0929
"2025-04-08 16:57:52.75",6093,0.04786491,0.07548714,0.01872826,24.08789
"2025-04-08 16:57:52.8",6094,0.05245972,0.0791626,0.01734352,24.08421
"2025-04-08 16:57:52.85",6095,0.04701042,0.07785416,0.01390266,24.0932
"2025-04-08 16:57:52.9",6096,0.04680252,0.07824707,0.01645088,24.0838
"2025-04-08 16:57:52.95",6097,0.04646873,0.07730103,0.01805305,24.07954
"2025-04-08 16:57:53",6098,0.04795265,0.07653236,0.01861191,24.08887
"2025-04-08 16:57:53.05",6099,0.04657364,0.07665062,0.01622009,24.07799
"2025-04-08 16:57:53.1",6100,0.04743958,0.07667732,0.01287651,24.07737
"2025-04-08 16:57:53.15",6101,0.0467205,0.0779438,0.01531029,24.05161
"2025-04-08 16:57:53.2",6102,0.04891014,0.08181381,0.02169418,24.08112
"2025-04-08 16:57:53.25",6103,0.04499817,0.07993889,0.01843834,24.07292
"2025-04-08 16:57:53.3",6104,0.04566956,0.08111763,0.02022934,24.07447
"2025-04-08 16:57:53.35",6105,0.04324341,0.08102036,0.01769447,24.07835
"2025-04-08 16:57:53.4",6106,0.04558945,0.08639526,0.01450539,24.09296
"2025-04-08 16:57:53.45",6107,0.04987907,0.09008598,0.01468277,24.08429
"2025-04-08 16:57:53.5",6108,0.04257011,0.08551216,0.01294327,24.08359
"2025-04-08 16:57:53.55",6109,0.04257965,0.08522606,0.01845932,24.07537
"2025-04-08 16:57:53.6",6110,0.04129982,0.08627701,0.01761055,24.07436
"2025-04-08 16:57:53.65",6111,0.04224586,0.0838089,0.02045441,24.05587
"2025-04-08 16:57:53.7",6112,0.04604912,0.08608818,0.01960373,24.07615
"2025-04-08 16:57:53.75",6113,0.04622078,0.0907402,0.02550316,24.05486
"2025-04-08 16:57:53.8",6114,0.04352379,0.08479881,0.02195549,24.0743
"2025-04-08 16:57:53.85",6115,0.0428772,0.08499146,0.02583313,24.08147
"2025-04-08 16:57:53.9",6116,0.04313469,0.08535767,0.02307701,24.05022
"2025-04-08 16:57:53.95",6117,0.04323006,0.0849762,0.02282906,24.08096
"2025-04-08 16:57:54",6118,0.044384,0.08799744,0.02654839,24.11164
"2025-04-08 16:57:54.05",6119,0.04650688,0.1012917,0.02260399,24.08524
"2025-04-08 16:57:54.1",6120,0.04418182,0.08587074,0.02980423,24.07811
"2025-04-08 16:57:54.15",6121,0.04611588,0.08596611,0.02762985,24.07745
"2025-04-08 16:57:54.2",6122,0.04381943,0.0854454,0.02496719,24.07394
"2025-04-08 16:57:54.25",6123,0.04293251,0.08576965,0.02658081,24.07406
"2025-04-08 16:57:54.3",6124,0.04661751,0.08753586,0.02783203,24.08643
"2025-04-08 16:57:54.35",6125,0.03646469,0.08481598,0.02843285,24.08663
"2025-04-08 16:57:54.4",6126,0.03919029,0.08439636,0.02798653,24.09937
"2025-04-08 16:57:54.45",6127,0.04468155,0.08560181,0.02783012,24.07191
"2025-04-08 16:57:54.5",6128,0.04970169,0.08529472,0.02939987,24.1039
"2025-04-08 16:57:54.55",6129,0.04514885,0.08499336,0.02812004,24.08186
"2025-04-08 16:57:54.6",6130,0.04547501,0.08423424,0.02931595,24.11569
"2025-04-08 16:57:54.65",6131,0.0459137,0.08130264,0.03174782,24.11839
"2025-04-08 16:57:54.7",6132,0.0541687,0.0873661,0.03525543,24.1506
"2025-04-08 16:57:54.75",6133,0.05389023,0.08229446,0.03048515,24.11837
"2025-04-08 16:57:54.8",6134,0.06198692,0.08914757,0.02843285,24.12221
"2025-04-08 16:57:54.85",6135,0.0620594,0.08532333,0.02735519,24.15306
"2025-04-08 16:57:54.9",6136,0.06043053,0.08257294,0.0261879,24.13726
"2025-04-08 16:57:54.95",6137,0.06297874,0.08108521,0.03188515,24.1382
"2025-04-08 16:57:55",6138,0.06394768,0.08002853,0.02923775,24.11819
"2025-04-08 16:57:55.05",6139,0.06428337,0.07989502,0.03063011,24.13934
"2025-04-08 16:57:55.1",6140,0.0639267,0.0796833,0.02755165,24.13755
"2025-04-08 16:57:55.15",6141,0.06137848,0.08049202,0.02402878,24.10825
"2025-04-08 16:57:55.2",6142,0.06001282,0.08030128,0.02413559,24.10628
"2025-04-08 16:57:55.25",6143,0.05853653,0.07924461,0.02708817,24.10326
"2025-04-08 16:57:55.3",6144,0.06128311,0.08021736,0.02521133,24.13542
"2025-04-08 16:57:55.35",6145,0.05904579,0.07929039,0.02634048,24.10664
"2025-04-08 16:57:55.4",6146,0.06511497,0.08384323,0.02911568,24.15845
"2025-04-08 16:57:55.45",6147,0.07113266,0.08383179,0.0298214,24.12327
"2025-04-08 16:57:55.5",6148,0.07024956,0.08350563,0.02612686,24.11945
"2025-04-08 16:57:55.55",6149,0.06747246,0.08066368,0.01763344,24.13416
"2025-04-08 16:57:55.6",6150,0.0711689,0.08126831,0.0206337,24.13349
"2025-04-08 16:57:55.65",6151,0.07144547,0.08303261,0.01935959,24.10893
"2025-04-08 16:57:55.7",6152,0.07284737,0.07952499,0.02132034,24.13451
"2025-04-08 16:57:55.75",6153,0.07128716,0.08145905,0.02029228,24.07896
"2025-04-08 16:57:55.8",6154,0.07172966,0.08008385,0.01683426,24.10577
"2025-04-08 16:57:55.85",6155,0.06978989,0.08756638,0.01546669,24.09642
"2025-04-08 16:57:55.9",6156,0.06807709,0.08815384,0.01459503,24.09468
"2025-04-08 16:57:55.95",6157,0.06719208,0.09318161,0.01859856,24.09578
"2025-04-08 16:57:56",6158,0.0749073,0.09424019,0.02085686,24.09534
"2025-04-08 16:57:56.05",6159,0.07248688,0.09399033,0.02482224,24.1208
"2025-04-08 16:57:56.1",6160,0.07139778,0.09602928,0.02500153,24.12276
"2025-04-08 16:57:56.15",6161,0.07262611,0.09581184,0.0204258,24.09771
"2025-04-08 16:57:56.2",6162,0.07391167,0.09612465,0.01865578,24.09181
"2025-04-08 16:57:56.25",6163,0.06838989,0.09517288,0.0219841,24.08907
"2025-04-08 16:57:56.3",6164,0.06664658,0.09389687,0.02313423,24.11717
"2025-04-08 16:57:56.35",6165,0.07071304,0.09543037,0.02292252,24.08878
"2025-04-08 16:57:56.4",6166,0.07130432,0.09466171,0.02230644,24.09932
"2025-04-08 16:57:56.45",6167,0.0709095,0.09519005,0.02324677,24.15582
"2025-04-08 16:57:56.5",6168,0.0695076,0.0963192,0.02368164,24.09838
"2025-04-08 16:57:56.55",6169,0.07001305,0.09817314,0.02843285,24.10389
"2025-04-08 16:57:56.6",6170,0.06949043,0.09742355,0.03157425,24.12597
"2025-04-08 16:57:56.65",6171,0.06933784,0.0934639,0.03070641,24.09971
"2025-04-08 16:57:56.7",6172,0.06650162,0.09082794,0.03100777,24.11821
"2025-04-08 16:57:56.75",6173,0.0663166,0.08992958,0.03343773,24.08881
"2025-04-08 16:57:56.8",6174,0.06414413,0.09129333,0.03539467,24.09651
"2025-04-08 16:57:56.85",6175,0.06306076,0.09378433,0.03748131,24.11867
"2025-04-08 16:57:56.9",6176,0.0606823,0.09153748,0.03362846,24.08714
"2025-04-08 16:57:56.95",6177,0.062603,0.09175491,0.03371811,24.11823
"2025-04-08 16:57:57",6178,0.06822586,0.09493446,0.0347271,24.14104
"2025-04-08 16:57:57.05",6179,0.06517029,0.08907127,0.0304184,24.09679
"2025-04-08 16:57:57.1",6180,0.06544495,0.09173584,0.03087616,24.09102
"2025-04-08 16:57:57.15",6181,0.06551743,0.09261131,0.03055,24.09657
"2025-04-08 16:57:57.2",6182,0.0633831,0.09204292,0.03706932,24.12048
"2025-04-08 16:57:57.25",6183,0.05845451,0.08991814,0.03444862,24.13215
"2025-04-08 16:57:57.3",6184,0.06028938,0.09536552,0.03843117,24.10383
"2025-04-08 16:57:57.35",6185,0.06205559,0.09096336,0.03413773,24.11439
"2025-04-08 16:57:57.4",6186,0.06030083,0.08789825,0.02923393,24.11216
"2025-04-08 16:57:57.45",6187,0.05710602,0.08736038,0.03021622,24.15102
"2025-04-08 16:57:57.5",6188,0.05588341,0.0879879,0.03109741,24.12697
"2025-04-08 16:57:57.55",6189,0.05772591,0.08797455,0.03361702,24.12232
"2025-04-08 16:57:57.6",6190,0.05849648,0.0877018,0.03475571,24.1301
"2025-04-08 16:57:57.65",6191,0.06027794,0.08642769,0.03473473,24.14043
"2025-04-08 16:57:57.7",6192,0.06020546,0.08508301,0.03491402,24.13085
"2025-04-08 16:57:57.75",6193,0.05945969,0.08320999,0.03116035,24.13266
"2025-04-08 16:57:57.8",6194,0.06091499,0.08671951,0.02989197,24.13306
"2025-04-08 16:57:57.85",6195,0.06133652,0.08510971,0.02892494,24.13082
"2025-04-08 16:57:57.9",6196,0.0580883,0.08641243,0.02729034,24.1527
"2025-04-08 16:57:57.95",6197,0.06205368,0.08579063,0.02651215,24.1521
"2025-04-08 16:57:58",6198,0.062006,0.0849762,0.02959251,24.12347
"2025-04-08 16:57:58.05",6199,0.06355858,0.08716583,0.03453255,24.12334
"2025-04-08 16:57:58.1",6200,0.06081009,0.08687592,0.02807236,24.13068
"2025-04-08 16:57:58.15",6201,0.06510925,0.08895683,0.02491188,24.12963
"2025-04-08 16:57:58.2",6202,0.06597137,0.08926582,0.02603722,24.11739
"2025-04-08 16:57:58.25",6203,0.06892395,0.08896828,0.02676964,24.11918
"2025-04-08 16:57:58.3",6204,0.07993889,0.09122658,0.02877426,24.11882
"2025-04-08 16:57:58.35",6205,0.08017349,0.09044456,0.03048325,24.1354
"2025-04-08 16:57:58.4",6206,0.08384323,0.08674812,0.02339554,24.12866
"2025-04-08 16:57:58.45",6207,0.08327675,0.09240341,0.02537346,24.12766
"2025-04-08 16:57:58.5",6208,0.08089828,0.080616,0.02412796,24.1262
"2025-04-08 16:57:58.55",6209,0.08203888,0.08451271,0.02555847,24.10513
"2025-04-08 16:57:58.6",6210,0.08155251,0.08308792,0.02709961,24.10376
"2025-04-08 16:57:58.65",6211,0.08006859,0.1040535,0.02682114,24.11723
"2025-04-08 16:57:58.7",6212,0.08345604,0.0886898,0.02764702,24.11235
"2025-04-08 16:57:58.75",6213,0.08445549,0.09327698,0.02323341,24.11069
"2025-04-08 16:57:58.8",6214,0.08385849,0.108036,0.01628685,24.10931
"2025-04-08 16:57:58.85",6215,0.08244514,0.099123,0.01831055,24.10992
"2025-04-08 16:57:58.9",6216,0.08191109,0.0992527,0.01948738,24.10023
"2025-04-08 16:57:58.95",6217,0.08371544,0.112442,0.01478004,24.1089
"2025-04-08 16:57:59",6218,0.0842514,0.1026516,0.02199936,24.13258
"2025-04-08 16:57:59.05",6219,0.0850563,0.1129589,0.0191021,24.1344
"2025-04-08 16:57:59.1",6220,0.08346176,0.1017857,0.02176094,24.10374
"2025-04-08 16:57:59.15",6221,0.08403206,0.1030159,0.0238781,24.08195
"2025-04-08 16:57:59.2",6222,0.08082199,0.1032391,0.02399445,24.10333
"2025-04-08 16:57:59.25",6223,0.0825367,0.1026287,0.02317238,24.0785
"2025-04-08 16:57:59.3",6224,0.07752609,0.1043739,0.02496147,24.09945
"2025-04-08 16:57:59.35",6225,0.07522011,0.1067028,0.03184128,24.07611
"2025-04-08 16:57:59.4",6226,0.07516861,0.1069965,0.03235054,24.07722
"2025-04-08 16:57:59.45",6227,0.07735825,0.1069317,0.03523827,24.10664
"2025-04-08 16:57:59.5",6228,0.07712364,0.1102829,0.03812599,24.13537
"2025-04-08 16:57:59.55",6229,0.07304573,0.108881,0.03225517,24.10587
"2025-04-08 16:57:59.6",6230,0.07057953,0.1089516,0.03400993,24.10612
"2025-04-08 16:57:59.65",6231,0.0722084,0.1100292,0.03818703,24.08462
"2025-04-08 16:57:59.7",6232,0.06881332,0.1220932,0.03228378,24.11625
"2025-04-08 16:57:59.75",6233,0.06840134,0.1212006,0.03135681,24.10707
"2025-04-08 16:57:59.8",6234,0.06674194,0.1082878,0.03768349,24.13065
"2025-04-08 16:57:59.85",6235,0.06591988,0.1080418,0.03538322,24.11213
"2025-04-08 16:57:59.9",6236,0.06851768,0.1106682,0.03428268,24.11532
"2025-04-08 16:57:59.95",6237,0.0700016,0.1194592,0.03192902,24.14226
"2025-04-08 16:58:00",6238,0.0709343,0.1142902,0.03378487,24.18001
"2025-04-08 16:58:00.05",6239,0.07097244,0.102684,0.03596115,24.1831
"2025-04-08 16:58:00.1",6240,0.07017326,0.1000042,0.03801537,24.18031
"2025-04-08 16:58:00.15",6241,0.07039833,0.09911346,0.0381546,24.18158
"2025-04-08 16:58:00.2",6242,0.07214928,0.09813881,0.03662109,24.16538
"2025-04-08 16:58:00.25",6243,0.07077599,0.1007442,0.03927422,24.20297
"2025-04-08 16:58:00.3",6244,0.06999397,0.1008587,0.04065704,24.18294
"2025-04-08 16:58:00.35",6245,0.07355118,0.09860611,0.03787804,24.16597
"2025-04-08 16:58:00.4",6246,0.07722282,0.1133671,0.02881241,24.16691
"2025-04-08 16:58:00.45",6247,0.07534599,0.1016998,0.03363228,24.16229
"2025-04-08 16:58:00.5",6248,0.07091141,0.1102448,0.0320015,24.16076
"2025-04-08 16:58:00.55",6249,0.07534599,0.1116638,0.03016853,24.17342
"2025-04-08 16:58:00.6",6250,0.07649612,0.1113968,0.02993965,24.17648
"2025-04-08 16:58:00.65",6251,0.08095932,0.09958839,0.03326797,24.17676
"2025-04-08 16:58:00.7",6252,0.08071136,0.0975914,0.02976608,24.19618
"2025-04-08 16:58:00.75",6253,0.07639122,0.1112499,0.02270126,24.17427
"2025-04-08 16:58:00.8",6254,0.07774544,0.1000652,0.02705765,24.17203
"2025-04-08 16:58:00.85",6255,0.07866478,0.1110897,0.02079773,24.1704
"2025-04-08 16:58:00.9",6256,0.0834446,0.1113968,0.02567291,24.19618
"2025-04-08 16:58:00.95",6257,0.08383942,0.0999012,0.02931595,24.19402
"2025-04-08 16:58:01",6258,0.0865097,0.09762001,0.02778053,24.15703
"2025-04-08 16:58:01.05",6259,0.08498383,0.1115532,0.02152824,24.17058
"2025-04-08 16:58:01.1",6260,0.08638191,0.1004238,0.02887535,24.16949
"2025-04-08 16:58:01.15",6261,0.0923233,0.114603,0.02469444,24.19342
"2025-04-08 16:58:01.2",6262,0.08522034,0.1117916,0.02404404,24.16568
"2025-04-08 16:58:01.25",6263,0.08378601,0.1159439,0.02349663,24.16294
"2025-04-08 16:58:01.3",6264,0.08825684,0.1245785,0.02470016,24.14352
"2025-04-08 16:58:01.35",6265,0.08700752,0.1254311,0.0229969,24.17687
"2025-04-08 16:58:01.4",6266,0.08382225,0.1283703,0.02544403,24.17503
"2025-04-08 16:58:01.45",6267,0.08338928,0.131134,0.02532005,24.17442
"2025-04-08 16:58:01.5",6268,0.08257103,0.1268826,0.02333832,24.18462
"2025-04-08 16:58:01.55",6269,0.07996941,0.1284714,0.01997185,24.15808
"2025-04-08 16:58:01.6",6270,0.08546638,0.1312847,0.0252037,24.14356
"2025-04-08 16:58:01.65",6271,0.08214188,0.1279602,0.02013969,24.17886
"2025-04-08 16:58:01.7",6272,0.08099365,0.1309814,0.02551079,24.17773
"2025-04-08 16:58:01.75",6273,0.08101463,0.1288338,0.02244377,24.1763
"2025-04-08 16:58:01.8",6274,0.08281898,0.1312294,0.01855087,24.15524
"2025-04-08 16:58:01.85",6275,0.08094788,0.1276379,0.02207184,24.15553
"2025-04-08 16:58:01.9",6276,0.07908058,0.1277199,0.02820396,24.14016
"2025-04-08 16:58:01.95",6277,0.08361053,0.1333752,0.03466606,24.16098
"2025-04-08 16:58:02",6278,0.07709503,0.1268768,0.03337669,24.18433
"2025-04-08 16:58:02.05",6279,0.07779121,0.1290169,0.035326,24.17374
"2025-04-08 16:58:02.1",6280,0.07818985,0.1254101,0.0356884,24.17339
"2025-04-08 16:58:02.15",6281,0.07030106,0.1274319,0.03653145,24.15331
"2025-04-08 16:58:02.2",6282,0.07317352,0.1293201,0.03663254,24.17743
"2025-04-08 16:58:02.25",6283,0.07009506,0.1259956,0.03594971,24.20541
"2025-04-08 16:58:02.3",6284,0.06804657,0.1271839,0.03639793,24.18332
"2025-04-08 16:58:02.35",6285,0.07181168,0.1270676,0.03430367,24.13517
"2025-04-08 16:58:02.4",6286,0.07339478,0.1264477,0.03145981,24.1507
"2025-04-08 16:58:02.45",6287,0.07290459,0.127039,0.03031349,24.18173
"2025-04-08 16:58:02.5",6288,0.07119751,0.1246166,0.03341293,24.16273
"2025-04-08 16:58:02.55",6289,0.07204437,0.124382,0.03015137,24.17059
"2025-04-08 16:58:02.6",6290,0.07189941,0.1244202,0.03355789,24.20287
"2025-04-08 16:58:02.65",6291,0.07107735,0.1226673,0.03031921,24.16709
"2025-04-08 16:58:02.7",6292,0.07050514,0.1206188,0.03368187,24.17169
"2025-04-08 16:58:02.75",6293,0.06813431,0.118309,0.02938652,24.18773
"2025-04-08 16:58:02.8",6294,0.07226944,0.1177349,0.03149223,24.21941
"2025-04-08 16:58:02.85",6295,0.07378769,0.1192551,0.03309441,24.21195
"2025-04-08 16:58:02.9",6296,0.07222748,0.1177845,0.03314018,24.17576
"2025-04-08 16:58:02.95",6297,0.07156944,0.1175613,0.03257179,24.18895
"2025-04-08 16:58:03",6298,0.07335663,0.107893,0.03557396,24.1734
"2025-04-08 16:58:03.05",6299,0.07263756,0.1183453,0.02787781,24.17097
"2025-04-08 16:58:03.1",6300,0.07140732,0.1173878,0.02555466,24.17174
"2025-04-08 16:58:03.15",6301,0.07061005,0.1171532,0.0254097,24.17069
"2025-04-08 16:58:03.2",6302,0.07158279,0.1177921,0.0270977,24.17118
"2025-04-08 16:58:03.25",6303,0.07557297,0.1226788,0.02931404,24.14867
"2025-04-08 16:58:03.3",6304,0.07601166,0.1046314,0.03037643,24.18064
"2025-04-08 16:58:03.35",6305,0.07985878,0.1179886,0.02557373,24.17344
"2025-04-08 16:58:03.4",6306,0.08653069,0.1135864,0.01909828,24.18007
"2025-04-08 16:58:03.45",6307,0.09088898,0.1170273,0.02147484,24.20213
"2025-04-08 16:58:03.5",6308,0.08992195,0.1166687,0.01859283,24.14244
"2025-04-08 16:58:03.55",6309,0.08863258,0.1023502,0.02135658,24.14205
"2025-04-08 16:58:03.6",6310,0.08832359,0.1163673,0.01593208,24.1618
"2025-04-08 16:58:03.65",6311,0.09227943,0.11726,0.01982689,24.18491
"2025-04-08 16:58:03.7",6312,0.0897007,0.1159935,0.02050591,24.15732
"2025-04-08 16:58:03.75",6313,0.08797455,0.1379013,0.01991653,24.12507
"2025-04-08 16:58:03.8",6314,0.08686829,0.1309452,0.01799011,24.16122
"2025-04-08 16:58:03.85",6315,0.08912277,0.1292133,0.01536179,24.14777
"2025-04-08 16:58:03.9",6316,0.08926392,0.1300907,0.01755142,24.14944
"2025-04-08 16:58:03.95",6317,0.09018898,0.1304417,0.01841354,24.1497
"2025-04-08 16:58:04",6318,0.08854866,0.132412,0.01994896,24.14673
"2025-04-08 16:58:04.05",6319,0.08828735,0.1295872,0.02236748,24.15693
"2025-04-08 16:58:04.1",6320,0.08371162,0.1299057,0.02449036,24.15858
"2025-04-08 16:58:04.15",6321,0.08585167,0.1281338,0.02898598,24.14262
"2025-04-08 16:58:04.2",6322,0.086483,0.1280174,0.03152657,24.12207
"2025-04-08 16:58:04.25",6323,0.08865356,0.1280689,0.03188896,24.12532
"2025-04-08 16:58:04.3",6324,0.0863018,0.1274548,0.02330589,24.12269
"2025-04-08 16:58:04.35",6325,0.08800507,0.1284466,0.02255821,24.14286
"2025-04-08 16:58:04.4",6326,0.0853157,0.1273251,0.02806473,24.15515
"2025-04-08 16:58:04.45",6327,0.08563423,0.1273232,0.02556038,24.11799
"2025-04-08 16:58:04.5",6328,0.08882141,0.1251564,0.02522087,24.15798
"2025-04-08 16:58:04.55",6329,0.08824158,0.1232815,0.0233345,24.14645
"2025-04-08 16:58:04.6",6330,0.08893967,0.1222687,0.0228157,24.15947
"2025-04-08 16:58:04.65",6331,0.08900642,0.1201038,0.02410889,24.12318
"2025-04-08 16:58:04.7",6332,0.09093475,0.1252766,0.02414703,24.14959
"2025-04-08 16:58:04.75",6333,0.08620834,0.1049309,0.03153038,24.14395
"2025-04-08 16:58:04.8",6334,0.09073639,0.1220455,0.01756287,24.14106
"2025-04-08 16:58:04.85",6335,0.09059334,0.1210079,0.01823425,24.12026
"2025-04-08 16:58:04.9",6336,0.1080799,0.1192837,0.01645279,24.17677
"2025-04-08 16:58:04.95",6337,0.1111107,0.120697,0.012146,24.10593
"2025-04-08 16:58:05",6338,0.1059837,0.1231804,0.009687424,24.09844
"2025-04-08 16:58:05.05",6339,0.1070976,0.106308,0.01642036,24.10257
"2025-04-08 16:58:05.1",6340,0.1065025,0.10886,0.01873207,24.09255
"2025-04-08 16:58:05.15",6341,0.1091194,0.1104813,0.01821327,24.09608
"2025-04-08 16:58:05.2",6342,0.1069241,0.1293087,0.009109497,24.0966
"2025-04-08 16:58:05.25",6343,0.1107216,0.1333103,0.005205154,24.07355
"2025-04-08 16:58:05.3",6344,0.1096306,0.1251316,0.009922028,24.10677
"2025-04-08 16:58:05.35",6345,0.1080894,0.1424942,0.004024506,24.07724
"2025-04-08 16:58:05.4",6346,0.1067829,0.1289005,0.01506042,24.12841
"2025-04-08 16:58:05.45",6347,0.109726,0.1428661,0.001924515,24.10052
"2025-04-08 16:58:05.5",6348,0.1083031,0.1316204,0.00878334,24.10641
"2025-04-08 16:58:05.55",6349,0.1074696,0.1328335,0.009271622,24.07461
"2025-04-08 16:58:05.6",6350,0.1068211,0.1323452,0.008735657,24.09602
"2025-04-08 16:58:05.65",6351,0.1086826,0.1457272,0.001424789,24.09385
"2025-04-08 16:58:05.7",6352,0.1090336,0.1312065,0.009941101,24.12557
"2025-04-08 16:58:05.75",6353,0.1067963,0.1299515,0.009857178,24.1031
"2025-04-08 16:58:05.8",6354,0.1063404,0.1300049,0.009475708,24.12474
"2025-04-08 16:58:05.85",6355,0.09981155,0.1285381,0.01042557,24.12247
"2025-04-08 16:58:05.9",6356,0.1003723,0.129488,0.01003456,24.09858
"2025-04-08 16:58:05.95",6357,0.09902,0.1292114,0.008562088,24.10027
"2025-04-08 16:58:06",6358,0.09432411,0.1292286,0.007219315,24.09075
"2025-04-08 16:58:06.05",6359,0.09848785,0.1411419,-0.001783371,24.09969
"2025-04-08 16:58:06.1",6360,0.1034088,0.140316,0.0001430511,24.10035
"2025-04-08 16:58:06.15",6361,0.1021252,0.1275806,0.01098633,24.09809
"2025-04-08 16:58:06.2",6362,0.1028194,0.127636,0.01189041,24.0687
"2025-04-08 16:58:06.25",6363,0.09928703,0.1264191,0.00753212,24.06763
"2025-04-08 16:58:06.3",6364,0.0975399,0.1207085,0.01459694,24.09366
"2025-04-08 16:58:06.35",6365,0.09971428,0.1181717,0.0090065,24.0918
"2025-04-08 16:58:06.4",6366,0.09915924,0.11619,0.004384995,24.09168
"2025-04-08 16:58:06.45",6367,0.1012077,0.1307049,-0.004486084,24.11514
"2025-04-08 16:58:06.5",6368,0.0981884,0.1316319,-0.005105972,24.11363
"2025-04-08 16:58:06.55",6369,0.09704208,0.1175022,0.005523682,24.08282
"2025-04-08 16:58:06.6",6370,0.09724426,0.1169529,0.001960754,24.08153
"2025-04-08 16:58:06.65",6371,0.09673691,0.1166725,-0.0001735687,24.11445
"2025-04-08 16:58:06.7",6372,0.09971809,0.1301727,-0.005418777,24.08353
"2025-04-08 16:58:06.75",6373,0.110363,0.1262627,-0.001653671,24.08121
"2025-04-08 16:58:06.8",6374,0.10886,0.1305027,0.0003223419,24.08074
"2025-04-08 16:58:06.85",6375,0.113987,0.1132679,0.007400513,24.11131
"2025-04-08 16:58:06.9",6376,0.1179142,0.1294537,-0.0005264282,24.08818
"2025-04-08 16:58:06.95",6377,0.111454,0.1124229,0.007867813,24.08025
"2025-04-08 16:58:07",6378,0.1125851,0.1126041,0.005996704,24.08034
"2025-04-08 16:58:07.05",6379,0.1154861,0.1125793,0.003061295,24.08078
"2025-04-08 16:58:07.1",6380,0.1129265,0.1261749,-9.536743E-05,24.08619
"2025-04-08 16:58:07.15",6381,0.1128082,0.125185,-0.005630493,24.08582
"2025-04-08 16:58:07.2",6382,0.1082287,0.1257114,-0.002088547,24.0841
"2025-04-08 16:58:07.25",6383,0.1105423,0.1262455,-0.005731583,24.07588
"2025-04-08 16:58:07.3",6384,0.1073265,0.123621,-0.006317139,24.07616
"2025-04-08 16:58:07.35",6385,0.1064434,0.1239643,-0.00607872,24.08244
"2025-04-08 16:58:07.4",6386,0.09897614,0.109436,0.0006122589,24.07297
"2025-04-08 16:58:07.45",6387,0.09711456,0.1179199,-0.009344101,24.11786
"2025-04-08 16:58:07.5",6388,0.09922791,0.1144505,-0.008993149,24.10037
"2025-04-08 16:58:07.55",6389,0.09615517,0.1138191,-0.005699158,24.10143
"2025-04-08 16:58:07.6",6390,0.09436226,0.1156979,-0.007087708,24.10188
"2025-04-08 16:58:07.65",6391,0.09842873,0.1197586,-0.003915787,24.14352
"2025-04-08 16:58:07.7",6392,0.096735,0.116106,-0.01263237,24.1137
"2025-04-08 16:58:07.75",6393,0.09105682,0.1197701,-0.008607864,24.13664
"2025-04-08 16:58:07.8",6394,0.09087753,0.1185074,-0.00976944,24.11485
"2025-04-08 16:58:07.85",6395,0.09210587,0.1182823,-0.009317398,24.09882
"2025-04-08 16:58:07.9",6396,0.09160805,0.1149597,-0.008171082,24.09925
"2025-04-08 16:58:07.95",6397,0.09697723,0.1176853,-0.005187988,24.12188
"2025-04-08 16:58:08",6398,0.09268188,0.114336,-0.0110321,24.13467
"2025-04-08 16:58:08.05",6399,0.09321213,0.1135807,-0.009027481,24.11275
"2025-04-08 16:58:08.1",6400,0.0937767,0.1168289,-0.004917145,24.10257
"2025-04-08 16:58:08.15",6401,0.09254074,0.1159801,-0.008853912,24.1078
"2025-04-08 16:58:08.2",6402,0.09254837,0.1120281,-0.01007652,24.14786
"2025-04-08 16:58:08.25",6403,0.09613228,0.1128864,-0.006374359,24.10894
"2025-04-08 16:58:08.3",6404,0.09969711,0.1164951,-0.008735657,24.11404
"2025-04-08 16:58:08.35",6405,0.09211159,0.1131821,-0.01304626,24.10347
"2025-04-08 16:58:08.4",6406,0.09267998,0.1134567,-0.009857178,24.11631
"2025-04-08 16:58:08.45",6407,0.0969429,0.1122437,-0.009485245,24.08326
"2025-04-08 16:58:08.5",6408,0.0939045,0.1094322,-0.01077271,24.09793
"2025-04-08 16:58:08.55",6409,0.09696579,0.1059113,-0.01016426,24.07339
"2025-04-08 16:58:08.6",6410,0.08611488,0.105257,-0.01144981,24.09622
"2025-04-08 16:58:08.65",6411,0.08769798,0.1026611,-0.01172829,24.07417
"2025-04-08 16:58:08.7",6412,0.09029007,0.106554,-0.00810051,24.07293
"2025-04-08 16:58:08.75",6413,0.08876228,0.105732,-0.01322746,24.09423
"2025-04-08 16:58:08.8",6414,0.08882713,0.1042709,-0.01087952,24.05748
"2025-04-08 16:58:08.85",6415,0.08929062,0.1012917,-0.01347733,24.10183
"2025-04-08 16:58:08.9",6416,0.09132385,0.10392,-0.01111031,24.09322
"2025-04-08 16:58:08.95",6417,0.08730698,0.09950447,-0.01417923,24.09
"2025-04-08 16:58:09",6418,0.09249878,0.1037712,-0.008243561,24.05581
"2025-04-08 16:58:09.05",6419,0.08859825,0.1000576,-0.01054001,24.06348
"2025-04-08 16:58:09.1",6420,0.08984566,0.09937096,-0.006994247,24.06535
"2025-04-08 16:58:09.15",6421,0.08979988,0.09889221,-0.006137848,24.08869
"2025-04-08 16:58:09.2",6422,0.0894146,0.0988369,-0.006710052,24.06723
"2025-04-08 16:58:09.25",6423,0.08718491,0.09928703,-0.009033203,24.06782
"2025-04-08 16:58:09.3",6424,0.08355141,0.09876442,-0.01128769,24.05212
"2025-04-08 16:58:09.35",6425,0.0871582,0.1021748,-0.01163483,24.05411
"2025-04-08 16:58:09.4",6426,0.0878849,0.09781837,-0.0155983,24.04744
"2025-04-08 16:58:09.45",6427,0.0888958,0.09668732,-0.02099991,24.06377
"2025-04-08 16:58:09.5",6428,0.08240509,0.09364128,-0.02660179,24.06496
"2025-04-08 16:58:09.55",6429,0.08094788,0.09420776,-0.02609444,24.06568
"2025-04-08 16:58:09.6",6430,0.0845623,0.09806633,-0.0281086,24.08573
"2025-04-08 16:58:09.65",6431,0.08337784,0.1002941,-0.03097343,24.04828
"2025-04-08 16:58:09.7",6432,0.08180046,0.09974098,-0.02515411,24.049
"2025-04-08 16:58:09.75",6433,0.08026123,0.09742928,-0.02348137,24.08459
"2025-04-08 16:58:09.8",6434,0.08033371,0.09749985,-0.02766418,24.08661
"2025-04-08 16:58:09.85",6435,0.08224678,0.09631729,-0.02644157,24.08518
"2025-04-08 16:58:09.9",6436,0.08056068,0.09633446,-0.02792549,24.09445
"2025-04-08 16:58:09.95",6437,0.08068657,0.09669304,-0.02116394,24.06621
"2025-04-08 16:58:10",6438,0.07770157,0.09662247,-0.02329636,24.06133
"2025-04-08 16:58:10.05",6439,0.07718277,0.09720039,-0.02471352,24.08374
"2025-04-08 16:58:10.1",6440,0.07606506,0.09685326,-0.02412605,24.06143
"2025-04-08 16:58:10.15",6441,0.07700539,0.09634399,-0.02248001,24.04896
"2025-04-08 16:58:10.2",6442,0.08099174,0.09657288,-0.02175522,24.06229
"2025-04-08 16:58:10.25",6443,0.07849693,0.0959053,-0.02602005,24.06621
"2025-04-08 16:58:10.3",6444,0.07924461,0.09557915,-0.02240372,24.08601
"2025-04-08 16:58:10.35",6445,0.07678223,0.09300423,-0.02470398,24.06398
"2025-04-08 16:58:10.4",6446,0.07508469,0.1004372,-0.02517319,24.08228
"2025-04-08 16:58:10.45",6447,0.07293892,0.09917068,-0.02727699,24.06022
"2025-04-08 16:58:10.5",6448,0.07848549,0.0977459,-0.0256958,24.04808
"2025-04-08 16:58:10.55",6449,0.07781982,0.09698105,-0.0235405,24.06393
"2025-04-08 16:58:10.6",6450,0.0737915,0.08695602,-0.02677917,24.06688
"2025-04-08 16:58:10.65",6451,0.07533836,0.07375336,-0.02550316,24.06704
"2025-04-08 16:58:10.7",6452,0.07094955,0.0746994,-0.02638435,24.09231
"2025-04-08 16:58:10.75",6453,0.0719223,0.07481575,-0.02936172,24.0704
"2025-04-08 16:58:10.8",6454,0.07171631,0.07474327,-0.03004837,24.07115
"2025-04-08 16:58:10.85",6455,0.07814217,0.07614517,-0.02720451,24.07166
"2025-04-08 16:58:10.9",6456,0.07945633,0.07775688,-0.02460098,24.06641
"2025-04-08 16:58:10.95",6457,0.07718277,0.07515717,-0.02487564,24.07169
"2025-04-08 16:58:11",6458,0.07270813,0.07678795,-0.0255394,24.09196
"2025-04-08 16:58:11.05",6459,0.07042122,0.07419968,-0.02459145,24.06905
"2025-04-08 16:58:11.1",6460,0.07202339,0.07289505,-0.02619553,24.05585
"2025-04-08 16:58:11.15",6461,0.07240677,0.07298851,-0.02699661,24.09599
"2025-04-08 16:58:11.2",6462,0.07624435,0.07665825,-0.02341843,24.08366
"2025-04-08 16:58:11.25",6463,0.07212448,0.07356453,-0.02556992,24.09454
"2025-04-08 16:58:11.3",6464,0.0746994,0.07646942,-0.02139091,24.08176
"2025-04-08 16:58:11.35",6465,0.06812286,0.07493782,-0.02638245,24.07625
"2025-04-08 16:58:11.4",6466,0.07361984,0.07649422,-0.02226639,24.08282
"2025-04-08 16:58:11.45",6467,0.07097244,0.07278061,-0.02617073,24.07876
"2025-04-08 16:58:11.5",6468,0.07056999,0.07331085,-0.02466011,24.10031
"2025-04-08 16:58:11.55",6469,0.06834221,0.07262611,-0.02492142,24.0759
"2025-04-08 16:58:11.6",6470,0.07229233,0.07279968,-0.02702141,24.08473
"2025-04-08 16:58:11.65",6471,0.07391548,0.07240868,-0.02121162,24.07672
"2025-04-08 16:58:11.7",6472,0.06321907,0.07209587,-0.0278511,24.09235
"2025-04-08 16:58:11.75",6473,0.04943275,0.07374191,-0.03032303,24.07742
"2025-04-08 16:58:11.8",6474,0.04989052,0.07136726,-0.02874756,24.04539
"2025-04-08 16:58:11.85",6475,0.05382538,0.07226753,-0.02697563,24.03493
"2025-04-08 16:58:11.9",6476,0.05402946,0.07217407,-0.02332306,24.0728
"2025-04-08 16:58:11.95",6477,0.04853821,0.06866646,-0.02589226,24.03828
"2025-04-08 16:58:12",6478,0.04703712,0.07214355,-0.0252018,24.03997
"2025-04-08 16:58:12.05",6479,0.0518055,0.07164383,-0.02590942,24.04398
"2025-04-08 16:58:12.1",6480,0.05012894,0.07268715,-0.02225685,24.06014
"2025-04-08 16:58:12.15",6481,0.05038071,0.07331085,-0.02334595,24.06016
"2025-04-08 16:58:12.2",6482,0.05280495,0.07254791,-0.03003502,24.04563
"2025-04-08 16:58:12.25",6483,0.04735947,0.07302094,-0.02957153,24.04369
"2025-04-08 16:58:12.3",6484,0.05177307,0.07429504,-0.02010536,24.05076
"2025-04-08 16:58:12.35",6485,0.04895592,0.07129097,-0.02874565,24.05889
"2025-04-08 16:58:12.4",6486,0.04656601,0.0707283,-0.02282524,24.05963
"2025-04-08 16:58:12.45",6487,0.04733849,0.06997871,-0.02669716,24.05885
"2025-04-08 16:58:12.5",6488,0.05233002,0.0677166,-0.02858353,24.06123
"2025-04-08 16:58:12.55",6489,0.04722404,0.06857491,-0.02732849,24.05829
"2025-04-08 16:58:12.6",6490,0.0483799,0.06866455,-0.02612877,24.05782
"2025-04-08 16:58:12.65",6491,0.04812431,0.06828499,-0.02755737,24.07995
"2025-04-08 16:58:12.7",6492,0.04789925,0.06789589,-0.01976204,24.04488
"2025-04-08 16:58:12.75",6493,0.04874611,0.06786346,-0.02168083,24.06128
"2025-04-08 16:58:12.8",6494,0.05211067,0.06845856,-0.02570152,24.082
"2025-04-08 16:58:12.85",6495,0.05159378,0.0651207,-0.02404976,24.05855
"2025-04-08 16:58:12.9",6496,0.04776764,0.0677433,-0.0247364,24.0586
"2025-04-08 16:58:12.95",6497,0.04678917,0.06753159,-0.02395058,24.08202
"2025-04-08 16:58:13",6498,0.04772758,0.06453705,-0.02301788,24.0619
"2025-04-08 16:58:13.05",6499,0.0466404,0.06427002,-0.01987076,24.06396
"2025-04-08 16:58:13.1",6500,0.05454826,0.06690598,-0.01994324,24.06766
"2025-04-08 16:58:13.15",6501,0.04910851,0.06723595,-0.02578163,24.04499
"2025-04-08 16:58:13.2",6502,0.04734421,0.06703949,-0.02884674,24.04517
"2025-04-08 16:58:13.25",6503,0.04800606,0.06444359,-0.02649689,24.04295
"2025-04-08 16:58:13.3",6504,0.04330444,0.06609535,-0.03593826,24.07677
"2025-04-08 16:58:13.35",6505,0.05443954,0.06659317,-0.02827835,24.06255
"2025-04-08 16:58:13.4",6506,0.04846954,0.06641579,-0.02938461,24.08076
"2025-04-08 16:58:13.45",6507,0.04986191,0.06753731,-0.03310394,24.0845
"2025-04-08 16:58:13.5",6508,0.0481472,0.06695175,-0.02729607,24.08489
"2025-04-08 16:58:13.55",6509,0.04602623,0.06342697,-0.02674294,24.07717
"2025-04-08 16:58:13.6",6510,0.04960823,0.06352043,-0.02540016,24.05533
"2025-04-08 16:58:13.65",6511,0.04731941,0.06655502,-0.02915955,24.05593
"2025-04-08 16:58:13.7",6512,0.04575157,0.06317711,-0.02931786,24.07835
"2025-04-08 16:58:13.75",6513,0.04686165,0.06349373,-0.02531242,24.04244
"2025-04-08 16:58:13.8",6514,0.05027962,0.06717491,-0.02815628,24.07934
"2025-04-08 16:58:13.85",6515,0.04466629,0.06616974,-0.0297966,24.07816
"2025-04-08 16:58:13.9",6516,0.04825974,0.06540489,-0.03196907,24.05212
"2025-04-08 16:58:13.95",6517,0.0474987,0.064785,-0.02959442,24.07617
"2025-04-08 16:58:14",6518,0.04932976,0.06548691,-0.02850533,24.05608
"2025-04-08 16:58:14.05",6519,0.04427147,0.06619835,-0.02757454,24.05589
"2025-04-08 16:58:14.1",6520,0.04707527,0.06809235,-0.02815437,24.07735
"2025-04-08 16:58:14.15",6521,0.04834366,0.0677433,-0.03393936,24.07679
"2025-04-08 16:58:14.2",6522,0.04992867,0.07432938,-0.02903175,24.08226
"2025-04-08 16:58:14.25",6523,0.04362297,0.06879997,-0.02993584,24.07693
"2025-04-08 16:58:14.3",6524,0.0483799,0.07147026,-0.02732277,24.08294
"2025-04-08 16:58:14.35",6525,0.04589653,0.06972694,-0.03050423,24.10565
"2025-04-08 16:58:14.4",6526,0.04664612,0.07443619,-0.03403664,24.08606
"2025-04-08 16:58:14.45",6527,0.04732132,0.07531929,-0.03056717,24.05356
"2025-04-08 16:58:14.5",6528,0.04499054,0.07244873,-0.02656937,24.0742
"2025-04-08 16:58:14.55",6529,0.04590607,0.07466316,-0.03273964,24.04955
"2025-04-08 16:58:14.6",6530,0.04433823,0.07500458,-0.03056908,24.07434
"2025-04-08 16:58:14.65",6531,0.0431385,0.07335663,-0.02574921,24.08317
"2025-04-08 16:58:14.7",6532,0.05117989,0.07740784,-0.0303936,24.08343
"2025-04-08 16:58:14.75",6533,0.0479908,0.06876564,-0.0331974,24.07606
"2025-04-08 16:58:14.8",6534,0.04566574,0.06295395,-0.02799225,24.07408
"2025-04-08 16:58:14.85",6535,0.0430603,0.06082344,-0.02837372,24.07365
"2025-04-08 16:58:14.9",6536,0.04310417,0.05693054,-0.02771187,24.052
"2025-04-08 16:58:14.95",6537,0.04240608,0.06204796,-0.02825928,24.07613
"2025-04-08 16:58:15",6538,0.04414368,0.06183624,-0.02804375,24.05322
"2025-04-08 16:58:15.05",6539,0.04567719,0.06313515,-0.02882004,24.07368
"2025-04-08 16:58:15.1",6540,0.04598999,0.06402588,-0.02936745,24.07582
"2025-04-08 16:58:15.15",6541,0.04627037,0.06344795,-0.02484703,24.077
"2025-04-08 16:58:15.2",6542,0.04756737,0.06365013,-0.02861977,24.0768
"2025-04-08 16:58:15.25",6543,0.04622459,0.06217194,-0.02985764,24.09251
"2025-04-08 16:58:15.3",6544,0.04549408,0.06337738,-0.03035927,24.08643
"2025-04-08 16:58:15.35",6545,0.04358292,0.06287956,-0.02865028,24.07733
"2025-04-08 16:58:15.4",6546,0.04473877,0.06233978,-0.02961922,24.1061
"2025-04-08 16:58:15.45",6547,0.04304314,0.06262779,-0.02319527,24.08147
"2025-04-08 16:58:15.5",6548,0.04435539,0.06216049,-0.02644539,24.07221
"2025-04-08 16:58:15.55",6549,0.04569626,0.06193161,-0.02900505,24.08104
"2025-04-08 16:58:15.6",6550,0.04979324,0.0619545,-0.02838326,24.07877
"2025-04-08 16:58:15.65",6551,0.04600334,0.06216049,-0.03033257,24.05181
"2025-04-08 16:58:15.7",6552,0.04786301,0.05927658,-0.02592087,24.07903
"2025-04-08 16:58:15.75",6553,0.04955292,0.06342888,-0.02592087,24.10077
"2025-04-08 16:58:15.8",6554,0.0472908,0.06186295,-0.02732086,24.07829
"2025-04-08 16:58:15.85",6555,0.04875946,0.06100845,-0.02711105,24.07205
"2025-04-08 16:58:15.9",6556,0.04603386,0.06155777,-0.02256012,24.07187
"2025-04-08 16:58:15.95",6557,0.05242348,0.05822754,-0.02328491,24.12522
"2025-04-08 16:58:16",6558,0.04878235,0.05909157,-0.02874756,24.10043
"2025-04-08 16:58:16.05",6559,0.04525948,0.06178093,-0.02130318,24.07106
"2025-04-08 16:58:16.1",6560,0.04617691,0.06097412,-0.02273178,24.07848
"2025-04-08 16:58:16.15",6561,0.03553581,0.0604496,-0.0230484,24.1328
"2025-04-08 16:58:16.2",6562,0.0375576,0.0580616,-0.02124977,24.08254
"2025-04-08 16:58:16.25",6563,0.03640175,0.06054497,-0.02280235,24.08285
"2025-04-08 16:58:16.3",6564,0.03325272,0.06140709,-0.0246067,24.07922
"2025-04-08 16:58:16.35",6565,0.0366993,0.06473923,-0.02131844,24.08458
"2025-04-08 16:58:16.4",6566,0.04078674,0.06132698,-0.02688789,24.07854
"2025-04-08 16:58:16.45",6567,0.0403614,0.06095695,-0.02540779,24.07934
"2025-04-08 16:58:16.5",6568,0.04218674,0.05732918,-0.02265358,24.07386
"2025-04-08 16:58:16.55",6569,0.04580498,0.06243896,-0.02399445,24.08798
"2025-04-08 16:58:16.6",6570,0.03748322,0.0585804,-0.02154732,24.04962
"2025-04-08 16:58:16.65",6571,0.03843307,0.06368446,-0.01917267,24.07004
"2025-04-08 16:58:16.7",6572,0.03952789,0.06015968,-0.02415466,24.07275
"2025-04-08 16:58:16.75",6573,0.03896523,0.06201363,-0.02497101,24.06882
"2025-04-08 16:58:16.8",6574,0.04182434,0.06274605,-0.02422714,24.10173
"2025-04-08 16:58:16.85",6575,0.03953934,0.05948257,-0.01907349,24.08051
"2025-04-08 16:58:16.9",6576,0.0418148,0.05879593,-0.02052116,24.07915
"2025-04-08 16:58:16.95",6577,0.03779793,0.0613842,-0.02164268,24.07781
"2025-04-08 16:58:17",6578,0.03868675,0.05849457,-0.02134705,24.06992
"2025-04-08 16:58:17.05",6579,0.03657913,0.05660248,-0.02441978,24.07185
"2025-04-08 16:58:17.1",6580,0.04052925,0.05678558,-0.01939201,24.04771
"2025-04-08 16:58:17.15",6581,0.03877449,0.05666924,-0.02290916,24.07245
"2025-04-08 16:58:17.2",6582,0.03778267,0.06012154,-0.02354622,24.07957
"2025-04-08 16:58:17.25",6583,0.03425789,0.05793762,-0.01982117,24.07063
"2025-04-08 16:58:17.3",6584,0.0384388,0.05842972,-0.02285576,24.07001
"2025-04-08 16:58:17.35",6585,0.04023933,0.05621147,-0.02410507,24.07249
"2025-04-08 16:58:17.4",6586,0.0394516,0.05691338,-0.02388191,24.10288
"2025-04-08 16:58:17.45",6587,0.04217529,0.05980873,-0.0246067,24.07645
"2025-04-08 16:58:17.5",6588,0.04399872,0.06353951,-0.01972198,24.08947
"2025-04-08 16:58:17.55",6589,0.04246712,0.05921745,-0.02159309,24.10731
"2025-04-08 16:58:17.6",6590,0.04224968,0.05695915,-0.02191544,24.08202
"2025-04-08 16:58:17.65",6591,0.04013824,0.06010437,-0.01920128,24.07349
"2025-04-08 16:58:17.7",6592,0.04109192,0.05982018,-0.02199554,24.07985
"2025-04-08 16:58:17.75",6593,0.04337883,0.0592823,-0.02522087,24.07464
"2025-04-08 16:58:17.8",6594,0.03909874,0.06026077,-0.02275848,24.07972
"2025-04-08 16:58:17.85",6595,0.03922081,0.06040573,-0.02340317,24.0463
"2025-04-08 16:58:17.9",6596,0.04208565,0.06114197,-0.02404404,24.06466
"2025-04-08 16:58:17.95",6597,0.04163551,0.060009,-0.02645493,24.04884
"2025-04-08 16:58:18",6598,0.04376221,0.06178093,-0.02331161,24.06638
"2025-04-08 16:58:18.05",6599,0.04106331,0.06246185,-0.02532959,24.07227
"2025-04-08 16:58:18.1",6600,0.04421616,0.06242752,-0.02464294,24.07036
"2025-04-08 16:58:18.15",6601,0.0416851,0.06206894,-0.02167511,24.09583
"2025-04-08 16:58:18.2",6602,0.0461483,0.06329727,-0.02209091,24.04852
"2025-04-08 16:58:18.25",6603,0.04286194,0.06165123,-0.02802467,24.04565
"2025-04-08 16:58:18.3",6604,0.04776192,0.06523705,-0.02463722,24.05536
"2025-04-08 16:58:18.35",6605,0.04639816,0.06140709,-0.02293205,24.05034
"2025-04-08 16:58:18.4",6606,0.04645348,0.06204796,-0.0280304,24.04937
"2025-04-08 16:58:18.45",6607,0.04745865,0.0650177,-0.03001022,24.07047
"2025-04-08 16:58:18.5",6608,0.04366684,0.052845,-0.02115631,24.03127
"2025-04-08 16:58:18.55",6609,0.04337311,0.06490707,-0.02937698,24.0483
"2025-04-08 16:58:18.6",6610,0.04769516,0.06488609,-0.02599335,24.07805
"2025-04-08 16:58:18.65",6611,0.04803085,0.06541061,-0.02522659,24.04915
"2025-04-08 16:58:18.7",6612,0.04755402,0.06447792,-0.02966309,24.03397
"2025-04-08 16:58:18.75",6613,0.04683495,0.0650959,-0.03219795,24.04923
"2025-04-08 16:58:18.8",6614,0.04123688,0.06580162,-0.03214264,24.03326
"2025-04-08 16:58:18.85",6615,0.04903412,0.06615257,-0.02562332,24.01186
"2025-04-08 16:58:18.9",6616,0.04824066,0.07437897,-0.03007698,24.04544
"2025-04-08 16:58:18.95",6617,0.04461861,0.05647278,-0.02390862,24.04825
"2025-04-08 16:58:19",6618,0.04938698,0.06700325,-0.0265522,24.01331
"2025-04-08 16:58:19.05",6619,0.04905319,0.06775665,-0.02530098,24.03271
"2025-04-08 16:58:19.1",6620,0.04764557,0.05648994,-0.02577972,24.00983
"2025-04-08 16:58:19.15",6621,0.04599762,0.06559563,-0.02923965,24.04652
"2025-04-08 16:58:19.2",6622,0.04623032,0.06496239,-0.03057861,24.03217
"2025-04-08 16:58:19.25",6623,0.04784584,0.06826782,-0.031847,24.01229
"2025-04-08 16:58:19.3",6624,0.04484558,0.06738663,-0.02946663,24.07881
"2025-04-08 16:58:19.35",6625,0.04964828,0.07209015,-0.01993179,24.01026
"2025-04-08 16:58:19.4",6626,0.04487801,0.05160904,-0.03467941,24.03269
"2025-04-08 16:58:19.45",6627,0.04563522,0.06492996,-0.02842903,24.04723
"2025-04-08 16:58:19.5",6628,0.04485321,0.06740189,-0.02884293,24.03142
"2025-04-08 16:58:19.55",6629,0.05024529,0.06443214,-0.03252029,24.01059
"2025-04-08 16:58:19.6",6630,0.05022812,0.06439209,-0.02815056,24.07726
"2025-04-08 16:58:19.65",6631,0.05496979,0.0681839,-0.03078461,24.05939
"2025-04-08 16:58:19.7",6632,0.05146599,0.06879997,-0.02797508,24.04239
"2025-04-08 16:58:19.75",6633,0.04984283,0.06617546,-0.03101349,24.03747
"2025-04-08 16:58:19.8",6634,0.04970551,0.0547924,-0.02212906,24.05251
"2025-04-08 16:58:19.85",6635,0.04655647,0.06285667,-0.03015518,24.01749
"2025-04-08 16:58:19.9",6636,0.04919624,0.06469536,-0.02816391,24.03742
"2025-04-08 16:58:19.95",6637,0.04899979,0.0651207,-0.03103638,24.03841
"2025-04-08 16:58:20",6638,0.04401207,0.06602478,-0.03101349,24.0478
"2025-04-08 16:58:20.05",6639,0.04581261,0.06631279,-0.03105164,24.04636
"2025-04-08 16:58:20.1",6640,0.04680252,0.0661869,-0.02975273,24.06966
"2025-04-08 16:58:20.15",6641,0.04985046,0.06471634,-0.03002167,24.0305
"2025-04-08 16:58:20.2",6642,0.05028534,0.06505203,-0.02726555,24.00801
"2025-04-08 16:58:20.25",6643,0.05101776,0.06589699,-0.0303421,24.03921
"2025-04-08 16:58:20.3",6644,0.04825783,0.06312943,-0.03059578,24.03275
"2025-04-08 16:58:20.35",6645,0.04882431,0.06306458,-0.02956581,24.0317
"2025-04-08 16:58:20.4",6646,0.05172729,0.06480217,-0.02966881,24.03049
"2025-04-08 16:58:20.45",6647,0.04646111,0.05324173,-0.02358627,24.05511
"2025-04-08 16:58:20.5",6648,0.0470295,0.06487465,-0.0317688,24.03288
"2025-04-08 16:58:20.55",6649,0.04965019,0.04833031,-0.02417755,24.04826
"2025-04-08 16:58:20.6",6650,0.04705811,0.06507492,-0.02924538,24.04736
"2025-04-08 16:58:20.65",6651,0.05239105,0.05159378,-0.02483749,24.06725
"2025-04-08 16:58:20.7",6652,0.0467186,0.05082321,-0.02397156,24.04472
"2025-04-08 16:58:20.75",6653,0.04938698,0.04831886,-0.02457047,24.03223
"2025-04-08 16:58:20.8",6654,0.05172539,0.0610199,-0.03043938,24.03316
"2025-04-08 16:58:20.85",6655,0.05316925,0.04815865,-0.02603722,24.04778
"2025-04-08 16:58:20.9",6656,0.05015182,0.06228828,-0.0310154,24.03242
"2025-04-08 16:58:20.95",6657,0.04834175,0.04839897,-0.02604866,24.03161
"2025-04-08 16:58:21",6658,0.04942131,0.05041313,-0.02329636,24.04581
"2025-04-08 16:58:21.05",6659,0.04905128,0.0506897,-0.0224514,24.00902
"2025-04-08 16:58:21.1",6660,0.05264091,0.06201935,-0.03072357,24.03285
"2025-04-08 16:58:21.15",6661,0.05332565,0.06335449,-0.03088951,24.04758
"2025-04-08 16:58:21.2",6662,0.053339,0.05066109,-0.02363777,24.03079
"2025-04-08 16:58:21.25",6663,0.05062103,0.05090141,-0.02596664,24.04588
"2025-04-08 16:58:21.3",6664,0.0504818,0.05022812,-0.02295876,24.03047
"2025-04-08 16:58:21.35",6665,0.05031204,0.04914093,-0.02269936,24.00851
"2025-04-08 16:58:21.4",6666,0.05173683,0.04857635,-0.02212906,24.00351
"2025-04-08 16:58:21.45",6667,0.05344009,0.05160522,-0.02012825,24.01498
"2025-04-08 16:58:21.5",6668,0.05205727,0.0596962,-0.03087044,24.04682
"2025-04-08 16:58:21.55",6669,0.04866791,0.048069,-0.02284431,24.03111
"2025-04-08 16:58:21.6",6670,0.0483532,0.0471096,-0.02272606,24.00833
"2025-04-08 16:58:21.65",6671,0.05283928,0.04689407,-0.02232933,24.00808
"2025-04-08 16:58:21.7",6672,0.05131912,0.04714584,-0.02195549,24.00964
"2025-04-08 16:58:21.75",6673,0.05148125,0.06100273,-0.02791405,24.03346
"2025-04-08 16:58:21.8",6674,0.05197906,0.04731941,-0.022892,24.03307
"2025-04-08 16:58:21.85",6675,0.04866219,0.04547691,-0.02338028,24.00871
"2025-04-08 16:58:21.9",6676,0.05819321,0.0626297,-0.02547836,24.04178
"2025-04-08 16:58:21.95",6677,0.05204582,0.04732513,-0.02028465,24.04924
"2025-04-08 16:58:22",6678,0.05256462,0.04705811,-0.02009964,24.05018
"2025-04-08 16:58:22.05",6679,0.05292702,0.04722404,-0.02031898,24.03648
"2025-04-08 16:58:22.1",6680,0.05199432,0.06160545,-0.02863312,24.03716
"2025-04-08 16:58:22.15",6681,0.05111313,0.05928802,-0.02858353,24.01349
"2025-04-08 16:58:22.2",6682,0.04767227,0.05883026,-0.02517128,24.00309
"2025-04-08 16:58:22.25",6683,0.05016327,0.06132698,-0.0274353,24.04719
"2025-04-08 16:58:22.3",6684,0.04702377,0.04775047,-0.02027512,24.04826
"2025-04-08 16:58:22.35",6685,0.04739952,0.04700661,-0.01803589,24.00982
"2025-04-08 16:58:22.4",6686,0.0471859,0.06104088,-0.02597237,24.00983
"2025-04-08 16:58:22.45",6687,0.04737663,0.0483551,-0.02008247,24.01741
"2025-04-08 16:58:22.5",6688,0.04687309,0.05846596,-0.02828979,24.04494
"2025-04-08 16:58:22.55",6689,0.04724312,0.04837418,-0.02015686,24.03019
"2025-04-08 16:58:22.6",6690,0.04724312,0.04821205,-0.01984978,24.04308
"2025-04-08 16:58:22.65",6691,0.04730797,0.05792046,-0.02459526,24.04541
"2025-04-08 16:58:22.7",6692,0.04833221,0.04739189,-0.01999474,24.04512
"2025-04-08 16:58:22.75",6693,0.04608536,0.04759789,-0.01898003,24.04632
"2025-04-08 16:58:22.8",6694,0.04547119,0.05845833,-0.02464104,24.03032
"2025-04-08 16:58:22.85",6695,0.04703522,0.04774284,-0.01565933,24.04418
"2025-04-08 16:58:22.9",6696,0.04773521,0.05845833,-0.02433395,24.00737
"2025-04-08 16:58:22.95",6697,0.04802895,0.06201363,-0.02178383,24.01563
"2025-04-08 16:58:23",6698,0.0478611,0.05781555,-0.02215195,24.03923
"2025-04-08 16:58:23.05",6699,0.04322052,0.04512978,-0.01770592,24.06928
"2025-04-08 16:58:23.1",6700,0.04544258,0.04792213,-0.01817894,24.0089
"2025-04-08 16:58:23.15",6701,0.04236221,0.05893517,-0.02577972,24.03124
"2025-04-08 16:58:23.2",6702,0.04512405,0.05878448,-0.0253849,24.03038
"2025-04-08 16:58:23.25",6703,0.04561806,0.05840111,-0.02544022,24.0318
"2025-04-08 16:58:23.3",6704,0.04309654,0.05791092,-0.02367973,24.04679
"2025-04-08 16:58:23.35",6705,0.04285812,0.04594612,-0.0184269,24.0483
"2025-04-08 16:58:23.4",6706,0.04238892,0.06010246,-0.02609444,24.00852
"2025-04-08 16:58:23.45",6707,0.04445648,0.06143761,-0.02608681,24.0065
"2025-04-08 16:58:23.5",6708,0.04147911,0.04730225,-0.01806068,24.00537
"2025-04-08 16:58:23.55",6709,0.04508591,0.05994797,-0.02524567,24.03094
"2025-04-08 16:58:23.6",6710,0.04268456,0.04941559,-0.01825714,24.03162
"2025-04-08 16:58:23.65",6711,0.04279518,0.0484581,-0.01818085,24.03062
"2025-04-08 16:58:23.7",6712,0.04460716,0.04859352,-0.01806068,24.02996
"2025-04-08 16:58:23.75",6713,0.0420742,0.05920029,-0.02545166,24.00712
"2025-04-08 16:58:23.8",6714,0.04463196,0.04449272,-0.0170517,24.03036
"2025-04-08 16:58:23.85",6715,0.04221535,0.04693985,-0.01679611,24.03081
"2025-04-08 16:58:23.9",6716,0.04594231,0.04426956,-0.01792336,24.04622
"2025-04-08 16:58:23.95",6717,0.04607391,0.05845833,-0.02536583,24.03063
"2025-04-08 16:58:24",6718,0.04483414,0.05797005,-0.02531624,24.04474
"2025-04-08 16:58:24.05",6719,0.0449028,0.05750656,-0.02537727,24.03074
"2025-04-08 16:58:24.1",6720,0.04331398,0.0464325,-0.01791191,24.04678
"2025-04-08 16:58:24.15",6721,0.04743004,0.05967522,-0.02289963,24.04765
"2025-04-08 16:58:24.2",6722,0.04478455,0.04747581,-0.01834297,24.04843
"2025-04-08 16:58:24.25",6723,0.0465889,0.04743576,-0.01813507,24.04838
"2025-04-08 16:58:24.3",6724,0.04351234,0.04443359,-0.01784515,24.07163
"2025-04-08 16:58:24.35",6725,0.04595184,0.06088638,-0.02540588,24.0347
"2025-04-08 16:58:24.4",6726,0.04722023,0.05795479,-0.02574348,24.07146
"2025-04-08 16:58:24.45",6727,0.0459404,0.05755615,-0.02612877,24.03713
"2025-04-08 16:58:24.5",6728,0.045187,0.06139565,-0.02565765,24.03243
"2025-04-08 16:58:24.55",6729,0.04437065,0.0608902,-0.02604485,24.02964
"2025-04-08 16:58:24.6",6730,0.04445076,0.05867004,-0.02535248,24.06744
"2025-04-08 16:58:24.65",6731,0.04756165,0.06086349,-0.023592,24.04079
"2025-04-08 16:58:24.7",6732,0.04436684,0.05825996,-0.02611542,24.00878
"2025-04-08 16:58:24.75",6733,0.04439926,0.05848885,-0.02581596,24.03197
"2025-04-08 16:58:24.8",6734,0.04430008,0.05949402,-0.02609253,24.03014
"2025-04-08 16:58:24.85",6735,0.04135513,0.04800224,-0.01800156,24.04357
"2025-04-08 16:58:24.9",6736,0.04348373,0.05825043,-0.02521515,24.04433
"2025-04-08 16:58:24.95",6737,0.0441246,0.05755234,-0.02314568,24.04524
"2025-04-08 16:58:25",6738,0.04472351,0.05744553,-0.02467918,24.03137
"2025-04-08 16:58:25.05",6739,0.04502869,0.05845833,-0.02447891,24.04557
"2025-04-08 16:58:25.1",6740,0.04507065,0.05781555,-0.02508736,24.02924
"2025-04-08 16:58:25.15",6741,0.04456139,0.06060219,-0.0248661,24.04373
"2025-04-08 16:58:25.2",6742,0.044981,0.06077385,-0.0250988,24.04395
"2025-04-08 16:58:25.25",6743,0.04510689,0.06022644,-0.02465248,24.03006
"2025-04-08 16:58:25.3",6744,0.04508591,0.06002426,-0.02881813,24.04575
"2025-04-08 16:58:25.35",6745,0.04534912,0.0579319,-0.02576447,24.04657
"2025-04-08 16:58:25.4",6746,0.044981,0.06053352,-0.02908897,24.04477
"2025-04-08 16:58:25.45",6747,0.04474068,0.06061745,-0.02838326,24.04416
"2025-04-08 16:58:25.5",6748,0.04401779,0.0606842,-0.0260601,24.04321
"2025-04-08 16:58:25.55",6749,0.04485703,0.06035423,-0.02626801,24.03097
"2025-04-08 16:58:25.6",6750,0.04791069,0.06091499,-0.0264473,24.03165
"2025-04-08 16:58:25.65",6751,0.04494476,0.06236458,-0.02924347,24.03164
"2025-04-08 16:58:25.7",6752,0.047369,0.06304359,-0.02603722,24.00823
"2025-04-08 16:58:25.75",6753,0.04454422,0.06306267,-0.0279541,24.04614
"2025-04-08 16:58:25.8",6754,0.0443821,0.06288147,-0.02817154,24.04453
"2025-04-08 16:58:25.85",6755,0.04473495,0.06212616,-0.02718925,24.0313
"2025-04-08 16:58:25.9",6756,0.0449791,0.04859734,-0.02126884,24.03062
"2025-04-08 16:58:25.95",6757,0.04709244,0.06436539,-0.02698135,24.04777
"2025-04-08 16:58:26",6758,0.04498482,0.06144905,-0.02931595,24.03165
"2025-04-08 16:58:26.05",6759,0.04390717,0.0609417,-0.02888489,24.00701
"2025-04-08 16:58:26.1",6760,0.0433445,0.04715919,-0.02066612,24.0088
"2025-04-08 16:58:26.15",6761,0.04520226,0.06005859,-0.02889633,24.03135
"2025-04-08 16:58:26.2",6762,0.04512978,0.06090164,-0.02875137,24.00996
"2025-04-08 16:58:26.25",6763,0.04445076,0.06028938,-0.02622795,24.00794
"2025-04-08 16:58:26.3",6764,0.0448513,0.05988503,-0.02556229,24.0307
"2025-04-08 16:58:26.35",6765,0.04601479,0.04625893,-0.01756477,24.00702
"2025-04-08 16:58:26.4",6766,0.04584122,0.05731583,-0.02562523,24.03037
"2025-04-08 16:58:26.45",6767,0.04698372,0.05660057,-0.02530479,24.00954
"2025-04-08 16:58:26.5",6768,0.04921913,0.04648399,-0.0172863,24.03427
"2025-04-08 16:58:26.55",6769,0.04704094,0.04683876,-0.01851082,24.01225
"2025-04-08 16:58:26.6",6770,0.04310417,0.04673386,-0.0180397,24.03616
"2025-04-08 16:58:26.65",6771,0.04550552,0.06051636,-0.02276421,24.0107
"2025-04-08 16:58:26.7",6772,0.04508209,0.04744148,-0.01769447,24.03326
"2025-04-08 16:58:26.75",6773,0.04509735,0.04663467,-0.01742744,24.03326
"2025-04-08 16:58:26.8",6774,0.04573822,0.05724335,-0.02376556,24.01361
"2025-04-08 16:58:26.85",6775,0.04437065,0.05754471,-0.02369308,24.03186
"2025-04-08 16:58:26.9",6776,0.04096031,0.04417038,-0.01508522,24.00795
"2025-04-08 16:58:26.95",6777,0.04372215,0.06027794,-0.02074814,24.02849
"2025-04-08 16:58:27",6778,0.04165649,0.04672813,-0.01469994,24.04535
"2025-04-08 16:58:27.05",6779,0.04164124,0.04408646,-0.01507568,24.03002
"2025-04-08 16:58:27.1",6780,0.04141045,0.04390717,-0.01594734,24.02922
"2025-04-08 16:58:27.15",6781,0.04044914,0.04470062,-0.01554489,24.04466
"2025-04-08 16:58:27.2",6782,0.04101563,0.04504013,-0.01451683,24.04359
"2025-04-08 16:58:27.25",6783,0.04122162,0.04747009,-0.01327705,24.02845
"2025-04-08 16:58:27.3",6784,0.0444603,0.04401398,-0.0140152,24.03005
"2025-04-08 16:58:27.35",6785,0.04429436,0.04423714,-0.01380157,24.02932
"2025-04-08 16:58:27.4",6786,0.04187393,0.04512024,-0.01432228,24.02988
"2025-04-08 16:58:27.45",6787,0.04134369,0.05894089,-0.02013397,24.02952
"2025-04-08 16:58:27.5",6788,0.04147339,0.04772758,-0.01432037,24.00545
"2025-04-08 16:58:27.55",6789,0.0443821,0.05764771,-0.02213287,24.02823
"2025-04-08 16:58:27.6",6790,0.04471588,0.0569191,-0.02040291,24.00789
"2025-04-08 16:58:27.65",6791,0.04170036,0.0439682,-0.01507568,24.03041
"2025-04-08 16:58:27.7",6792,0.04439735,0.04372787,-0.01580048,24.02984
"2025-04-08 16:58:27.75",6793,0.04435349,0.04686737,-0.01604652,24.02985
"2025-04-08 16:58:27.8",6794,0.04400826,0.04700089,-0.01589966,24.02789
"2025-04-08 16:58:27.85",6795,0.04140091,0.04508209,-0.01579094,24.04254
"2025-04-08 16:58:27.9",6796,0.0446949,0.05766487,-0.02044678,24.03073
"2025-04-08 16:58:27.95",6797,0.04187965,0.04969406,-0.01502037,23.99936
"2025-04-08 16:58:28",6798,0.04302025,0.04826927,-0.01615143,24.00789
"2025-04-08 16:58:28.05",6799,0.04525757,0.05242348,-0.01376152,24.03835
"2025-04-08 16:58:28.1",6800,0.04123116,0.0490284,-0.016119,24.00774
"2025-04-08 16:58:28.15",6801,0.04082489,0.04888344,-0.01584053,24.04365
"2025-04-08 16:58:28.2",6802,0.043993,0.06163979,-0.023983,24.00776
"2025-04-08 16:58:28.25",6803,0.04198265,0.04784012,-0.01606178,24.00174
"2025-04-08 16:58:28.3",6804,0.04427719,0.04771805,-0.01613617,24.03075
"2025-04-08 16:58:28.35",6805,0.04146194,0.06175041,-0.02135086,24.03038
"2025-04-08 16:58:28.4",6806,0.0413456,0.04734802,-0.01545334,24.00668
"2025-04-08 16:58:28.45",6807,0.04393005,0.06025505,-0.02098465,24.00693
"2025-04-08 16:58:28.5",6808,0.04175758,0.04680252,-0.0153923,24.03022
"2025-04-08 16:58:28.55",6809,0.04211617,0.04973221,-0.01553345,24.00774
"2025-04-08 16:58:28.6",6810,0.04252243,0.04637527,-0.01583862,24.00774
"2025-04-08 16:58:28.65",6811,0.04289246,0.0470295,-0.0160675,24.0095
"2025-04-08 16:58:28.7",6812,0.03983688,0.04985428,-0.01572227,23.99991
"2025-04-08 16:58:28.75",6813,0.04016685,0.04853821,-0.01447868,24.03278
"2025-04-08 16:58:28.8",6814,0.0412941,0.04639244,-0.01527977,24.04817
"2025-04-08 16:58:28.85",6815,0.04138947,0.04929161,-0.01516342,24.01279
"2025-04-08 16:58:28.9",6816,0.04032135,0.04995155,-0.01577759,24.00706
"2025-04-08 16:58:28.95",6817,0.03962898,0.04939842,-0.01528549,24.00947
"2025-04-08 16:58:29",6818,0.04224396,0.04881096,-0.01460648,24.00334
"2025-04-08 16:58:29.05",6819,0.04033279,0.04914093,-0.01790047,24.00955
"2025-04-08 16:58:29.1",6820,0.04008865,0.04902267,-0.01794434,24.034
"2025-04-08 16:58:29.15",6821,0.03943253,0.04982376,-0.01852989,24.0022
"2025-04-08 16:58:29.2",6822,0.03824043,0.049263,-0.01831818,24.00023
"2025-04-08 16:58:29.25",6823,0.03822899,0.0489521,-0.01825142,23.99954
"2025-04-08 16:58:29.3",6824,0.03796387,0.04950333,-0.01825714,23.99973
"2025-04-08 16:58:29.35",6825,0.03851891,0.05199051,-0.01828003,24.0098
"2025-04-08 16:58:29.4",6826,0.0390377,0.05301857,-0.01807404,23.99992
"2025-04-08 16:58:29.45",6827,0.04289627,0.05346298,-0.01436615,24.00615
"2025-04-08 16:58:29.5",6828,0.03792,0.04982185,-0.01777267,23.99742
"2025-04-08 16:58:29.55",6829,0.03834343,0.04940796,-0.01663971,23.99802
"2025-04-08 16:58:29.6",6830,0.03706551,0.04928017,-0.016119,24.00697
"2025-04-08 16:58:29.65",6831,0.03848648,0.04946518,-0.0191021,24.03117
"2025-04-08 16:58:29.7",6832,0.03555107,0.0498848,-0.01720619,24.0069
"2025-04-08 16:58:29.75",6833,0.03841591,0.05246925,-0.01698494,23.99893
"2025-04-08 16:58:29.8",6834,0.0382061,0.04954338,-0.01938438,23.99763
"2025-04-08 16:58:29.85",6835,0.0387516,0.0493145,-0.01998329,24.02927
"2025-04-08 16:58:29.9",6836,0.03891373,0.04901886,-0.02030754,23.99893
"2025-04-08 16:58:29.95",6837,0.03857994,0.05048752,-0.0208168,24.0283
"2025-04-08 16:58:30",6838,0.03645706,0.05267715,-0.02099037,23.99873
"2025-04-08 16:58:30.05",6839,0.03543663,0.04915047,-0.02095604,23.99744
"2025-04-08 16:58:30.1",6840,0.03598976,0.04979324,-0.02384186,23.99994
"2025-04-08 16:58:30.15",6841,0.04272461,0.05365181,-0.02047539,24.00934
"2025-04-08 16:58:30.2",6842,0.03633881,0.04995537,-0.02096176,24.0081
"2025-04-08 16:58:30.25",6843,0.03616142,0.05041885,-0.02425766,23.97806
"2025-04-08 16:58:30.3",6844,0.03906441,0.0554924,-0.02059746,24.0053
"2025-04-08 16:58:30.35",6845,0.03858566,0.05168152,-0.02334595,23.97868
"2025-04-08 16:58:30.4",6846,0.03677559,0.048069,-0.02399254,24.00016
"2025-04-08 16:58:30.45",6847,0.03935051,0.05063248,-0.02472115,23.97888
"2025-04-08 16:58:30.5",6848,0.03923225,0.05087662,-0.02422905,24.00205
"2025-04-08 16:58:30.55",6849,0.03804207,0.05233002,-0.02212143,23.99674
"2025-04-08 16:58:30.6",6850,0.03541374,0.05002403,-0.02428818,23.99968
"2025-04-08 16:58:30.65",6851,0.03851891,0.05208015,-0.024189,24.00128
"2025-04-08 16:58:30.7",6852,0.03616142,0.04885101,-0.02427292,24.00181
"2025-04-08 16:58:30.75",6853,0.03609276,0.05199623,-0.02679634,24.00177
"2025-04-08 16:58:30.8",6854,0.03814888,0.05217743,-0.02399445,24.00042
"2025-04-08 16:58:30.85",6855,0.04178429,0.0551281,-0.02044868,24.00655
"2025-04-08 16:58:30.9",6856,0.03945541,0.04874992,-0.02333069,24.00804
"2025-04-08 16:58:30.95",6857,0.03810501,0.05090523,-0.02555656,24.00672
"2025-04-08 16:58:31",6858,0.03858948,0.05171394,-0.02385902,24.00218
"2025-04-08 16:58:31.05",6859,0.03738976,0.05195999,-0.02374077,24.00231
"2025-04-08 16:58:31.1",6860,0.0375576,0.05168152,-0.02330208,23.97939
"2025-04-08 16:58:31.15",6861,0.03722382,0.0512619,-0.02327919,24.00233
"2025-04-08 16:58:31.2",6862,0.03752899,0.05087662,-0.02313995,24.0108
"2025-04-08 16:58:31.25",6863,0.0374527,0.05133057,-0.02359772,24.00591
"2025-04-08 16:58:31.3",6864,0.03893089,0.05417824,-0.02222443,24.00752
"2025-04-08 16:58:31.35",6865,0.03668022,0.05487633,-0.02326202,24.00008
"2025-04-08 16:58:31.4",6866,0.03871346,0.05138016,-0.02068901,23.97781
"2025-04-08 16:58:31.45",6867,0.04211044,0.05506706,-0.0170517,24.01405
"2025-04-08 16:58:31.5",6868,0.03919983,0.04862022,-0.0210743,24.00056
"2025-04-08 16:58:31.55",6869,0.03846359,0.04942131,-0.02066612,24.0006
"2025-04-08 16:58:31.6",6870,0.03770828,0.04927063,-0.02175903,23.99889
"2025-04-08 16:58:31.65",6871,0.03774071,0.04925156,-0.02045441,23.97742
"2025-04-08 16:58:31.7",6872,0.04067421,0.04956055,-0.02327919,23.99784
"2025-04-08 16:58:31.75",6873,0.04140091,0.04922485,-0.02115822,23.97884
"2025-04-08 16:58:31.8",6874,0.04127693,0.04976463,-0.02312279,23.99943
"2025-04-08 16:58:31.85",6875,0.04345131,0.04979515,-0.02026176,23.99742
"2025-04-08 16:58:31.9",6876,0.04340935,0.04979897,-0.02224159,23.99974
"2025-04-08 16:58:31.95",6877,0.04335594,0.04911995,-0.02222824,23.99816
"2025-04-08 16:58:32",6878,0.04382515,0.04951477,-0.02333069,24.00532
"2025-04-08 16:58:32.05",6879,0.04588318,0.04961014,-0.02332497,23.9972
"2025-04-08 16:58:32.1",6880,0.0482254,0.04956627,-0.02336884,23.99646
"2025-04-08 16:58:32.15",6881,0.04795647,0.04851151,-0.02320671,23.97424
"2025-04-08 16:58:32.2",6882,0.04639435,0.04865456,-0.02366257,23.95441
"2025-04-08 16:58:32.25",6883,0.04652596,0.04936981,-0.02392197,23.97518
"2025-04-08 16:58:32.3",6884,0.04848289,0.05233574,-0.02391052,23.97623
"2025-04-08 16:58:32.35",6885,0.04882813,0.05178642,-0.02408409,23.99785
"2025-04-08 16:58:32.4",6886,0.04866791,0.04981232,-0.0267868,23.99826
"2025-04-08 16:58:32.45",6887,0.0491848,0.0494442,-0.02645493,23.99941
"2025-04-08 16:58:32.5",6888,0.05279732,0.05064774,-0.02760696,24.00813
"2025-04-08 16:58:32.55",6889,0.05223083,0.05155373,-0.02756119,23.99986
"2025-04-08 16:58:32.6",6890,0.05177307,0.05117226,-0.02705574,23.97738
"2025-04-08 16:58:32.65",6891,0.05459785,0.0542469,-0.02715874,24.00049
"2025-04-08 16:58:32.7",6892,0.05215073,0.05047035,-0.02441216,23.99902
"2025-04-08 16:58:32.75",6893,0.05468178,0.0485878,-0.02496529,24.00057
"2025-04-08 16:58:32.8",6894,0.05158234,0.0481987,-0.02737808,23.95428
"2025-04-08 16:58:32.85",6895,0.05406761,0.0475769,-0.02679825,23.9543
"2025-04-08 16:58:32.9",6896,0.05441284,0.04710388,-0.02662468,23.99885
"2025-04-08 16:58:32.95",6897,0.05486107,0.04335022,-0.02627945,23.97776
"2025-04-08 16:58:33",6898,0.05747986,0.04418564,-0.02709389,23.97737
"2025-04-08 16:58:33.05",6899,0.05483055,0.04052353,-0.02467537,23.99955
"2025-04-08 16:58:33.1",6900,0.05473518,0.04080772,-0.02661324,23.99947
"2025-04-08 16:58:33.15",6901,0.0545578,0.04131126,-0.0234623,23.99695
"2025-04-08 16:58:33.2",6902,0.05841255,0.04026604,-0.0233345,23.97752
"2025-04-08 16:58:33.25",6903,0.05625725,0.03835678,-0.02420044,23.97813
"2025-04-08 16:58:33.3",6904,0.05828476,0.0375576,-0.02421761,23.9799
"2025-04-08 16:58:33.35",6905,0.05884743,0.03775215,-0.02433014,24.00092
"2025-04-08 16:58:33.4",6906,0.05558205,0.03461456,-0.02379799,23.97975
"2025-04-08 16:58:33.45",6907,0.05886269,0.03669357,-0.02139854,24.00977
"2025-04-08 16:58:33.5",6908,0.05865669,0.03442574,-0.02435112,23.98196
"2025-04-08 16:58:33.55",6909,0.05592728,0.03564262,-0.02174759,24.0032
"2025-04-08 16:58:33.6",6910,0.05723763,0.03931808,-0.01972198,24.01543
"2025-04-08 16:58:33.65",6911,0.05497742,0.0359211,-0.02137947,23.99957
"2025-04-08 16:58:33.7",6912,0.05422783,0.03516579,-0.02145386,24.00201
"2025-04-08 16:58:33.75",6913,0.05719376,0.03269768,-0.02117729,24.00033
"2025-04-08 16:58:33.8",6914,0.05483818,0.03588676,-0.01929855,24.00793
"2025-04-08 16:58:33.85",6915,0.05446243,0.03580856,-0.02168846,23.99998
"2025-04-08 16:58:33.9",6916,0.05407333,0.0357933,-0.01874924,23.99989
"2025-04-08 16:58:33.95",6917,0.05314064,0.03540802,-0.01874352,23.9773
"2025-04-08 16:58:34",6918,0.05792618,0.03628349,-0.01741028,24.0076
"2025-04-08 16:58:34.05",6919,0.05925369,0.03642845,-0.0144825,24.00819
"2025-04-08 16:58:34.1",6920,0.05486679,0.0334301,-0.01814079,24.00652
"2025-04-08 16:58:34.15",6921,0.0539608,0.03352547,-0.01737022,23.997
"2025-04-08 16:58:34.2",6922,0.05427361,0.032547,-0.014431,23.99578
"2025-04-08 16:58:34.25",6923,0.05428505,0.03288269,-0.01514626,24.01525
"2025-04-08 16:58:34.3",6924,0.05413818,0.03288841,-0.01520348,23.99883
"2025-04-08 16:58:34.35",6925,0.05448151,0.03365326,-0.01557159,23.99756
"2025-04-08 16:58:34.4",6926,0.05324173,0.03322983,-0.01511765,23.97352
"2025-04-08 16:58:34.45",6927,0.05663681,0.03318405,-0.01515198,23.99796
"2025-04-08 16:58:34.5",6928,0.0529232,0.03263855,-0.01781845,24.00557
"2025-04-08 16:58:34.55",6929,0.05398369,0.03007889,-0.01539993,23.99911
"2025-04-08 16:58:34.6",6930,0.05459785,0.0331192,-0.01848602,24.00047
"2025-04-08 16:58:34.65",6931,0.05621529,0.03318405,-0.01879311,23.99903
"2025-04-08 16:58:34.7",6932,0.05377197,0.03093529,-0.02117729,24.00443
"2025-04-08 16:58:34.75",6933,0.05440331,0.03203583,-0.01863289,24.00779
"2025-04-08 16:58:34.8",6934,0.05787659,0.038311,-0.01808357,24.01371
"2025-04-08 16:58:34.85",6935,0.05442047,0.03194618,-0.02228355,24.00695
"2025-04-08 16:58:34.9",6936,0.05678749,0.03179359,-0.02191734,24.00668
"2025-04-08 16:58:34.95",6937,0.05430603,0.03486633,-0.02137375,23.9994
"2025-04-08 16:58:35",6938,0.05474091,0.03148651,-0.02433586,24.00607
"2025-04-08 16:58:35.05",6939,0.05807304,0.03664207,-0.01827431,24.0145
"2025-04-08 16:58:35.1",6940,0.05482101,0.03077888,-0.02494812,24.0055
"2025-04-08 16:58:35.15",6941,0.05200005,0.0312233,-0.02419472,23.9999
"2025-04-08 16:58:35.2",6942,0.05115318,0.03086662,-0.02484703,24.02824
"2025-04-08 16:58:35.25",6943,0.05083275,0.03032112,-0.02335739,24.02901
"2025-04-08 16:58:35.3",6944,0.04825783,0.02997398,-0.02441216,24.02904
"2025-04-08 16:58:35.35",6945,0.04868889,0.02989388,-0.0266571,24.03081
"2025-04-08 16:58:35.4",6946,0.0526886,0.0433197,-0.03214264,24.00121
"2025-04-08 16:58:35.45",6947,0.04672432,0.03031349,-0.02726555,24.00523
"2025-04-08 16:58:35.5",6948,0.04795647,0.04288101,-0.03535271,24.04305
"2025-04-08 16:58:35.55",6949,0.05030251,0.04317093,-0.03463364,24.0452
"2025-04-08 16:58:35.6",6950,0.05466461,0.03364754,-0.02464294,24.01801
"2025-04-08 16:58:35.65",6951,0.04856491,0.04550552,-0.03469276,24.04675
"2025-04-08 16:58:35.7",6952,0.04817581,0.04588318,-0.03482437,24.05039
"2025-04-08 16:58:35.75",6953,0.04774857,0.03238487,-0.02864456,24.00941
"2025-04-08 16:58:35.8",6954,0.04977608,0.04589081,-0.03683472,24.03085
"2025-04-08 16:58:35.85",6955,0.04768944,0.03466988,-0.02921677,24.03214
"2025-04-08 16:58:35.9",6956,0.04824829,0.03750038,-0.02975082,24.03253
"2025-04-08 16:58:35.95",6957,0.04736519,0.04925346,-0.03755379,24.03349
"2025-04-08 16:58:36",6958,0.04677773,0.0387249,-0.03208733,24.04428
"2025-04-08 16:58:36.05",6959,0.04888535,0.05173302,-0.03676796,24.00803
"2025-04-08 16:58:36.1",6960,0.04631042,0.05188751,-0.03695679,24.02985
"2025-04-08 16:58:36.15",6961,0.04644394,0.05100632,-0.03739166,24.03011
"2025-04-08 16:58:36.2",6962,0.04676247,0.05479431,-0.03972626,24.04494
"2025-04-08 16:58:36.25",6963,0.04592896,0.05530548,-0.04007721,24.02971
"2025-04-08 16:58:36.3",6964,0.0464592,0.0543232,-0.0365448,24.03002
"2025-04-08 16:58:36.35",6965,0.04528236,0.0509491,-0.03863716,24.02578
"2025-04-08 16:58:36.4",6966,0.04846573,0.0513401,-0.03907204,24.02834
"2025-04-08 16:58:36.45",6967,0.04824638,0.05464363,-0.03903008,24.02851
"2025-04-08 16:58:36.5",6968,0.04817009,0.05513191,-0.03945732,24.02779
"2025-04-08 16:58:36.55",6969,0.05231857,0.05751801,-0.03902245,24.0257
"2025-04-08 16:58:36.6",6970,0.05042648,0.05367088,-0.0350914,24.02658
"2025-04-08 16:58:36.65",6971,0.05153084,0.054842,-0.03895187,24.05175
"2025-04-08 16:58:36.7",6972,0.04906273,0.05447388,-0.03635788,24.06618
"2025-04-08 16:58:36.75",6973,0.05191231,0.05456543,-0.03736877,24.04414
"2025-04-08 16:58:36.8",6974,0.05114746,0.05480385,-0.03672791,24.04094
"2025-04-08 16:58:36.85",6975,0.0535984,0.05754089,-0.03575706,24.04918
"2025-04-08 16:58:36.9",6976,0.05101013,0.05421066,-0.03975296,24.04194
"2025-04-08 16:58:36.95",6977,0.05542946,0.05819511,-0.03510666,24.03954
"2025-04-08 16:58:37",6978,0.05494881,0.0581398,-0.03790665,24.07576
"2025-04-08 16:58:37.05",6979,0.05135727,0.05588722,-0.0382843,24.06905
"2025-04-08 16:58:37.1",6980,0.05420685,0.05601501,-0.03495789,24.065
"2025-04-08 16:58:37.15",6981,0.05656433,0.06033325,-0.03547668,24.03625
"2025-04-08 16:58:37.2",6982,0.0519886,0.05530739,-0.03782845,24.0302
"2025-04-08 16:58:37.25",6983,0.0545845,0.05549812,-0.03834724,24.03091
"2025-04-08 16:58:37.3",6984,0.05168915,0.05603218,-0.03615189,24.02804
"2025-04-08 16:58:37.35",6985,0.0511055,0.05348778,-0.03831291,24.06664
"2025-04-08 16:58:37.4",6986,0.05120277,0.05256844,-0.0375309,24.06593
"2025-04-08 16:58:37.45",6987,0.05127335,0.05231857,-0.035326,24.02922
"2025-04-08 16:58:37.5",6988,0.05138779,0.0520401,-0.03783226,24.03162
"2025-04-08 16:58:37.55",6989,0.05177689,0.04961967,-0.0381794,24.09527
"2025-04-08 16:58:37.6",6990,0.051548,0.05235863,-0.03808594,24.02969
"2025-04-08 16:58:37.65",6991,0.05365372,0.05138779,-0.03488922,24.02802
"2025-04-08 16:58:37.7",6992,0.05381012,0.04854393,-0.03491974,24.02943
"2025-04-08 16:58:37.75",6993,0.05695915,0.03830528,-0.02941132,24.029
"2025-04-08 16:58:37.8",6994,0.05545616,0.03440094,-0.02739334,24.00674
"2025-04-08 16:58:37.85",6995,0.05584908,0.04821205,-0.03505707,24.04517
"2025-04-08 16:58:37.9",6996,0.05842209,0.04782867,-0.03450584,24.04464
"2025-04-08 16:58:37.95",6997,0.05484962,0.04788589,-0.03120995,24.05596
"2025-04-08 16:58:38",6998,0.05823898,0.04709244,-0.031847,24.03362
"2025-04-08 16:58:38.05",6999,0.05848312,0.0343647,-0.02402687,24.04883
"2025-04-08 16:58:38.1",7000,0.05588341,0.04629326,-0.03238106,24.04819
"2025-04-08 16:58:38.15",7001,0.05978012,0.05150223,-0.03024292,24.07593
"2025-04-08 16:58:38.2",7002,0.0574131,0.04598999,-0.03187943,24.04559
"2025-04-08 16:58:38.25",7003,0.05968094,0.04778481,-0.033041,24.07109
"2025-04-08 16:58:38.3",7004,0.06052971,0.0453434,-0.03272247,24.06874
"2025-04-08 16:58:38.35",7005,0.05946159,0.04583549,-0.03242683,24.07575
"2025-04-08 16:58:38.4",7006,0.05967331,0.04615974,-0.03155136,24.0451
"2025-04-08 16:58:38.45",7007,0.05960655,0.04590607,-0.02895737,24.02789
"2025-04-08 16:58:38.5",7008,0.05943298,0.03236771,-0.02370262,24.07212
"2025-04-08 16:58:38.55",7009,0.05928802,0.04579163,-0.02837753,24.04519
"2025-04-08 16:58:38.6",7010,0.05965614,0.04622459,-0.02885246,24.00719
"2025-04-08 16:58:38.65",7011,0.05932617,0.03251266,-0.02136803,24.02847
"2025-04-08 16:58:38.7",7012,0.06123734,0.04380035,-0.02805328,24.02773
"2025-04-08 16:58:38.75",7013,0.05852318,0.03020859,-0.0200882,24.02737
"2025-04-08 16:58:38.8",7014,0.06625748,0.03273201,-0.0178566,24.05271
"2025-04-08 16:58:38.85",7015,0.05987358,0.02951622,-0.02071381,24.07285
"2025-04-08 16:58:38.9",7016,0.06186485,0.02985573,-0.02122498,24.00584
"2025-04-08 16:58:38.95",7017,0.06184196,0.02968979,-0.02078247,24.02785
"2025-04-08 16:58:39",7018,0.06227112,0.02724648,-0.02119637,24.07193
"2025-04-08 16:58:39.05",7019,0.06582832,0.03086853,-0.01607323,24.03617
"2025-04-08 16:58:39.1",7020,0.06261826,0.02654457,-0.02140808,24.04332
"2025-04-08 16:58:39.15",7021,0.06313705,0.02704811,-0.0220108,24.02872
"2025-04-08 16:58:39.2",7022,0.06290817,0.02733612,-0.0193634,24.02769
"2025-04-08 16:58:39.25",7023,0.06191444,0.02685547,-0.01944923,24.02745
"2025-04-08 16:58:39.3",7024,0.06155205,0.02461052,-0.01897812,24.04312
"2025-04-08 16:58:39.35",7025,0.06510925,0.03702545,-0.02731705,24.03004
"2025-04-08 16:58:39.4",7026,0.06250954,0.03580856,-0.0255394,24.02953
"2025-04-08 16:58:39.45",7027,0.06232643,0.02604675,-0.02000046,24.0293
"2025-04-08 16:58:39.5",7028,0.06394768,0.02639389,-0.01744843,24.04502
"2025-04-08 16:58:39.55",7029,0.06433868,0.02371407,-0.01943207,24.02732
"2025-04-08 16:58:39.6",7030,0.06424141,0.02264023,-0.01663971,24.02864
"2025-04-08 16:58:39.65",7031,0.06520271,0.03649712,-0.0226078,24.03024
"2025-04-08 16:58:39.7",7032,0.06535339,0.02275848,-0.01725388,24.04269
"2025-04-08 16:58:39.75",7033,0.06500244,0.03368759,-0.02511787,24.0283
"2025-04-08 16:58:39.8",7034,0.06433868,0.02208328,-0.01672935,24.00565
"2025-04-08 16:58:39.85",7035,0.06162262,0.02231789,-0.01612282,24.06506
"2025-04-08 16:58:39.9",7036,0.06461143,0.02147675,-0.01629639,24.04353
"2025-04-08 16:58:39.95",7037,0.06241798,0.02089119,-0.01945496,24.02853
"2025-04-08 16:58:40",7038,0.06571007,0.02071762,-0.01660919,24.0282
"2025-04-08 16:58:40.05",7039,0.06327248,0.02138901,-0.01948738,24.06499
"2025-04-08 16:58:40.1",7040,0.0670948,0.02269745,-0.01634407,24.00578
"2025-04-08 16:58:40.15",7041,0.06585121,0.02338982,-0.01653671,24.00575
"2025-04-08 16:58:40.2",7042,0.06672859,0.02005577,-0.01634789,24.00908
"2025-04-08 16:58:40.25",7043,0.06770515,0.02026558,-0.01965523,24.01031
"2025-04-08 16:58:40.3",7044,0.06681061,0.02140999,-0.02022934,24.03199
"2025-04-08 16:58:40.35",7045,0.06355095,0.023489,-0.01945496,24.00759
"2025-04-08 16:58:40.4",7046,0.06236076,0.02339935,-0.0187397,24.03078
"2025-04-08 16:58:40.45",7047,0.06279755,0.02332115,-0.01900101,24.03059
"2025-04-08 16:58:40.5",7048,0.06214905,0.02382851,-0.01921844,24.03217
"2025-04-08 16:58:40.55",7049,0.06240463,0.03504372,-0.02821541,24.03092
"2025-04-08 16:58:40.6",7050,0.0596962,0.02433395,-0.01940727,24.00684
"2025-04-08 16:58:40.65",7051,0.0619545,0.02472496,-0.01916695,24.00581
"2025-04-08 16:58:40.7",7052,0.05891037,0.03729057,-0.02689171,24.006
"2025-04-08 16:58:40.75",7053,0.05854034,0.02361298,-0.02193451,24.02887
"2025-04-08 16:58:40.8",7054,0.0618248,0.03721619,-0.02731705,24.02984
"2025-04-08 16:58:40.85",7055,0.05919456,0.03527451,-0.02711487,24.00452
"2025-04-08 16:58:40.9",7056,0.05896568,0.02461624,-0.02184868,24.00418
"2025-04-08 16:58:40.95",7057,0.06205177,0.03017044,-0.01790428,24.02859
"2025-04-08 16:58:41",7058,0.05832291,0.02471733,-0.02017975,24.02385
"2025-04-08 16:58:41.05",7059,0.06214905,0.03054428,-0.01765442,24.01291
"2025-04-08 16:58:41.1",7060,0.05910873,0.03754234,-0.02894211,24.02807
"2025-04-08 16:58:41.15",7061,0.06215858,0.02724266,-0.02135086,24.00478
"2025-04-08 16:58:41.2",7062,0.05859184,0.02744484,-0.02298927,24.02748
"2025-04-08 16:58:41.25",7063,0.05865288,0.02681732,-0.02328491,24.02726
"2025-04-08 16:58:41.3",7064,0.05962563,0.02725792,-0.02314949,24.00503
"2025-04-08 16:58:41.35",7065,0.05957222,0.02647018,-0.02452469,24.02846
"2025-04-08 16:58:41.4",7066,0.05971718,0.03704453,-0.03219986,24.0427
"2025-04-08 16:58:41.45",7067,0.06003189,0.03787041,-0.02980042,24.03032
"2025-04-08 16:58:41.5",7068,0.05960274,0.03817749,-0.03005219,24.00635
"2025-04-08 16:58:41.55",7069,0.05928802,0.03904152,-0.03025055,24.02654
"2025-04-08 16:58:41.6",7070,0.05920982,0.02825356,-0.0246582,24.00551
"2025-04-08 16:58:41.65",7071,0.05703926,0.02733231,-0.02508926,24.02846
"2025-04-08 16:58:41.7",7072,0.05731201,0.03104973,-0.0252552,24.00842
"2025-04-08 16:58:41.75",7073,0.05699921,0.03184891,-0.02247047,24.00771
"2025-04-08 16:58:41.8",7074,0.05650139,0.02811813,-0.0252552,24.02932
"2025-04-08 16:58:41.85",7075,0.05653381,0.02882195,-0.02462387,24.0048
"2025-04-08 16:58:41.9",7076,0.05632782,0.02795219,-0.02489471,24.02591
"2025-04-08 16:58:41.95",7077,0.0566597,0.02736664,-0.0247097,24.00618
"2025-04-08 16:58:42",7078,0.05694771,0.02752304,-0.02331924,24.00556
"2025-04-08 16:58:42.05",7079,0.05655289,0.027565,-0.02227974,24.00705
"2025-04-08 16:58:42.1",7080,0.05538368,0.03043747,-0.02510452,24.00327
"2025-04-08 16:58:42.15",7081,0.05280304,0.02655602,-0.02157593,24.02661
"2025-04-08 16:58:42.2",7082,0.05650902,0.02661514,-0.0220108,24.00441
"2025-04-08 16:58:42.25",7083,0.05428314,0.02677727,-0.02425194,24.00565
"2025-04-08 16:58:42.3",7084,0.05421257,0.02610397,-0.0228138,24.02993
"2025-04-08 16:58:42.35",7085,0.06051826,0.02894592,-0.02482605,24.00652
"2025-04-08 16:58:42.4",7086,0.05471039,0.02732658,-0.02203369,24.0071
"2025-04-08 16:58:42.45",7087,0.05509567,0.02645874,-0.02487564,24.00741
"2025-04-08 16:58:42.5",7088,0.05267525,0.02637672,-0.02227783,24.00957
"2025-04-08 16:58:42.55",7089,0.055439,0.02276993,-0.02199936,24.03178
"2025-04-08 16:58:42.6",7090,0.05235863,0.02317238,-0.02272606,24.00912
"2025-04-08 16:58:42.65",7091,0.05253601,0.02331543,-0.02212143,24.01182
"2025-04-08 16:58:42.7",7092,0.05134201,0.02627754,-0.0221405,24.03156
"2025-04-08 16:58:42.75",7093,0.05142593,0.02386856,-0.02225685,24.03154
"2025-04-08 16:58:42.8",7094,0.052145,0.02656555,-0.02160454,24.00803
"2025-04-08 16:58:42.85",7095,0.05117798,0.02359581,-0.02439117,24.0311
"2025-04-08 16:58:42.9",7096,0.05094528,0.02622414,-0.02229118,24.04614
"2025-04-08 16:58:42.95",7097,0.05099678,0.02707291,-0.02251816,24.02853
"2025-04-08 16:58:43",7098,0.04634857,0.02696228,-0.02162552,24.0265
"2025-04-08 16:58:43.05",7099,0.04661751,0.02726364,-0.02158165,24.04279
"2025-04-08 16:58:43.1",7100,0.0472908,0.02660942,-0.02145958,24.00607
"2025-04-08 16:58:43.15",7101,0.04755974,0.02666092,-0.02156448,24.02789
"2025-04-08 16:58:43.2",7102,0.04758263,0.02694511,-0.02173805,24.02713
"2025-04-08 16:58:43.25",7103,0.04472733,0.02684975,-0.02095604,24.02512
"2025-04-08 16:58:43.3",7104,0.04454994,0.02602959,-0.02025223,24.02517
"2025-04-08 16:58:43.35",7105,0.04444504,0.02664948,-0.02048683,24.04064
"2025-04-08 16:58:43.4",7106,0.04602432,0.0260849,-0.02087021,24.00616
"2025-04-08 16:58:43.45",7107,0.0455761,0.02316666,-0.0215683,24.02812
"2025-04-08 16:58:43.5",7108,0.04515266,0.02732468,-0.02132034,24.00505
"2025-04-08 16:58:43.55",7109,0.04226685,0.02410316,-0.02086067,24.0243
"2025-04-08 16:58:43.6",7110,0.04245567,0.02331161,-0.02075005,24.0424
"2025-04-08 16:58:43.65",7111,0.04251289,0.02562141,-0.01581573,24.00587
"2025-04-08 16:58:43.7",7112,0.04347229,0.02409172,-0.01617432,24.00625
"2025-04-08 16:58:43.75",7113,0.04303741,0.02471352,-0.01675606,24.00629
"2025-04-08 16:58:43.8",7114,0.04748344,0.02950287,-0.01549911,24.00887
"2025-04-08 16:58:43.85",7115,0.04204941,0.02690125,-0.01978683,24.02795
"2025-04-08 16:58:43.9",7116,0.04315948,0.02804184,-0.01671028,24.00564
"2025-04-08 16:58:43.95",7117,0.04366684,0.02823639,-0.01723671,24.03033
"2025-04-08 16:58:44",7118,0.0435009,0.02592468,-0.01976967,24.00903
"2025-04-08 16:58:44.05",7119,0.04046631,0.0260849,-0.02017784,24.0296
"2025-04-08 16:58:44.1",7120,0.04295349,0.02619171,-0.01913071,24.02748
"2025-04-08 16:58:44.15",7121,0.04288101,0.02587891,-0.0163269,24.02795
"2025-04-08 16:58:44.2",7122,0.04356766,0.02544403,-0.01992607,24.04455
"2025-04-08 16:58:44.25",7123,0.04389,0.02807999,-0.01510811,24.04424
"2025-04-08 16:58:44.3",7124,0.04345703,0.02580833,-0.01940155,24.02979
"2025-04-08 16:58:44.35",7125,0.04356766,0.02532005,-0.0193634,24.02831
"2025-04-08 16:58:44.4",7126,0.03930664,0.02500725,-0.01893425,24.00366
"2025-04-08 16:58:44.45",7127,0.04352951,0.02687454,-0.01568413,24.00787
"2025-04-08 16:58:44.5",7128,0.04065895,0.0238018,-0.01883698,24.02882
"2025-04-08 16:58:44.55",7129,0.04150772,0.02374077,-0.01971626,24.03021
"2025-04-08 16:58:44.6",7130,0.04094696,0.02466011,-0.0192337,24.02547
"2025-04-08 16:58:44.65",7131,0.04161263,0.02419662,-0.01911926,24.02908
"2025-04-08 16:58:44.7",7132,0.04566193,0.02785683,-0.01554871,24.04085
"2025-04-08 16:58:44.75",7133,0.04224396,0.02366829,-0.01900482,24.01356
"2025-04-08 16:58:44.8",7134,0.04198265,0.02298164,-0.01977158,24.04845
"2025-04-08 16:58:44.85",7135,0.04182053,0.02422142,-0.01927948,24.03208
"2025-04-08 16:58:44.9",7136,0.04158592,0.02373505,-0.01673317,24.00947
"2025-04-08 16:58:44.95",7137,0.03808403,0.02408218,-0.01658249,24.03142
"2025-04-08 16:58:45",7138,0.04156113,0.02331161,-0.0188942,24.04519
"2025-04-08 16:58:45.05",7139,0.03860092,0.02338982,-0.02022552,24.00964
"2025-04-08 16:58:45.1",7140,0.03808975,0.02165031,-0.01674271,24.00975
"2025-04-08 16:58:45.15",7141,0.0381813,0.02455139,-0.01938057,24.02918
"2025-04-08 16:58:45.2",7142,0.03766823,0.02137756,-0.01667595,24.0441
"2025-04-08 16:58:45.25",7143,0.03747559,0.02369118,-0.01885414,24.03023
"2025-04-08 16:58:45.3",7144,0.04083633,0.02616501,-0.01288605,24.01463
"2025-04-08 16:58:45.35",7145,0.03785896,0.02149391,-0.01541138,24.06512
"2025-04-08 16:58:45.4",7146,0.03710365,0.02204895,-0.01862144,24.02661
"2025-04-08 16:58:45.45",7147,0.03428459,0.02210999,-0.01553345,24.02931
"2025-04-08 16:58:45.5",7148,0.03664017,0.02097702,-0.01543236,24.04031
"2025-04-08 16:58:45.55",7149,0.03638458,0.02110481,-0.01472282,24.02629
"2025-04-08 16:58:45.6",7150,0.03481674,0.01829529,-0.01543617,24.02866
"2025-04-08 16:58:45.65",7151,0.03731155,0.01834106,-0.01447868,24.0061
"2025-04-08 16:58:45.7",7152,0.03735161,0.01869011,-0.01571274,24.02718
"2025-04-08 16:58:45.75",7153,0.03517723,0.01873589,-0.01602554,24.02637
"2025-04-08 16:58:45.8",7154,0.03457642,0.01906586,-0.01562881,24.04238
"2025-04-08 16:58:45.85",7155,0.0352459,0.01834488,-0.01573181,24.00599
"2025-04-08 16:58:45.9",7156,0.03497124,0.01804543,-0.01564407,24.00804
"2025-04-08 16:58:45.95",7157,0.03542519,0.01548576,-0.01610184,24.02872
"2025-04-08 16:58:46",7158,0.03760338,0.0191555,-0.01708984,24.00575
"2025-04-08 16:58:46.05",7159,0.03707123,0.01927757,-0.01716805,24.02818
"2025-04-08 16:58:46.1",7160,0.03754616,0.01651382,-0.01660538,24.00475
"2025-04-08 16:58:46.15",7161,0.0417347,0.02214813,-0.01299667,24.01458
"2025-04-08 16:58:46.2",7162,0.03757477,0.01765442,-0.01702881,24.007
"2025-04-08 16:58:46.25",7163,0.03559303,0.01694489,-0.01742744,24.00838
"2025-04-08 16:58:46.3",7164,0.03499985,0.01843643,-0.01461029,24.00638
"2025-04-08 16:58:46.35",7165,0.03756332,0.01514053,-0.01654434,24.00462
"2025-04-08 16:58:46.4",7166,0.03731155,0.01741791,-0.01636314,24.00615
"2025-04-08 16:58:46.45",7167,0.03760719,0.01715469,-0.01672745,24.00816
"2025-04-08 16:58:46.5",7168,0.03778267,0.01691055,-0.01689529,24.0072
"2025-04-08 16:58:46.55",7169,0.03808403,0.01674271,-0.01652145,24.0084
"2025-04-08 16:58:46.6",7170,0.03747368,0.0165863,-0.01645279,24.02843
"2025-04-08 16:58:46.65",7171,0.03674316,0.01623535,-0.01600075,24.02679
"2025-04-08 16:58:46.7",7172,0.03734589,0.01329231,-0.01625252,24.0285
"2025-04-08 16:58:46.75",7173,0.03838921,0.01592064,-0.01682091,24.03165
"2025-04-08 16:58:46.8",7174,0.03958321,0.01469803,-0.01081276,24.03127
"2025-04-08 16:58:46.85",7175,0.03915596,0.01242638,-0.01414299,24.00842
"2025-04-08 16:58:46.9",7176,0.0392437,0.01543617,-0.01080132,24.03149
"2025-04-08 16:58:46.95",7177,0.04190826,0.01661491,-0.01070786,24.03132
"2025-04-08 16:58:47",7178,0.039505,0.01194572,-0.01407433,24.01753
"2025-04-08 16:58:47.05",7179,0.0425396,0.01521111,-0.01085854,24.04047
"2025-04-08 16:58:47.1",7180,0.04003906,0.01309395,-0.01121521,24.03977
"2025-04-08 16:58:47.15",7181,0.03942299,0.01586151,-0.01161194,24.05331
"2025-04-08 16:58:47.2",7182,0.03895378,0.01299095,-0.01108551,24.04481
"2025-04-08 16:58:47.25",7183,0.03856468,0.01259995,-0.01144028,24.04895
"2025-04-08 16:58:47.3",7184,0.03841591,0.01290703,-0.01155472,24.07322
"2025-04-08 16:58:47.35",7185,0.03874016,0.0155983,-0.01147652,24.04509
"2025-04-08 16:58:47.4",7186,0.03770828,0.01618958,-0.009786606,24.07693
"2025-04-08 16:58:47.45",7187,0.0379982,0.01624489,-0.01136017,24.04745
"2025-04-08 16:58:47.5",7188,0.03683281,0.01377106,-0.01109123,24.08655
"2025-04-08 16:58:47.55",7189,0.03656197,0.01538658,-0.00736618,24.07174
"2025-04-08 16:58:47.6",7190,0.03492737,0.01542282,-0.008310318,24.07376
"2025-04-08 16:58:47.65",7191,0.03529167,0.0134182,-0.009237289,24.05015
"2025-04-08 16:58:47.7",7192,0.03368187,0.01324463,-0.007818222,24.07107
"2025-04-08 16:58:47.75",7193,0.03744125,0.01364136,-0.00497818,24.05318
"2025-04-08 16:58:47.8",7194,0.03344154,0.0127697,-0.006345749,24.06918
"2025-04-08 16:58:47.85",7195,0.03483391,0.01548195,-0.006511688,24.08833
"2025-04-08 16:58:47.9",7196,0.03892517,0.0190506,-0.005308151,24.08275
"2025-04-08 16:58:47.95",7197,0.03417206,0.01472092,-0.006748199,24.11821
"2025-04-08 16:58:48",7198,0.03863144,0.01649666,-0.005016327,24.09033
"2025-04-08 16:58:48.05",7199,0.03517151,0.01319695,-0.006881714,24.08464
"2025-04-08 16:58:48.1",7200,0.03198242,0.01275635,-0.00718689,24.08833
"2025-04-08 16:58:48.15",7201,0.03164482,0.01519585,-0.008106232,24.1055
"2025-04-08 16:58:48.2",7202,0.03631783,0.01899338,-0.007909775,24.07143
"2025-04-08 16:58:48.25",7203,0.03192139,0.0156765,-0.01124191,24.07121
"2025-04-08 16:58:48.3",7204,0.03082085,0.01645279,-0.01125336,24.06773
"2025-04-08 16:58:48.35",7205,0.03144073,0.01388168,-0.01116943,24.06718
"2025-04-08 16:58:48.4",7206,0.03220177,0.01796532,-0.01088715,24.09187
"2025-04-08 16:58:48.45",7207,0.0320015,0.01643372,-0.01211929,24.07052
"2025-04-08 16:58:48.5",7208,0.03212166,0.01507378,-0.01228333,24.09305
"2025-04-08 16:58:48.55",7209,0.03196144,0.01810074,-0.01110268,24.09266
"2025-04-08 16:58:48.6",7210,0.02876854,0.01590347,-0.01102638,24.10521
"2025-04-08 16:58:48.65",7211,0.02872849,0.01736259,-0.0109024,24.09279
"2025-04-08 16:58:48.7",7212,0.02886581,0.01464844,-0.01382446,24.13158
"2025-04-08 16:58:48.75",7213,0.0323143,0.01435089,-0.01106834,24.07455
"2025-04-08 16:58:48.8",7214,0.03236198,0.01402283,-0.01140404,24.07274
"2025-04-08 16:58:48.85",7215,0.02835464,0.01381683,-0.01397514,24.09429
"2025-04-08 16:58:48.9",7216,0.03135872,0.01325035,-0.01319313,24.10782
"2025-04-08 16:58:48.95",7217,0.03251839,0.01353836,-0.01403046,24.0723
"2025-04-08 16:58:49",7218,0.0341301,0.01940155,-0.01108551,24.10468
"2025-04-08 16:58:49.05",7219,0.03040314,0.0143795,-0.01443291,24.09378
"2025-04-08 16:58:49.1",7220,0.0327034,0.01623535,-0.02252388,24.07022
"2025-04-08 16:58:49.15",7221,0.03032684,0.01477814,-0.02270317,24.09516
"2025-04-08 16:58:49.2",7222,0.03100014,0.01473045,-0.02388191,24.07191
"2025-04-08 16:58:49.25",7223,0.03382683,0.01471519,-0.01343918,24.06966
"2025-04-08 16:58:49.3",7224,0.03112221,0.01540184,-0.009521484,24.09326
"2025-04-08 16:58:49.35",7225,0.03368759,0.01514435,-0.01813126,24.06798
"2025-04-08 16:58:49.4",7226,0.03324699,0.01514435,-0.008663177,24.06777
"2025-04-08 16:58:49.45",7227,0.03302193,0.0151844,-0.003847122,24.09187
"2025-04-08 16:58:49.5",7228,0.03041458,0.01538086,-0.00289917,24.06996
"2025-04-08 16:58:49.55",7229,0.03318024,0.01664162,-0.0006427765,24.09685
"2025-04-08 16:58:49.6",7230,0.03272057,0.01596069,-0.003456116,24.09007
"2025-04-08 16:58:49.65",7231,0.03256989,0.01677132,-0.005161285,24.08579
"2025-04-08 16:58:49.7",7232,0.0308342,0.01646423,-0.003267288,24.05717
"2025-04-08 16:58:49.75",7233,0.03477097,0.01919937,-0.004207611,24.09009
"2025-04-08 16:58:49.8",7234,0.03650856,0.02246094,-0.005584717,24.0754
"2025-04-08 16:58:49.85",7235,0.03183937,0.01848602,-0.003084183,24.09086
"2025-04-08 16:58:49.9",7236,0.03370476,0.0189209,-0.004556656,24.08826
"2025-04-08 16:58:49.95",7237,0.0331974,0.01886368,-0.003311157,24.06413
"2025-04-08 16:58:50",7238,0.0327282,0.01915932,-0.001068115,24.06669
"2025-04-08 16:58:50.05",7239,0.03463173,0.01887703,-0.00025177,24.06648
"2025-04-08 16:58:50.1",7240,0.03921509,0.02273941,0.002134323,24.09052
"2025-04-08 16:58:50.15",7241,0.03724098,0.01870728,-0.002910614,24.0932
"2025-04-08 16:58:50.2",7242,0.03731155,0.01913452,-0.003593445,24.09809
"2025-04-08 16:58:50.25",7243,0.03679085,0.0220089,-0.005176544,24.09743
"2025-04-08 16:58:50.3",7244,0.03477478,0.02148819,-0.002138138,24.11894
"2025-04-08 16:58:50.35",7245,0.03705025,0.02101898,-0.005199432,24.12105
"2025-04-08 16:58:50.4",7246,0.03482056,0.01833534,-0.001247406,24.12237
"2025-04-08 16:58:50.45",7247,0.03784752,0.0184803,-0.001752853,24.10046
"2025-04-08 16:58:50.5",7248,0.03668213,0.01730537,-0.006536484,24.09802
"2025-04-08 16:58:50.55",7249,0.03477097,0.02313042,-0.003730774,24.09715
"2025-04-08 16:58:50.6",7250,0.03422165,0.02100945,0.0008831024,24.1181
"2025-04-08 16:58:50.65",7251,0.03578568,0.01966286,0.0019207,24.11678
"2025-04-08 16:58:50.7",7252,0.03499413,0.02647591,0.004089355,24.10184
"2025-04-08 16:58:50.75",7253,0.03629494,0.03063965,-0.004436493,24.10676
"2025-04-08 16:58:50.8",7254,0.03465462,0.03661919,-0.002059937,24.11826
"2025-04-08 16:58:50.85",7255,0.03474426,0.03931236,-0.004619598,24.11648
"2025-04-08 16:58:50.9",7256,0.0349102,0.0392704,-0.003356934,24.11156
"2025-04-08 16:58:50.95",7257,0.03238487,0.03667641,-0.0005435944,24.10782
"2025-04-08 16:58:51",7258,0.03236198,0.03857803,-0.005094528,24.107
"2025-04-08 16:58:51.05",7259,0.03305054,0.04046059,0.0002937317,24.1063
"2025-04-08 16:58:51.1",7260,0.03167725,0.04410934,-0.001514435,24.08323
"2025-04-08 16:58:51.15",7261,0.03591537,0.04700089,-0.001760483,24.10365
"2025-04-08 16:58:51.2",7262,0.0291748,0.04760933,-0.005628586,24.08871
"2025-04-08 16:58:51.25",7263,0.02948761,0.04979897,-0.003419876,24.10703
"2025-04-08 16:58:51.3",7264,0.03011703,0.04884911,-0.002563477,24.10692
"2025-04-08 16:58:51.35",7265,0.02959824,0.04859352,0.001266479,24.10521
"2025-04-08 16:58:51.4",7266,0.03335762,0.04693604,0.007129669,24.12017
"2025-04-08 16:58:51.45",7267,0.03525734,0.05390358,0.008768082,24.08733
"2025-04-08 16:58:51.5",7268,0.03291702,0.04743004,0.006004333,24.10387
"2025-04-08 16:58:51.55",7269,0.03351402,0.04716873,0.01303291,24.08228
"2025-04-08 16:58:51.6",7270,0.03162003,0.0471096,0.006717682,24.11977
"2025-04-08 16:58:51.65",7271,0.03074455,0.04792976,0.01099205,24.11362
"2025-04-08 16:58:51.7",7272,0.02801895,0.04735947,0.009521484,24.11551
"2025-04-08 16:58:51.75",7273,0.02897263,0.04794502,0.009950638,24.11598
"2025-04-08 16:58:51.8",7274,0.04148483,0.04679108,0.005281448,24.11662
"2025-04-08 16:58:51.85",7275,0.04981613,0.04583549,0.005449295,24.14009
"2025-04-08 16:58:51.9",7276,0.05200577,0.04602623,0.008838654,24.14029
"2025-04-08 16:58:51.95",7277,0.05291748,0.04314423,0.009216309,24.13905
"2025-04-08 16:58:52",7278,0.05898285,0.04273415,0.00352478,24.13258
"2025-04-08 16:58:52.05",7279,0.06130409,0.04298592,0.004552841,24.14699
"2025-04-08 16:58:52.1",7280,0.06660461,0.04197502,0.005979538,24.13401
"2025-04-08 16:58:52.15",7281,0.0638752,0.04136658,0.007087708,24.14823
"2025-04-08 16:58:52.2",7282,0.06662178,0.04436111,0.006509781,24.14474
"2025-04-08 16:58:52.25",7283,0.06422997,0.05149078,-0.001190186,24.1231
"2025-04-08 16:58:52.3",7284,0.06082916,0.05443382,0.0009536743,24.12187
"2025-04-08 16:58:52.35",7285,0.06710052,0.05498886,0.005561829,24.13316
"2025-04-08 16:58:52.4",7286,0.06379509,0.05639648,0.008760452,24.12197
"2025-04-08 16:58:52.45",7287,0.06204796,0.05674934,0.008522034,24.13731
"2025-04-08 16:58:52.5",7288,0.06320763,0.05729485,0.004964828,24.13764
"2025-04-08 16:58:52.55",7289,0.06431961,0.05582428,0.003067017,24.12023
"2025-04-08 16:58:52.6",7290,0.06067848,0.05880356,0.005167007,24.11996
"2025-04-08 16:58:52.65",7291,0.05893135,0.05913162,0.005918503,24.12066
"2025-04-08 16:58:52.7",7292,0.06336594,0.05884171,0.006874084,24.12131
"2025-04-08 16:58:52.75",7293,0.06184196,0.05755043,0.005588531,24.13544
"2025-04-08 16:58:52.8",7294,0.06418228,0.05925941,0.006830215,24.1359
"2025-04-08 16:58:52.85",7295,0.06472397,0.05886269,0.008584976,24.11964
"2025-04-08 16:58:52.9",7296,0.06173897,0.06089211,0.01392365,24.131
"2025-04-08 16:58:52.95",7297,0.06064606,0.05678558,0.01989937,24.11749
"2025-04-08 16:58:53",7298,0.06054115,0.07044029,0.0132618,24.11953
"2025-04-08 16:58:53.05",7299,0.0637722,0.05709839,0.01506805,24.12135
"2025-04-08 16:58:53.1",7300,0.0652771,0.07043457,0.009048462,24.11877
"2025-04-08 16:58:53.15",7301,0.06353378,0.05673027,0.01632881,24.11588
"2025-04-08 16:58:53.2",7302,0.06023979,0.0567379,0.0191555,24.11979
"2025-04-08 16:58:53.25",7303,0.05872345,0.055933,0.02163506,24.1255
"2025-04-08 16:58:53.3",7304,0.06120491,0.0532856,0.01543236,24.14342
"2025-04-08 16:58:53.35",7305,0.06232834,0.05229568,0.01570892,24.15316
"2025-04-08 16:58:53.4",7306,0.06261826,0.05129814,0.02008438,24.15353
"2025-04-08 16:58:53.45",7307,0.05871773,0.05053329,0.02067947,24.15292
"2025-04-08 16:58:53.5",7308,0.06237221,0.05044174,0.02086449,24.15361
"2025-04-08 16:58:53.55",7309,0.0630703,0.04998398,0.01730728,24.15534
"2025-04-08 16:58:53.6",7310,0.06446648,0.05344009,0.01719475,24.16331
"2025-04-08 16:58:53.65",7311,0.06031227,0.05025291,0.01566505,24.15343
"2025-04-08 16:58:53.7",7312,0.064785,0.05130768,0.01581573,24.15346
"2025-04-08 16:58:53.75",7313,0.0593605,0.06548691,0.01300812,24.15123
"2025-04-08 16:58:53.8",7314,0.06109428,0.05108833,0.01779938,24.15065
"2025-04-08 16:58:53.85",7315,0.06906128,0.05056381,0.01341057,24.14999
"2025-04-08 16:58:53.9",7316,0.07342339,0.04963875,0.01703453,24.15057
"2025-04-08 16:58:53.95",7317,0.07352638,0.04919815,0.01182747,24.14734
"2025-04-08 16:58:54",7318,0.07618904,0.05000687,0.01256371,24.14982
"2025-04-08 16:58:54.05",7319,0.07905579,0.05034065,0.01219177,24.14741
"2025-04-08 16:58:54.1",7320,0.07987976,0.05096245,0.01562691,24.15992
"2025-04-08 16:58:54.15",7321,0.07873154,0.0497818,0.01413345,24.1633
"2025-04-08 16:58:54.2",7322,0.08276176,0.04952621,0.01460266,24.14489
"2025-04-08 16:58:54.25",7323,0.08577919,0.0532856,0.01371002,24.15449
"2025-04-08 16:58:54.3",7324,0.08141708,0.05982971,0.01686096,24.13335
"2025-04-08 16:58:54.35",7325,0.08268356,0.06717873,0.01211739,24.13045
"2025-04-08 16:58:54.4",7326,0.08094215,0.0666275,0.01171112,24.14616
"2025-04-08 16:58:54.45",7327,0.07802582,0.06493568,0.02923584,24.14557
"2025-04-08 16:58:54.5",7328,0.07646179,0.064394,0.02880478,24.12769
"2025-04-08 16:58:54.55",7329,0.07569885,0.05848312,0.02416611,24.16722
"2025-04-08 16:58:54.6",7330,0.06808472,0.05520439,0.02708626,24.18152
"2025-04-08 16:58:54.65",7331,0.0747261,0.05837822,0.02780533,24.17818
"2025-04-08 16:58:54.7",7332,0.07536888,0.05536079,0.02495384,24.17968
"2025-04-08 16:58:54.75",7333,0.07646751,0.05733299,0.02106094,24.17888
"2025-04-08 16:58:54.8",7334,0.07639503,0.05755043,0.01995468,24.16546
"2025-04-08 16:58:54.85",7335,0.07849693,0.06895256,0.01311874,24.17859
"2025-04-08 16:58:54.9",7336,0.08213615,0.05762291,0.02391815,24.1743
"2025-04-08 16:58:54.95",7337,0.08537674,0.05683517,0.01989746,24.15796
"2025-04-08 16:58:55",7338,0.09423828,0.05654144,0.01646805,24.191
"2025-04-08 16:58:55.05",7339,0.09399223,0.07218361,0.01104546,24.14615
"2025-04-08 16:58:55.1",7340,0.09575462,0.0698719,0.01794243,24.15892
"2025-04-08 16:58:55.15",7341,0.09051323,0.07373047,0.021492,24.1517
"2025-04-08 16:58:55.2",7342,0.09042549,0.08623123,0.00879097,24.13985
"2025-04-08 16:58:55.25",7343,0.09111595,0.07445335,0.01483345,24.14046
"2025-04-08 16:58:55.3",7344,0.09745789,0.07744408,0.02229881,24.15762
"2025-04-08 16:58:55.35",7345,0.09353065,0.08403015,0.01391602,24.14292
"2025-04-08 16:58:55.4",7346,0.09185028,0.07290459,0.02490807,24.13941
"2025-04-08 16:58:55.45",7347,0.09153175,0.06879616,0.03533936,24.11283
"2025-04-08 16:58:55.5",7348,0.08715248,0.0708046,0.03161621,24.13512
"2025-04-08 16:58:55.55",7349,0.08503532,0.06927872,0.0341053,24.15199
"2025-04-08 16:58:55.6",7350,0.08980942,0.08157349,0.02601433,24.1366
"2025-04-08 16:58:55.65",7351,0.0893364,0.06861496,0.03587151,24.15404
"2025-04-08 16:58:55.7",7352,0.08732033,0.06771469,0.03417778,24.15063
"2025-04-08 16:58:55.75",7353,0.08626556,0.08003616,0.02256203,24.16882
"2025-04-08 16:58:55.8",7354,0.08675957,0.06499481,0.03394508,24.18115
"2025-04-08 16:58:55.85",7355,0.08761024,0.06310463,0.03370476,24.18547
"2025-04-08 16:58:55.9",7356,0.08571053,0.06188583,0.02902412,24.18899
"2025-04-08 16:58:55.95",7357,0.08665657,0.07494164,0.02333832,24.18945
"2025-04-08 16:58:56",7358,0.09140396,0.07468033,0.02882767,24.20917
"2025-04-08 16:58:56.05",7359,0.09093285,0.06011581,0.03335953,24.1876
"2025-04-08 16:58:56.1",7360,0.09078979,0.06015587,0.0286293,24.1902
"2025-04-08 16:58:56.15",7361,0.09064102,0.06049347,0.0274334,24.18761
"2025-04-08 16:58:56.2",7362,0.08740807,0.06210899,0.02953911,24.17184
"2025-04-08 16:58:56.25",7363,0.08661652,0.0732193,0.0230999,24.21207
"2025-04-08 16:58:56.3",7364,0.09469795,0.07021332,0.02082443,24.21108
"2025-04-08 16:58:56.35",7365,0.09922791,0.05639648,0.0267849,24.20504
"2025-04-08 16:58:56.4",7366,0.1032047,0.05570793,0.02446747,24.18221
"2025-04-08 16:58:56.45",7367,0.1077824,0.05980301,0.02640343,24.21117
"2025-04-08 16:58:56.5",7368,0.1077614,0.07052612,0.01883698,24.17905
"2025-04-08 16:58:56.55",7369,0.1046333,0.07116699,0.01448059,24.20601
"2025-04-08 16:58:56.6",7370,0.1041203,0.058424,0.0216732,24.17618
"2025-04-08 16:58:56.65",7371,0.1081276,0.06137276,0.02446175,24.20233
"2025-04-08 16:58:56.7",7372,0.1057777,0.07890892,0.01610756,24.22081
"2025-04-08 16:58:56.75",7373,0.09971809,0.07627678,0.01930046,24.19149
"2025-04-08 16:58:56.8",7374,0.09859085,0.09124184,0.01338005,24.18264
"2025-04-08 16:58:56.85",7375,0.1009083,0.07745552,0.01867676,24.14848
"2025-04-08 16:58:56.9",7376,0.0991497,0.07594872,0.01764107,24.19289
"2025-04-08 16:58:56.95",7377,0.09750557,0.07598305,0.02014542,24.1855
"2025-04-08 16:58:57",7378,0.09323311,0.0862751,0.01611328,24.21464
"2025-04-08 16:58:57.05",7379,0.08891296,0.07243538,0.02214432,24.17946
"2025-04-08 16:58:57.1",7380,0.0857296,0.05747414,0.03568268,24.17986
"2025-04-08 16:58:57.15",7381,0.08935928,0.07010651,0.03186226,24.18251
"2025-04-08 16:58:57.2",7382,0.08816338,0.07044029,0.03123093,24.14507
"2025-04-08 16:58:57.25",7383,0.0888958,0.07309914,0.02588463,24.18085
"2025-04-08 16:58:57.3",7384,0.08540916,0.07712555,0.02225685,24.18982
"2025-04-08 16:58:57.35",7385,0.08295059,0.07648468,0.02311134,24.18777
"2025-04-08 16:58:57.4",7386,0.08495712,0.07554817,0.01786423,24.18643
"2025-04-08 16:58:57.45",7387,0.08890152,0.04901314,0.02957726,24.15679
"2025-04-08 16:58:57.5",7388,0.08849716,0.07633018,0.0176487,24.1421
"2025-04-08 16:58:57.55",7389,0.1086864,0.06329727,0.02346802,24.20408
"2025-04-08 16:58:57.6",7390,0.1067829,0.07457352,0.01458549,24.15154
"2025-04-08 16:58:57.65",7391,0.1048279,0.06045723,0.02134514,24.12872
"2025-04-08 16:58:57.7",7392,0.1043758,0.06303596,0.01899338,24.12272
"2025-04-08 16:58:57.75",7393,0.1043205,0.06163025,0.02095032,24.13911
"2025-04-08 16:58:57.8",7394,0.1056938,0.06451607,0.02365112,24.16288
"2025-04-08 16:58:57.85",7395,0.1053715,0.09493828,0.01323509,24.16992
"2025-04-08 16:58:57.9",7396,0.1029797,0.07102394,0.02587509,24.14145
"2025-04-08 16:58:57.95",7397,0.1029949,0.08308792,0.02036667,24.1693
"2025-04-08 16:58:58",7398,0.09968376,0.09275246,0.01522255,24.16013
"2025-04-08 16:58:58.05",7399,0.09800339,0.08032227,0.01910973,24.13919
"2025-04-08 16:58:58.1",7400,0.1000767,0.09350395,0.01373291,24.12119
"2025-04-08 16:58:58.15",7401,0.1008339,0.0825882,0.02340698,24.13628
"2025-04-08 16:58:58.2",7402,0.1029816,0.08346176,0.02530861,24.13445
"2025-04-08 16:58:58.25",7403,0.1069241,0.08352661,0.027668,24.13699
"2025-04-08 16:58:58.3",7404,0.1087761,0.07963943,0.02698708,24.14004
"2025-04-08 16:58:58.35",7405,0.1107368,0.09289169,0.01707268,24.138
"2025-04-08 16:58:58.4",7406,0.1073704,0.08303452,0.02256775,24.11845
"2025-04-08 16:58:58.45",7407,0.1053143,0.08145142,0.02725983,24.12992
"2025-04-08 16:58:58.5",7408,0.1026993,0.07908821,0.02588654,24.15171
"2025-04-08 16:58:58.55",7409,0.107296,0.08756447,0.01848602,24.15115
"2025-04-08 16:58:58.6",7410,0.1071453,0.07724953,0.02057457,24.16013
"2025-04-08 16:58:58.65",7411,0.1035614,0.08792114,0.01724434,24.14858
"2025-04-08 16:58:58.7",7412,0.1026554,0.07917595,0.02292633,24.12473
"2025-04-08 16:58:58.75",7413,0.1029625,0.08677673,0.01819992,24.1132
"2025-04-08 16:58:58.8",7414,0.1031361,0.08640289,0.01616669,24.11465
"2025-04-08 16:58:58.85",7415,0.1026726,0.07659721,0.01728439,24.11433
"2025-04-08 16:58:58.9",7416,0.1010323,0.08790779,0.009511948,24.12785
"2025-04-08 16:58:58.95",7417,0.1075726,0.07577515,0.01992035,24.12529
"2025-04-08 16:58:59",7418,0.1133862,0.08555603,0.01698494,24.12721
"2025-04-08 16:58:59.05",7419,0.1231041,0.07277489,0.02208328,24.12457
"2025-04-08 16:58:59.1",7420,0.1198788,0.07385445,0.0182457,24.11197
"2025-04-08 16:58:59.15",7421,0.1168213,0.0862751,0.01497841,24.11012
"2025-04-08 16:58:59.2",7422,0.1186504,0.07505608,0.02228737,24.12128
"2025-04-08 16:58:59.25",7423,0.1192722,0.0739727,0.02195549,24.1086
"2025-04-08 16:58:59.3",7424,0.1221256,0.07709503,0.01908302,24.12584
"2025-04-08 16:58:59.35",7425,0.1234932,0.07388687,0.01992607,24.12565
"2025-04-08 16:58:59.4",7426,0.1215172,0.07366562,0.01846504,24.12188
"2025-04-08 16:58:59.45",7427,0.1211433,0.0737648,0.0184803,24.14301
"2025-04-08 16:58:59.5",7428,0.1184216,0.07657242,0.01806068,24.10648
"2025-04-08 16:58:59.55",7429,0.1217136,0.07589149,0.02350807,24.12296
"2025-04-08 16:58:59.6",7430,0.1216545,0.07341385,0.0201149,24.12421
"2025-04-08 16:58:59.65",7431,0.1211357,0.07742691,0.02289391,24.12038
"2025-04-08 16:58:59.7",7432,0.1192112,0.07836723,0.01960182,24.1196
"2025-04-08 16:58:59.75",7433,0.1194057,0.07752228,0.0206356,24.11942
"2025-04-08 16:58:59.8",7434,0.1217175,0.08799171,0.01434326,24.10518
"2025-04-08 16:58:59.85",7435,0.1191654,0.0773735,0.01641464,24.12055
"2025-04-08 16:58:59.9",7436,0.1200047,0.07752419,0.02103615,24.10446
"2025-04-08 16:58:59.95",7437,0.1192646,0.07685471,0.02339554,24.12006
"2025-04-08 16:59:00",7438,0.1154251,0.08607483,0.01523399,24.13938
"2025-04-08 16:59:00.05",7439,0.1168995,0.07506561,0.02327919,24.11814
"2025-04-08 16:59:00.1",7440,0.1152039,0.08823967,0.01641655,24.11877
"2025-04-08 16:59:00.15",7441,0.1124039,0.07500839,0.01924133,24.11769
"2025-04-08 16:59:00.2",7442,0.111063,0.07780075,0.01700401,24.11893
"2025-04-08 16:59:00.25",7443,0.1101036,0.07406998,0.01686859,24.11871
"2025-04-08 16:59:00.3",7444,0.1138916,0.0817337,0.01506996,24.12024
"2025-04-08 16:59:00.35",7445,0.1143379,0.07223129,0.02141953,24.1042
"2025-04-08 16:59:00.4",7446,0.1152992,0.07288742,0.01791954,24.14056
"2025-04-08 16:59:00.45",7447,0.1162148,0.0688324,0.0167408,24.1159
"2025-04-08 16:59:00.5",7448,0.1137562,0.06798172,0.01968575,24.09791
"2025-04-08 16:59:00.55",7449,0.1119919,0.06659698,0.02033234,24.11418
"2025-04-08 16:59:00.6",7450,0.1119709,0.06750107,0.02214241,24.11632
"2025-04-08 16:59:00.65",7451,0.1123505,0.07935905,0.01597977,24.11407
"2025-04-08 16:59:00.7",7452,0.1125164,0.07012558,0.01657867,24.099
"2025-04-08 16:59:00.75",7453,0.1129417,0.07040787,0.01658058,24.09949
"2025-04-08 16:59:00.8",7454,0.109539,0.06969261,0.01662254,24.11607
"2025-04-08 16:59:00.85",7455,0.1081944,0.07995224,0.01404953,24.10163
"2025-04-08 16:59:00.9",7456,0.107317,0.07060814,0.02068329,24.11398
"2025-04-08 16:59:00.95",7457,0.1089649,0.07036781,0.0173893,24.0994
"2025-04-08 16:59:01",7458,0.1102943,0.07017136,0.01840019,24.11347
"2025-04-08 16:59:01.05",7459,0.1142483,0.06868172,0.01579285,24.09799
"2025-04-08 16:59:01.1",7460,0.1131573,0.06854248,0.01517677,24.07583
"2025-04-08 16:59:01.15",7461,0.1118069,0.06840706,0.02003479,24.11275
"2025-04-08 16:59:01.2",7462,0.1105499,0.06911659,0.02014732,24.09617
"2025-04-08 16:59:01.25",7463,0.1074905,0.0677433,0.01722527,24.07497
"2025-04-08 16:59:01.3",7464,0.1084995,0.06716728,0.01607704,24.09699
"2025-04-08 16:59:01.35",7465,0.1095066,0.06705475,0.01935005,24.09953
"2025-04-08 16:59:01.4",7466,0.1099434,0.06769753,0.01832008,24.09968
"2025-04-08 16:59:01.45",7467,0.1082058,0.06772614,0.01472092,24.09737
"2025-04-08 16:59:01.5",7468,0.1072712,0.06690407,0.01531601,24.11375
"2025-04-08 16:59:01.55",7469,0.1080246,0.06760979,0.01745605,24.10162
"2025-04-08 16:59:01.6",7470,0.1081142,0.06661224,0.01467896,24.11943
"2025-04-08 16:59:01.65",7471,0.1100636,0.06714058,0.01686478,24.12011
"2025-04-08 16:59:01.7",7472,0.1108093,0.06803894,0.0191021,24.12174
"2025-04-08 16:59:01.75",7473,0.111021,0.06716537,0.01637268,24.10523
"2025-04-08 16:59:01.8",7474,0.1105518,0.06712341,0.01623344,24.11913
"2025-04-08 16:59:01.85",7475,0.1062107,0.07349014,0.006614685,24.1195
"2025-04-08 16:59:01.9",7476,0.1114273,0.0662632,0.01539993,24.10326
"2025-04-08 16:59:01.95",7477,0.1053219,0.06752968,0.0112915,24.10252
"2025-04-08 16:59:02",7478,0.1052666,0.06721306,0.01391411,24.11527
"2025-04-08 16:59:02.05",7479,0.1064415,0.06590462,0.01704979,24.1173
"2025-04-08 16:59:02.1",7480,0.109066,0.06616211,0.01450157,24.08526
"2025-04-08 16:59:02.15",7481,0.1114349,0.06453514,0.0132618,24.06603
"2025-04-08 16:59:02.2",7482,0.1092606,0.06501007,0.01308823,24.07301
"2025-04-08 16:59:02.25",7483,0.105051,0.06361008,0.01307106,24.06678
"2025-04-08 16:59:02.3",7484,0.1063404,0.06267548,0.01354599,24.05306
"2025-04-08 16:59:02.35",7485,0.1033134,0.06489372,0.01628685,24.05622
"2025-04-08 16:59:02.4",7486,0.1039276,0.0627327,0.01567459,24.05659
"2025-04-08 16:59:02.45",7487,0.1065369,0.06362534,0.01159668,24.0704
"2025-04-08 16:59:02.5",7488,0.1021442,0.06295586,0.01085854,24.05817
"2025-04-08 16:59:02.55",7489,0.1029205,0.06151009,0.01339149,24.05819
"2025-04-08 16:59:02.6",7490,0.1019669,0.06233025,0.01378822,24.07471
"2025-04-08 16:59:02.65",7491,0.1007824,0.07271957,0.005319595,24.05971
"2025-04-08 16:59:02.7",7492,0.09817505,0.06570816,0.01241875,24.07321
"2025-04-08 16:59:02.75",7493,0.09446526,0.06254196,0.01203346,24.05566
"2025-04-08 16:59:02.8",7494,0.0945549,0.06533432,0.01399231,24.07463
"2025-04-08 16:59:02.85",7495,0.09684944,0.06215286,0.01538467,24.04257
"2025-04-08 16:59:02.9",7496,0.09940338,0.06523895,0.01331329,24.06474
"2025-04-08 16:59:02.95",7497,0.09795189,0.062397,0.009788513,24.09904
"2025-04-08 16:59:03",7498,0.09909058,0.07650948,0.00860405,24.06011
"2025-04-08 16:59:03.05",7499,0.09745026,0.06107521,0.009618759,24.07435
"2025-04-08 16:59:03.1",7500,0.09461784,0.0640049,0.01425934,24.06045
"2025-04-08 16:59:03.15",7501,0.09877205,0.0644474,0.01482582,24.06331
"2025-04-08 16:59:03.2",7502,0.09595871,0.06123734,0.01421165,24.06909
"2025-04-08 16:59:03.25",7503,0.09744453,0.0618763,0.01205635,24.06622
"2025-04-08 16:59:03.3",7504,0.09692955,0.06092453,0.0184288,24.07278
"2025-04-08 16:59:03.35",7505,0.09549332,0.06071663,0.01234055,24.03068
"2025-04-08 16:59:03.4",7506,0.09591103,0.05991364,0.01473427,24.06938
"2025-04-08 16:59:03.45",7507,0.09345436,0.07208824,0.01173782,24.06631
"2025-04-08 16:59:03.5",7508,0.1006317,0.07454872,0.009994507,24.05135
"2025-04-08 16:59:03.55",7509,0.0976429,0.06135941,0.01294327,24.05173
"2025-04-08 16:59:03.6",7510,0.09251213,0.05836678,0.01355743,24.05312
"2025-04-08 16:59:03.65",7511,0.09218597,0.06009102,0.01071548,24.05891
"2025-04-08 16:59:03.7",7512,0.093256,0.05843353,0.0141201,24.0509
"2025-04-08 16:59:03.75",7513,0.09351158,0.05954742,0.01648521,24.06467
"2025-04-08 16:59:03.8",7514,0.09281921,0.05868912,0.01639366,24.04919
"2025-04-08 16:59:03.85",7515,0.09184265,0.05773926,0.01594162,24.05183
"2025-04-08 16:59:03.9",7516,0.09555626,0.05871582,0.01986122,24.02962
"2025-04-08 16:59:03.95",7517,0.09278107,0.0591011,0.01683044,24.05292
"2025-04-08 16:59:04",7518,0.09461594,0.05886269,0.01462364,24.05183
"2025-04-08 16:59:04.05",7519,0.09170723,0.0555687,0.01633453,24.05142
"2025-04-08 16:59:04.1",7520,0.09161377,0.0617981,0.01968575,24.05914
"2025-04-08 16:59:04.15",7521,0.09032631,0.05583382,0.0166111,24.05241
"2025-04-08 16:59:04.2",7522,0.09147644,0.05603027,0.01858521,24.02921
"2025-04-08 16:59:04.25",7523,0.08851242,0.05598068,0.01260185,24.03019
"2025-04-08 16:59:04.3",7524,0.09013176,0.055439,0.01076317,24.02838
"2025-04-08 16:59:04.35",7525,0.09264946,0.05518341,0.01294136,24.03039
"2025-04-08 16:59:04.4",7526,0.09442329,0.05789185,0.008253098,24.05734
"2025-04-08 16:59:04.45",7527,0.08925438,0.05411911,0.003755569,24.04967
"2025-04-08 16:59:04.5",7528,0.08972931,0.05518723,0.002428055,24.02822
"2025-04-08 16:59:04.55",7529,0.08744621,0.05528831,0.004281998,24.0583
"2025-04-08 16:59:04.6",7530,0.08569145,0.05388641,0.0007190704,24.05293
"2025-04-08 16:59:04.65",7531,0.09081841,0.05791092,0.0004482269,24.03052
"2025-04-08 16:59:04.7",7532,0.08674049,0.05481911,-0.001399994,24.0687
"2025-04-08 16:59:04.75",7533,0.08858109,0.05607605,-0.001031876,24.06901
"2025-04-08 16:59:04.8",7534,0.0884552,0.05661583,0.002889633,24.05596
"2025-04-08 16:59:04.85",7535,0.08520508,0.05545044,0.001907349,24.05965
"2025-04-08 16:59:04.9",7536,0.08865738,0.05484009,0.006580353,24.09792
"2025-04-08 16:59:04.95",7537,0.08780479,0.0547142,0.0008563995,24.03819
"2025-04-08 16:59:05",7538,0.08563805,0.05404282,0.004005432,24.03834
"2025-04-08 16:59:05.05",7539,0.08690262,0.05351257,0.001850128,24.06351
"2025-04-08 16:59:05.1",7540,0.08578873,0.05303192,0.003677368,24.04556
"2025-04-08 16:59:05.15",7541,0.09046555,0.05551529,0.009822845,24.08035
"2025-04-08 16:59:05.2",7542,0.08883476,0.05520821,0.005996704,24.0603
"2025-04-08 16:59:05.25",7543,0.08635712,0.055439,0.009458542,24.05994
"2025-04-08 16:59:05.3",7544,0.09117699,0.05574417,0.01091003,24.11945
"2025-04-08 16:59:05.35",7545,0.0864563,0.05189705,0.00689888,24.07594
"2025-04-08 16:59:05.4",7546,0.0852623,0.04911613,0.007471085,24.07496
"2025-04-08 16:59:05.45",7547,0.08574104,0.05295753,0.00586319,24.05061
"2025-04-08 16:59:05.5",7548,0.08892632,0.0557518,0.01053429,24.07821
"2025-04-08 16:59:05.55",7549,0.08544159,0.05131531,0.004554749,24.08593
"2025-04-08 16:59:05.6",7550,0.08544731,0.05122757,0.009757996,24.05405
"2025-04-08 16:59:05.65",7551,0.08494377,0.05169487,0.005151749,24.08902
"2025-04-08 16:59:05.7",7552,0.08318329,0.05483627,0.007526398,24.07288
"2025-04-08 16:59:05.75",7553,0.08581924,0.05750465,0.01475716,24.09397
"2025-04-08 16:59:05.8",7554,0.08066177,0.05038834,0.01102638,24.05064
"2025-04-08 16:59:05.85",7555,0.08206749,0.05132103,0.009763718,24.11345
"2025-04-08 16:59:05.9",7556,0.08314133,0.05175209,0.009256363,24.0713
"2025-04-08 16:59:05.95",7557,0.07964325,0.05477905,0.01412773,24.04952
"2025-04-08 16:59:06",7558,0.08247948,0.05128288,0.0177002,24.05024
"2025-04-08 16:59:06.05",7559,0.08148575,0.05132675,0.01193237,24.04753
"2025-04-08 16:59:06.1",7560,0.08006668,0.05455017,0.01605797,24.0483
"2025-04-08 16:59:06.15",7561,0.08049393,0.05243874,0.0137825,24.04189
"2025-04-08 16:59:06.2",7562,0.07855034,0.05270195,0.01346397,24.05595
"2025-04-08 16:59:06.25",7563,0.08025169,0.05379486,0.01206207,24.03855
"2025-04-08 16:59:06.3",7564,0.08174515,0.0535183,0.01277161,24.03609
"2025-04-08 16:59:06.35",7565,0.08250427,0.05721474,0.01237488,24.01704
"2025-04-08 16:59:06.4",7566,0.07960892,0.05644989,0.01649475,24.0227
"2025-04-08 16:59:06.45",7567,0.07532692,0.05630875,0.01648903,24.0486
"2025-04-08 16:59:06.5",7568,0.08001328,0.05957603,0.02182961,24.0543
"2025-04-08 16:59:06.55",7569,0.08588028,0.05880737,0.0196743,24.03092
"2025-04-08 16:59:06.6",7570,0.07829285,0.05454636,0.01720047,24.02818
"2025-04-08 16:59:06.65",7571,0.07946014,0.05265808,0.0208168,24.05079
"2025-04-08 16:59:06.7",7572,0.07714272,0.04999352,0.02087784,24.02563
"2025-04-08 16:59:06.75",7573,0.07946396,0.04805946,0.0219574,24.02488
"2025-04-08 16:59:06.8",7574,0.07629776,0.04016876,0.0246048,24.02214
"2025-04-08 16:59:06.85",7575,0.07991791,0.03455544,0.02390099,24.02674
"2025-04-08 16:59:06.9",7576,0.07694435,0.03289223,0.02124977,24.02788
"2025-04-08 16:59:06.95",7577,0.07854462,0.03488731,0.0240612,24.01859
"2025-04-08 16:59:07",7578,0.07950974,0.03346252,0.02525902,24.06269
"2025-04-08 16:59:07.05",7579,0.08193779,0.03587341,0.02137756,24.04955
"2025-04-08 16:59:07.1",7580,0.07894707,0.03562927,0.02166748,24.06463
"2025-04-08 16:59:07.15",7581,0.07452774,0.03333473,0.02322388,24.04752
"2025-04-08 16:59:07.2",7582,0.07502556,0.03374481,0.02432442,24.03158
"2025-04-08 16:59:07.25",7583,0.07964516,0.03356934,0.02774811,24.02214
"2025-04-08 16:59:07.3",7584,0.07825279,0.03302574,0.02743149,24.05053
"2025-04-08 16:59:07.35",7585,0.07525253,0.03339386,0.02129745,24.06572
"2025-04-08 16:59:07.4",7586,0.07873726,0.02255249,0.0312233,24.02896
"2025-04-08 16:59:07.45",7587,0.07917976,0.03446198,0.02316284,24.06584
"2025-04-08 16:59:07.5",7588,0.07670021,0.0333786,0.02153969,24.06721
"2025-04-08 16:59:07.55",7589,0.07681274,0.03614807,0.02682686,24.05275
"2025-04-08 16:59:07.6",7590,0.07468987,0.03412247,0.02532959,24.03082
"2025-04-08 16:59:07.65",7591,0.07940483,0.03527069,0.0257988,24.04772
"2025-04-08 16:59:07.7",7592,0.07601929,0.0351944,0.02419853,24.04694
"2025-04-08 16:59:07.75",7593,0.07378387,0.0350647,0.009485245,24.04594
"2025-04-08 16:59:07.8",7594,0.07644844,0.03552818,0.00907135,24.04586
"2025-04-08 16:59:07.85",7595,0.07543182,0.03964996,0.01076317,24.06129
"2025-04-08 16:59:07.9",7596,0.07435036,0.04072762,0.01058769,24.04311
"2025-04-08 16:59:07.95",7597,0.08103943,0.04454803,0.02084732,24.06641
"2025-04-08 16:59:08",7598,0.07621384,0.04043579,0.01344109,24.04907
"2025-04-08 16:59:08.05",7599,0.07688522,0.03881264,0.01172066,24.04825
"2025-04-08 16:59:08.1",7600,0.07457924,0.03752708,0.01860237,24.02477
"2025-04-08 16:59:08.15",7601,0.08016777,0.04128647,0.02141953,24.05241
"2025-04-08 16:59:08.2",7602,0.07344437,0.03653336,0.01575279,24.0479
"2025-04-08 16:59:08.25",7603,0.07241821,0.03715324,0.01471519,24.0479
"2025-04-08 16:59:08.3",7604,0.07496262,0.03842735,0.01974106,24.06479
"2025-04-08 16:59:08.35",7605,0.07569695,0.03880692,0.01440811,24.04655
"2025-04-08 16:59:08.4",7606,0.07430267,0.0388279,0.01659966,24.02335
"2025-04-08 16:59:08.45",7607,0.076437,0.03848267,0.01238441,24.04579
"2025-04-08 16:59:08.5",7608,0.08060265,0.04249763,0.01813126,24.04959
"2025-04-08 16:59:08.55",7609,0.08164215,0.03902054,0.01592064,24.02507
"2025-04-08 16:59:08.6",7610,0.07931328,0.040411,0.01741219,24.02436
"2025-04-08 16:59:08.65",7611,0.078125,0.0395031,0.012537,24.06044
"2025-04-08 16:59:08.7",7612,0.07818985,0.04198265,0.01230812,24.06117
"2025-04-08 16:59:08.75",7613,0.07950783,0.03551865,0.01768875,24.08524
"2025-04-08 16:59:08.8",7614,0.07831573,0.03574753,0.01295471,24.04564
"2025-04-08 16:59:08.85",7615,0.07640457,0.030653,0.01702118,24.04409
"2025-04-08 16:59:08.9",7616,0.07145691,0.02871895,0.01871681,24.04469
"2025-04-08 16:59:08.95",7617,0.06906509,0.03074837,0.01318169,24.04548
"2025-04-08 16:59:09",7618,0.0622921,0.02913475,0.01015091,24.06184
"2025-04-08 16:59:09.05",7619,0.0621891,0.03313255,0.01550102,24.04598
"2025-04-08 16:59:09.1",7620,0.05664635,0.03374481,0.009962082,24.04561
"2025-04-08 16:59:09.15",7621,0.05329323,0.03370285,0.01208687,24.02126
"2025-04-08 16:59:09.2",7622,0.05517197,0.03318214,0.01060295,24.04457
"2025-04-08 16:59:09.25",7623,0.0576458,0.02972984,0.01288223,24.06123
"2025-04-08 16:59:09.3",7624,0.06054878,0.03050613,0.009366989,24.04565
"2025-04-08 16:59:09.35",7625,0.0600071,0.03371429,0.008916855,24.04276
"2025-04-08 16:59:09.4",7626,0.06180382,0.03413582,0.01167107,24.04435
"2025-04-08 16:59:09.45",7627,0.0605526,0.03246307,0.01319313,24.08059
"2025-04-08 16:59:09.5",7628,0.06538391,0.03204727,0.01542282,24.047
"2025-04-08 16:59:09.55",7629,0.06483078,0.03358841,0.008703232,24.05936
"2025-04-08 16:59:09.6",7630,0.06315041,0.03398705,0.00907135,24.02506
"2025-04-08 16:59:09.65",7631,0.06532288,0.03409958,0.01288033,24.06151
"2025-04-08 16:59:09.7",7632,0.06435585,0.03295517,0.01350021,24.0487
"2025-04-08 16:59:09.75",7633,0.06752014,0.03231812,0.01126671,24.06743
"2025-04-08 16:59:09.8",7634,0.06907082,0.03237152,0.01250648,24.02605
"2025-04-08 16:59:09.85",7635,0.06911469,0.03286362,0.01264,24.03305
"2025-04-08 16:59:09.9",7636,0.06866455,0.03313065,0.01226616,24.06015
"2025-04-08 16:59:09.95",7637,0.06617165,0.0330925,0.01007843,24.02197
"2025-04-08 16:59:10",7638,0.06549835,0.03199196,0.007892609,24.04362
"2025-04-08 16:59:10.05",7639,0.06650734,0.03408813,0.010149,24.05262
"2025-04-08 16:59:10.1",7640,0.06569862,0.032938,0.008760452,24.02222
"2025-04-08 16:59:10.15",7641,0.06771469,0.0331974,0.009218216,24.02026
"2025-04-08 16:59:10.2",7642,0.06719017,0.03338242,0.007278442,24.04239
"2025-04-08 16:59:10.25",7643,0.06350708,0.03231812,0.005962372,24.01968
"2025-04-08 16:59:10.3",7644,0.05661201,0.03256798,0.01023865,24.0211
"2025-04-08 16:59:10.35",7645,0.04961205,0.02944183,0.009860992,24.0238
"2025-04-08 16:59:10.4",7646,0.05234528,0.03186417,0.009473801,24.04379
"2025-04-08 16:59:10.45",7647,0.05183601,0.03335953,0.01128387,24.05109
"2025-04-08 16:59:10.5",7648,0.05544853,0.02854729,0.00598526,24.02107
"2025-04-08 16:59:10.55",7649,0.05774498,0.03062057,0.006570816,24.02335
"2025-04-08 16:59:10.6",7650,0.05589676,0.02752113,0.006605148,24.04488
"2025-04-08 16:59:10.65",7651,0.06007957,0.0327301,0.01118279,24.02891
"2025-04-08 16:59:10.7",7652,0.05572319,0.03038406,0.007715225,24.04334
"2025-04-08 16:59:10.75",7653,0.05877304,0.03007698,0.004671097,24.05722
"2025-04-08 16:59:10.8",7654,0.05657387,0.02910995,0.007219315,24.02156
"2025-04-08 16:59:10.85",7655,0.05977249,0.02936363,0.008789063,24.05888
"2025-04-08 16:59:10.9",7656,0.05669594,0.02936935,0.008514404,24.04679
"2025-04-08 16:59:10.95",7657,0.05719757,0.02941322,0.006345749,24.04164
"2025-04-08 16:59:11",7658,0.05625534,0.02945137,0.009046555,24.05605
"2025-04-08 16:59:11.05",7659,0.06361389,0.03272057,0.01259232,24.02799
"2025-04-08 16:59:11.1",7660,0.05587959,0.02998924,0.003879547,24.01461
"2025-04-08 16:59:11.15",7661,0.05587387,0.03099823,0.002874374,24.02074
"2025-04-08 16:59:11.2",7662,0.05453873,0.03366852,0.002408981,24.02042
"2025-04-08 16:59:11.25",7663,0.05445671,0.02864647,0.008211136,24.05906
"2025-04-08 16:59:11.3",7664,0.05384636,0.02992249,0.005302429,24.02127
"2025-04-08 16:59:11.35",7665,0.05342293,0.02679825,0.004520416,24.02229
"2025-04-08 16:59:11.4",7666,0.05913544,0.0295372,0.00091362,24.01534
"2025-04-08 16:59:11.45",7667,0.05385208,0.0268116,0.003738403,24.01181
"2025-04-08 16:59:11.5",7668,0.054245,0.02575874,0.004285812,24.01966
"2025-04-08 16:59:11.55",7669,0.054739,0.02578926,0.005636215,24.0135
"2025-04-08 16:59:11.6",7670,0.05732727,0.02472305,0.008836746,24.0234
"2025-04-08 16:59:11.65",7671,0.05812073,0.02575874,0.002264023,24.08179
"2025-04-08 16:59:11.7",7672,0.05547714,0.0259037,0.002735138,24.04369
"2025-04-08 16:59:11.75",7673,0.053936,0.02651405,0.002573013,24.01924
"2025-04-08 16:59:11.8",7674,0.05173683,0.02587128,0.002868652,24.01999
"2025-04-08 16:59:11.85",7675,0.05704689,0.02900505,0.008592606,24.02814
"2025-04-08 16:59:11.9",7676,0.0597496,0.02625847,0.008361816,24.03327
"2025-04-08 16:59:11.95",7677,0.06071472,0.02953529,0.00802803,24.02943
"2025-04-08 16:59:12",7678,0.05912399,0.03016281,0.007452011,24.05145
"2025-04-08 16:59:12.05",7679,0.05432129,0.02573776,0.009670258,24.02894
"2025-04-08 16:59:12.1",7680,0.05852699,0.02773094,0.01152611,24.05368
"2025-04-08 16:59:12.15",7681,0.05569458,0.02466011,0.006477356,24.02311
"2025-04-08 16:59:12.2",7682,0.05388451,0.02594376,0.004226685,24.04391
"2025-04-08 16:59:12.25",7683,0.05247307,0.02259254,0.007995605,24.01849
"2025-04-08 16:59:12.3",7684,0.05340385,0.02509117,0.004161835,24.01868
"2025-04-08 16:59:12.35",7685,0.05132103,0.02285004,0.002494812,24.04328
"2025-04-08 16:59:12.4",7686,0.05213737,0.02337074,0.005081177,24.02072
"2025-04-08 16:59:12.45",7687,0.05085373,0.02607155,0.007978439,24.0192
"2025-04-08 16:59:12.5",7688,0.0502491,0.02302361,0.004838943,24.07708
"2025-04-08 16:59:12.55",7689,0.04917336,0.02287674,0.006443024,24.0414
"2025-04-08 16:59:12.6",7690,0.04926872,0.0221405,0.005262375,24.04068
"2025-04-08 16:59:12.65",7691,0.05255699,0.02230453,0.004919052,24.058
"2025-04-08 16:59:12.7",7692,0.04991531,0.02589226,0.006303787,24.01978
"2025-04-08 16:59:12.75",7693,0.05352783,0.02342987,0.00800705,24.05454
"2025-04-08 16:59:12.8",7694,0.05160904,0.02200127,0.009803772,24.04121
"2025-04-08 16:59:12.85",7695,0.05281258,0.02122116,0.009334564,24.0566
"2025-04-08 16:59:12.9",7696,0.0550766,0.02462006,0.006185532,24.022
"2025-04-08 16:59:12.95",7697,0.05346107,0.02310753,0.004737854,24.01709
"2025-04-08 16:59:13",7698,0.05378532,0.02281189,0.003866196,24.02799
"2025-04-08 16:59:13.05",7699,0.05321121,0.02227974,0.003799438,24.01778
"2025-04-08 16:59:13.1",7700,0.05459595,0.02216339,0.001520157,24.05867
"2025-04-08 16:59:13.15",7701,0.05407715,0.02229881,0.001037598,24.04344
"2025-04-08 16:59:13.2",7702,0.05211449,0.02310181,0.007352829,24.04118
"2025-04-08 16:59:13.25",7703,0.05041313,0.02331352,0.0076828,24.04221
"2025-04-08 16:59:13.3",7704,0.05435562,0.01975632,0.004594803,24.01822
"2025-04-08 16:59:13.35",7705,0.05861473,0.02348137,0.00258255,24.04784
"2025-04-08 16:59:13.4",7706,0.05188179,0.02374268,0.004560471,24.02045
"2025-04-08 16:59:13.45",7707,0.05392075,0.02518654,0.007793427,24.06329
"2025-04-08 16:59:13.5",7708,0.05319214,0.02516365,0.008558273,24.04019
"2025-04-08 16:59:13.55",7709,0.05474472,0.02581024,0.002231598,24.04223
"2025-04-08 16:59:13.6",7710,0.05284882,0.02300835,0.0003318787,24.05573
"2025-04-08 16:59:13.65",7711,0.05529213,0.02266121,0.004890442,24.02119
"2025-04-08 16:59:13.7",7712,0.05487442,0.02273178,0.004343033,24.04147
"2025-04-08 16:59:13.75",7713,0.05382347,0.02563095,0.007022858,24.02558
"2025-04-08 16:59:13.8",7714,0.05550385,0.02532578,0.007225037,24.02465
"2025-04-08 16:59:13.85",7715,0.05268669,0.02071571,0.002710342,24.01886
"2025-04-08 16:59:13.9",7716,0.05484772,0.02152061,0.0004768372,24.01998
"2025-04-08 16:59:13.95",7717,0.05241013,0.008584976,0.01006699,24.01694
"2025-04-08 16:59:14",7718,0.05669594,0.02220917,0.004577637,24.01683
"2025-04-08 16:59:14.05",7719,0.05392647,0.02198029,-0.0002365112,24.01789
"2025-04-08 16:59:14.1",7720,0.05481339,0.0182209,0.00453186,24.0573
"2025-04-08 16:59:14.15",7721,0.05781746,0.0217762,0.004636765,24.0438
"2025-04-08 16:59:14.2",7722,0.06080437,0.02617264,0.003656387,24.02625
"2025-04-08 16:59:14.25",7723,0.05756569,0.0226326,0.0002994537,24.0881
"2025-04-08 16:59:14.3",7724,0.05779457,0.02111435,0.005220413,24.05199
"2025-04-08 16:59:14.35",7725,0.05920982,0.02451515,0.002204895,24.05428
"2025-04-08 16:59:14.4",7726,0.05625534,0.02207565,0.006408691,24.02908
"2025-04-08 16:59:14.45",7727,0.04960251,0.02010345,0.002405167,24.0416
"2025-04-08 16:59:14.5",7728,0.05475044,0.02220917,0.002616882,24.01836
"2025-04-08 16:59:14.55",7729,0.05695152,0.02104568,0.001953125,24.04208
"2025-04-08 16:59:14.6",7730,0.05609131,0.01855659,-0.000120163,24.05576
"2025-04-08 16:59:14.65",7731,0.05361366,0.01920891,-0.0008029938,24.01659
"2025-04-08 16:59:14.7",7732,0.05444527,0.01955986,0.001693726,24.01611
"2025-04-08 16:59:14.75",7733,0.05561256,0.01781082,0.002483368,24.01743
"2025-04-08 16:59:14.8",7734,0.05754852,0.02155876,0.005382538,24.01811
"2025-04-08 16:59:14.85",7735,0.05785179,0.01957893,0.002885818,24.04242
"2025-04-08 16:59:14.9",7736,0.05977821,0.02336502,0.006368637,24.03895
"2025-04-08 16:59:14.95",7737,0.05728722,0.01909065,0.004034042,24.04054
"2025-04-08 16:59:15",7738,0.0578022,0.02056503,0.002567291,24.01791
"2025-04-08 16:59:15.05",7739,0.05923462,0.01894569,0.000371933,24.05596
"2025-04-08 16:59:15.1",7740,0.05612373,0.02146912,0.00340271,24.04151
"2025-04-08 16:59:15.15",7741,0.05589676,0.02220154,0.003053665,24.05334
"2025-04-08 16:59:15.2",7742,0.05965996,0.01915169,4.577637E-05,24.01615
"2025-04-08 16:59:15.25",7743,0.06027603,0.02116966,0.003023148,24.01923
"2025-04-08 16:59:15.3",7744,0.05617523,0.020895,0.002721786,24.02043
"2025-04-08 16:59:15.35",7745,0.05810738,0.02201271,0.003978729,24.01795
"2025-04-08 16:59:15.4",7746,0.06213379,0.02189636,0.003084183,24.03893
"2025-04-08 16:59:15.45",7747,0.05904007,0.02117348,-0.0003261566,24.0394
"2025-04-08 16:59:15.5",7748,0.05706215,0.02021408,-0.0004005432,24.0403
"2025-04-08 16:59:15.55",7749,0.05588531,0.02085495,0.004201889,24.02006
"2025-04-08 16:59:15.6",7750,0.05609322,0.02399445,0.003292084,24.01724
"2025-04-08 16:59:15.65",7751,0.0579834,0.02476501,0.001850128,24.05358
"2025-04-08 16:59:15.7",7752,0.05536652,0.02309418,0.004844666,24.03868
"2025-04-08 16:59:15.75",7753,0.05859375,0.02566338,0.004919052,24.05322
"2025-04-08 16:59:15.8",7754,0.05957603,0.02557564,-0.0001869202,24.01823
"2025-04-08 16:59:15.85",7755,0.05919647,0.02347183,-0.00113678,24.01629
"2025-04-08 16:59:15.9",7756,0.05733109,0.02305603,0.001728058,24.03652
"2025-04-08 16:59:15.95",7757,0.06208038,0.02069473,0.002433777,24.03924
"2025-04-08 16:59:16",7758,0.06087875,0.02313042,0.005050659,24.01707
"2025-04-08 16:59:16.05",7759,0.06228065,0.02095032,0.003704071,24.01946
"2025-04-08 16:59:16.1",7760,0.05753136,0.01801491,0.001192093,24.0402
"2025-04-08 16:59:16.15",7761,0.05972672,0.0209465,-0.003923416,24.03793
"2025-04-08 16:59:16.2",7762,0.05875778,0.02331352,-0.001403809,24.03957
"2025-04-08 16:59:16.25",7763,0.0583992,0.02042007,0.003084183,24.0228
"2025-04-08 16:59:16.3",7764,0.05923462,0.02012634,0.00402832,24.08403
"2025-04-08 16:59:16.35",7765,0.05711365,0.01777458,-0.00368309,24.01662
"2025-04-08 16:59:16.4",7766,0.05912971,0.01817703,-0.001415253,24.05117
"2025-04-08 16:59:16.45",7767,0.05817413,0.01810837,0.001588821,24.05342
"2025-04-08 16:59:16.5",7768,0.05583382,0.01804543,-0.003677368,24.03869
"2025-04-08 16:59:16.55",7769,0.0549202,0.01891327,-0.00295639,24.07878
"2025-04-08 16:59:16.6",7770,0.05783844,0.01910782,-0.001220703,24.03879
"2025-04-08 16:59:16.65",7771,0.05315971,0.01886368,-0.001148224,24.03921
"2025-04-08 16:59:16.7",7772,0.05594635,0.01528168,-0.003252029,24.03802
"2025-04-08 16:59:16.75",7773,0.05540466,0.01814651,0.003477097,24.04528
"2025-04-08 16:59:16.8",7774,0.05338287,0.001726151,0.006658554,24.0505
"2025-04-08 16:59:16.85",7775,0.05570793,0.02103996,0.001386642,24.05753
"2025-04-08 16:59:16.9",7776,0.05352211,0.01516533,-0.001766205,24.0117
"2025-04-08 16:59:16.95",7777,0.05276871,0.01768303,-0.006652832,24.03637
"2025-04-08 16:59:17",7778,0.05349922,0.01536179,-0.007356644,24.0524
"2025-04-08 16:59:17.05",7779,0.05257225,0.01552773,-0.007535934,24.07549
"2025-04-08 16:59:17.1",7780,0.05084229,0.01521683,-0.007095337,24.04042
"2025-04-08 16:59:17.15",7781,0.05031776,0.01854897,-0.001337051,24.0474
"2025-04-08 16:59:17.2",7782,0.05117035,0.01354599,-0.0007610321,24.04319
"2025-04-08 16:59:17.25",7783,0.05334282,0.01801491,0.002950668,24.05438
"2025-04-08 16:59:17.3",7784,0.04714394,0.01509857,-0.002538681,24.04845
"2025-04-08 16:59:17.35",7785,0.05171394,0.0133934,-0.001464844,24.0623
"2025-04-08 16:59:17.4",7786,0.05246353,0.01487541,0.0002975464,24.0613
"2025-04-08 16:59:17.45",7787,0.05003166,0.01480675,0.002632141,24.07183
"2025-04-08 16:59:17.5",7788,0.05160904,0.01468086,-0.001947403,24.06593
"2025-04-08 16:59:17.55",7789,0.05360222,0.01436806,-0.00787735,24.06532
"2025-04-08 16:59:17.6",7790,0.05057526,0.01506042,-0.006084442,24.11508
"2025-04-08 16:59:17.65",7791,0.05035591,0.01163101,-0.005086899,24.04118
"2025-04-08 16:59:17.7",7792,0.05265236,0.01791382,-0.003517151,24.07312
"2025-04-08 16:59:17.75",7793,0.04888725,0.01178551,-0.005918503,24.03714
"2025-04-08 16:59:17.8",7794,0.05416489,0.0187397,-0.003059387,24.0827
"2025-04-08 16:59:17.85",7795,0.05078506,0.01542664,-0.007253647,24.04556
"2025-04-08 16:59:17.9",7796,0.05264091,0.01288795,-0.009105682,24.05072
"2025-04-08 16:59:17.95",7797,0.05224419,0.01299667,-0.003450394,24.05194
"2025-04-08 16:59:18",7798,0.05048561,0.01391983,-0.005386353,24.05229
"2025-04-08 16:59:18.05",7799,0.04980278,0.01451683,-0.007101059,24.05364
"2025-04-08 16:59:18.1",7800,0.0506134,0.01408195,-0.005840302,24.05161
"2025-04-08 16:59:18.15",7801,0.05094337,-0.002388,-0.001302719,24.05004
"2025-04-08 16:59:18.2",7802,0.04897118,0.01256371,-0.006620407,24.05246
"2025-04-08 16:59:18.25",7803,0.0523777,0.009529114,-0.006347656,24.0378
"2025-04-08 16:59:18.3",7804,0.04913902,0.00920105,-0.00358963,24.05264
"2025-04-08 16:59:18.35",7805,0.04922867,0.009937286,-0.005582809,24.03453
"2025-04-08 16:59:18.4",7806,0.05274582,0.006000519,-0.006788254,24.07988
"2025-04-08 16:59:18.45",7807,0.05132103,0.004999161,-0.004497528,24.05653
"2025-04-08 16:59:18.5",7808,0.04907036,0.004716873,-0.002994537,24.0524
"2025-04-08 16:59:18.55",7809,0.05325508,0.006038666,-0.001441956,24.05271
"2025-04-08 16:59:18.6",7810,0.05137444,-0.0103569,0.002307892,24.07442
"2025-04-08 16:59:18.65",7811,0.05322838,0.004482269,-0.002672195,24.05148
"2025-04-08 16:59:18.7",7812,0.05656242,0.001890182,-0.001081467,24.04068
"2025-04-08 16:59:18.75",7813,0.05742645,0.0008392334,-0.007457733,24.04131
"2025-04-08 16:59:18.8",7814,0.05822372,0.001615524,-0.01207352,24.04085
"2025-04-08 16:59:18.85",7815,0.06016159,0.004980087,-0.01218796,24.03989
"2025-04-08 16:59:18.9",7816,0.06020737,-0.01412392,-0.01039505,24.05591
"2025-04-08 16:59:18.95",7817,0.05438805,-0.001941681,-0.01281357,24.04108
"2025-04-08 16:59:19",7818,0.05500984,-0.0007591248,-0.01047516,24.04184
"2025-04-08 16:59:19.05",7819,0.05691147,-0.00163269,-0.0127964,24.01628
"2025-04-08 16:59:19.1",7820,0.05665588,0.001581192,-0.009609222,24.05292
"2025-04-08 16:59:19.15",7821,0.05499268,-0.001794815,-0.01215553,24.036
"2025-04-08 16:59:19.2",7822,0.05492401,0.001777649,-0.01045799,24.05226
"2025-04-08 16:59:19.25",7823,0.05460548,-0.0009803772,-0.01245689,24.05344
"2025-04-08 16:59:19.3",7824,0.05474472,0.000207901,-0.010252,24.03656
"2025-04-08 16:59:19.35",7825,0.05941963,0.001857758,-0.01037979,24.03548
"2025-04-08 16:59:19.4",7826,0.05933571,0.006099701,-0.009429932,24.01198
"2025-04-08 16:59:19.45",7827,0.05767822,0.003593445,-0.01270294,24.03682
"2025-04-08 16:59:19.5",7828,0.05735397,0.004983902,-0.01332283,24.03861
"2025-04-08 16:59:19.55",7829,0.06025887,0.005828857,-0.01343918,24.01324
"2025-04-08 16:59:19.6",7830,0.05489731,0.006631851,-0.01436043,24.0342
"2025-04-08 16:59:19.65",7831,0.06155014,0.004274368,-0.01080322,24.0143
"2025-04-08 16:59:19.7",7832,0.06237984,0.008161545,-0.008962631,24.04248
"2025-04-08 16:59:19.75",7833,0.05996704,0.005786896,-0.01033974,24.05083
"2025-04-08 16:59:19.8",7834,0.06235123,0.009065628,-0.009498596,24.01295
"2025-04-08 16:59:19.85",7835,0.06123161,0.007301331,-0.01423264,24.03555
"2025-04-08 16:59:19.9",7836,0.05630302,0.006977081,-0.01470375,24.03523
"2025-04-08 16:59:19.95",7837,0.0548172,0.002292633,-0.0111351,24.04992
"2025-04-08 16:59:20",7838,0.05630302,-0.002149582,-0.01463127,24.03784
"2025-04-08 16:59:20.05",7839,0.05599022,-0.003795624,-0.0151825,24.03317
"2025-04-08 16:59:20.1",7840,0.05955505,0.001962662,-0.0187912,24.03397
"2025-04-08 16:59:20.15",7841,0.0608387,0.001399994,-0.01853752,24.014
"2025-04-08 16:59:20.2",7842,0.05634499,0.003314972,-0.01424026,24.0341
"2025-04-08 16:59:20.25",7843,0.05759811,0.004480362,-0.0176506,24.03608
"2025-04-08 16:59:20.3",7844,0.05642128,0.005325317,-0.01516533,24.01344
"2025-04-08 16:59:20.35",7845,0.05786705,0.006559372,-0.01381493,24.03439
"2025-04-08 16:59:20.4",7846,0.06167221,0.003860474,-0.01259613,24.0365
"2025-04-08 16:59:20.45",7847,0.06191063,0.003269196,-0.0153904,24.03708
"2025-04-08 16:59:20.5",7848,0.06201172,0.003833771,-0.01395226,24.01605
"2025-04-08 16:59:20.55",7849,0.06633568,0.003358841,-0.01349068,24.00488
"2025-04-08 16:59:20.6",7850,0.06672668,0.003349304,-0.01488495,24.0342
"2025-04-08 16:59:20.65",7851,0.0691452,0.005174637,-0.01336861,24.0418
"2025-04-08 16:59:20.7",7852,0.06878662,0.001739502,-0.01792526,24.03764
"2025-04-08 16:59:20.75",7853,0.06799507,0.004119873,-0.02147865,24.01553
"2025-04-08 16:59:20.8",7854,0.06965637,0.005432129,-0.02005768,24.00608
"2025-04-08 16:59:20.85",7855,0.06535339,0.005203247,-0.01779556,24.03706
"2025-04-08 16:59:20.9",7856,0.06861496,0.005306244,-0.0173111,24.04925
"2025-04-08 16:59:20.95",7857,0.07235909,0.005117416,-0.0177784,23.98441
"2025-04-08 16:59:21",7858,0.07513046,0.00485611,-0.01303864,24.02176
"2025-04-08 16:59:21.05",7859,0.07544327,0.004077911,-0.02252007,23.98736
"2025-04-08 16:59:21.1",7860,0.06451225,0.00513649,-0.01830864,24.0099
"2025-04-08 16:59:21.15",7861,0.06156349,0.005235672,-0.0164547,23.98798
"2025-04-08 16:59:21.2",7862,0.06366539,0.003961563,-0.0217495,24.00826
"2025-04-08 16:59:21.25",7863,0.06407356,0.007217407,-0.02105713,24.04057
"2025-04-08 16:59:21.3",7864,0.0631237,0.006977081,-0.01848412,24.01694
"2025-04-08 16:59:21.35",7865,0.06134796,0.007959366,-0.02095795,24.0092
"2025-04-08 16:59:21.4",7866,0.06420135,0.007217407,-0.0182209,24.00312
"2025-04-08 16:59:21.45",7867,0.06504631,0.006967545,-0.01663589,24.0044
"2025-04-08 16:59:21.5",7868,0.06074524,0.006513596,-0.0153904,24.00407
"2025-04-08 16:59:21.55",7869,0.06418037,0.007535934,-0.0194664,24.01331
"2025-04-08 16:59:21.6",7870,0.06546211,0.006950378,-0.02305031,24.00373
"2025-04-08 16:59:21.65",7871,0.06322861,0.007713318,-0.01999664,24.00372
"2025-04-08 16:59:21.7",7872,0.06160355,0.00715065,-0.0181942,24.00489
"2025-04-08 16:59:21.75",7873,0.06772041,0.009584427,-0.01885605,24.01482
"2025-04-08 16:59:21.8",7874,0.06262779,0.007274628,-0.01854897,24.00565
"2025-04-08 16:59:21.85",7875,0.06322479,0.007547379,-0.02253151,24.01482
"2025-04-08 16:59:21.9",7876,0.06751823,0.01037979,-0.01760483,24.00594
"2025-04-08 16:59:21.95",7877,0.0659771,0.009860992,-0.01722145,23.98175
"2025-04-08 16:59:22",7878,0.06443405,0.009061813,-0.01832581,24.00442
"2025-04-08 16:59:22.05",7879,0.06315041,0.009016037,-0.01806068,24.00639
"2025-04-08 16:59:22.1",7880,0.06305695,0.008724213,-0.01975822,23.98612
"2025-04-08 16:59:22.15",7881,0.06519508,0.01248932,-0.01698685,23.95922
"2025-04-08 16:59:22.2",7882,0.0650959,0.009794235,-0.02469444,23.9826
"2025-04-08 16:59:22.25",7883,0.06545067,0.008771896,-0.02472687,23.95891
"2025-04-08 16:59:22.3",7884,0.06651878,0.0086689,-0.02136993,23.98215
"2025-04-08 16:59:22.35",7885,0.06572723,0.008630753,-0.02161789,23.98354
"2025-04-08 16:59:22.4",7886,0.06375885,0.009313583,-0.01917076,23.96187
"2025-04-08 16:59:22.45",7887,0.06458282,0.007640839,-0.01909256,24.0056
"2025-04-08 16:59:22.5",7888,0.06423569,0.008609772,-0.02441406,23.95909
"2025-04-08 16:59:22.55",7889,0.06562614,0.01200485,-0.02080154,23.9607
"2025-04-08 16:59:22.6",7890,0.06512451,0.009145737,-0.02427101,24.00523
"2025-04-08 16:59:22.65",7891,0.06312752,0.01081848,-0.02201462,23.95961
"2025-04-08 16:59:22.7",7892,0.06384277,0.01031113,-0.0246315,23.96246
"2025-04-08 16:59:22.75",7893,0.06422806,0.01091576,-0.02249908,23.96006
"2025-04-08 16:59:22.8",7894,0.06963539,0.01348495,-0.0181942,23.96635
"2025-04-08 16:59:22.85",7895,0.06902695,0.01244926,-0.02364349,23.9602
"2025-04-08 16:59:22.9",7896,0.064888,0.006155014,-0.02231026,23.96065
"2025-04-08 16:59:22.95",7897,0.06573105,0.00728035,-0.02331352,23.95978
"2025-04-08 16:59:23",7898,0.06449318,0.007205963,-0.02383423,23.96056
"2025-04-08 16:59:23.05",7899,0.06176567,0.004899979,-0.0257988,23.95015
"2025-04-08 16:59:23.1",7900,0.06503487,0.003995895,-0.02428627,23.96026
"2025-04-08 16:59:23.15",7901,0.06619453,0.006429672,-0.02549171,23.96175
"2025-04-08 16:59:23.2",7902,0.06549644,0.009384155,-0.02727509,23.95971
"2025-04-08 16:59:23.25",7903,0.06381035,0.007080078,-0.02795982,23.96137
"2025-04-08 16:59:23.3",7904,0.06848526,0.006937027,-0.02484512,23.95263
"2025-04-08 16:59:23.35",7905,0.07110023,0.01014328,-0.026371,23.96122
"2025-04-08 16:59:23.4",7906,0.06708145,0.006370544,-0.02772141,23.96375
"2025-04-08 16:59:23.45",7907,0.07149696,0.009969711,-0.02720642,23.97252
"2025-04-08 16:59:23.5",7908,0.07059669,0.01294136,-0.0289402,23.94328
"2025-04-08 16:59:23.55",7909,0.06328964,0.007356644,-0.03034973,23.95426
"2025-04-08 16:59:23.6",7910,0.05898666,0.009290695,-0.02633095,23.93127
"2025-04-08 16:59:23.65",7911,0.06053162,0.008451462,-0.02964783,23.93053
"2025-04-08 16:59:23.7",7912,0.06302261,0.00853157,-0.02792358,23.93275
"2025-04-08 16:59:23.75",7913,0.05932617,0.008127213,-0.02816391,23.9302
"2025-04-08 16:59:23.8",7914,0.05965042,0.008630753,-0.02490997,23.95302
"2025-04-08 16:59:23.85",7915,0.06313896,0.008897781,-0.02251053,23.95843
"2025-04-08 16:59:23.9",7916,0.06125069,0.007808685,-0.01941681,23.94933
"2025-04-08 16:59:23.95",7917,0.06268311,0.004566193,-0.01979446,23.95137
"2025-04-08 16:59:24",7918,0.05973244,0.004968643,-0.01930618,23.95086
"2025-04-08 16:59:24.05",7919,0.05883408,0.005174637,-0.01670837,23.95161
"2025-04-08 16:59:24.1",7920,0.05854797,0.006069183,-0.01040649,23.95072
"2025-04-08 16:59:24.15",7921,0.06048584,0.002868652,-0.01082039,23.95148
"2025-04-08 16:59:24.2",7922,0.05981255,0.005334854,-0.01408768,23.93099
"2025-04-08 16:59:24.25",7923,0.0581131,0.003253937,-0.01274872,23.95427
"2025-04-08 16:59:24.3",7924,0.05723572,0.00378418,-0.01334953,23.95299
"2025-04-08 16:59:24.35",7925,0.05231667,0.003578186,-0.01058769,23.95087
"2025-04-08 16:59:24.4",7926,0.04965782,0.0007457733,-0.01098251,23.9504
"2025-04-08 16:59:24.45",7927,0.05386353,0.004234314,-0.008440018,23.93618
"2025-04-08 16:59:24.5",7928,0.0541935,0.003225327,-0.01157951,23.95295
"2025-04-08 16:59:24.55",7929,0.05404282,-0.0002536774,-0.01245308,23.95346
"2025-04-08 16:59:24.6",7930,0.05363846,0.001134872,-0.01230621,23.9279
"2025-04-08 16:59:24.65",7931,0.05129623,0.001304626,-0.008932114,23.95184
"2025-04-08 16:59:24.7",7932,0.04825783,0.0005321503,-0.0119381,23.95131
"2025-04-08 16:59:24.75",7933,0.04851723,0.002241135,-0.008974075,23.95359
"2025-04-08 16:59:24.8",7934,0.04858017,0.005493164,-0.007946014,23.93229
"2025-04-08 16:59:24.85",7935,0.04608536,0.005950928,-0.006904602,23.95532
"2025-04-08 16:59:24.9",7936,0.0466938,0.006040573,-0.01216698,23.95449
"2025-04-08 16:59:24.95",7937,0.04568672,0.005937576,-0.008161545,23.95288
"2025-04-08 16:59:25",7938,0.04578781,0.00847435,-0.01083755,23.95266
"2025-04-08 16:59:25.05",7939,0.04401016,0.007621765,-0.01096725,23.93031
"2025-04-08 16:59:25.1",7940,0.04439163,0.008958817,-0.01085472,23.95145
"2025-04-08 16:59:25.15",7941,0.04699326,0.008434296,-0.009250641,23.93042
"2025-04-08 16:59:25.2",7942,0.0440464,0.007677078,-0.01089287,23.95196
"2025-04-08 16:59:25.25",7943,0.04566002,0.008831024,-0.008815765,23.95117
"2025-04-08 16:59:25.3",7944,0.04710197,0.01075745,-0.006174088,23.9507
"2025-04-08 16:59:25.35",7945,0.04836082,0.01046181,-0.005899429,23.95222
"2025-04-08 16:59:25.4",7946,0.0494194,0.01034737,-0.009407043,23.95316
"2025-04-08 16:59:25.45",7947,0.05088043,0.01009941,-0.008825302,23.95322
"2025-04-08 16:59:25.5",7948,0.05092621,0.01363564,-0.005537033,23.95281
"2025-04-08 16:59:25.55",7949,0.05115318,0.01398087,-0.0110054,23.94176
"2025-04-08 16:59:25.6",7950,0.0491066,0.01405907,-0.01029968,23.91473
"2025-04-08 16:59:25.65",7951,0.05355644,0.01752853,-0.009166718,23.95284
"2025-04-08 16:59:25.7",7952,0.05435562,0.01649284,-0.006280899,23.95796
"2025-04-08 16:59:25.75",7953,0.05047989,0.01685143,-0.008062363,23.93797
"2025-04-08 16:59:25.8",7954,0.05023193,0.01642227,-0.006246567,23.95454
"2025-04-08 16:59:25.85",7955,0.04926872,0.01789093,-0.007459641,23.90539
"2025-04-08 16:59:25.9",7956,0.04796982,0.0167675,-0.008899689,23.94996
"2025-04-08 16:59:25.95",7957,0.05107498,0.02015114,-0.006212234,23.90763
"2025-04-08 16:59:26",7958,0.04896545,0.01586914,-0.006052017,23.94921
"2025-04-08 16:59:26.05",7959,0.05124474,0.01918793,-0.009397507,23.91769
"2025-04-08 16:59:26.1",7960,0.04976273,0.01264,-0.01460648,23.89316
"2025-04-08 16:59:26.15",7961,0.05004311,0.0131321,-0.01259613,23.90646
"2025-04-08 16:59:26.2",7962,0.05169106,0.01623726,-0.009916306,23.94623
"2025-04-08 16:59:26.25",7963,0.05237389,0.01298904,-0.01039696,23.90908
"2025-04-08 16:59:26.3",7964,0.05099106,0.01404953,-0.01293373,23.90673
"2025-04-08 16:59:26.35",7965,0.04894257,0.01016617,-0.01336288,23.8924
"2025-04-08 16:59:26.4",7966,0.04887199,0.01042938,-0.01234627,23.92971
"2025-04-08 16:59:26.45",7967,0.05040169,0.008419037,-0.01010704,23.90677
"2025-04-08 16:59:26.5",7968,0.04927444,0.008110046,-0.01931572,23.94977
"2025-04-08 16:59:26.55",7969,0.05211639,0.007850647,-0.01272392,23.929
"2025-04-08 16:59:26.6",7970,0.05379677,0.01067352,-0.01296997,23.93046
"2025-04-08 16:59:26.65",7971,0.05054474,0.005363464,-0.01662445,23.92968
"2025-04-08 16:59:26.7",7972,0.05167961,0.005256653,-0.01738167,23.9505
"2025-04-08 16:59:26.75",7973,0.05365181,0.006162643,-0.01778412,23.92629
"2025-04-08 16:59:26.8",7974,0.04790306,0.002790451,-0.01797676,23.92392
"2025-04-08 16:59:26.85",7975,0.04735565,0.005250931,-0.02125931,23.92295
"2025-04-08 16:59:26.9",7976,0.05025482,0.002895355,-0.02483368,23.92456
"2025-04-08 16:59:26.95",7977,0.05106926,0.00252533,-0.02449417,23.92546
"2025-04-08 16:59:27",7978,0.05140686,0.004331589,-0.0207386,23.9502
"2025-04-08 16:59:27.05",7979,0.05137825,0.008613586,-0.01968002,23.9333
"2025-04-08 16:59:27.1",7980,0.05082703,0.007043839,-0.0165062,23.93359
"2025-04-08 16:59:27.15",7981,0.04967499,0.006845474,-0.02054024,23.95124
"2025-04-08 16:59:27.2",7982,0.04814339,0.001091003,-0.0171032,23.9325
"2025-04-08 16:59:27.25",7983,0.04660988,0.0006561279,-0.02015305,23.95504
"2025-04-08 16:59:27.3",7984,0.04424095,0.001974106,-0.02082253,23.9552
"2025-04-08 16:59:27.35",7985,0.04745102,0.001672745,-0.01999092,23.95805
"2025-04-08 16:59:27.4",7986,0.04755211,0.0001029968,-0.01927185,23.93597
"2025-04-08 16:59:27.45",7987,0.0449791,-0.003347397,-0.01655769,23.96004
"2025-04-08 16:59:27.5",7988,0.04567146,-0.001226425,-0.02023125,23.94004
"2025-04-08 16:59:27.55",7989,0.04318047,-0.002527237,-0.0212307,23.93773
"2025-04-08 16:59:27.6",7990,0.04035759,-0.00177002,-0.01996231,23.94674
"2025-04-08 16:59:27.65",7991,0.04528046,0.0008392334,-0.01963234,23.91269
"2025-04-08 16:59:27.7",7992,0.0492115,-0.003599167,-0.02005196,23.94403
"2025-04-08 16:59:27.75",7993,0.04598999,-0.00268364,-0.02093697,23.92698
"2025-04-08 16:59:27.8",7994,0.04456902,-0.0009078979,-0.01827621,23.9296
"2025-04-08 16:59:27.85",7995,0.04498863,0.002807617,-0.01862907,23.92959
"2025-04-08 16:59:27.9",7996,0.04652023,0.0008220673,-0.02038956,23.95385
"2025-04-08 16:59:27.95",7997,0.04683304,-0.0004730225,-0.01788712,23.93276
"2025-04-08 16:59:28",7998,0.0463028,-0.0007591248,-0.01881981,23.9328
"2025-04-08 16:59:28.05",7999,0.04484558,-0.000333786,-0.02128601,23.95545
"2025-04-08 16:59:28.1",8000,0.04109001,0.002922058,-0.02116966,23.95179
"2025-04-08 16:59:28.15",8001,0.03982925,0.003141403,-0.02040482,23.94986
"2025-04-08 16:59:28.2",8002,0.03739357,0.002651215,-0.02011299,23.92699
"2025-04-08 16:59:28.25",8003,0.0390625,0.001888275,-0.01995087,23.95121
"2025-04-08 16:59:28.3",8004,0.03976822,0.00289917,-0.01997566,23.95811
"2025-04-08 16:59:28.35",8005,0.03803635,0.005195618,-0.01933861,23.957
"2025-04-08 16:59:28.4",8006,0.04440308,0.00645256,-0.01617813,23.96304
"2025-04-08 16:59:28.45",8007,0.0432415,0.006666183,-0.01475716,24.00018
"2025-04-08 16:59:28.5",8008,0.0392704,0.004888535,-0.01685905,23.94852
"2025-04-08 16:59:28.55",8009,0.0380764,0.002481461,-0.01670074,23.98083
"2025-04-08 16:59:28.6",8010,0.03999519,0.002626419,-0.01470375,23.95534
"2025-04-08 16:59:28.65",8011,0.03829193,0.002889633,-0.01541328,23.9493
"2025-04-08 16:59:28.7",8012,0.03722,0.002470016,-0.01409912,23.95783
"2025-04-08 16:59:28.75",8013,0.03701973,0.002130508,-0.01181602,23.95712
"2025-04-08 16:59:28.8",8014,0.03853989,0.001947403,-0.01531601,23.98104
"2025-04-08 16:59:28.85",8015,0.03551102,0.001737595,-0.02472687,23.96052
"2025-04-08 16:59:28.9",8016,0.03996086,0.002605438,-0.02143288,23.95732
"2025-04-08 16:59:28.95",8017,0.03194427,0.001899719,-0.02109146,23.9479
"2025-04-08 16:59:29",8018,0.03757858,0.001075745,-0.02067947,23.95057
"2025-04-08 16:59:29.05",8019,0.03619957,0.0003585815,-0.01871109,23.95673
"2025-04-08 16:59:29.1",8020,0.03398132,-0.001420975,-0.01846695,23.92832
"2025-04-08 16:59:29.15",8021,0.03737068,-0.001529694,-0.0175457,23.94878
"2025-04-08 16:59:29.2",8022,0.03066254,-0.001657486,-0.01747131,23.94777
"2025-04-08 16:59:29.25",8023,0.03399086,-0.001379013,-0.01875114,23.957
"2025-04-08 16:59:29.3",8024,0.03251266,-0.001338959,-0.01758575,23.98089
"2025-04-08 16:59:29.35",8025,0.02747345,-0.002891541,-0.01820564,23.95876
"2025-04-08 16:59:29.4",8026,0.0273838,-0.0007457733,-0.01575661,23.95665
"2025-04-08 16:59:29.45",8027,0.02720833,-0.002109528,-0.01753998,23.95572
"2025-04-08 16:59:29.5",8028,0.03235435,-0.001651764,-0.01779747,23.9793
"2025-04-08 16:59:29.55",8029,0.03210068,-0.0002670288,-0.01630592,23.96001
"2025-04-08 16:59:29.6",8030,0.03579712,0.003578186,-0.0150032,23.96545
"2025-04-08 16:59:29.65",8031,0.03160286,-0.001852036,-0.01846123,23.95694
"2025-04-08 16:59:29.7",8032,0.03417206,0.001483917,-0.01786232,23.95609
"2025-04-08 16:59:29.75",8033,0.0312767,-0.0006847382,-0.01734543,23.97946
"2025-04-08 16:59:29.8",8034,0.03481483,0.002779007,-0.01677513,23.95023
"2025-04-08 16:59:29.85",8035,0.04058647,0.006895065,-0.01537704,23.98798
"2025-04-08 16:59:29.9",8036,0.04193878,0.007453918,-0.01556969,23.96275
"2025-04-08 16:59:29.95",8037,0.04034805,0.004699707,-0.01810837,23.95793
"2025-04-08 16:59:30",8038,0.03852844,0.002246857,-0.01725578,23.92668
"2025-04-08 16:59:30.05",8039,0.03957176,-0.006681442,-0.01760483,23.95144
"2025-04-08 16:59:30.1",8040,0.03954887,-0.008464813,-0.01467323,23.98604
"2025-04-08 16:59:30.15",8041,0.04116821,-0.00828743,-0.01865768,23.96304
"2025-04-08 16:59:30.2",8042,0.03834343,-0.005218506,-0.01860619,23.98367
"2025-04-08 16:59:30.25",8043,0.03705788,-0.001037598,-0.0175724,23.95347
"2025-04-08 16:59:30.3",8044,0.03666115,-0.00177002,-0.01804161,23.98151
"2025-04-08 16:59:30.35",8045,0.03805733,-0.002046585,-0.01460266,23.96069
"2025-04-08 16:59:30.4",8046,0.03879547,-0.001472473,-0.01499748,23.95964
"2025-04-08 16:59:30.45",8047,0.03821373,-0.003107071,-0.01498222,23.92664
"2025-04-08 16:59:30.5",8048,0.04049873,-0.000667572,-0.01465225,23.95671
"2025-04-08 16:59:30.55",8049,0.03710747,-0.0008926392,-0.0144577,23.92631
"2025-04-08 16:59:30.6",8050,0.04064941,-0.003786087,-0.0141983,23.92587
"2025-04-08 16:59:30.65",8051,0.0407486,-0.001873016,-0.01479721,23.92728
"2025-04-08 16:59:30.7",8052,0.04422951,-0.001472473,-0.01485443,23.92722
"2025-04-08 16:59:30.75",8053,0.04468727,-0.001113892,-0.01448441,23.94831
"2025-04-08 16:59:30.8",8054,0.04665375,-0.003992081,-0.01123238,23.94714
"2025-04-08 16:59:30.85",8055,0.05090332,-0.006269455,-0.01060867,23.97863
"2025-04-08 16:59:30.9",8056,0.05499268,-0.006633759,-0.01098824,23.94862
"2025-04-08 16:59:30.95",8057,0.05882454,-0.008867264,-0.00872612,23.95677
"2025-04-08 16:59:31",8058,0.06480026,-0.005214691,-0.006195068,23.9655
"2025-04-08 16:59:31.05",8059,0.06142044,-0.01143456,-0.01119995,23.94807
"2025-04-08 16:59:31.1",8060,0.06459236,-0.01683235,-0.01202011,23.97935
"2025-04-08 16:59:31.15",8061,0.06585503,-0.01988411,-0.01514244,23.98088
"2025-04-08 16:59:31.2",8062,0.06710625,-0.02492905,-0.01562309,23.9587
"2025-04-08 16:59:31.25",8063,0.06632233,-0.027565,-0.02065086,23.97865
"2025-04-08 16:59:31.3",8064,0.06809425,-0.02767754,-0.02082825,23.9858
"2025-04-08 16:59:31.35",8065,0.05347633,-0.03119087,-0.02868843,23.95021
"2025-04-08 16:59:31.4",8066,0.05321693,-0.02980614,-0.03151321,23.9592
"2025-04-08 16:59:31.45",8067,0.05202675,-0.02427483,-0.03687286,23.95947
"2025-04-08 16:59:31.5",8068,0.05275726,-0.01890945,-0.04293823,24.00748
"2025-04-08 16:59:31.55",8069,0.05220604,-0.01542854,-0.04709053,24.0011
"2025-04-08 16:59:31.6",8070,0.05140686,-0.0132885,-0.04977036,24.0015
"2025-04-08 16:59:31.65",8071,0.05610466,-0.01287842,-0.04659081,23.98738
"2025-04-08 16:59:31.7",8072,0.053545,-0.01629066,-0.05293655,23.97982
"2025-04-08 16:59:31.75",8073,0.05873299,-0.01501656,-0.05010033,23.95724
"2025-04-08 16:59:31.8",8074,0.05798912,-0.01579857,-0.05189896,23.94902
"2025-04-08 16:59:31.85",8075,0.05743217,-0.01748276,-0.05539894,23.97734
"2025-04-08 16:59:31.9",8076,0.06162643,-0.01771164,-0.05501366,23.94844
"2025-04-08 16:59:31.95",8077,0.06129646,-0.01973343,-0.0554657,23.90546
"2025-04-08 16:59:32",8078,0.06139946,-0.02322006,-0.05538177,23.94914
"2025-04-08 16:59:32.05",8079,0.06058884,-0.02317619,-0.05770493,23.94645
"2025-04-08 16:59:32.1",8080,0.06067848,-0.02596855,-0.05735397,23.92447
"2025-04-08 16:59:32.15",8081,0.0616436,-0.02651024,-0.05931473,23.94946
"2025-04-08 16:59:32.2",8082,0.06339836,-0.02973938,-0.060112,23.92668
"2025-04-08 16:59:32.25",8083,0.05905342,-0.03094292,-0.0662365,23.92674
"2025-04-08 16:59:32.3",8084,0.05189705,-0.03620911,-0.06833649,23.95004
"2025-04-08 16:59:32.35",8085,0.04387093,-0.03940964,-0.06800461,23.95098
"2025-04-08 16:59:32.4",8086,0.03519249,-0.04197311,-0.07097816,23.96018
"2025-04-08 16:59:32.45",8087,0.02979279,-0.04212952,-0.0717411,23.96163
"2025-04-08 16:59:32.5",8088,0.02769279,-0.04500198,-0.06864738,23.95918
"2025-04-08 16:59:32.55",8089,0.02305031,-0.04975891,-0.06270409,23.95123
"2025-04-08 16:59:32.6",8090,0.02589798,-0.04761505,-0.06004143,23.98071
"2025-04-08 16:59:32.65",8091,0.01800346,-0.05524445,-0.05691338,23.95755
"2025-04-08 16:59:32.7",8092,0.01534271,-0.05245018,-0.05574226,23.9572
"2025-04-08 16:59:32.75",8093,0.009204865,-0.05515099,-0.05561066,23.95735
"2025-04-08 16:59:32.8",8094,0.006240845,-0.05456161,-0.055439,23.97833
"2025-04-08 16:59:32.85",8095,0.00579834,-0.05492592,-0.05458641,23.95531
"2025-04-08 16:59:32.9",8096,0.005540848,-0.0527935,-0.05758858,23.97834
"2025-04-08 16:59:32.95",8097,0.006385803,-0.05251884,-0.06262779,23.97719
"2025-04-08 16:59:33",8098,0.01243019,-0.04999542,-0.06483269,23.95659
"2025-04-08 16:59:33.05",8099,0.01474762,-0.04884338,-0.06752968,23.97864
"2025-04-08 16:59:33.1",8100,0.01756668,-0.05230713,-0.06448555,23.95484
"2025-04-08 16:59:33.15",8101,0.01972389,-0.05000687,-0.06106186,23.98448
"2025-04-08 16:59:33.2",8102,0.01980209,-0.04977608,-0.05842018,23.97772
"2025-04-08 16:59:33.25",8103,0.01867867,-0.05275917,-0.05985832,23.94781
"2025-04-08 16:59:33.3",8104,0.0157795,-0.05506706,-0.0603199,23.95689
"2025-04-08 16:59:33.35",8105,0.009319305,-0.05729866,-0.0577507,23.95602
"2025-04-08 16:59:33.4",8106,0.006748199,-0.05497742,-0.05442429,23.95564
"2025-04-08 16:59:33.45",8107,0.005090714,-0.05810356,-0.05503654,23.94814
"2025-04-08 16:59:33.5",8108,0.005363464,-0.05522919,-0.052351,23.9799
"2025-04-08 16:59:33.55",8109,0.007932663,-0.05516624,-0.05025482,23.97799
"2025-04-08 16:59:33.6",8110,0.009082794,-0.05213928,-0.04708862,23.97701
"2025-04-08 16:59:33.65",8111,0.01195526,-0.04849052,-0.0471077,23.94908
"2025-04-08 16:59:33.7",8112,0.0150528,-0.04497719,-0.0505085,23.97927
"2025-04-08 16:59:33.75",8113,0.01501465,-0.04274368,-0.05586243,23.97841
"2025-04-08 16:59:33.8",8114,0.01773262,-0.0392952,-0.05852699,23.97938
"2025-04-08 16:59:33.85",8115,0.01944923,-0.03995132,-0.06064415,23.97678
"2025-04-08 16:59:33.9",8116,0.0257473,-0.04342079,-0.06025314,23.95661
"2025-04-08 16:59:33.95",8117,0.0311203,-0.04359245,-0.06079102,23.95712
"2025-04-08 16:59:34",8118,0.03734398,-0.04566002,-0.06048203,23.98016
"2025-04-08 16:59:34.05",8119,0.04148674,-0.04631996,-0.06085014,23.97866
"2025-04-08 16:59:34.1",8120,0.04422379,-0.04670906,-0.06047249,23.9768
"2025-04-08 16:59:34.15",8121,0.04660225,-0.0474472,-0.0636425,23.95588
"2025-04-08 16:59:34.2",8122,0.04758453,-0.05244064,-0.06340408,23.92636
"2025-04-08 16:59:34.25",8123,0.04792023,-0.05214882,-0.06345177,23.97855
"2025-04-08 16:59:34.3",8124,0.04185486,-0.05771828,-0.06632233,23.97687
"2025-04-08 16:59:34.35",8125,0.03954315,-0.06050491,-0.06573105,23.95602
"2025-04-08 16:59:34.4",8126,0.04085159,-0.06304741,-0.06796646,23.97932
"2025-04-08 16:59:34.45",8127,0.0441246,-0.06091309,-0.06857872,23.95634
"2025-04-08 16:59:34.5",8128,0.04520035,-0.05550575,-0.0714016,24.00198
"2025-04-08 16:59:34.55",8129,0.04935074,-0.05246162,-0.07134628,23.93012
"2025-04-08 16:59:34.6",8130,0.05250168,-0.05052567,-0.06504631,23.95965
"2025-04-08 16:59:34.65",8131,0.05115509,-0.0454998,-0.06263351,23.96033
"2025-04-08 16:59:34.7",8132,0.05134392,-0.04481697,-0.06338692,23.98214
"2025-04-08 16:59:34.75",8133,0.05063629,-0.04206848,-0.06072807,23.96033
"2025-04-08 16:59:34.8",8134,0.04965973,-0.04197884,-0.0580368,23.95778
"2025-04-08 16:59:34.85",8135,0.04647446,-0.04167747,-0.05485344,23.97976
"2025-04-08 16:59:34.9",8136,0.045084,-0.04018211,-0.05460739,23.95987
"2025-04-08 16:59:34.95",8137,0.04438019,-0.03864479,-0.05214882,23.98101
"2025-04-08 16:59:35",8138,0.04213905,-0.03831482,-0.05511093,23.97882
"2025-04-08 16:59:35.05",8139,0.03795052,-0.0395546,-0.05504417,23.97861
"2025-04-08 16:59:35.1",8140,0.03787422,-0.04442024,-0.05433273,23.97749
"2025-04-08 16:59:35.15",8141,0.03553391,-0.04753876,-0.0573864,23.97864
"2025-04-08 16:59:35.2",8142,0.03602982,-0.05000114,-0.05719376,23.97737
"2025-04-08 16:59:35.25",8143,0.03297615,-0.05217361,-0.05458069,23.97651
"2025-04-08 16:59:35.3",8144,0.02899933,-0.05200958,-0.05151749,23.97552
"2025-04-08 16:59:35.35",8145,0.03278542,-0.05016327,-0.04855919,23.97615
"2025-04-08 16:59:35.4",8146,0.03600311,-0.05516052,-0.04579353,23.97743
"2025-04-08 16:59:35.45",8147,0.03647804,-0.05477524,-0.04361153,23.99945
"2025-04-08 16:59:35.5",8148,0.03933525,-0.0545311,-0.04143143,23.97788
"2025-04-08 16:59:35.55",8149,0.0418911,-0.05781746,-0.04134178,23.95347
"2025-04-08 16:59:35.6",8150,0.04461861,-0.05804253,-0.03895187,23.99939
"2025-04-08 16:59:35.65",8151,0.04783058,-0.05807114,-0.03858757,23.95617
"2025-04-08 16:59:35.7",8152,0.04680443,-0.0609684,-0.03938675,23.97826
"2025-04-08 16:59:35.75",8153,0.05014229,-0.05418777,-0.03439331,23.98515
"2025-04-08 16:59:35.8",8154,0.04945564,-0.05792999,-0.03683662,23.9775
"2025-04-08 16:59:35.85",8155,0.05225372,-0.05756187,-0.03423882,23.95552
"2025-04-08 16:59:35.9",8156,0.05509758,-0.05179787,-0.03108406,23.95659
"2025-04-08 16:59:35.95",8157,0.0583477,-0.04871941,-0.02958488,23.95641
"2025-04-08 16:59:36",8158,0.05810928,-0.04752731,-0.02676773,23.97913
"2025-04-08 16:59:36.05",8159,0.06247139,-0.04115486,-0.02103424,23.97807
"2025-04-08 16:59:36.1",8160,0.06293297,-0.04111862,-0.01844978,23.95592
"2025-04-08 16:59:36.15",8161,0.06295013,-0.03595924,-0.01293182,23.95598
"2025-04-08 16:59:36.2",8162,0.06359673,-0.03291702,-0.01085854,23.97906
"2025-04-08 16:59:36.25",8163,0.06071091,-0.0299778,-0.007963181,23.96457
"2025-04-08 16:59:36.3",8164,0.05740929,-0.02516747,-0.007795334,23.97785
"2025-04-08 16:59:36.35",8165,0.05481339,-0.02589417,-0.007717133,23.97813
"2025-04-08 16:59:36.4",8166,0.05488396,-0.02604675,-0.005805969,23.98058
"2025-04-08 16:59:36.45",8167,0.05245018,-0.02632141,-0.005348206,23.95755
"2025-04-08 16:59:36.5",8168,0.05732155,-0.02636528,-0.00585556,23.97761
"2025-04-08 16:59:36.55",8169,0.05266953,-0.02602386,-0.00453949,23.97795
"2025-04-08 16:59:36.6",8170,0.05560493,-0.02701759,-0.004676819,23.95723
"2025-04-08 16:59:36.65",8171,0.0574379,-0.02706718,-0.005153656,23.97992
"2025-04-08 16:59:36.7",8172,0.05676842,-0.02927971,-0.005435944,23.98209
"2025-04-08 16:59:36.75",8173,0.05712509,-0.02911758,-0.005264282,23.98298
"2025-04-08 16:59:36.8",8174,0.05653191,-0.02882576,-0.004505157,23.95962
"2025-04-08 16:59:36.85",8175,0.05608749,-0.02945137,-0.004426956,23.95802
"2025-04-08 16:59:36.9",8176,0.0564785,-0.02601814,-0.002202988,23.95516
"2025-04-08 16:59:36.95",8177,0.05347633,-0.02915764,-0.001771927,23.98312
"2025-04-08 16:59:37",8178,0.05025101,-0.02927399,-0.002687454,23.95078
"2025-04-08 16:59:37.05",8179,0.0491066,-0.02910614,-0.00204277,23.97879
"2025-04-08 16:59:37.1",8180,0.04890442,-0.0290947,-0.002180099,23.92561
"2025-04-08 16:59:37.15",8181,0.04942894,-0.02632523,-0.002668381,23.95693
"2025-04-08 16:59:37.2",8182,0.0492878,-0.02898979,-0.002210617,23.94958
"2025-04-08 16:59:37.25",8183,0.04690361,-0.02893448,-0.002054214,23.9263
"2025-04-08 16:59:37.3",8184,0.05013657,-0.02549744,0.002698898,23.96096
"2025-04-08 16:59:37.35",8185,0.04588127,-0.0256424,0.0008735657,23.95597
"2025-04-08 16:59:37.4",8186,0.04425621,-0.02910042,0.001235962,23.95451
"2025-04-08 16:59:37.45",8187,0.04348755,-0.02886009,0.001478195,23.95461
"2025-04-08 16:59:37.5",8188,0.045084,-0.02654839,0.001716614,23.9563
"2025-04-08 16:59:37.55",8189,0.04099083,-0.02516747,0.001483917,23.97621
"2025-04-08 16:59:37.6",8190,0.04107475,-0.02366638,0.002151489,23.95266
"2025-04-08 16:59:37.65",8191,0.0408287,-0.02417564,-0.001226425,23.95509
"2025-04-08 16:59:37.7",8192,0.04116821,-0.02385712,-0.001562119,23.9478
"2025-04-08 16:59:37.75",8193,0.04121208,-0.02052116,-0.002193451,23.94851
"2025-04-08 16:59:37.8",8194,0.038311,-0.02037048,0.001003265,23.9543
"2025-04-08 16:59:37.85",8195,0.03865051,-0.02020264,-0.001735687,23.97834
"2025-04-08 16:59:37.9",8196,0.03607368,-0.02064705,-0.002176285,23.97769
"2025-04-08 16:59:37.95",8197,0.03943253,-0.02096939,-0.001747131,23.95572
"2025-04-08 16:59:38",8198,0.03741074,-0.01751137,-0.005443573,23.97842
"2025-04-08 16:59:38.05",8199,0.03634834,-0.02014351,-0.005105972,23.95569
"2025-04-08 16:59:38.1",8200,0.03635025,-0.01669502,-0.005325317,23.97763
"2025-04-08 16:59:38.15",8201,0.03619957,-0.01852798,-0.004522324,23.95641
"2025-04-08 16:59:38.2",8202,0.03330421,-0.01607513,-0.00538063,23.97927
"2025-04-08 16:59:38.25",8203,0.03704643,-0.01628876,-0.005617142,23.97723
"2025-04-08 16:59:38.3",8204,0.0332756,-0.0149765,-0.008541107,23.95595
"2025-04-08 16:59:38.35",8205,0.03311157,-0.01612663,-0.007642746,23.97831
"2025-04-08 16:59:38.4",8206,0.03329849,-0.01706123,-0.007501602,23.97815
"2025-04-08 16:59:38.45",8207,0.03339005,-0.01809692,-0.01019096,23.978
"2025-04-08 16:59:38.5",8208,0.0372467,-0.01479912,-0.008457184,23.98325
"2025-04-08 16:59:38.55",8209,0.03604317,-0.020504,-0.01096725,23.94835
"2025-04-08 16:59:38.6",8210,0.03546715,-0.01774788,-0.01059151,23.95531
"2025-04-08 16:59:38.65",8211,0.03587914,-0.02070045,-0.01043129,23.94722
"2025-04-08 16:59:38.7",8212,0.03651047,-0.0207119,-0.01083755,24.00138
"2025-04-08 16:59:38.75",8213,0.03378677,-0.0208168,-0.01365089,23.97873
"2025-04-08 16:59:38.8",8214,0.03702354,-0.02310371,-0.01289368,23.97787
"2025-04-08 16:59:38.85",8215,0.04398346,-0.01677322,-0.009841919,24.007
"2025-04-08 16:59:38.9",8216,0.04737473,-0.02050591,-0.009872437,23.98858
"2025-04-08 16:59:38.95",8217,0.04531288,-0.02393341,-0.01323318,24.00454
"2025-04-08 16:59:39",8218,0.04832458,-0.02305794,-0.01623154,24.00215
"2025-04-08 16:59:39.05",8219,0.04779434,-0.01779175,-0.01580811,24.00156
"2025-04-08 16:59:39.1",8220,0.04790878,-0.02153397,-0.01501656,23.98096
"2025-04-08 16:59:39.15",8221,0.05024338,-0.02138901,-0.01549149,23.98359
"2025-04-08 16:59:39.2",8222,0.05051994,-0.02083397,-0.01616669,24.00439
"2025-04-08 16:59:39.25",8223,0.05189896,-0.01728821,-0.01331711,24.00768
"2025-04-08 16:59:39.3",8224,0.05475807,-0.02106476,-0.01541901,24.00143
"2025-04-08 16:59:39.35",8225,0.05503464,-0.01863861,-0.0157814,24.00139
"2025-04-08 16:59:39.4",8226,0.05757141,-0.01886368,-0.01558304,24.00194
"2025-04-08 16:59:39.45",8227,0.06332397,-0.01553345,-0.01537704,24.00137
"2025-04-08 16:59:39.5",8228,0.06012535,-0.01602554,-0.01568604,23.99894
"2025-04-08 16:59:39.55",8229,0.06195641,-0.01294899,-0.01821136,23.99887
"2025-04-08 16:59:39.6",8230,0.06630707,-0.00928688,-0.0139389,24.00611
"2025-04-08 16:59:39.65",8231,0.06472206,-0.009096146,-0.01476288,24.01424
"2025-04-08 16:59:39.7",8232,0.060112,-0.01551437,-0.02069473,24.00681
"2025-04-08 16:59:39.75",8233,0.05661201,-0.01469231,-0.02319336,24.0447
"2025-04-08 16:59:39.8",8234,0.05399323,-0.01520729,-0.02494431,24.04163
"2025-04-08 16:59:39.85",8235,0.05412102,-0.01522064,-0.02711296,24.0634
"2025-04-08 16:59:39.9",8236,0.05214882,-0.01803017,-0.02805138,24.06636
"2025-04-08 16:59:39.95",8237,0.05225372,-0.01758385,-0.02854919,24.04351
"2025-04-08 16:59:40",8238,0.05166245,-0.02022743,-0.02884865,24.04318
"2025-04-08 16:59:40.05",8239,0.0529995,-0.0203476,-0.02920723,24.0132
"2025-04-08 16:59:40.1",8240,0.05243874,-0.02120209,-0.02773666,24.0664
"2025-04-08 16:59:40.15",8241,0.04879951,-0.02378464,-0.03123856,24.00735
"2025-04-08 16:59:40.2",8242,0.0488472,-0.02390289,-0.03182983,24.04536
"2025-04-08 16:59:40.25",8243,0.0499649,-0.02048302,-0.03175926,24.04519
"2025-04-08 16:59:40.3",8244,0.04668236,-0.01608849,-0.02951813,24.03765
"2025-04-08 16:59:40.35",8245,0.04952431,-0.0144062,-0.03190231,24.00587
"2025-04-08 16:59:40.4",8246,0.04673767,-0.01791954,-0.03200531,24.03051
"2025-04-08 16:59:40.45",8247,0.05088615,-0.0160141,-0.02920723,24.07498
"2025-04-08 16:59:40.5",8248,0.05099297,-0.01423836,-0.03169823,24.00869
"2025-04-08 16:59:40.55",8249,0.04665184,-0.01656914,-0.03197098,24.02943
"2025-04-08 16:59:40.6",8250,0.04389381,-0.01711082,-0.03151321,24.0676
"2025-04-08 16:59:40.65",8251,0.04452515,-0.01589203,-0.02557182,24.03937
"2025-04-08 16:59:40.7",8252,0.04443741,-0.01756668,-0.032444,24.03372
"2025-04-08 16:59:40.75",8253,0.04389381,-0.01467514,-0.03236198,24.0312
"2025-04-08 16:59:40.8",8254,0.04349136,-0.01446152,-0.02886581,24.02962
"2025-04-08 16:59:40.85",8255,0.04106712,-0.01564789,-0.02899361,24.03402
"2025-04-08 16:59:40.9",8256,0.04157639,-0.01617622,-0.03145027,24.03223
"2025-04-08 16:59:40.95",8257,0.03938103,-0.01616478,-0.03255272,24.02984
"2025-04-08 16:59:41",8258,0.0390358,-0.01536179,-0.03209496,24.02993
"2025-04-08 16:59:41.05",8259,0.03452873,-0.01559639,-0.03166771,24.02843
"2025-04-08 16:59:41.1",8260,0.0373497,-0.01692581,-0.03186417,24.02975
"2025-04-08 16:59:41.15",8261,0.03599739,-0.01942825,-0.03487968,24.04674
"2025-04-08 16:59:41.2",8262,0.03288269,-0.01618958,-0.03432846,24.04797
"2025-04-08 16:59:41.25",8263,0.03222847,-0.01597786,-0.03474808,24.03396
"2025-04-08 16:59:41.3",8264,0.03095245,-0.01876831,-0.03397179,24.04689
"2025-04-08 16:59:41.35",8265,0.02801704,-0.01672935,-0.03404236,24.0799
"2025-04-08 16:59:41.4",8266,0.0312233,-0.0124855,-0.03126907,24.03867
"2025-04-08 16:59:41.45",8267,0.02926636,-0.01865005,-0.0350647,24.0331
"2025-04-08 16:59:41.5",8268,0.02812195,-0.01855659,-0.03463554,24.04641
"2025-04-08 16:59:41.55",8269,0.02480507,-0.01834869,-0.03425407,24.02999
"2025-04-08 16:59:41.6",8270,0.02733421,-0.005308151,-0.03953743,24.03004
"2025-04-08 16:59:41.65",8271,0.02716255,-0.01604271,-0.03178024,24.03053
"2025-04-08 16:59:41.7",8272,0.02757645,-0.0157814,-0.03229523,24.04533
"2025-04-08 16:59:41.75",8273,0.02735138,-0.01492691,-0.03198051,24.07371
"2025-04-08 16:59:41.8",8274,0.02664757,-0.002241135,-0.03671837,24.04256
"2025-04-08 16:59:41.85",8275,0.02475929,-0.01616478,-0.02828979,24.02681
"2025-04-08 16:59:41.9",8276,0.03011513,-0.016819,-0.02462006,24.02794
"2025-04-08 16:59:41.95",8277,0.02687836,-0.001565933,-0.03301048,24.04484
"2025-04-08 16:59:42",8278,0.03026199,-0.00258255,-0.03083038,24.02701
"2025-04-08 16:59:42.05",8279,0.02963638,-0.02643776,-0.01737022,24.04256
"2025-04-08 16:59:42.1",8280,0.02943993,-0.01338387,-0.02310944,24.04065
"2025-04-08 16:59:42.15",8281,0.02968597,-0.01335716,-0.02071571,24.04232
"2025-04-08 16:59:42.2",8282,0.03012276,-0.0129261,-0.02365685,24.0433
"2025-04-08 16:59:42.25",8283,0.02971458,-0.01260185,-0.02346611,24.0432
"2025-04-08 16:59:42.3",8284,0.0292778,-0.02406502,-0.01551819,24.0271
"2025-04-08 16:59:42.35",8285,0.02983856,-0.02414131,-0.01550102,24.07387
"2025-04-08 16:59:42.4",8286,0.0302887,-0.01085091,-0.02119255,24.04482
"2025-04-08 16:59:42.45",8287,0.03070259,-0.01263237,-0.02125931,24.07391
"2025-04-08 16:59:42.5",8288,0.02970123,-0.01887512,-0.01576996,24.06521
"2025-04-08 16:59:42.55",8289,0.03015709,-0.008548737,-0.02105713,24.06503
"2025-04-08 16:59:42.6",8290,0.03033257,-0.02262688,-0.01633453,24.09485
"2025-04-08 16:59:42.65",8291,0.0307827,-0.01959991,-0.01668358,24.06593
"2025-04-08 16:59:42.7",8292,0.0325737,-0.002761841,-0.01893425,24.06857
"2025-04-08 16:59:42.75",8293,0.02986336,-0.01920891,-0.01624489,24.06507
"2025-04-08 16:59:42.8",8294,0.03033447,-0.01955795,-0.01554108,24.0658
"2025-04-08 16:59:42.85",8295,0.03037262,-0.02016449,-0.01668549,24.06556
"2025-04-08 16:59:42.9",8296,0.0302124,-0.008865356,-0.02173805,24.06617
"2025-04-08 16:59:42.95",8297,0.0300045,-0.02030373,-0.01614189,24.06533
"2025-04-08 16:59:43",8298,0.02949142,-0.02114105,-0.01623344,24.07264
"2025-04-08 16:59:43.05",8299,0.03359604,-0.00979805,-0.02435875,24.0734
"2025-04-08 16:59:43.1",8300,0.03062057,-0.0190773,-0.01604462,24.09594
"2025-04-08 16:59:43.15",8301,0.03340149,-0.02210808,-0.01674271,24.07318
"2025-04-08 16:59:43.2",8302,0.03112602,-0.02140045,-0.01881409,24.0942
"2025-04-08 16:59:43.25",8303,0.03071213,-0.02180099,-0.01854324,24.11565
"2025-04-08 16:59:43.3",8304,0.03171349,-0.01107216,-0.0263176,24.07482
"2025-04-08 16:59:43.35",8305,0.03206444,-0.01141739,-0.02456093,24.07479
"2025-04-08 16:59:43.4",8306,0.03087425,-0.02458191,-0.01892853,24.09637
"2025-04-08 16:59:43.45",8307,0.03253555,-0.008932114,-0.02424049,24.1273
"2025-04-08 16:59:43.5",8308,0.02881622,-0.01181412,-0.0290451,24.11903
"2025-04-08 16:59:43.55",8309,0.02651978,-0.01411819,-0.02896118,24.12033
"2025-04-08 16:59:43.6",8310,0.02891731,-0.01361847,-0.02913857,24.09968
"2025-04-08 16:59:43.65",8311,0.02601051,-0.01319122,-0.03180313,24.1189
"2025-04-08 16:59:43.7",8312,0.02531433,-0.01304245,-0.03199387,24.09847
"2025-04-08 16:59:43.75",8313,0.0255127,-0.0142746,-0.03160095,24.09856
"2025-04-08 16:59:43.8",8314,0.02910614,-0.00674057,-0.03251266,24.09743
"2025-04-08 16:59:43.85",8315,0.02539635,-0.0135746,-0.03516388,24.11928
"2025-04-08 16:59:43.9",8316,0.0248394,-0.01070976,-0.03469086,24.11728
"2025-04-08 16:59:43.95",8317,0.02425194,-0.01136398,-0.03422737,24.11655
"2025-04-08 16:59:44",8318,0.02338028,0.002933502,-0.04231453,24.11584
"2025-04-08 16:59:44.05",8319,0.02395058,-0.01124191,-0.03681183,24.11621
"2025-04-08 16:59:44.1",8320,0.02515221,0.002634048,-0.04513931,24.11726
"2025-04-08 16:59:44.15",8321,0.02367592,-0.007995605,-0.0366745,24.14371
"2025-04-08 16:59:44.2",8322,0.02083588,0.005727768,-0.04449654,24.11977
"2025-04-08 16:59:44.25",8323,0.02106476,0.00585556,-0.04382896,24.09143
"2025-04-08 16:59:44.3",8324,0.02421761,-0.00485611,-0.03585434,24.11781
"2025-04-08 16:59:44.35",8325,0.02396584,-0.005319595,-0.03673935,24.11552
"2025-04-08 16:59:44.4",8326,0.0234375,-0.003864288,-0.03596306,24.11342
"2025-04-08 16:59:44.45",8327,0.02397728,-0.005533218,-0.03874969,24.09373
"2025-04-08 16:59:44.5",8328,0.02181053,-0.005800247,-0.03632736,24.09347
"2025-04-08 16:59:44.55",8329,0.02632332,0.00091362,-0.03811836,24.12691
"2025-04-08 16:59:44.6",8330,0.02850723,0.00163269,-0.03832626,24.12457
"2025-04-08 16:59:44.65",8331,0.02421379,-0.001398087,-0.03989601,24.09364
"2025-04-08 16:59:44.7",8332,0.02161026,0.0008945465,-0.04013634,24.0929
"2025-04-08 16:59:44.75",8333,0.02503967,0.001197815,-0.03983879,24.11794
"2025-04-08 16:59:44.8",8334,0.0249939,0.001333237,-0.03731728,24.11822
"2025-04-08 16:59:44.85",8335,0.02460289,0.006113052,-0.03810883,24.0954
"2025-04-08 16:59:44.9",8336,0.02479362,0.005586624,-0.03779793,24.12371
"2025-04-08 16:59:44.95",8337,0.02186203,0.004453659,-0.03716087,24.12399
"2025-04-08 16:59:45",8338,0.02287674,0.00422287,-0.04021454,24.09782
"2025-04-08 16:59:45.05",8339,0.0249958,0.0180378,-0.04582596,24.12387
"2025-04-08 16:59:45.1",8340,0.02457619,0.007123947,-0.04082298,24.12372
"2025-04-08 16:59:45.15",8341,0.02177811,0.01717567,-0.04541016,24.09418
"2025-04-08 16:59:45.2",8342,0.02235413,0.01919937,-0.04554939,24.11781
"2025-04-08 16:59:45.25",8343,0.02212334,0.005643845,-0.0402832,24.0965
"2025-04-08 16:59:45.3",8344,0.02192307,0.01968765,-0.04582596,24.11668
"2025-04-08 16:59:45.35",8345,0.02181816,0.008636475,-0.03730011,24.11671
"2025-04-08 16:59:45.4",8346,0.0220356,0.00841713,-0.04027176,24.14664
"2025-04-08 16:59:45.45",8347,0.02320671,0.0079422,-0.04010391,24.09641
"2025-04-08 16:59:45.5",8348,0.02528,0.02179527,-0.04570389,24.11803
"2025-04-08 16:59:45.55",8349,0.02320671,0.02198601,-0.04570961,24.12515
"2025-04-08 16:59:45.6",8350,0.02319717,0.02451515,-0.0451622,24.09605
"2025-04-08 16:59:45.65",8351,0.02334595,0.009283066,-0.0363903,24.13382
"2025-04-08 16:59:45.7",8352,0.02373314,0.02360535,-0.04557228,24.12039
"2025-04-08 16:59:45.75",8353,0.02328682,0.02334595,-0.04618073,24.0982
"2025-04-08 16:59:45.8",8354,0.02615166,0.02908325,-0.04226875,24.10558
"2025-04-08 16:59:45.85",8355,0.02244759,0.01077652,-0.03646278,24.11976
"2025-04-08 16:59:45.9",8356,0.01996422,0.02346039,-0.04480934,24.11983
"2025-04-08 16:59:45.95",8357,0.02240181,0.02454185,-0.04548073,24.12036
"2025-04-08 16:59:46",8358,0.02283478,0.02490997,-0.042696,24.09771
"2025-04-08 16:59:46.05",8359,0.02205276,0.01142311,-0.03680229,24.11642
"2025-04-08 16:59:46.1",8360,0.0216713,0.02723503,-0.04166794,24.12367
"2025-04-08 16:59:46.15",8361,0.02597809,0.01673317,-0.03239441,24.12886
"2025-04-08 16:59:46.2",8362,0.02192497,0.02735901,-0.04301262,24.12471
"2025-04-08 16:59:46.25",8363,0.02129364,0.02723885,-0.04019165,24.11626
"2025-04-08 16:59:46.3",8364,0.02060509,0.02791405,-0.03948784,24.12346
"2025-04-08 16:59:46.35",8365,0.02057838,0.02944565,-0.0419178,24.11251
"2025-04-08 16:59:46.4",8366,0.02085686,0.02928925,-0.03900146,24.1157
"2025-04-08 16:59:46.45",8367,0.02606773,0.03308296,-0.03608322,24.10062
"2025-04-08 16:59:46.5",8368,0.02142525,0.03027916,-0.03911591,24.092
"2025-04-08 16:59:46.55",8369,0.02397156,0.02987099,-0.03874969,24.11377
"2025-04-08 16:59:46.6",8370,0.02173424,0.02949142,-0.03870773,24.11597
"2025-04-08 16:59:46.65",8371,0.02439117,0.01894569,-0.03095436,24.12282
"2025-04-08 16:59:46.7",8372,0.02411842,0.02872658,-0.0375061,24.11467
"2025-04-08 16:59:46.75",8373,0.02389336,0.02977562,-0.03622818,24.11568
"2025-04-08 16:59:46.8",8374,0.0230217,0.03243256,-0.0363903,24.11546
"2025-04-08 16:59:46.85",8375,0.02477646,0.02948952,-0.03637695,24.11537
"2025-04-08 16:59:46.9",8376,0.02421379,0.03194809,-0.0371151,24.11798
"2025-04-08 16:59:46.95",8377,0.02404976,0.03131866,-0.03735542,24.117
"2025-04-08 16:59:47",8378,0.02433586,0.03120422,-0.03796196,24.0957
"2025-04-08 16:59:47.05",8379,0.02444077,0.03096962,-0.03826141,24.11439
"2025-04-08 16:59:47.1",8380,0.02489471,0.01992226,-0.02989769,24.09458
"2025-04-08 16:59:47.15",8381,0.02673912,0.03127098,-0.03578186,24.11668
"2025-04-08 16:59:47.2",8382,0.02499008,0.03150177,-0.0355835,24.11636
"2025-04-08 16:59:47.25",8383,0.02421761,0.02048302,-0.02945709,24.09394
"2025-04-08 16:59:47.3",8384,0.02754784,0.02274323,-0.0260067,24.10294
"2025-04-08 16:59:47.35",8385,0.02688217,0.03071976,-0.03530693,24.11729
"2025-04-08 16:59:47.4",8386,0.02536201,0.03351784,-0.03496552,24.11783
"2025-04-08 16:59:47.45",8387,0.02619171,0.03089333,-0.0347805,24.09446
"2025-04-08 16:59:47.5",8388,0.02713776,0.03328705,-0.03475952,24.09435
"2025-04-08 16:59:47.55",8389,0.02458,0.0188961,-0.02697754,24.0737
"2025-04-08 16:59:47.6",8390,0.03093338,0.03488541,-0.03264046,24.09501
"2025-04-08 16:59:47.65",8391,0.02990532,0.03196526,-0.03316498,24.1236
"2025-04-08 16:59:47.7",8392,0.0244236,0.02179527,-0.02660561,24.11559
"2025-04-08 16:59:47.75",8393,0.0255127,0.03134537,-0.03184319,24.12399
"2025-04-08 16:59:47.8",8394,0.02882576,0.03122711,-0.03222275,24.12507
"2025-04-08 16:59:47.85",8395,0.03117561,0.03213692,-0.03237152,24.12029
"2025-04-08 16:59:47.9",8396,0.02834129,0.02108574,-0.02440262,24.11742
"2025-04-08 16:59:47.95",8397,0.02524757,0.0213356,-0.0270462,24.104
"2025-04-08 16:59:48",8398,0.02853012,0.0207386,-0.02658272,24.09828
"2025-04-08 16:59:48.05",8399,0.02882004,0.03133965,-0.03234673,24.09911
"2025-04-08 16:59:48.1",8400,0.0285244,0.03519821,-0.03329849,24.09707
"2025-04-08 16:59:48.15",8401,0.02787781,0.02449226,-0.02384949,24.09679
"2025-04-08 16:59:48.2",8402,0.02733612,0.02355576,-0.02431488,24.07552
"2025-04-08 16:59:48.25",8403,0.02740097,0.02136993,-0.02433014,24.0756
"2025-04-08 16:59:48.3",8404,0.02708244,0.03199196,-0.03098679,24.1021
"2025-04-08 16:59:48.35",8405,0.02659225,0.03303337,-0.0326786,24.09631
"2025-04-08 16:59:48.4",8406,0.02649307,0.02473068,-0.02444077,24.07408
"2025-04-08 16:59:48.45",8407,0.02634811,0.02451897,-0.02334785,24.11523
"2025-04-08 16:59:48.5",8408,0.02585411,0.02401924,-0.02337074,24.11565
"2025-04-08 16:59:48.55",8409,0.02619553,0.03300858,-0.02546883,24.12527
"2025-04-08 16:59:48.6",8410,0.02601051,0.02452087,-0.02306366,24.0931
"2025-04-08 16:59:48.65",8411,0.02583694,0.03496933,-0.02812386,24.11354
"2025-04-08 16:59:48.7",8412,0.02662468,0.03442764,-0.0278511,24.1144
"2025-04-08 16:59:48.75",8413,0.02651978,0.02391624,-0.02032471,24.09647
"2025-04-08 16:59:48.8",8414,0.0272522,0.03248978,-0.02910614,24.09397
"2025-04-08 16:59:48.85",8415,0.02581406,0.02444267,-0.01956177,24.09268
"2025-04-08 16:59:48.9",8416,0.02921104,0.02349091,-0.02043915,24.14407
"2025-04-08 16:59:48.95",8417,0.02676964,0.02435112,-0.02039909,24.09538
"2025-04-08 16:59:49",8418,0.03272629,0.03876305,-0.02685928,24.10234
"2025-04-08 16:59:49.05",8419,0.02972031,0.0348568,-0.02672768,24.11616
"2025-04-08 16:59:49.1",8420,0.02893066,0.0247879,-0.02136993,24.11354
"2025-04-08 16:59:49.15",8421,0.02972603,0.02420235,-0.02157784,24.09455
"2025-04-08 16:59:49.2",8422,0.03064728,0.0353775,-0.0267334,24.09505
"2025-04-08 16:59:49.25",8423,0.03018188,0.0357132,-0.02776718,24.09479
"2025-04-08 16:59:49.3",8424,0.03014946,0.03609657,-0.02801704,24.11662
"2025-04-08 16:59:49.35",8425,0.02976036,0.02868652,-0.02181625,24.12372
"2025-04-08 16:59:49.4",8426,0.02891731,0.02569962,-0.02202415,24.09319
"2025-04-08 16:59:49.45",8427,0.02935791,0.03609276,-0.02791595,24.09641
"2025-04-08 16:59:49.5",8428,0.02988052,0.03682327,-0.02758598,24.09379
"2025-04-08 16:59:49.55",8429,0.02886009,0.03704643,-0.02775955,24.09352
"2025-04-08 16:59:49.6",8430,0.02939034,0.0350647,-0.02625847,24.09703
"2025-04-08 16:59:49.65",8431,0.03011703,0.02461433,-0.01933861,24.09544
"2025-04-08 16:59:49.7",8432,0.02989769,0.02437973,-0.01972771,24.11995
"2025-04-08 16:59:49.75",8433,0.0297184,0.02513504,-0.01972961,24.11726
"2025-04-08 16:59:49.8",8434,0.03313065,0.02835274,-0.01698494,24.12293
"2025-04-08 16:59:49.85",8435,0.03144455,0.02425194,-0.01853943,24.09258
"2025-04-08 16:59:49.9",8436,0.03290939,0.03855896,-0.02359962,24.10634
"2025-04-08 16:59:49.95",8437,0.03081322,0.02388382,-0.01704216,24.12012
"2025-04-08 16:59:50",8438,0.0336895,0.02341461,-0.01972961,24.12987
"2025-04-08 16:59:50.05",8439,0.03055191,0.02397346,-0.01820946,24.15918
"2025-04-08 16:59:50.1",8440,0.0300827,0.02309608,-0.01821518,24.13726
"2025-04-08 16:59:50.15",8441,0.03337288,0.02270508,-0.01598167,24.159
"2025-04-08 16:59:50.2",8442,0.03388214,0.03362846,-0.02444649,24.15819
"2025-04-08 16:59:50.25",8443,0.0303688,0.02437019,-0.01954842,24.15965
"2025-04-08 16:59:50.3",8444,0.03272629,0.0238266,-0.02214622,24.15656
"2025-04-08 16:59:50.35",8445,0.03208733,0.02407455,-0.01960754,24.17958
"2025-04-08 16:59:50.4",8446,0.03334427,0.02375603,-0.01538849,24.1815
"2025-04-08 16:59:50.45",8447,0.03282928,0.0241394,-0.01194954,24.15971
"2025-04-08 16:59:50.5",8448,0.02917671,0.02372169,-0.009944916,24.18735
"2025-04-08 16:59:50.55",8449,0.03178024,0.02400017,-0.01037025,24.15512
"2025-04-08 16:59:50.6",8450,0.03215027,0.02343178,-0.008932114,24.18056
"2025-04-08 16:59:50.65",8451,0.03184319,0.03462982,-0.01899147,24.18794
"2025-04-08 16:59:50.7",8452,0.03404236,0.027771,-0.009853363,24.16299
"2025-04-08 16:59:50.75",8453,0.0310154,0.02421951,-0.002246857,24.15915
"2025-04-08 16:59:50.8",8454,0.03076363,0.02577782,-0.0001964569,24.15703
"2025-04-08 16:59:50.85",8455,0.02974319,0.02696228,0.003269196,24.18709
"2025-04-08 16:59:50.9",8456,0.03186607,0.03809547,-0.006139755,24.17763
"2025-04-08 16:59:50.95",8457,0.03129959,0.02502251,0.001131058,24.18484
"2025-04-08 16:59:51",8458,0.03107262,0.02721786,0.002985001,24.15347
"2025-04-08 16:59:51.05",8459,0.03588104,0.02763748,0.009372711,24.17529
"2025-04-08 16:59:51.1",8460,0.03290749,0.02453041,0.009218216,24.15373
"2025-04-08 16:59:51.15",8461,0.03251648,0.03490829,0.002677917,24.17713
"2025-04-08 16:59:51.2",8462,0.03259087,0.02501297,0.006973267,24.19117
"2025-04-08 16:59:51.25",8463,0.032444,0.03497696,0.004241943,24.18553
"2025-04-08 16:59:51.3",8464,0.03199387,0.0243206,0.01503754,24.17003
"2025-04-08 16:59:51.35",8465,0.03233528,0.02407455,0.01262474,24.19625
"2025-04-08 16:59:51.4",8466,0.03241348,0.03548813,0.005834579,24.21252
"2025-04-08 16:59:51.45",8467,0.03205872,0.02499008,0.007017136,24.20353
"2025-04-08 16:59:51.5",8468,0.03190804,0.02555847,0.0141201,24.21194
"2025-04-08 16:59:51.55",8469,0.03267288,0.02775955,0.01775169,24.22434
"2025-04-08 16:59:51.6",8470,0.03481483,0.03394127,0.008621216,24.20856
"2025-04-08 16:59:51.65",8471,0.03482819,0.03660583,0.01177406,24.22359
"2025-04-08 16:59:51.7",8472,0.03515244,0.03386497,0.005062103,24.20705
"2025-04-08 16:59:51.75",8473,0.03449059,0.0259285,0.01040077,24.20994
"2025-04-08 16:59:51.8",8474,0.03217697,0.02528,0.01435661,24.21207
"2025-04-08 16:59:51.85",8475,0.03648758,0.02750969,0.01812744,24.21803
"2025-04-08 16:59:51.9",8476,0.03175735,0.02466583,0.01267624,24.21674
"2025-04-08 16:59:51.95",8477,0.03189659,0.02402306,0.01355171,24.20844
"2025-04-08 16:59:52",8478,0.03442764,0.02482796,0.01269913,24.2093
"2025-04-08 16:59:52.05",8479,0.03215981,0.02539825,0.01395798,24.18835
"2025-04-08 16:59:52.1",8480,0.03227806,0.02530289,0.01453018,24.20817
"2025-04-08 16:59:52.15",8481,0.03294945,0.02185631,0.01788521,24.21368
"2025-04-08 16:59:52.2",8482,0.03796196,0.02369308,0.01442146,24.21119
"2025-04-08 16:59:52.25",8483,0.03387642,0.0250721,0.02076149,24.20578
"2025-04-08 16:59:52.3",8484,0.03444481,0.02295685,0.0200634,24.20663
"2025-04-08 16:59:52.35",8485,0.03347397,0.02442932,0.01752663,24.21454
"2025-04-08 16:59:52.4",8486,0.03315353,0.02378464,0.02074623,24.20654
"2025-04-08 16:59:52.45",8487,0.03340721,0.02576065,0.02042198,24.21346
"2025-04-08 16:59:52.5",8488,0.03420067,0.02820587,0.01809883,24.21691
"2025-04-08 16:59:52.55",8489,0.03371811,0.0316124,0.01569557,24.20862
"2025-04-08 16:59:52.6",8490,0.0302906,0.03911781,0.02100182,24.21198
"2025-04-08 16:59:52.65",8491,0.03498077,0.03996277,0.02549934,24.26364
"2025-04-08 16:59:52.7",8492,0.03432274,0.04067612,0.02069473,24.19364
"2025-04-08 16:59:52.75",8493,0.02955055,0.0375061,0.01676369,24.21385
"2025-04-08 16:59:52.8",8494,0.02939987,0.03985596,0.02044487,24.2122
"2025-04-08 16:59:52.85",8495,0.0279007,0.03994179,0.01888657,24.20657
"2025-04-08 16:59:52.9",8496,0.02913284,0.03952217,0.02422905,24.22738
"2025-04-08 16:59:52.95",8497,0.03376389,0.04201698,0.02436447,24.25707
"2025-04-08 16:59:53",8498,0.03207016,0.03613853,0.02300835,24.24737
"2025-04-08 16:59:53.05",8499,0.03060341,0.03713799,0.02253151,24.20085
"2025-04-08 16:59:53.1",8500,0.02815437,0.03660011,0.0182724,24.19851
"2025-04-08 16:59:53.15",8501,0.03077126,0.03633881,0.02047157,24.24303
"2025-04-08 16:59:53.2",8502,0.0294857,0.03647614,0.02339363,24.19902
"2025-04-08 16:59:53.25",8503,0.02962494,0.03563309,0.02345467,24.20012
"2025-04-08 16:59:53.3",8504,0.02912712,0.04076195,0.0236721,24.24347
"2025-04-08 16:59:53.35",8505,0.02947426,0.0418396,0.02353859,24.24519
"2025-04-08 16:59:53.4",8506,0.02970886,0.04293823,0.02073479,24.25993
"2025-04-08 16:59:53.45",8507,0.03032684,0.04165649,0.01830292,24.20238
"2025-04-08 16:59:53.5",8508,0.03025055,0.04293251,0.01751328,24.19631
"2025-04-08 16:59:53.55",8509,0.02941895,0.04453087,0.0240078,24.2089
"2025-04-08 16:59:53.6",8510,0.02930641,0.04127121,0.01904297,24.19304
"2025-04-08 16:59:53.65",8511,0.03009415,0.04107857,0.02163315,24.25957
"2025-04-08 16:59:53.7",8512,0.02990341,0.04088593,0.02165031,24.20103
"2025-04-08 16:59:53.75",8513,0.03354454,0.04478073,0.02350426,24.23022
"2025-04-08 16:59:53.8",8514,0.02943993,0.03836632,0.02407837,24.25578
"2025-04-08 16:59:53.85",8515,0.02982712,0.04150581,0.02799988,24.19868
"2025-04-08 16:59:53.9",8516,0.03033829,0.0408802,0.02627373,24.21996
"2025-04-08 16:59:53.95",8517,0.03015709,0.03855133,0.02991676,24.19915
"2025-04-08 16:59:54",8518,0.02912903,0.03958321,0.02972984,24.24884
"2025-04-08 16:59:54.05",8519,0.02900505,0.03901482,0.02622986,24.19865
"2025-04-08 16:59:54.1",8520,0.02986526,0.03867912,0.02931213,24.19196
"2025-04-08 16:59:54.15",8521,0.02974129,0.03897476,0.02839851,24.20276
"2025-04-08 16:59:54.2",8522,0.03424835,0.04244804,0.03364754,24.23125
"2025-04-08 16:59:54.25",8523,0.02939415,0.04006958,0.02954102,24.17243
"2025-04-08 16:59:54.3",8524,0.02660179,0.03623581,0.03167534,24.22119
"2025-04-08 16:59:54.35",8525,0.0284481,0.03612709,0.0320549,24.20768
"2025-04-08 16:59:54.4",8526,0.03009987,0.039114,0.02527046,24.19393
"2025-04-08 16:59:54.45",8527,0.03251076,0.04112816,0.02918243,24.20619
"2025-04-08 16:59:54.5",8528,0.02866364,0.03976631,0.02868843,24.19788
"2025-04-08 16:59:54.55",8529,0.02264404,0.03607368,0.02891731,24.20321
"2025-04-08 16:59:54.6",8530,0.02166176,0.03632545,0.0278511,24.22916
"2025-04-08 16:59:54.65",8531,0.02005386,0.03710175,0.02553558,24.20874
"2025-04-08 16:59:54.7",8532,0.02878189,0.0366497,0.02533722,24.20936
"2025-04-08 16:59:54.75",8533,0.02888298,0.03556252,0.02604103,24.22529
"2025-04-08 16:59:54.8",8534,0.03116608,0.03500748,0.02448273,24.22791
"2025-04-08 16:59:54.85",8535,0.02975845,0.03541183,0.02344322,24.23223
"2025-04-08 16:59:54.9",8536,0.02998924,0.02521133,0.03104019,24.22514
"2025-04-08 16:59:54.95",8537,0.02883148,0.03550529,0.02820015,24.29333
"2025-04-08 16:59:55",8538,0.03334427,0.03508568,0.02424622,24.25961
"2025-04-08 16:59:55.05",8539,0.03339577,0.03552246,0.02479935,24.22954
"2025-04-08 16:59:55.1",8540,0.03497505,0.03664589,0.0260582,24.25824
"2025-04-08 16:59:55.15",8541,0.0377388,0.03632736,0.02112389,24.25666
"2025-04-08 16:59:55.2",8542,0.04437447,0.03519249,0.01915932,24.23699
"2025-04-08 16:59:55.25",8543,0.04614067,0.03512764,0.01945114,24.2429
"2025-04-08 16:59:55.3",8544,0.04886055,0.04009819,0.02243042,24.23479
"2025-04-08 16:59:55.35",8545,0.04703712,0.03600311,0.02267075,24.23373
"2025-04-08 16:59:55.4",8546,0.04712677,0.03441048,0.02394676,24.2562
"2025-04-08 16:59:55.45",8547,0.0478878,0.03454399,0.02195549,24.25599
"2025-04-08 16:59:55.5",8548,0.04808426,0.03428268,0.02142143,24.23433
"2025-04-08 16:59:55.55",8549,0.0482769,0.03443336,0.01919937,24.25517
"2025-04-08 16:59:55.6",8550,0.04939079,0.03383064,0.01542664,24.22212
"2025-04-08 16:59:55.65",8551,0.04701042,0.03547096,0.01645088,24.23105
"2025-04-08 16:59:55.7",8552,0.04608917,0.03671837,0.01678085,24.25573
"2025-04-08 16:59:55.75",8553,0.04959488,0.03689003,0.01628876,24.231
"2025-04-08 16:59:55.8",8554,0.04859161,0.03777504,0.0171032,24.25066
"2025-04-08 16:59:55.85",8555,0.05177307,0.03689194,0.01698494,24.22218
"2025-04-08 16:59:55.9",8556,0.05567169,0.03720284,0.0172596,24.22389
"2025-04-08 16:59:55.95",8557,0.0542717,0.03670692,0.01667976,24.27017
"2025-04-08 16:59:56",8558,0.05370712,0.03756714,0.01679802,24.22541
"2025-04-08 16:59:56.05",8559,0.05477333,0.03746986,0.01753235,24.24541
"2025-04-08 16:59:56.1",8560,0.05969048,0.03692818,0.01538467,24.21707
"2025-04-08 16:59:56.15",8561,0.0615387,0.03628349,0.01441193,24.22684
"2025-04-08 16:59:56.2",8562,0.06611633,0.04086304,0.01937866,24.23322
"2025-04-08 16:59:56.25",8563,0.06072617,0.03840256,0.01710892,24.24113
"2025-04-08 16:59:56.3",8564,0.0664463,0.0463028,0.01911545,24.19769
"2025-04-08 16:59:56.35",8565,0.0598278,0.0424099,0.01322746,24.21346
"2025-04-08 16:59:56.4",8566,0.05955315,0.0494194,0.01047516,24.19037
"2025-04-08 16:59:56.45",8567,0.05784416,0.05082512,0.01013947,24.18975
"2025-04-08 16:59:56.5",8568,0.05900574,0.0512104,0.01326561,24.24017
"2025-04-08 16:59:56.55",8569,0.06923866,0.05560684,0.01814651,24.24918
"2025-04-08 16:59:56.6",8570,0.06163788,0.0527916,0.01672554,24.21668
"2025-04-08 16:59:56.65",8571,0.06359673,0.05476189,0.01534081,24.21591
"2025-04-08 16:59:56.7",8572,0.06029892,0.05584526,0.02003098,24.22324
"2025-04-08 16:59:56.75",8573,0.05881691,0.05576324,0.014925,24.21983
"2025-04-08 16:59:56.8",8574,0.06242561,0.05496788,0.01287079,24.25291
"2025-04-08 16:59:56.85",8575,0.0596714,0.05517006,0.01222992,24.2225
"2025-04-08 16:59:56.9",8576,0.06003952,0.05597496,0.01349449,24.20676
"2025-04-08 16:59:56.95",8577,0.06129265,0.05599785,0.01364708,24.20259
"2025-04-08 16:59:57",8578,0.06001663,0.0592041,0.01616096,24.20192
"2025-04-08 16:59:57.05",8579,0.06417847,0.05884552,0.01530647,24.20839
"2025-04-08 16:59:57.1",8580,0.06283379,0.05674934,0.01732826,24.21476
"2025-04-08 16:59:57.15",8581,0.06010246,0.05621529,0.01460075,24.18688
"2025-04-08 16:59:57.2",8582,0.05945587,0.05543327,0.01636696,24.20724
"2025-04-08 16:59:57.25",8583,0.05753708,0.0702343,0.01641083,24.23584
"2025-04-08 16:59:57.3",8584,0.05661201,0.05653763,0.02453613,24.20617
"2025-04-08 16:59:57.35",8585,0.05848122,0.05952835,0.02643585,24.16009
"2025-04-08 16:59:57.4",8586,0.05550003,0.0594368,0.0270443,24.21101
"2025-04-08 16:59:57.45",8587,0.05749512,0.05609131,0.02699471,24.18407
"2025-04-08 16:59:57.5",8588,0.06229019,0.0617218,0.03212357,24.17243
"2025-04-08 16:59:57.55",8589,0.06001282,0.0574646,0.02778625,24.20739
"2025-04-08 16:59:57.6",8590,0.05823135,0.07199097,0.01933289,24.18452
"2025-04-08 16:59:57.65",8591,0.0621357,0.05868721,0.02622795,24.20489
"2025-04-08 16:59:57.7",8592,0.06424713,0.06180573,0.03313255,24.18977
"2025-04-08 16:59:57.75",8593,0.05974388,0.06918144,0.02590561,24.19273
"2025-04-08 16:59:57.8",8594,0.06273079,0.06207848,0.03051758,24.19511
"2025-04-08 16:59:57.85",8595,0.05476189,0.05877686,0.02850723,24.21191
"2025-04-08 16:59:57.9",8596,0.05630302,0.05437851,0.02049255,24.21745
"2025-04-08 16:59:57.95",8597,0.05695915,0.05648994,0.02311325,24.24228
"2025-04-08 16:59:58",8598,0.05939102,0.05652046,0.02635765,24.22253
"2025-04-08 16:59:58.05",8599,0.05886841,0.0555687,0.02673149,24.21937
"2025-04-08 16:59:58.1",8600,0.05678368,0.05487823,0.02553177,24.23908
"2025-04-08 16:59:58.15",8601,0.05665779,0.05351639,0.02518463,24.22022
"2025-04-08 16:59:58.2",8602,0.05835342,0.0543766,0.02709579,24.22147
"2025-04-08 16:59:58.25",8603,0.05985451,0.05744934,0.02392769,24.21827
"2025-04-08 16:59:58.3",8604,0.05786705,0.05539513,0.02534676,24.24026
"2025-04-08 16:59:58.35",8605,0.05900192,0.05747032,0.0227108,24.27019
"2025-04-08 16:59:58.4",8606,0.06070328,0.05890846,0.02312851,24.24177
"2025-04-08 16:59:58.45",8607,0.05836487,0.06057739,0.02620888,24.21991
"2025-04-08 16:59:58.5",8608,0.05632019,0.06240463,0.02765274,24.23918
"2025-04-08 16:59:58.55",8609,0.06001091,0.06230354,0.02433205,24.24599
"2025-04-08 16:59:58.6",8610,0.0633812,0.06478119,0.02382851,24.23647
"2025-04-08 16:59:58.65",8611,0.06712151,0.06622696,0.02139473,24.23911
"2025-04-08 16:59:58.7",8612,0.07189751,0.05846405,0.02217674,24.23565
"2025-04-08 16:59:58.75",8613,0.07125473,0.06828308,0.0179348,24.23519
"2025-04-08 16:59:58.8",8614,0.07285309,0.05489731,0.02583885,24.21605
"2025-04-08 16:59:58.85",8615,0.07623863,0.05678558,0.02383423,24.21633
"2025-04-08 16:59:58.9",8616,0.07816505,0.061203,0.01988602,24.21786
"2025-04-08 16:59:58.95",8617,0.0733757,0.07231522,0.0147934,24.21301
"2025-04-08 16:59:59",8618,0.07702446,0.06164932,0.0227375,24.21245
"2025-04-08 16:59:59.05",8619,0.07616806,0.06134033,0.02377129,24.1917
"2025-04-08 16:59:59.1",8620,0.07583046,0.06142044,0.02424049,24.21518
"2025-04-08 16:59:59.15",8621,0.07509613,0.06481743,0.0252018,24.21309
"2025-04-08 16:59:59.2",8622,0.07477188,0.06437302,0.02591705,24.18211
"2025-04-08 16:59:59.25",8623,0.07410431,0.06093025,0.02328491,24.18769
"2025-04-08 16:59:59.3",8624,0.07549286,0.06339645,0.02231598,24.21365
"2025-04-08 16:59:59.35",8625,0.07732773,0.06110001,0.02443695,24.19004
"2025-04-08 16:59:59.4",8626,0.07606888,0.06496239,0.02528191,24.17611
"2025-04-08 16:59:59.45",8627,0.07573891,0.07958603,0.01753235,24.16936
"2025-04-08 16:59:59.5",8628,0.07544899,0.08329201,0.01753426,24.17129
"2025-04-08 16:59:59.55",8629,0.07567978,0.07692528,0.02430344,24.17138
"2025-04-08 16:59:59.6",8630,0.07309341,0.08795357,0.01922798,24.17688
"2025-04-08 16:59:59.65",8631,0.06999207,0.08987045,0.01637268,24.17722
"2025-04-08 16:59:59.7",8632,0.06931305,0.09036064,0.01486015,24.16848
"2025-04-08 16:59:59.75",8633,0.06924057,0.09132195,0.01418877,24.17794
"2025-04-08 16:59:59.8",8634,0.06972885,0.08083153,0.02143097,24.16955
"2025-04-08 16:59:59.85",8635,0.06863594,0.07910919,0.02195549,24.1696
"2025-04-08 16:59:59.9",8636,0.07073593,0.09199333,0.02140045,24.16889
"2025-04-08 16:59:59.95",8637,0.07022858,0.09071922,0.01909637,24.16676
"2025-04-08 17:00:00",8638,0.07713509,0.09348297,0.0209198,24.17487
"2025-04-08 17:00:00.05",8639,0.07124519,0.08090782,0.02301979,24.19957
"2025-04-08 17:00:00.1",8640,0.07212067,0.08135414,0.02589989,24.16806
"2025-04-08 17:00:00.15",8641,0.06610107,0.09174728,0.02834702,24.165
"2025-04-08 17:00:00.2",8642,0.0672226,0.09240532,0.03217888,24.17164
"2025-04-08 17:00:00.25",8643,0.07148933,0.09177399,0.02890587,24.17342
"2025-04-08 17:00:00.3",8644,0.06712914,0.09233856,0.03063583,24.16628
"2025-04-08 17:00:00.35",8645,0.06456566,0.079813,0.04081726,24.17293
"2025-04-08 17:00:00.4",8646,0.06877136,0.09202957,0.03237724,24.17397
"2025-04-08 17:00:00.45",8647,0.06352425,0.09231758,0.03486443,24.1678
"2025-04-08 17:00:00.5",8648,0.0641346,0.07875443,0.03941154,24.16572
"2025-04-08 17:00:00.55",8649,0.06420708,0.07930946,0.0412693,24.16492
"2025-04-08 17:00:00.6",8650,0.06569672,0.09280205,0.03819275,24.16436
"2025-04-08 17:00:00.65",8651,0.06651306,0.08020782,0.04181099,24.16581
"2025-04-08 17:00:00.7",8652,0.06629181,0.0803299,0.03939247,24.1745
"2025-04-08 17:00:00.75",8653,0.06947899,0.07801819,0.03684235,24.17172
"2025-04-08 17:00:00.8",8654,0.06928825,0.08925629,0.03392029,24.178
"2025-04-08 17:00:00.85",8655,0.06813812,0.0631237,0.04405785,24.18279
"2025-04-08 17:00:00.9",8656,0.06671333,0.07530022,0.03555679,24.18956
"2025-04-08 17:00:00.95",8657,0.06925201,0.07471085,0.03544617,24.19779
"2025-04-08 17:00:01",8658,0.07259178,0.0849514,0.03343582,24.25241
"2025-04-08 17:00:01.05",8659,0.07993317,0.07688332,0.04187965,24.20062
"2025-04-08 17:00:01.1",8660,0.07610893,0.06998253,0.03839493,24.21026
"2025-04-08 17:00:01.15",8661,0.07456017,0.0676403,0.03537941,24.20398
"2025-04-08 17:00:01.2",8662,0.07696152,0.05750465,0.04330254,24.23444
"2025-04-08 17:00:01.25",8663,0.07740974,0.06883049,0.03526688,24.23289
"2025-04-08 17:00:01.3",8664,0.0755043,0.06893158,0.03748894,24.25208
"2025-04-08 17:00:01.35",8665,0.07704544,0.05854225,0.04677582,24.20856
"2025-04-08 17:00:01.4",8666,0.08064842,0.07850647,0.02982712,24.23178
"2025-04-08 17:00:01.45",8667,0.08576965,0.07940292,0.02999306,24.20197
"2025-04-08 17:00:01.5",8668,0.08600616,0.0800724,0.02899551,24.22832
"2025-04-08 17:00:01.55",8669,0.08438492,0.06928825,0.03902054,24.20663
"2025-04-08 17:00:01.6",8670,0.08765793,0.07891655,0.0257206,24.25117
"2025-04-08 17:00:01.65",8671,0.08523941,0.07916451,0.02850151,24.23051
"2025-04-08 17:00:01.7",8672,0.08631706,0.0825882,0.02730751,24.25161
"2025-04-08 17:00:01.75",8673,0.08550835,0.08222389,0.02994347,24.19692
"2025-04-08 17:00:01.8",8674,0.08287239,0.08199501,0.02801704,24.22856
"2025-04-08 17:00:01.85",8675,0.08865738,0.08122826,0.02988815,24.20394
"2025-04-08 17:00:01.9",8676,0.09001541,0.08427429,0.02887726,24.22655
"2025-04-08 17:00:01.95",8677,0.09718704,0.0814743,0.02866554,24.22392
"2025-04-08 17:00:02",8678,0.09850883,0.08451462,0.02857399,24.24992
"2025-04-08 17:00:02.05",8679,0.09467697,0.06898689,0.02916908,24.19665
"2025-04-08 17:00:02.1",8680,0.09557152,0.06927109,0.02843475,24.19788
"2025-04-08 17:00:02.15",8681,0.1034431,0.08722687,0.02612305,24.20684
"2025-04-08 17:00:02.2",8682,0.09908676,0.08278275,0.02632904,24.20132
"2025-04-08 17:00:02.25",8683,0.09803009,0.07395172,0.03465843,24.20051
"2025-04-08 17:00:02.3",8684,0.09980011,0.08104134,0.03232956,24.20216
"2025-04-08 17:00:02.35",8685,0.1033745,0.07033539,0.03827858,24.19436
"2025-04-08 17:00:02.4",8686,0.1026154,0.07050133,0.03395462,24.19581
"2025-04-08 17:00:02.45",8687,0.1012783,0.08187675,0.03264809,24.19419
"2025-04-08 17:00:02.5",8688,0.1008434,0.07105446,0.03432083,24.19821
"2025-04-08 17:00:02.55",8689,0.09948158,0.08116341,0.0274868,24.18929
"2025-04-08 17:00:02.6",8690,0.09803963,0.07987785,0.02791023,24.19379
"2025-04-08 17:00:02.65",8691,0.1000843,0.07448387,0.03709793,24.19663
"2025-04-08 17:00:02.7",8692,0.09916878,0.08687592,0.02921677,24.18619
"2025-04-08 17:00:02.75",8693,0.100008,0.09061813,0.03030586,24.18362
"2025-04-08 17:00:02.8",8694,0.09999466,0.089077,0.03064919,24.17865
"2025-04-08 17:00:02.85",8695,0.09934235,0.06688309,0.04439735,24.17799
"2025-04-08 17:00:02.9",8696,0.09943008,0.0674305,0.04148674,24.18498
"2025-04-08 17:00:02.95",8697,0.09747124,0.08127975,0.03636169,24.18079
"2025-04-08 17:00:03",8698,0.09544945,0.08992004,0.02629852,24.20679
"2025-04-08 17:00:03.05",8699,0.09954453,0.08087349,0.03022766,24.23002
"2025-04-08 17:00:03.1",8700,0.1002197,0.08218384,0.02713966,24.1779
"2025-04-08 17:00:03.15",8701,0.09771156,0.08037376,0.03298759,24.18528
"2025-04-08 17:00:03.2",8702,0.0999279,0.07918549,0.03332901,24.20694
"2025-04-08 17:00:03.25",8703,0.1012897,0.07914543,0.02950668,24.20725
"2025-04-08 17:00:03.3",8704,0.1023026,0.09054184,0.01964378,24.20757
"2025-04-08 17:00:03.35",8705,0.09828758,0.06308365,0.0370369,24.18263
"2025-04-08 17:00:03.4",8706,0.09619141,0.08687592,0.02988815,24.20389
"2025-04-08 17:00:03.45",8707,0.09869003,0.07498169,0.04186058,24.17417
"2025-04-08 17:00:03.5",8708,0.09914207,0.07527161,0.04029274,24.22734
"2025-04-08 17:00:03.55",8709,0.09736633,0.08612823,0.03494263,24.20327
"2025-04-08 17:00:03.6",8710,0.09676361,0.08544731,0.03562546,24.20747
"2025-04-08 17:00:03.65",8711,0.09383392,0.07053375,0.03704071,24.17564
"2025-04-08 17:00:03.7",8712,0.09332275,0.07150078,0.03805923,24.20461
"2025-04-08 17:00:03.75",8713,0.0915184,0.08903694,0.03857422,24.21271
"2025-04-08 17:00:03.8",8714,0.08769608,0.07308197,0.03893471,24.1492
"2025-04-08 17:00:03.85",8715,0.08765984,0.07216072,0.04225922,24.17213
"2025-04-08 17:00:03.9",8716,0.0889473,0.08489418,0.03226089,24.18123
"2025-04-08 17:00:03.95",8717,0.09266853,0.07202721,0.03603172,24.18176
"2025-04-08 17:00:04",8718,0.08913994,0.07145119,0.04055977,24.20175
"2025-04-08 17:00:04.05",8719,0.09020615,0.07056999,0.04183578,24.14744
"2025-04-08 17:00:04.1",8720,0.08654594,0.07962227,0.02992249,24.1519
"2025-04-08 17:00:04.15",8721,0.08697701,0.06588936,0.03832245,24.18208
"2025-04-08 17:00:04.2",8722,0.08764076,0.06458282,0.03644943,24.20232
"2025-04-08 17:00:04.25",8723,0.08733559,0.06410789,0.03478241,24.20159
"2025-04-08 17:00:04.3",8724,0.08474922,0.07611847,0.02853584,24.20905
"2025-04-08 17:00:04.35",8725,0.08436966,0.06122971,0.03552818,24.16689
"2025-04-08 17:00:04.4",8726,0.08463669,0.06083488,0.03113747,24.18368
"2025-04-08 17:00:04.45",8727,0.08641815,0.06004143,0.03277588,24.23513
"2025-04-08 17:00:04.5",8728,0.08588219,0.07512093,0.03148651,24.21207
"2025-04-08 17:00:04.55",8729,0.08525848,0.06072617,0.03694725,24.18304
"2025-04-08 17:00:04.6",8730,0.09045601,0.0530529,0.04548645,24.19164
"2025-04-08 17:00:04.65",8731,0.08945847,0.0600872,0.03665543,24.18362
"2025-04-08 17:00:04.7",8732,0.08903694,0.07144547,0.03078079,24.18451
"2025-04-08 17:00:04.75",8733,0.08798218,0.04758644,0.03799629,24.16777
"2025-04-08 17:00:04.8",8734,0.08540916,0.0478096,0.03928375,24.17934
"2025-04-08 17:00:04.85",8735,0.08401299,0.07179642,0.03005409,24.18039
"2025-04-08 17:00:04.9",8736,0.08903122,0.04510117,0.03943825,24.17992
"2025-04-08 17:00:04.95",8737,0.09259415,0.04493904,0.04058456,24.17957
"2025-04-08 17:00:05",8738,0.09251213,0.05835533,0.03228951,24.1785
"2025-04-08 17:00:05.05",8739,0.09273529,0.05792809,0.032341,24.16274
"2025-04-08 17:00:05.1",8740,0.09704781,0.04275131,0.03819847,24.18142
"2025-04-08 17:00:05.15",8741,0.1006756,0.05592346,0.02893829,24.1806
"2025-04-08 17:00:05.2",8742,0.1053867,0.06597137,0.02319336,24.21248
"2025-04-08 17:00:05.25",8743,0.1034412,0.06087303,0.03512001,24.15401
"2025-04-08 17:00:05.3",8744,0.1014748,0.06962967,0.02611351,24.16941
"2025-04-08 17:00:05.35",8745,0.1083946,0.05573082,0.03053474,24.1714
"2025-04-08 17:00:05.4",8746,0.1064281,0.05669403,0.02708054,24.17348
"2025-04-08 17:00:05.45",8747,0.1047859,0.05703735,0.02694893,24.18821
"2025-04-08 17:00:05.5",8748,0.1013412,0.05813599,0.02807236,24.18834
"2025-04-08 17:00:05.55",8749,0.1019688,0.05723572,0.02790451,24.17494
"2025-04-08 17:00:05.6",8750,0.1053162,0.05639839,0.02743149,24.19103
"2025-04-08 17:00:05.65",8751,0.1026878,0.05773544,0.02984238,24.21959
"2025-04-08 17:00:05.7",8752,0.106144,0.07202148,0.02659225,24.20871
"2025-04-08 17:00:05.75",8753,0.1085682,0.05066872,0.04170418,24.17558
"2025-04-08 17:00:05.8",8754,0.1055927,0.04779434,0.03828812,24.17287
"2025-04-08 17:00:05.85",8755,0.104435,0.07739258,0.02336884,24.18617
"2025-04-08 17:00:05.9",8756,0.1031246,0.07048607,0.02998924,24.21055
"2025-04-08 17:00:05.95",8757,0.1026878,0.06144905,0.03585243,24.16316
"2025-04-08 17:00:06",8758,0.1008377,0.07315826,0.03085327,24.15521
"2025-04-08 17:00:06.05",8759,0.09947205,0.07331657,0.03394127,24.1314
"2025-04-08 17:00:06.1",8760,0.1001949,0.06308365,0.03878975,24.14645
"2025-04-08 17:00:06.15",8761,0.1072388,0.07768822,0.03610992,24.14336
"2025-04-08 17:00:06.2",8762,0.1021748,0.07478905,0.0339756,24.13942
"2025-04-08 17:00:06.25",8763,0.1007423,0.07680702,0.03453445,24.1466
"2025-04-08 17:00:06.3",8764,0.1070728,0.08905411,0.03167534,24.15614
"2025-04-08 17:00:06.35",8765,0.1003971,0.07532501,0.03383636,24.14809
"2025-04-08 17:00:06.4",8766,0.09985733,0.0753994,0.03781891,24.16032
"2025-04-08 17:00:06.45",8767,0.09538651,0.07411957,0.04047012,24.14349
"2025-04-08 17:00:06.5",8768,0.09723473,0.07312202,0.04416275,24.16182
"2025-04-08 17:00:06.55",8769,0.0980854,0.07276917,0.04538727,24.16211
"2025-04-08 17:00:06.6",8770,0.09752083,0.08588409,0.0409584,24.15856
"2025-04-08 17:00:06.65",8771,0.09562111,0.0754509,0.04933357,24.15721
"2025-04-08 17:00:06.7",8772,0.09324455,0.07525253,0.05013847,24.11987
"2025-04-08 17:00:06.75",8773,0.09075737,0.08508301,0.04755402,24.12266
"2025-04-08 17:00:06.8",8774,0.08887672,0.07446098,0.05768394,24.14525
"2025-04-08 17:00:06.85",8775,0.09177017,0.08920479,0.05246735,24.1216
"2025-04-08 17:00:06.9",8776,0.08911705,0.07496262,0.05968857,24.14207
"2025-04-08 17:00:06.95",8777,0.08905411,0.07480812,0.05695724,24.1597
"2025-04-08 17:00:07",8778,0.08764648,0.07338333,0.05574226,24.12193
"2025-04-08 17:00:07.05",8779,0.08999252,0.07500458,0.05541611,24.18052
"2025-04-08 17:00:07.1",8780,0.08924484,0.07500839,0.05525398,24.15627
"2025-04-08 17:00:07.15",8781,0.09129906,0.07424355,0.05871201,24.14053
"2025-04-08 17:00:07.2",8782,0.08908272,0.07359695,0.05364799,24.14267
"2025-04-08 17:00:07.25",8783,0.09332657,0.07163429,0.04575539,24.15945
"2025-04-08 17:00:07.3",8784,0.09333992,0.07395935,0.04862595,24.12119
"2025-04-08 17:00:07.35",8785,0.09467125,0.07138252,0.04933357,24.12203
"2025-04-08 17:00:07.4",8786,0.09225655,0.06797218,0.04984856,24.12323
"2025-04-08 17:00:07.45",8787,0.09127235,0.06733894,0.04837036,24.14568
"2025-04-08 17:00:07.5",8788,0.09293175,0.06692886,0.05498123,24.12286
"2025-04-08 17:00:07.55",8789,0.09378624,0.0645256,0.05280495,24.14526
"2025-04-08 17:00:07.6",8790,0.09114456,0.06406021,0.0557003,24.12187
"2025-04-08 17:00:07.65",8791,0.09170341,0.06480026,0.05561638,24.18002
"2025-04-08 17:00:07.7",8792,0.08952332,0.06561279,0.0520668,24.12238
"2025-04-08 17:00:07.75",8793,0.09427643,0.06740761,0.04871559,24.12191
"2025-04-08 17:00:07.8",8794,0.0943718,0.06555367,0.04859734,24.11613
"2025-04-08 17:00:07.85",8795,0.09340477,0.06574821,0.04931641,24.14106
"2025-04-08 17:00:07.9",8796,0.09562302,0.06607246,0.04804611,24.14143
"2025-04-08 17:00:07.95",8797,0.09197044,0.06702805,0.04903984,24.11983
"2025-04-08 17:00:08",8798,0.08878136,0.06463814,0.05385208,24.11909
"2025-04-08 17:00:08.05",8799,0.08888626,0.06535339,0.05650139,24.11755
"2025-04-08 17:00:08.1",8800,0.09184647,0.06469917,0.05319405,24.14268
"2025-04-08 17:00:08.15",8801,0.08784866,0.0640564,0.05174828,24.14202
"2025-04-08 17:00:08.2",8802,0.0910244,0.06502914,0.05375862,24.11863
"2025-04-08 17:00:08.25",8803,0.09144592,0.06433678,0.04680634,24.13977
"2025-04-08 17:00:08.3",8804,0.09568214,0.05865669,0.04461098,24.13996
"2025-04-08 17:00:08.35",8805,0.1017723,0.06390953,0.04815102,24.11848
"2025-04-08 17:00:08.4",8806,0.1041965,0.06002998,0.04720688,24.17265
"2025-04-08 17:00:08.45",8807,0.1017876,0.04904938,0.04583931,24.17094
"2025-04-08 17:00:08.5",8808,0.1041965,0.06293869,0.04839516,24.14298
"2025-04-08 17:00:08.55",8809,0.1054478,0.05886269,0.04795074,24.10892
"2025-04-08 17:00:08.6",8810,0.1084385,0.059515,0.04190063,24.1284
"2025-04-08 17:00:08.65",8811,0.1024017,0.05724907,0.04149818,24.13889
"2025-04-08 17:00:08.7",8812,0.09992218,0.04971504,0.04986,24.12221
"2025-04-08 17:00:08.75",8813,0.1034641,0.04587746,0.05078697,24.1254
"2025-04-08 17:00:08.8",8814,0.1055183,0.0516758,0.04308128,24.12587
"2025-04-08 17:00:08.85",8815,0.1065617,0.05820465,0.0438633,24.10302
"2025-04-08 17:00:08.9",8816,0.1014538,0.06302834,0.04691696,24.14038
"2025-04-08 17:00:08.95",8817,0.1045418,0.06190491,0.04443741,24.1267
"2025-04-08 17:00:09",8818,0.1043644,0.06536865,0.04914093,24.12893
"2025-04-08 17:00:09.05",8819,0.1050892,0.0678215,0.04768753,24.12737
"2025-04-08 17:00:09.1",8820,0.100872,0.06782722,0.0441246,24.10378
"2025-04-08 17:00:09.15",8821,0.1052837,0.06710434,0.04787254,24.10312
"2025-04-08 17:00:09.2",8822,0.1049557,0.06615067,0.04488373,24.10264
"2025-04-08 17:00:09.25",8823,0.1032581,0.06629562,0.04413033,24.14117
"2025-04-08 17:00:09.3",8824,0.1016083,0.06978035,0.04556656,24.10106
"2025-04-08 17:00:09.35",8825,0.1011238,0.06536865,0.04597855,24.09951
"2025-04-08 17:00:09.4",8826,0.1002598,0.06733513,0.04649162,24.13874
"2025-04-08 17:00:09.45",8827,0.1018543,0.06359863,0.04647636,24.10272
"2025-04-08 17:00:09.5",8828,0.09700775,0.06426811,0.04275131,24.13803
"2025-04-08 17:00:09.55",8829,0.09229279,0.06472206,0.04450989,24.0972
"2025-04-08 17:00:09.6",8830,0.09327126,0.06210327,0.04267311,24.12257
"2025-04-08 17:00:09.65",8831,0.09251213,0.0514679,0.04956436,24.13578
"2025-04-08 17:00:09.7",8832,0.09223366,0.06252098,0.04167175,24.13755
"2025-04-08 17:00:09.75",8833,0.09070396,0.06075668,0.04091263,24.09672
"2025-04-08 17:00:09.8",8834,0.08479881,0.06129837,0.03568459,24.11991
"2025-04-08 17:00:09.85",8835,0.08430099,0.05972099,0.03513336,24.13577
"2025-04-08 17:00:09.9",8836,0.06881905,0.0590744,0.03680801,24.12132
"2025-04-08 17:00:09.95",8837,0.073843,0.05998993,0.03768921,24.11914
"2025-04-08 17:00:10",8838,0.07981682,0.05940437,0.040308,24.13221
"2025-04-08 17:00:10.05",8839,0.08244705,0.05565643,0.03961182,24.12044
"2025-04-08 17:00:10.1",8840,0.08236885,0.05489731,0.03295517,24.13695
"2025-04-08 17:00:10.15",8841,0.08696747,0.05583572,0.03874969,24.11964
"2025-04-08 17:00:10.2",8842,0.08422852,0.05188751,0.03467941,24.09272
"2025-04-08 17:00:10.25",8843,0.08520699,0.05233955,0.03513336,24.1151
"2025-04-08 17:00:10.3",8844,0.08036613,0.05217552,0.03740692,24.09394
"2025-04-08 17:00:10.35",8845,0.08424759,0.05137253,0.03965569,24.11339
"2025-04-08 17:00:10.4",8846,0.0872345,0.04876518,0.03707123,24.09023
"2025-04-08 17:00:10.45",8847,0.08884239,0.0472126,0.03850555,24.08772
"2025-04-08 17:00:10.5",8848,0.08791542,0.04897118,0.03678513,24.11202
"2025-04-08 17:00:10.55",8849,0.09036255,0.04840088,0.03856277,24.12722
"2025-04-08 17:00:10.6",8850,0.08806992,0.04586792,0.03498268,24.12579
"2025-04-08 17:00:10.65",8851,0.08609962,0.04907608,0.03425598,24.08901
"2025-04-08 17:00:10.7",8852,0.08890343,0.04558182,0.03141975,24.08199
"2025-04-08 17:00:10.75",8853,0.08960152,0.04527283,0.0369072,24.11139
"2025-04-08 17:00:10.8",8854,0.09264183,0.04864883,0.03248405,24.09022
"2025-04-08 17:00:10.85",8855,0.08930969,0.04627228,0.03479195,24.08759
"2025-04-08 17:00:10.9",8856,0.09213638,0.0527401,0.03814888,24.1194
"2025-04-08 17:00:10.95",8857,0.08869553,0.04791069,0.03157997,24.08932
"2025-04-08 17:00:11",8858,0.09173012,0.05025673,0.02993774,24.095
"2025-04-08 17:00:11.05",8859,0.08794975,0.0500145,0.02750397,24.08939
"2025-04-08 17:00:11.1",8860,0.09028244,0.05127716,0.03247833,24.08574
"2025-04-08 17:00:11.15",8861,0.08795357,0.04900551,0.02878952,24.10947
"2025-04-08 17:00:11.2",8862,0.09033394,0.0486412,0.03319359,24.12529
"2025-04-08 17:00:11.25",8863,0.100235,0.0499115,0.03629875,24.08978
"2025-04-08 17:00:11.3",8864,0.1016312,0.04771996,0.03760719,24.0871
"2025-04-08 17:00:11.35",8865,0.1037273,0.04992676,0.03694344,24.07751
"2025-04-08 17:00:11.4",8866,0.1087036,0.04876518,0.03414917,24.08666
"2025-04-08 17:00:11.45",8867,0.1052742,0.04624748,0.03358459,24.08854
"2025-04-08 17:00:11.5",8868,0.1039677,0.05006027,0.0351162,24.0865
"2025-04-08 17:00:11.55",8869,0.1028881,0.05129433,0.03762817,24.07837
"2025-04-08 17:00:11.6",8870,0.1050053,0.05018234,0.03267097,24.07693
"2025-04-08 17:00:11.65",8871,0.107708,0.04700089,0.0326252,24.08722
"2025-04-08 17:00:11.7",8872,0.1095161,0.05029678,0.03493881,24.11016
"2025-04-08 17:00:11.75",8873,0.1072845,0.04741859,0.03473091,24.10957
"2025-04-08 17:00:11.8",8874,0.1051235,0.04687309,0.03201675,24.08395
"2025-04-08 17:00:11.85",8875,0.1065674,0.05019379,0.03734589,24.08403
"2025-04-08 17:00:11.9",8876,0.1070118,0.04754829,0.03424263,24.10739
"2025-04-08 17:00:11.95",8877,0.1061878,0.05078697,0.03312302,24.10695
"2025-04-08 17:00:12",8878,0.1047859,0.0510788,0.03465271,24.07561
"2025-04-08 17:00:12.05",8879,0.1036816,0.04870224,0.03175735,24.08191
"2025-04-08 17:00:12.1",8880,0.1049824,0.05036163,0.03045845,24.08572
"2025-04-08 17:00:12.15",8881,0.1031303,0.04776955,0.02731323,24.08419
"2025-04-08 17:00:12.2",8882,0.1054249,0.04745293,0.02888298,24.10394
"2025-04-08 17:00:12.25",8883,0.1037369,0.04786491,0.03061485,24.07352
"2025-04-08 17:00:12.3",8884,0.1051521,0.04727364,0.0337429,24.08347
"2025-04-08 17:00:12.35",8885,0.1066933,0.04393768,0.03386497,24.10652
"2025-04-08 17:00:12.4",8886,0.105629,0.04660797,0.02892685,24.10616
"2025-04-08 17:00:12.45",8887,0.1028786,0.04608536,0.02821732,24.08073
"2025-04-08 17:00:12.5",8888,0.101078,0.04415131,0.03061485,24.07921
"2025-04-08 17:00:12.55",8889,0.100338,0.046381,0.02854347,24.08066
"2025-04-08 17:00:12.6",8890,0.1058693,0.04727936,0.02956581,24.08815
"2025-04-08 17:00:12.65",8891,0.1004829,0.04442978,0.02798843,24.0798
"2025-04-08 17:00:12.7",8892,0.09645081,0.04396057,0.0293026,24.10069
"2025-04-08 17:00:12.75",8893,0.09839439,0.0397892,0.02764893,24.04785
"2025-04-08 17:00:12.8",8894,0.09665489,0.04263115,0.02798462,24.08016
"2025-04-08 17:00:12.85",8895,0.0930481,0.04319763,0.02861595,24.11002
"2025-04-08 17:00:12.9",8896,0.09354401,0.04349136,0.02688217,24.08884
"2025-04-08 17:00:12.95",8897,0.09098816,0.04307365,0.02503586,24.09119
"2025-04-08 17:00:13",8898,0.09388542,0.04073524,0.02525139,24.08463
"2025-04-08 17:00:13.05",8899,0.09064674,0.03423691,0.02313614,24.05363
"2025-04-08 17:00:13.1",8900,0.0879364,0.03342247,0.02282333,24.07266
"2025-04-08 17:00:13.15",8901,0.09475517,0.03345108,0.02290726,24.07886
"2025-04-08 17:00:13.2",8902,0.0950489,0.03206062,0.02377319,24.07854
"2025-04-08 17:00:13.25",8903,0.09267998,0.03069305,0.02489471,24.08636
"2025-04-08 17:00:13.3",8904,0.0910244,0.03022766,0.02427673,24.06966
"2025-04-08 17:00:13.35",8905,0.08874321,0.02810478,0.02471161,24.04478
"2025-04-08 17:00:13.4",8906,0.08985329,0.02805138,0.02389526,24.04453
"2025-04-08 17:00:13.45",8907,0.09246635,0.02740288,0.02208138,24.06919
"2025-04-08 17:00:13.5",8908,0.09310341,0.02797699,0.01961899,24.07224
"2025-04-08 17:00:13.55",8909,0.09116173,0.02963638,0.01895142,24.06923
"2025-04-08 17:00:13.6",8910,0.08839035,0.03295326,0.02342224,24.06915
"2025-04-08 17:00:13.65",8911,0.09758759,0.03462791,0.02350044,24.05721
"2025-04-08 17:00:13.7",8912,0.09222794,0.03199959,0.02534676,24.07274
"2025-04-08 17:00:13.75",8913,0.08936119,0.03175735,0.02521896,24.06975
"2025-04-08 17:00:13.8",8914,0.09147263,0.03300476,0.02197266,24.04615
"2025-04-08 17:00:13.85",8915,0.09326744,0.03138924,0.02414131,24.0463
"2025-04-08 17:00:13.9",8916,0.09246635,0.03030586,0.02254486,24.02468
"2025-04-08 17:00:13.95",8917,0.08859634,0.03320694,0.02334785,24.04545
"2025-04-08 17:00:14",8918,0.09287071,0.03333473,0.02879524,24.06583
"2025-04-08 17:00:14.05",8919,0.08617973,0.03334618,0.0256443,24.02169
"2025-04-08 17:00:14.1",8920,0.08756447,0.03209496,0.02586555,24.04712
"2025-04-08 17:00:14.15",8921,0.08778572,0.03342819,0.0205822,24.06855
"2025-04-08 17:00:14.2",8922,0.08441353,0.03342438,0.02262306,24.02143
"2025-04-08 17:00:14.25",8923,0.08914375,0.0362339,0.02815247,24.03056
"2025-04-08 17:00:14.3",8924,0.08678246,0.03266335,0.02524567,24.02444
"2025-04-08 17:00:14.35",8925,0.0873909,0.03303337,0.02040672,24.02484
"2025-04-08 17:00:14.4",8926,0.08870316,0.03649902,0.0280571,24.02996
"2025-04-08 17:00:14.45",8927,0.08623314,0.03008842,0.02376747,24.04781
"2025-04-08 17:00:14.5",8928,0.08698273,0.02901077,0.02008629,24.0305
"2025-04-08 17:00:14.55",8929,0.08786011,0.0297718,0.02449226,24.03243
"2025-04-08 17:00:14.6",8930,0.09001541,0.03541565,0.02618599,24.03697
"2025-04-08 17:00:14.65",8931,0.08519554,0.02789497,0.02000237,24.02689
"2025-04-08 17:00:14.7",8932,0.08383942,0.02855682,0.02017975,24.03019
"2025-04-08 17:00:14.75",8933,0.08784294,0.02921677,0.01850128,24.0277
"2025-04-08 17:00:14.8",8934,0.08435059,0.02673149,0.02381325,24.04422
"2025-04-08 17:00:14.85",8935,0.08537483,0.02608871,0.02223778,24.02714
"2025-04-08 17:00:14.9",8936,0.08601189,0.0262413,0.02176285,24.0069
"2025-04-08 17:00:14.95",8937,0.08350754,0.02366638,0.02166176,23.98451
"2025-04-08 17:00:15",8938,0.08390617,0.02295685,0.02040482,23.9782
"2025-04-08 17:00:15.05",8939,0.08162498,0.02252579,0.022892,23.97763
"2025-04-08 17:00:15.1",8940,0.08611107,0.02324104,0.02430725,23.97949
"2025-04-08 17:00:15.15",8941,0.08507347,0.02152824,0.02566147,23.9884
"2025-04-08 17:00:15.2",8942,0.08435631,0.02290726,0.02346039,23.98207
"2025-04-08 17:00:15.25",8943,0.0790863,0.02251053,0.02431488,23.97195
"2025-04-08 17:00:15.3",8944,0.08257675,0.02159309,0.02213478,23.98281
"2025-04-08 17:00:15.35",8945,0.08343124,0.02121544,0.02194023,23.98286
"2025-04-08 17:00:15.4",8946,0.0798378,0.02225876,0.01734543,23.98483
"2025-04-08 17:00:15.45",8947,0.08030891,0.02301788,0.02013016,24.00203
"2025-04-08 17:00:15.5",8948,0.07851028,0.02217674,0.02106857,23.97956
"2025-04-08 17:00:15.55",8949,0.07764435,0.01843452,0.02352524,23.98098
"2025-04-08 17:00:15.6",8950,0.07896805,0.01900101,0.01966286,23.98179
"2025-04-08 17:00:15.65",8951,0.08040237,0.01880646,0.01895142,23.97361
"2025-04-08 17:00:15.7",8952,0.08019066,0.01895142,0.0220089,24.00302
"2025-04-08 17:00:15.75",8953,0.07883453,0.01815796,0.01773071,23.98022
"2025-04-08 17:00:15.8",8954,0.08158875,0.01796913,0.01721764,23.93019
"2025-04-08 17:00:15.85",8955,0.07844925,0.02103615,0.02168274,23.98228
"2025-04-08 17:00:15.9",8956,0.08201599,0.02117538,0.02457619,23.97239
"2025-04-08 17:00:15.95",8957,0.08105278,0.02072906,0.02131653,23.97334
"2025-04-08 17:00:16",8958,0.08846092,0.0220623,0.02381897,23.99235
"2025-04-08 17:00:16.05",8959,0.0861454,0.01945686,0.02172279,23.98311
"2025-04-08 17:00:16.1",8960,0.08572197,0.02331924,0.02169418,23.98287
"2025-04-08 17:00:16.15",8961,0.08270836,0.02294731,0.02163506,23.9845
"2025-04-08 17:00:16.2",8962,0.08705521,0.02903366,0.02408409,23.99163
"2025-04-08 17:00:16.25",8963,0.08521843,0.02436829,0.02194786,24.01009
"2025-04-08 17:00:16.3",8964,0.08455849,0.02769279,0.02291679,23.9902
"2025-04-08 17:00:16.35",8965,0.08677101,0.02864647,0.02344322,23.98391
"2025-04-08 17:00:16.4",8966,0.08176613,0.02763748,0.02039909,24.01449
"2025-04-08 17:00:16.45",8967,0.08276749,0.02959251,0.02113152,24.01678
"2025-04-08 17:00:16.5",8968,0.08314514,0.02700996,0.0202446,23.9971
"2025-04-08 17:00:16.55",8969,0.08491135,0.02960396,0.01930046,24.01794
"2025-04-08 17:00:16.6",8970,0.07934189,0.03272629,0.02057076,23.99837
"2025-04-08 17:00:16.65",8971,0.08454323,0.03256798,0.02422333,23.99836
"2025-04-08 17:00:16.7",8972,0.08346939,0.03305054,0.02565002,24.02245
"2025-04-08 17:00:16.75",8973,0.09201431,0.03648186,0.02788353,24.01104
"2025-04-08 17:00:16.8",8974,0.0864296,0.03517532,0.02692986,23.99179
"2025-04-08 17:00:16.85",8975,0.08491516,0.03498077,0.02443123,24.01012
"2025-04-08 17:00:16.9",8976,0.08573151,0.03409958,0.02425957,23.96563
"2025-04-08 17:00:16.95",8977,0.08459282,0.0381813,0.0287323,23.99264
"2025-04-08 17:00:17",8978,0.08442497,0.03766823,0.02663612,23.99849
"2025-04-08 17:00:17.05",8979,0.08720589,0.04027557,0.03107262,24.00519
"2025-04-08 17:00:17.1",8980,0.08281517,0.04006386,0.02645493,23.97074
"2025-04-08 17:00:17.15",8981,0.08778763,0.03888893,0.02876472,23.9798
"2025-04-08 17:00:17.2",8982,0.08608818,0.0359478,0.02323723,23.98185
"2025-04-08 17:00:17.25",8983,0.08545876,0.03503609,0.02353096,23.97264
"2025-04-08 17:00:17.3",8984,0.08439064,0.03453827,0.02052307,23.9984
"2025-04-08 17:00:17.35",8985,0.08312225,0.03332138,0.01954079,23.97161
"2025-04-08 17:00:17.4",8986,0.08125114,0.03429604,0.02061844,23.97477
"2025-04-08 17:00:17.45",8987,0.08010864,0.03598595,0.02204132,24.00222
"2025-04-08 17:00:17.5",8988,0.07911491,0.03482628,0.01829338,24.00095
"2025-04-08 17:00:17.55",8989,0.08083534,0.03441811,0.01900864,23.98013
"2025-04-08 17:00:17.6",8990,0.08228493,0.0344162,0.02420807,24.00298
"2025-04-08 17:00:17.65",8991,0.08182907,0.03604698,0.02410889,23.97889
"2025-04-08 17:00:17.7",8992,0.0822258,0.03617096,0.02443314,23.99925
"2025-04-08 17:00:17.75",8993,0.08536339,0.03869438,0.02634621,23.97651
"2025-04-08 17:00:17.8",8994,0.07767677,0.03745651,0.02708626,24.00821
"2025-04-08 17:00:17.85",8995,0.07906914,0.03502083,0.02728081,24.00266
"2025-04-08 17:00:17.9",8996,0.08190155,0.03439903,0.02371597,23.99984
"2025-04-08 17:00:17.95",8997,0.07691956,0.03338814,0.0247345,23.97765
"2025-04-08 17:00:18",8998,0.08096123,0.03064728,0.02173996,23.97042
"2025-04-08 17:00:18.05",8999,0.07694054,0.03309822,0.01176453,24.0019
"2025-04-08 17:00:18.1",9000,0.07862091,0.0311985,0.01311493,24.0011
"2025-04-08 17:00:18.15",9001,0.07606888,0.03139496,0.01540184,23.999
"2025-04-08 17:00:18.2",9002,0.07646179,0.03031158,0.01470757,24.0006
"2025-04-08 17:00:18.25",9003,0.07523155,0.03105354,0.01458549,24.00149
"2025-04-08 17:00:18.3",9004,0.07773399,0.03246689,0.01941109,24.00285
"2025-04-08 17:00:18.35",9005,0.07130051,0.0332222,0.01775932,23.97718
"2025-04-08 17:00:18.4",9006,0.06809998,0.03056335,0.01749039,23.99855
"2025-04-08 17:00:18.45",9007,0.0672226,0.0345974,0.01877975,24.00159
"2025-04-08 17:00:18.5",9008,0.06655312,0.03260231,0.02026367,24.00068
"2025-04-08 17:00:18.55",9009,0.06683159,0.03290367,0.01521683,24.00008
"2025-04-08 17:00:18.6",9010,0.06962395,0.03444099,0.01495361,23.998
"2025-04-08 17:00:18.65",9011,0.06815529,0.03371429,0.01446152,24.00416
"2025-04-08 17:00:18.7",9012,0.0673027,0.03208351,0.01677513,24.00362
"2025-04-08 17:00:18.75",9013,0.06582832,0.03010178,0.0105629,23.97784
"2025-04-08 17:00:18.8",9014,0.06635666,0.03005409,0.01106834,23.99963
"2025-04-08 17:00:18.85",9015,0.06711006,0.02993393,0.009342194,24.00259
"2025-04-08 17:00:18.9",9016,0.06834412,0.02740288,0.01260948,24.00409
"2025-04-08 17:00:18.95",9017,0.06418991,0.02794838,0.01095963,23.9774
"2025-04-08 17:00:19",9018,0.06368637,0.02886391,0.009990692,23.97719
"2025-04-08 17:00:19.05",9019,0.06564903,0.02782631,0.009878159,23.98062
"2025-04-08 17:00:19.1",9020,0.06773567,0.02420235,0.009925842,24.00272
"2025-04-08 17:00:19.15",9021,0.06752586,0.01438522,0.004779816,24.00164
"2025-04-08 17:00:19.2",9022,0.06781387,0.01504135,0.008005142,23.99696
"2025-04-08 17:00:19.25",9023,0.06641197,0.01968384,0.0037117,23.99727
"2025-04-08 17:00:19.3",9024,0.07103348,0.02168846,0.003734589,23.99715
"2025-04-08 17:00:19.35",9025,0.06776428,0.02357674,0.005615234,23.96973
"2025-04-08 17:00:19.4",9026,0.07417488,0.02814674,0.01237869,24.00417
"2025-04-08 17:00:19.45",9027,0.07119942,0.02423668,0.01017189,23.99791
"2025-04-08 17:00:19.5",9028,0.07609367,0.02351379,0.009401321,23.99862
"2025-04-08 17:00:19.55",9029,0.07298279,0.02340508,0.007364273,23.99736
"2025-04-08 17:00:19.6",9030,0.07388687,0.02329826,0.00922966,23.99579
"2025-04-08 17:00:19.65",9031,0.070858,0.02187157,0.01159096,23.9747
"2025-04-08 17:00:19.7",9032,0.07700157,0.01971626,0.01125717,23.99974
"2025-04-08 17:00:19.75",9033,0.08162117,0.01966858,0.01396179,24.00511
"2025-04-08 17:00:19.8",9034,0.07724762,0.01258469,0.01198387,23.97475
"2025-04-08 17:00:19.85",9035,0.07649422,0.005226135,0.01263046,24.01729
"2025-04-08 17:00:19.9",9036,0.07818604,0.00223732,0.01080894,23.998
"2025-04-08 17:00:19.95",9037,0.07871628,0.001020432,0.006969452,24.00016
"2025-04-08 17:00:20",9038,0.07751465,0.001710892,0.004911423,23.99733
"2025-04-08 17:00:20.05",9039,0.07712936,0.003257751,0.008150101,23.99678
"2025-04-08 17:00:20.1",9040,0.07740593,0.003314972,0.005889893,23.99582
"2025-04-08 17:00:20.15",9041,0.07929802,0.002950668,0.005727768,23.99847
"2025-04-08 17:00:20.2",9042,0.07265854,0.0044384,0.008117676,23.9988
"2025-04-08 17:00:20.25",9043,0.06539536,0.005661011,0.01067543,24.02085
"2025-04-08 17:00:20.3",9044,0.0681057,0.005632401,0.008636475,23.99715
"2025-04-08 17:00:20.35",9045,0.07044411,0.005960464,0.008844376,24.02151
"2025-04-08 17:00:20.4",9046,0.07098007,0.005870819,0.008636475,24.01939
"2025-04-08 17:00:20.45",9047,0.07312775,0.006689072,0.00475502,23.99554
"2025-04-08 17:00:20.5",9048,0.06978035,0.005441666,0.005779266,24.01775
"2025-04-08 17:00:20.55",9049,0.07135582,0.006420135,0.01110458,23.99753
"2025-04-08 17:00:20.6",9050,0.07337189,0.00274086,0.008106232,23.99718
"2025-04-08 17:00:20.65",9051,0.0718689,0.005916595,0.005084991,24.01773
"2025-04-08 17:00:20.7",9052,0.06593895,0.003335953,0.01029587,23.99459
"2025-04-08 17:00:20.75",9053,0.0688324,0.005052567,0.008481979,23.99609
"2025-04-08 17:00:20.8",9054,0.06905365,0.004621506,0.005067825,23.99716
"2025-04-08 17:00:20.85",9055,0.06727219,0.005189896,0.003494263,23.99543
"2025-04-08 17:00:20.9",9056,0.06669807,0.006603241,0.0063591,23.99398
"2025-04-08 17:00:20.95",9057,0.06674767,0.005537033,0.003595352,23.9952
"2025-04-08 17:00:21",9058,0.06711578,0.005310059,0.009325027,23.99787
"2025-04-08 17:00:21.05",9059,0.07117653,0.005475998,0.008358002,24.02122
"2025-04-08 17:00:21.1",9060,0.0701561,0.005922318,0.005460739,24.02119
"2025-04-08 17:00:21.15",9061,0.06520844,0.006954193,0.008867264,24.00105
"2025-04-08 17:00:21.2",9062,0.06926155,0.006954193,0.01016235,24.0049
"2025-04-08 17:00:21.25",9063,0.06736183,0.006866455,0.004667282,24.00246
"2025-04-08 17:00:21.3",9064,0.06836128,0.007982254,0.007175446,24.02052
"2025-04-08 17:00:21.35",9065,0.07088089,0.007537842,0.005090714,24.01771
"2025-04-08 17:00:21.4",9066,0.07032967,0.007423401,0.004863739,23.99677
"2025-04-08 17:00:21.45",9067,0.0728302,0.004085541,0.006765366,24.01921
"2025-04-08 17:00:21.5",9068,0.07374763,0.008268356,0.006370544,23.99609
"2025-04-08 17:00:21.55",9069,0.06902695,0.007978439,0.01255798,23.9934
"2025-04-08 17:00:21.6",9070,0.06879234,0.007341385,0.007505417,24.01503
"2025-04-08 17:00:21.65",9071,0.06803703,0.00717926,0.008207321,23.99518
"2025-04-08 17:00:21.7",9072,0.06852341,0.01044083,0.01203918,24.0015
"2025-04-08 17:00:21.75",9073,0.06262016,0.008296967,0.005750656,23.99418
"2025-04-08 17:00:21.8",9074,0.05417824,0.006490707,0.008491516,23.99347
"2025-04-08 17:00:21.85",9075,0.05020523,0.006393433,0.01194,24.01634
"2025-04-08 17:00:21.9",9076,0.04824066,0.006565094,0.009649277,23.97301
"2025-04-08 17:00:21.95",9077,0.04347992,0.01067162,0.01060867,24.00145
"2025-04-08 17:00:22",9078,0.03953171,0.006391525,0.00585556,23.99171
"2025-04-08 17:00:22.05",9079,0.04230309,0.007045746,0.01031876,23.99377
"2025-04-08 17:00:22.1",9080,0.047966,0.006603241,0.008638382,23.99325
"2025-04-08 17:00:22.15",9081,0.04726219,0.006788254,0.009799957,23.99338
"2025-04-08 17:00:22.2",9082,0.04326439,0.007631302,0.01127815,23.99289
"2025-04-08 17:00:22.25",9083,0.04602814,0.006038666,0.01255226,23.97169
"2025-04-08 17:00:22.3",9084,0.0497303,0.005743027,0.009759903,23.9948
"2025-04-08 17:00:22.35",9085,0.04607391,0.006353378,0.006147385,23.97146
"2025-04-08 17:00:22.4",9086,0.04346657,0.003986359,0.007940292,23.99075
"2025-04-08 17:00:22.45",9087,0.04454422,0.003845215,0.009613037,23.99248
"2025-04-08 17:00:22.5",9088,0.04404068,0.003807068,0.01002121,23.97169
"2025-04-08 17:00:22.55",9089,0.04969025,0.004804611,0.009498596,23.99406
"2025-04-08 17:00:22.6",9090,0.04593849,0.006967545,0.01213455,23.97227
"2025-04-08 17:00:22.65",9091,0.04319191,0.006189346,0.01247597,23.99312
"2025-04-08 17:00:22.7",9092,0.04531288,0.005130768,0.01301575,23.99364
"2025-04-08 17:00:22.75",9093,0.04192352,0.004938126,0.007078171,23.99576
"2025-04-08 17:00:22.8",9094,0.04299545,0.001667023,0.003421783,23.97068
"2025-04-08 17:00:22.85",9095,0.04766846,0.001214981,0.006832123,24.01395
"2025-04-08 17:00:22.9",9096,0.04458618,0.0002975464,0.004850388,23.9702
"2025-04-08 17:00:22.95",9097,0.04293442,-0.0006561279,0.005331039,23.97171
"2025-04-08 17:00:23",9098,0.04150963,-0.0005016327,0.006307602,23.99278
"2025-04-08 17:00:23.05",9099,0.04660797,0.0006790161,0.005140305,24.0151
"2025-04-08 17:00:23.1",9100,0.0472393,0.0002536774,0.005069733,23.99127
"2025-04-08 17:00:23.15",9101,0.04667664,0.0003490448,0.005895615,23.99372
"2025-04-08 17:00:23.2",9102,0.0488205,0.001014709,0.006103516,23.99385
"2025-04-08 17:00:23.25",9103,0.05078125,0.0008449554,0.009267807,23.99366
"2025-04-08 17:00:23.3",9104,0.04792213,0.002944946,0.01011658,23.97142
"2025-04-08 17:00:23.35",9105,0.04907036,0.002449036,0.009552002,23.99652
"2025-04-08 17:00:23.4",9106,0.05307198,0.001756668,0.007608414,23.9968
"2025-04-08 17:00:23.45",9107,0.04855919,0.001386642,0.001342773,24.02065
"2025-04-08 17:00:23.5",9108,0.04928589,0.001785278,0.002679825,23.99646
"2025-04-08 17:00:23.55",9109,0.04769135,0.0009632111,0.001308441,23.99663
"2025-04-08 17:00:23.6",9110,0.04820633,0.003492355,0.003040314,23.99691
"2025-04-08 17:00:23.65",9111,0.04582214,0.003313065,0.006168365,24.01685
"2025-04-08 17:00:23.7",9112,0.0458107,0.007312775,0.007041931,23.97699
"2025-04-08 17:00:23.75",9113,0.04614449,0.0063591,0.001543045,23.96946
"2025-04-08 17:00:23.8",9114,0.04972458,0.005748749,0.004974365,24.01314
"2025-04-08 17:00:23.85",9115,0.04563713,0.002069473,0.006196976,23.97134
"2025-04-08 17:00:23.9",9116,0.04577827,0.002428055,0.002790451,24.01596
"2025-04-08 17:00:23.95",9117,0.04598808,0.003259659,0.004617691,23.99007
"2025-04-08 17:00:24",9118,0.04401588,0.001461029,0.004835129,23.99133
"2025-04-08 17:00:24.05",9119,0.04813194,0.004705429,0.006206512,23.99291
"2025-04-08 17:00:24.1",9120,0.04860306,0.002399445,0.001701355,23.99407
"2025-04-08 17:00:24.15",9121,0.04444695,0.001573563,0.004140854,23.96839
"2025-04-08 17:00:24.2",9122,0.04270554,0.002264023,0.005386353,24.01391
"2025-04-08 17:00:24.25",9123,0.04243851,0.001392365,0.005683899,24.01483
"2025-04-08 17:00:24.3",9124,0.04474449,-0.001316071,-0.0008106232,23.96361
"2025-04-08 17:00:24.35",9125,0.05021095,0.001333237,0.001157761,23.99208
"2025-04-08 17:00:24.4",9126,0.04435349,-0.0004768372,-0.001930237,24.01296
"2025-04-08 17:00:24.45",9127,0.04335213,-0.0008850098,0.00091362,23.99128
"2025-04-08 17:00:24.5",9128,0.05375862,-0.0007686615,0.004676819,24.02233
"2025-04-08 17:00:24.55",9129,0.04696274,-0.004274368,-0.004407883,23.99213
"2025-04-08 17:00:24.6",9130,0.04372787,-0.004207611,-0.004451752,24.01438
"2025-04-08 17:00:24.65",9131,0.04814339,-0.001285553,-0.001941681,23.99633
"2025-04-08 17:00:24.7",9132,0.04963684,-5.722046E-05,-0.002319336,24.02759
"2025-04-08 17:00:24.75",9133,0.04721069,-0.005331039,-0.002727509,23.99249
"2025-04-08 17:00:24.8",9134,0.04488373,-0.001499176,-0.001756668,24.01198
"2025-04-08 17:00:24.85",9135,0.04405785,-0.003967285,0.0002498627,23.9677
"2025-04-08 17:00:24.9",9136,0.04405212,-0.004528046,-0.002067566,24.01137
"2025-04-08 17:00:24.95",9137,0.04984665,-0.003335953,-0.003538132,24.0122
"2025-04-08 17:00:25",9138,0.05063057,-0.004905701,-0.0008525848,24.01231
"2025-04-08 17:00:25.05",9139,0.05203819,-0.006145477,-0.0001811981,24.01062
"2025-04-08 17:00:25.1",9140,0.04597664,-0.006034851,-0.005702972,23.98531
"2025-04-08 17:00:25.15",9141,0.04854774,-0.004198074,-0.003911972,24.00832
"2025-04-08 17:00:25.2",9142,0.04937744,-0.007312775,-0.0006847382,23.98938
"2025-04-08 17:00:25.25",9143,0.04936981,-0.003950119,-0.001111984,23.98853
"2025-04-08 17:00:25.3",9144,0.04460907,-0.00353241,-0.003170013,24.00961
"2025-04-08 17:00:25.35",9145,0.04613876,-0.003347397,-0.002252579,24.0078
"2025-04-08 17:00:25.4",9146,0.044487,-0.004148483,-0.003610611,24.0095
"2025-04-08 17:00:25.45",9147,0.04520607,-0.004053116,-0.00447464,24.01053
"2025-04-08 17:00:25.5",9148,0.0508709,-0.00343132,-0.003433228,23.99132
"2025-04-08 17:00:25.55",9149,0.05143929,-0.002851486,-0.0007076263,24.02184
"2025-04-08 17:00:25.6",9150,0.05004883,-0.003990173,0.001304626,23.99593
"2025-04-08 17:00:25.65",9151,0.05213737,-0.004693985,-0.0004386902,24.02749
"2025-04-08 17:00:25.7",9152,0.048172,-0.008119583,-0.005996704,24.02627
"2025-04-08 17:00:25.75",9153,0.04888153,-0.004407883,-0.001665115,24.02716
"2025-04-08 17:00:25.8",9154,0.04463768,-0.003288269,-0.0002384186,24.0245
"2025-04-08 17:00:25.85",9155,0.04745674,-0.003919601,0.0004711151,24.02465
"2025-04-08 17:00:25.9",9156,0.04852486,-0.007692337,-0.006185532,24.02485
"2025-04-08 17:00:25.95",9157,0.04927254,-0.004743576,-0.005336761,24.02682
"2025-04-08 17:00:26",9158,0.04834557,-0.003789902,-0.0004310608,24.01891
"2025-04-08 17:00:26.05",9159,0.04895401,-0.003890991,-0.003433228,23.99612
"2025-04-08 17:00:26.1",9160,0.05010605,-0.003801346,0.0002307892,23.99934
"2025-04-08 17:00:26.15",9161,0.04860115,-0.005910873,-0.00402832,24.00692
"2025-04-08 17:00:26.2",9162,0.05080223,-0.004714966,-0.002759933,24.00948
"2025-04-08 17:00:26.25",9163,0.04569817,-0.004383087,0.001283646,24.01063
"2025-04-08 17:00:26.3",9164,0.04460907,-0.0009403229,0.004550934,24.01694
"2025-04-08 17:00:26.35",9165,0.04821205,-0.005727768,0.0006580353,24.01229
"2025-04-08 17:00:26.4",9166,0.05055809,-0.002241135,-0.002782822,23.99226
"2025-04-08 17:00:26.45",9167,0.04763794,-0.00210762,0.003715515,24.01312
"2025-04-08 17:00:26.5",9168,0.0489769,-0.001928329,-0.001483917,24.01048
"2025-04-08 17:00:26.55",9169,0.04810715,-0.00302887,-0.0009555817,23.98841
"2025-04-08 17:00:26.6",9170,0.05056953,-0.002969742,0.0001373291,24.01321
"2025-04-08 17:00:26.65",9171,0.04641533,-0.002433777,0.003103256,23.99006
"2025-04-08 17:00:26.7",9172,0.04634094,-0.003297806,0.004707336,24.01096
"2025-04-08 17:00:26.75",9173,0.04641533,-0.002628326,0.002656937,24.01
"2025-04-08 17:00:26.8",9174,0.04649353,-0.004304886,0.003833771,23.9869
"2025-04-08 17:00:26.85",9175,0.05056381,-0.00500679,0.007036209,24.01116
"2025-04-08 17:00:26.9",9176,0.0490284,-0.004180908,0.006532669,23.98928
"2025-04-08 17:00:26.95",9177,0.0480957,-0.004262924,0.004386902,23.98653
"2025-04-08 17:00:27",9178,0.04669952,-0.003274918,-0.002895355,23.9877
"2025-04-08 17:00:27.05",9179,0.04863167,-0.00522995,0.0001945496,23.98885
"2025-04-08 17:00:27.1",9180,0.0471611,-0.002298355,0.002292633,23.96807
"2025-04-08 17:00:27.15",9181,0.04616165,-0.005002975,-0.004022598,23.97054
"2025-04-08 17:00:27.2",9182,0.04435349,-0.0008010864,0.004665375,23.98777
"2025-04-08 17:00:27.25",9183,0.04325104,-0.003665924,0.002450943,24.0108
"2025-04-08 17:00:27.3",9184,0.04769135,0.0002880096,0.001590729,23.99728
"2025-04-08 17:00:27.35",9185,0.04972076,-0.002861023,-0.002023697,24.01141
"2025-04-08 17:00:27.4",9186,0.04911041,-0.00243187,-0.0009632111,23.98795
"2025-04-08 17:00:27.45",9187,0.04806137,-0.001527786,0.00220871,23.98755
"2025-04-08 17:00:27.5",9188,0.04886055,-0.003604889,0.000711441,23.98949
"2025-04-08 17:00:27.55",9189,0.04665756,-0.002885818,0.00189209,23.98943
"2025-04-08 17:00:27.6",9190,0.0463295,0.00164032,0.003734589,23.98909
"2025-04-08 17:00:27.65",9191,0.04800415,0.002132416,0.002384186,23.98916
"2025-04-08 17:00:27.7",9192,0.04750252,0.0001411438,0.001991272,23.98807
"2025-04-08 17:00:27.75",9193,0.0499897,0.002902985,0.004257202,24.01495
"2025-04-08 17:00:27.8",9194,0.05024529,0.003511429,-0.0007686615,24.0127
"2025-04-08 17:00:27.85",9195,0.04754066,-0.001661301,0.001199722,23.97868
"2025-04-08 17:00:27.9",9196,0.04453278,-0.00925827,0.003587723,24.01391
"2025-04-08 17:00:27.95",9197,0.04365921,-0.007637024,0.004648209,23.99138
"2025-04-08 17:00:28",9198,0.04310226,-0.00825882,0.002153397,23.97087
"2025-04-08 17:00:28.05",9199,0.04333687,-0.00315094,0.005966187,23.99072
"2025-04-08 17:00:28.1",9200,0.04606819,-0.002639771,0.004383087,24.00996
"2025-04-08 17:00:28.15",9201,0.04675865,-0.003387451,0.001302719,23.98623
"2025-04-08 17:00:28.2",9202,0.04507828,-0.004013062,0.001464844,24.01034
"2025-04-08 17:00:28.25",9203,0.04707909,-0.006597519,-4.196167E-05,23.98716
"2025-04-08 17:00:28.3",9204,0.04936218,-0.002866745,0.001186371,24.00789
"2025-04-08 17:00:28.35",9205,0.04867935,-0.003137589,0.004526138,23.9862
"2025-04-08 17:00:28.4",9206,0.04841805,-0.003324509,0.004154205,23.98626
"2025-04-08 17:00:28.45",9207,0.0500145,-0.006141663,-0.0004997253,23.99096
"2025-04-08 17:00:28.5",9208,0.05246162,-0.00620842,-0.0007133484,23.98744
"2025-04-08 17:00:28.55",9209,0.05108261,-0.005516052,0.003381729,23.9873
"2025-04-08 17:00:28.6",9210,0.05582237,0.0002498627,0.004667282,23.99246
"2025-04-08 17:00:28.65",9211,0.0551815,-0.006832123,0.004018784,24.01086
"2025-04-08 17:00:28.7",9212,0.05634308,-0.003219604,-0.0002746582,23.98967
"2025-04-08 17:00:28.75",9213,0.04880333,-0.001600266,0.008201599,23.99406
"2025-04-08 17:00:28.8",9214,0.05093575,0.0001296997,0.006351471,23.99402
"2025-04-08 17:00:28.85",9215,0.04213524,-0.006475449,0.001729965,24.00791
"2025-04-08 17:00:28.9",9216,0.04426193,-0.005889893,0.003656387,24.01229
"2025-04-08 17:00:28.95",9217,0.04379272,-0.005699158,0.003984451,24.0108
"2025-04-08 17:00:29",9218,0.04605103,-0.005252838,0.0006904602,23.98819
"2025-04-08 17:00:29.05",9219,0.04816628,-0.006164551,0.001459122,24.00895
"2025-04-08 17:00:29.1",9220,0.04688835,-0.006990433,-0.001983643,23.98896
"2025-04-08 17:00:29.15",9221,0.04849625,-0.002750397,-0.001684189,24.0098
"2025-04-08 17:00:29.2",9222,0.04559898,-0.005096436,0.00403595,23.98617
"2025-04-08 17:00:29.25",9223,0.04443169,-0.002025604,0.005231857,23.98654
"2025-04-08 17:00:29.3",9224,0.0450325,-0.0009422302,0.001699448,24.00921
"2025-04-08 17:00:29.35",9225,0.0502224,0.002325058,0.001325607,23.99726
"2025-04-08 17:00:29.4",9226,0.04707336,-0.0009632111,0.0007839203,24.00636
"2025-04-08 17:00:29.45",9227,0.0509758,0.001493454,0.001766205,24.01527
"2025-04-08 17:00:29.5",9228,0.04705429,-0.003190994,-0.001117706,24.00925
"2025-04-08 17:00:29.55",9229,0.04864693,-0.002946854,-0.0007190704,24.01041
"2025-04-08 17:00:29.6",9230,0.04393959,-0.003868103,0.0009250641,24.00956
"2025-04-08 17:00:29.65",9231,0.04123116,-0.003221512,0.003643036,24.00977
"2025-04-08 17:00:29.7",9232,0.04481697,-0.005844116,0.002344131,24.00785
"2025-04-08 17:00:29.75",9233,0.04356575,-0.002885818,0.004592896,24.00945
"2025-04-08 17:00:29.8",9234,0.04150963,-0.005172729,0.001712799,23.98757
"2025-04-08 17:00:29.85",9235,0.04244232,-0.001220703,0.001371384,23.98505
"2025-04-08 17:00:29.9",9236,0.04545212,-0.001447678,0.002096176,24.00882
"2025-04-08 17:00:29.95",9237,0.04413986,-0.005466461,-0.0002155304,24.0078
"2025-04-08 17:00:30",9238,0.0458889,-0.001712799,0.002529144,23.99104
"2025-04-08 17:00:30.05",9239,0.0477581,-0.000743866,0.0009479523,24.01182
"2025-04-08 17:00:30.1",9240,0.04601669,-0.002958298,0.0005054474,23.99399
"2025-04-08 17:00:30.15",9241,0.04231262,-0.001890182,0.002138138,23.99207
"2025-04-08 17:00:30.2",9242,0.04453659,-0.002180099,0.001146317,24.01378
"2025-04-08 17:00:30.25",9243,0.04633141,-0.001098633,0.001098633,24.01439
"2025-04-08 17:00:30.3",9244,0.04270935,-0.001441956,-0.002202988,24.01107
"2025-04-08 17:00:30.35",9245,0.04149818,-0.001565933,-0.0001907349,23.98669
"2025-04-08 17:00:30.4",9246,0.04064369,-0.002063751,0.00207901,24.00712
"2025-04-08 17:00:30.45",9247,0.03945541,-0.002059937,-7.629395E-05,24.00948
"2025-04-08 17:00:30.5",9248,0.04541969,-0.001209259,0.001350403,24.01443
"2025-04-08 17:00:30.55",9249,0.04244232,-0.001522064,-0.00620842,23.98549
"2025-04-08 17:00:30.6",9250,0.04114151,-0.0006217957,0.001459122,23.98333
"2025-04-08 17:00:30.65",9251,0.04434013,-0.001729965,0.0001106262,23.96246
"2025-04-08 17:00:30.7",9252,0.03931427,-0.001981735,-0.001537323,23.98577
"2025-04-08 17:00:30.75",9253,0.0407505,-0.001134872,-0.004262924,23.98289
"2025-04-08 17:00:30.8",9254,0.04153633,0.001935959,-0.001499176,24.01352
"2025-04-08 17:00:30.85",9255,0.04415131,-0.001928329,-0.003234863,23.98611
"2025-04-08 17:00:30.9",9256,0.0449295,-0.001930237,-0.00557518,23.96593
"2025-04-08 17:00:30.95",9257,0.04298019,-0.001567841,-0.001478195,23.98643
"2025-04-08 17:00:31",9258,0.04019356,-0.001874924,-0.001018524,24.0061
"2025-04-08 17:00:31.05",9259,0.04754066,0.001085281,-0.005870819,24.00528
"2025-04-08 17:00:31.1",9260,0.04518318,-0.005073547,-0.005876541,23.96329
"2025-04-08 17:00:31.15",9261,0.04277611,0.0007839203,-0.004184723,23.96412
"2025-04-08 17:00:31.2",9262,0.04056549,-0.002258301,-0.005313873,23.96309
"2025-04-08 17:00:31.25",9263,0.04107475,-0.002494812,-0.004079819,23.96054
"2025-04-08 17:00:31.3",9264,0.04461479,0.001264572,-0.004615784,23.97049
"2025-04-08 17:00:31.35",9265,0.04473686,-0.002515793,-0.004974365,23.93294
"2025-04-08 17:00:31.4",9266,0.04680634,0.0007190704,-0.007865906,23.95481
"2025-04-08 17:00:31.45",9267,0.04400635,0.002449036,-0.009597778,24.00655
"2025-04-08 17:00:31.5",9268,0.04161644,-0.001598358,-0.005313873,23.96597
"2025-04-08 17:00:31.55",9269,0.04350853,0.002799988,-0.004011154,23.95549
"2025-04-08 17:00:31.6",9270,0.04546356,0.003011703,-0.006765366,23.95444
"2025-04-08 17:00:31.65",9271,0.04377174,0.001901627,-0.007246017,23.98188
"2025-04-08 17:00:31.7",9272,0.04576492,0.001012802,-0.007213593,23.95462
"2025-04-08 17:00:31.75",9273,0.04769135,0.0004997253,-0.01180458,23.96405
"2025-04-08 17:00:31.8",9274,0.04956245,0.003684998,-0.01073074,23.96303
"2025-04-08 17:00:31.85",9275,0.04417419,0.003599167,-0.005214691,23.9839
"2025-04-08 17:00:31.9",9276,0.04569435,0.00223732,-0.004386902,23.96156
"2025-04-08 17:00:31.95",9277,0.04446983,0.004751205,-0.006895065,23.96581
"2025-04-08 17:00:32",9278,0.04758644,0.005794525,-0.004541397,23.96363
"2025-04-08 17:00:32.05",9279,0.04643631,0.00567627,-0.00778389,23.98369
"2025-04-08 17:00:32.1",9280,0.04575348,0.006687164,-0.00715065,23.96135
"2025-04-08 17:00:32.15",9281,0.04652023,0.005815506,-0.01027298,23.96345
"2025-04-08 17:00:32.2",9282,0.0509758,0.009569168,-0.004932404,24.0148
"2025-04-08 17:00:32.25",9283,0.05022812,0.00712204,-0.009458542,23.96499
"2025-04-08 17:00:32.3",9284,0.046381,0.006072998,-0.009263992,23.96637
"2025-04-08 17:00:32.35",9285,0.0482235,0.005252838,-0.01036072,23.96724
"2025-04-08 17:00:32.4",9286,0.04973793,0.005353928,-0.005088806,23.99053
"2025-04-08 17:00:32.45",9287,0.05445671,0.008911133,-0.002471924,23.9694
"2025-04-08 17:00:32.5",9288,0.04756927,0.003391266,-0.008506775,23.98647
"2025-04-08 17:00:32.55",9289,0.04649162,0.004798889,-0.01095009,23.95383
"2025-04-08 17:00:32.6",9290,0.05182076,0.00453186,-0.006967545,23.96307
"2025-04-08 17:00:32.65",9291,0.05108261,0.004878998,-0.01046944,23.96248
"2025-04-08 17:00:32.7",9292,0.0483799,0.005134583,-0.005661011,23.95436
"2025-04-08 17:00:32.75",9293,0.04748726,0.003648758,-0.007242203,23.96022
"2025-04-08 17:00:32.8",9294,0.05072021,0.001970291,-0.005882263,23.96147
"2025-04-08 17:00:32.85",9295,0.04944038,-0.0009975433,-0.008674622,23.9632
"2025-04-08 17:00:32.9",9296,0.04796791,0.006046295,-0.01089287,23.98582
"2025-04-08 17:00:32.95",9297,0.04789925,0.003011703,-0.009746552,23.95358
"2025-04-08 17:00:33",9298,0.04712105,0.002918243,-0.006090164,23.9515
"2025-04-08 17:00:33.05",9299,0.05078506,0.001411438,-0.008325577,23.92949
"2025-04-08 17:00:33.1",9300,0.05073166,0.001771927,-0.01245117,23.98495
"2025-04-08 17:00:33.15",9301,0.04826164,0.002271652,-0.01125717,23.96062
"2025-04-08 17:00:33.2",9302,0.05159569,0.003030777,-0.009363174,23.92867
"2025-04-08 17:00:33.25",9303,0.05377388,0.002880096,-0.008865356,23.95615
"2025-04-08 17:00:33.3",9304,0.05175781,0.002214432,-0.00932312,23.95885
"2025-04-08 17:00:33.35",9305,0.05389595,-0.0003376007,-0.008150101,23.98336
"2025-04-08 17:00:33.4",9306,0.05257988,0.002578735,-0.01268005,23.95366
"2025-04-08 17:00:33.45",9307,0.04920197,0.002141953,-0.0107708,23.95518
"2025-04-08 17:00:33.5",9308,0.05360031,-0.0007514954,-0.007335663,23.95781
"2025-04-08 17:00:33.55",9309,0.05456161,-0.0004882813,-0.01126862,23.96985
"2025-04-08 17:00:33.6",9310,0.05605698,0.002811432,-0.008579254,23.97103
"2025-04-08 17:00:33.65",9311,0.05026817,0.003778458,-0.004812241,23.97006
"2025-04-08 17:00:33.7",9312,0.05204773,0.001369476,-0.01122093,23.95697
"2025-04-08 17:00:33.75",9313,0.05086327,0.004240036,-0.008367538,23.97507
"2025-04-08 17:00:33.8",9314,0.05109215,0.004364014,-0.009271622,23.95071
"2025-04-08 17:00:33.85",9315,0.0548687,0.008300781,-0.006362915,23.94195
"2025-04-08 17:00:33.9",9316,0.05291939,0.003065109,-0.01383591,23.92921
"2025-04-08 17:00:33.95",9317,0.0539875,0.00161171,-0.01330948,23.95346
"2025-04-08 17:00:34",9318,0.05373955,0.002799988,-0.00967598,23.96233
"2025-04-08 17:00:34.05",9319,0.04862595,0.002145767,-0.008893967,23.95866
"2025-04-08 17:00:34.1",9320,0.04891586,-0.0006446838,-0.01308823,23.95211
"2025-04-08 17:00:34.15",9321,0.05329895,-0.0009059906,-0.009067535,23.95184
"2025-04-08 17:00:34.2",9322,0.05130005,0.005325317,-0.002698898,23.96801
"2025-04-08 17:00:34.25",9323,0.05224419,0.002120972,-0.00500679,23.95986
"2025-04-08 17:00:34.3",9324,0.05373383,0.001276016,-0.002660751,23.95187
"2025-04-08 17:00:34.35",9325,0.05460739,0.0009841919,-0.006269455,23.93089
"2025-04-08 17:00:34.4",9326,0.05388451,-0.0009860992,-0.008283615,23.96203
"2025-04-08 17:00:34.45",9327,0.0543232,-0.0005836487,-0.009641647,23.95494
"2025-04-08 17:00:34.5",9328,0.05551529,-0.0014534,-0.01856613,23.95814
"2025-04-08 17:00:34.55",9329,0.05189896,0.00173378,-0.009132385,23.96767
"2025-04-08 17:00:34.6",9330,0.05461884,0.001970291,-0.01016617,23.96707
"2025-04-08 17:00:34.65",9331,0.05403519,-0.001901627,-0.01118279,23.95857
"2025-04-08 17:00:34.7",9332,0.05472374,0.00123024,-0.007453918,23.98974
"2025-04-08 17:00:34.75",9333,0.04940033,-0.0006332397,-0.009832382,23.98645
"2025-04-08 17:00:34.8",9334,0.04899406,-5.722046E-05,-0.01332855,23.95576
"2025-04-08 17:00:34.85",9335,0.05066872,0.0006046295,-0.008916855,23.95367
"2025-04-08 17:00:34.9",9336,0.05088234,-0.002336502,-0.006402969,23.95244
"2025-04-08 17:00:34.95",9337,0.05246353,0.001232147,-0.004535675,23.929
"2025-04-08 17:00:35",9338,0.05355835,0.001806259,-0.008392334,23.95282
"2025-04-08 17:00:35.05",9339,0.05525017,0.006664276,-0.007162094,23.94053
"2025-04-08 17:00:35.1",9340,0.0524292,0.004560471,-0.009878159,23.95031
"2025-04-08 17:00:35.15",9341,0.05075455,0.006011963,-0.008983612,23.9309
"2025-04-08 17:00:35.2",9342,0.05022812,0.005910873,-0.006637573,23.95275
"2025-04-08 17:00:35.25",9343,0.05277061,0.002471924,-0.0090065,23.95459
"2025-04-08 17:00:35.3",9344,0.05408669,-0.002874374,-0.003911972,23.96754
"2025-04-08 17:00:35.35",9345,0.05246925,-0.004991531,-0.00737381,23.95955
"2025-04-08 17:00:35.4",9346,0.05159569,0.0003814697,-0.01218224,23.95391
"2025-04-08 17:00:35.45",9347,0.04798698,-0.002668381,-0.01073074,23.96354
"2025-04-08 17:00:35.5",9348,0.04798889,0.001073837,-0.007984161,23.98427
"2025-04-08 17:00:35.55",9349,0.04964828,0.0009346008,-0.007246017,23.95427
"2025-04-08 17:00:35.6",9350,0.04623604,0.001375198,-0.008161545,23.95904
"2025-04-08 17:00:35.65",9351,0.05222702,0.001543045,-0.008296967,23.96112
"2025-04-08 17:00:35.7",9352,0.05240631,0.0008869171,-0.0111599,23.96104
"2025-04-08 17:00:35.75",9353,0.04871559,0.0008869171,-0.01234627,23.98502
"2025-04-08 17:00:35.8",9354,0.05272865,0.002214432,-0.008430481,23.95029
"2025-04-08 17:00:35.85",9355,0.05283165,0.001565933,-0.008123398,23.95109
"2025-04-08 17:00:35.9",9356,0.05347443,0.001693726,-0.005531311,23.97919
"2025-04-08 17:00:35.95",9357,0.05580902,0.003274918,-0.009933472,23.96122
"2025-04-08 17:00:36",9358,0.05687904,0.003795624,-0.01423264,23.95267
"2025-04-08 17:00:36.05",9359,0.05465317,0.003679276,-0.01239395,23.95359
"2025-04-08 17:00:36.1",9360,0.04349136,0.004230499,-0.01138496,23.98017
"2025-04-08 17:00:36.15",9361,0.04232407,0.003347397,-0.01193047,23.98172
"2025-04-08 17:00:36.2",9362,0.04599953,0.005331039,-0.01261139,23.95298
"2025-04-08 17:00:36.25",9363,0.04880333,0.003900528,-0.009223938,23.98398
"2025-04-08 17:00:36.3",9364,0.05227852,0.002130508,-0.009143829,23.92952
"2025-04-08 17:00:36.35",9365,0.04633713,0.001403809,-0.01173782,23.95859
"2025-04-08 17:00:36.4",9366,0.05195236,0.007493973,-0.005870819,23.96809
"2025-04-08 17:00:36.45",9367,0.05054092,-0.000421524,-0.01104355,23.95196
"2025-04-08 17:00:36.5",9368,0.05399895,0.004320145,-0.008998871,23.9617
"2025-04-08 17:00:36.55",9369,0.05127716,0.001867294,-0.01364136,23.98219
"2025-04-08 17:00:36.6",9370,0.04830742,0.000377655,-0.008127213,23.95919
"2025-04-08 17:00:36.65",9371,0.04915619,0.0008811951,-0.01023865,23.96134
"2025-04-08 17:00:36.7",9372,0.04837227,0.001272202,-0.01154518,23.9827
"2025-04-08 17:00:36.75",9373,0.04958534,0.001970291,-0.008205414,23.98473
"2025-04-08 17:00:36.8",9374,0.05080414,0.001796722,-0.008094788,23.96305
"2025-04-08 17:00:36.85",9375,0.04644585,0.003450394,-0.01154518,23.98499
"2025-04-08 17:00:36.9",9376,0.04837418,0.001527786,-0.01215935,23.93341
"2025-04-08 17:00:36.95",9377,0.04778862,0.001224518,-0.01006508,23.96284
"2025-04-08 17:00:37",9378,0.04467583,0.004491806,-0.01146126,23.96041
"2025-04-08 17:00:37.05",9379,0.04825783,0.0007133484,-0.008039474,23.96172
"2025-04-08 17:00:37.1",9380,0.0523777,0.005962372,-0.005933762,23.96997
"2025-04-08 17:00:37.15",9381,0.04971313,0.004520416,-0.01092148,23.95331
"2025-04-08 17:00:37.2",9382,0.046978,0.004146576,-0.01477432,23.98177
"2025-04-08 17:00:37.25",9383,0.04466438,0.003952026,-0.006538391,23.96694
"2025-04-08 17:00:37.3",9384,0.04751205,0.003564835,-0.01112938,23.96026
"2025-04-08 17:00:37.35",9385,0.04702377,0.003604889,-0.008657455,23.95098
"2025-04-08 17:00:37.4",9386,0.04732895,0.004413605,-0.01026917,23.98265
"2025-04-08 17:00:37.45",9387,0.04879761,0.004829407,-0.006721497,23.95205
"2025-04-08 17:00:37.5",9388,0.0458889,0.003072739,-0.008670807,23.95992
"2025-04-08 17:00:37.55",9389,0.04535103,0.003326416,-0.01260185,23.95394
"2025-04-08 17:00:37.6",9390,0.04694366,0.003952026,-0.009592056,23.95192
"2025-04-08 17:00:37.65",9391,0.04494476,0.003789902,-0.01371956,23.95156
"2025-04-08 17:00:37.7",9392,0.04487038,0.004638672,-0.006027222,23.97997
"2025-04-08 17:00:37.75",9393,0.04621887,0.004123688,-0.0106678,23.96071
"2025-04-08 17:00:37.8",9394,0.04598236,0.003522873,-0.0122509,23.93184
"2025-04-08 17:00:37.85",9395,0.04506683,0.004024506,-0.01428795,23.95181
"2025-04-08 17:00:37.9",9396,0.04883766,0.007614136,-0.01521492,23.95888
"2025-04-08 17:00:37.95",9397,0.04353714,0.004461288,-0.014328,23.95091
"2025-04-08 17:00:38",9398,0.05064583,0.008838654,-0.009937286,23.96911
"2025-04-08 17:00:38.05",9399,0.04726219,0.006135941,-0.009096146,23.96816
"2025-04-08 17:00:38.1",9400,0.04603767,0.006002426,-0.01237679,23.94978
"2025-04-08 17:00:38.15",9401,0.04813194,0.01060867,-0.00884819,23.96504
"2025-04-08 17:00:38.2",9402,0.04446983,0.006532669,-0.01143646,23.95893
"2025-04-08 17:00:38.25",9403,0.04252243,0.008317947,-0.009473801,23.9541
"2025-04-08 17:00:38.3",9404,0.04574203,0.009565353,-0.008871078,23.96006
"2025-04-08 17:00:38.35",9405,0.04870987,0.008956909,-0.0119381,23.95066
"2025-04-08 17:00:38.4",9406,0.04660225,0.007368088,-0.0115242,23.96011
"2025-04-08 17:00:38.45",9407,0.04470444,0.005525589,-0.01114273,23.98203
"2025-04-08 17:00:38.5",9408,0.04380608,0.006502151,-0.01146889,23.98368
"2025-04-08 17:00:38.55",9409,0.04592323,0.006263733,-0.01523209,23.96052
"2025-04-08 17:00:38.6",9410,0.04425049,0.0054245,-0.01470375,23.92944
"2025-04-08 17:00:38.65",9411,0.04526329,0.00728035,-0.009004593,23.932
"2025-04-08 17:00:38.7",9412,0.04741859,0.005336761,-0.01152802,23.95325
"2025-04-08 17:00:38.75",9413,0.04826355,0.005989075,-0.01527596,23.95951
"2025-04-08 17:00:38.8",9414,0.04354858,0.008794785,-0.01356316,23.95124
"2025-04-08 17:00:38.85",9415,0.04289436,0.008523941,-0.01121712,23.95995
"2025-04-08 17:00:38.9",9416,0.04633141,0.005771637,-0.01085854,23.95293
"2025-04-08 17:00:38.95",9417,0.0499115,0.008487701,-0.01208687,23.96312
"2025-04-08 17:00:39",9418,0.04586792,0.01036835,-0.01134491,23.95459
"2025-04-08 17:00:39.05",9419,0.04554367,0.006580353,-0.01124001,23.95621
"2025-04-08 17:00:39.1",9420,0.04710579,0.008386612,-0.01205635,23.95636
"2025-04-08 17:00:39.15",9421,0.04385185,0.009056091,-0.01099777,23.95517
"2025-04-08 17:00:39.2",9422,0.04489326,0.009708405,-0.01170349,23.98469
"2025-04-08 17:00:39.25",9423,0.04564667,0.009513855,-0.00989151,23.95251
"2025-04-08 17:00:39.3",9424,0.04296112,0.0086689,-0.009199142,23.96265
"2025-04-08 17:00:39.35",9425,0.04630089,0.008329391,-0.009691238,23.96289
"2025-04-08 17:00:39.4",9426,0.04584885,0.008769989,-0.01195908,23.96054
"2025-04-08 17:00:39.45",9427,0.04161453,0.009244919,-0.0150547,23.93159
"2025-04-08 17:00:39.5",9428,0.04077148,0.008621216,-0.01447296,23.95021
"2025-04-08 17:00:39.55",9429,0.04526329,0.01137352,-0.01281548,23.95643
"2025-04-08 17:00:39.6",9430,0.04655457,0.008686066,-0.01191902,23.93814
"2025-04-08 17:00:39.65",9431,0.05238342,0.01133537,-0.007417679,23.95619
"2025-04-08 17:00:39.7",9432,0.05008316,0.01226044,-0.008146286,23.96191
"2025-04-08 17:00:39.75",9433,0.04959679,0.008850098,-0.01049805,23.95681
"2025-04-08 17:00:39.8",9434,0.04768753,0.007381439,-0.007860184,23.97787
"2025-04-08 17:00:39.85",9435,0.04640961,0.01172447,-0.01119995,23.97128
"2025-04-08 17:00:39.9",9436,0.04630089,0.008720398,-0.01190376,23.9526
"2025-04-08 17:00:39.95",9437,0.04590988,0.01202202,-0.01131058,23.95076
"2025-04-08 17:00:40",9438,0.04926109,0.01130486,-0.0103569,23.95975
"2025-04-08 17:00:40.05",9439,0.04907036,0.01150131,-0.01241684,23.96118
"2025-04-08 17:00:40.1",9440,0.04690361,0.01200485,-0.009943008,23.96027
"2025-04-08 17:00:40.15",9441,0.04608536,0.01138496,-0.01074791,23.95232
"2025-04-08 17:00:40.2",9442,0.0462532,0.01428795,-0.01167488,23.95657
"2025-04-08 17:00:40.25",9443,0.04657173,0.01139641,-0.01060295,23.95386
"2025-04-08 17:00:40.3",9444,0.04699326,0.01112175,-0.01547241,23.95201
"2025-04-08 17:00:40.35",9445,0.04752541,0.01166344,-0.01439857,23.95975
"2025-04-08 17:00:40.4",9446,0.04504013,0.01262474,-0.01262283,23.9579
"2025-04-08 17:00:40.45",9447,0.04590607,0.01185417,-0.01169777,23.96015
"2025-04-08 17:00:40.5",9448,0.04512405,0.01196671,-0.01552773,23.95443
"2025-04-08 17:00:40.55",9449,0.04356575,0.01325035,-0.01766586,23.95099
"2025-04-08 17:00:40.6",9450,0.04454422,0.01305962,-0.01508904,23.95569
"2025-04-08 17:00:40.65",9451,0.04649162,0.01195526,-0.01075172,23.95271
"2025-04-08 17:00:40.7",9452,0.04854774,0.01215553,-0.009937286,23.96189
"2025-04-08 17:00:40.75",9453,0.04906082,0.01144218,-0.009925842,23.95942
"2025-04-08 17:00:40.8",9454,0.04732513,0.01119041,-0.01608849,23.95748
"2025-04-08 17:00:40.85",9455,0.04662514,0.01031685,-0.01327324,23.9617
"2025-04-08 17:00:40.9",9456,0.04635811,0.01003456,-0.01434898,23.98411
"2025-04-08 17:00:40.95",9457,0.04645729,0.01057625,-0.01552773,23.95331
"2025-04-08 17:00:41",9458,0.04737282,0.01124001,-0.01625061,23.94812
"2025-04-08 17:00:41.05",9459,0.04561043,0.01073647,-0.01586342,23.95838
"2025-04-08 17:00:41.1",9460,0.04507256,0.009267807,-0.01800728,23.95931
"2025-04-08 17:00:41.15",9461,0.04676056,0.0107975,-0.01579666,23.96069
"2025-04-08 17:00:41.2",9462,0.04870987,0.01116562,-0.01134491,23.98265
"2025-04-08 17:00:41.25",9463,0.05038834,0.01106262,-0.01107216,23.98747
"2025-04-08 17:00:41.3",9464,0.04897118,0.01076508,-0.01457214,23.9565
"2025-04-08 17:00:41.35",9465,0.04822922,0.01027489,-0.01864433,23.96523
"2025-04-08 17:00:41.4",9466,0.05017853,0.008317947,-0.0132618,23.95545
"2025-04-08 17:00:41.45",9467,0.04738426,0.01042366,-0.01568413,23.9551
"2025-04-08 17:00:41.5",9468,0.0442791,0.01004601,-0.01610947,23.98625
"2025-04-08 17:00:41.55",9469,0.04663086,0.01146698,-0.01398277,23.98349
"2025-04-08 17:00:41.6",9470,0.04583931,0.0114193,-0.01329613,23.95802
"2025-04-08 17:00:41.65",9471,0.04525757,0.01081657,-0.0131321,23.97994
"2025-04-08 17:00:41.7",9472,0.04889488,0.008535385,-0.01266479,23.95974
"2025-04-08 17:00:41.75",9473,0.04808426,0.01166344,-0.01690865,23.95765
"2025-04-08 17:00:41.8",9474,0.04781151,0.01112175,-0.01319313,23.98005
"2025-04-08 17:00:41.85",9475,0.0458374,0.007091522,-0.01060867,23.95647
"2025-04-08 17:00:41.9",9476,0.048666,0.007095337,-0.01460266,23.98011
"2025-04-08 17:00:41.95",9477,0.0476017,0.007312775,-0.01698685,23.95992
"2025-04-08 17:00:42",9478,0.04507828,0.009029388,-0.0135498,23.95806
"2025-04-08 17:00:42.05",9479,0.04340172,0.008569717,-0.01548386,23.97908
"2025-04-08 17:00:42.1",9480,0.04735565,0.0109539,-0.009178162,23.92961
"2025-04-08 17:00:42.15",9481,0.04896736,0.01138878,-0.0107708,23.96045
"2025-04-08 17:00:42.2",9482,0.04859352,0.006052017,-0.01342964,23.98185
"2025-04-08 17:00:42.25",9483,0.0480442,0.006530762,-0.01129341,23.96025
"2025-04-08 17:00:42.3",9484,0.04590034,0.006744385,-0.01667213,23.95047
"2025-04-08 17:00:42.35",9485,0.04251671,0.007610321,-0.01638794,23.96035
"2025-04-08 17:00:42.4",9486,0.04414558,0.008674622,-0.01223755,23.96004
"2025-04-08 17:00:42.45",9487,0.04605675,0.01082802,-0.01358032,23.9586
"2025-04-08 17:00:42.5",9488,0.04811859,0.007278442,-0.01701355,23.95903
"2025-04-08 17:00:42.55",9489,0.04884338,0.008493423,-0.01657677,23.95942
"2025-04-08 17:00:42.6",9490,0.04635811,0.01227188,-0.01235199,23.96609
"2025-04-08 17:00:42.65",9491,0.04430199,0.01345634,-0.01446152,23.95901
"2025-04-08 17:00:42.7",9492,0.0445385,0.01007843,-0.01441765,23.9498
"2025-04-08 17:00:42.75",9493,0.04556465,0.01250839,-0.01188278,23.96136
"2025-04-08 17:00:42.8",9494,0.05405235,0.01340103,-0.01346779,23.95906
"2025-04-08 17:00:42.85",9495,0.04681969,0.01415443,-0.01622581,23.95119
"2025-04-08 17:00:42.9",9496,0.05055046,0.009334564,-0.009965897,23.95654
"2025-04-08 17:00:42.95",9497,0.0452404,0.01227188,-0.01179123,23.98118
"2025-04-08 17:00:43",9498,0.04566002,0.01049232,-0.01233482,23.95254
"2025-04-08 17:00:43.05",9499,0.04565239,0.01021576,-0.01379585,23.98133
"2025-04-08 17:00:43.1",9500,0.04580307,0.01478195,-0.01273155,23.95732
"2025-04-08 17:00:43.15",9501,0.04698181,0.01079941,-0.01614761,23.95692
"2025-04-08 17:00:43.2",9502,0.04511642,0.009866714,-0.01442146,23.95787
"2025-04-08 17:00:43.25",9503,0.04814911,0.0106144,-0.01593208,23.95249
"2025-04-08 17:00:43.3",9504,0.04926682,0.01446724,-0.01189232,23.96542
"2025-04-08 17:00:43.35",9505,0.04867172,0.01470375,-0.01109314,23.96622
"2025-04-08 17:00:43.4",9506,0.0494957,0.009994507,-0.01395416,23.95945
"2025-04-08 17:00:43.45",9507,0.04937744,0.0129776,-0.01616478,23.95259
"2025-04-08 17:00:43.5",9508,0.04873657,0.0115757,-0.01531029,23.98489
"2025-04-08 17:00:43.55",9509,0.04756927,0.01081657,-0.01451111,23.9617
"2025-04-08 17:00:43.6",9510,0.04739571,0.01342964,-0.01471138,23.96337
"2025-04-08 17:00:43.65",9511,0.04691124,0.01006508,-0.01439095,23.96453
"2025-04-08 17:00:43.7",9512,0.04549217,0.01062393,-0.01571274,23.96399
"2025-04-08 17:00:43.75",9513,0.04397774,0.01196671,-0.01609802,23.96216
"2025-04-08 17:00:43.8",9514,0.04707336,0.01225471,-0.01471901,23.95187
"2025-04-08 17:00:43.85",9515,0.04816628,0.01181412,-0.01534271,23.92832
"2025-04-08 17:00:43.9",9516,0.04641342,0.01351166,-0.01538849,23.95861
"2025-04-08 17:00:43.95",9517,0.0494175,0.01125145,-0.01478577,23.95775
"2025-04-08 17:00:44",9518,0.04801559,0.01124573,-0.01496315,23.9498
"2025-04-08 17:00:44.05",9519,0.05069733,0.0110321,-0.01462555,23.95701
"2025-04-08 17:00:44.1",9520,0.05202484,0.01317215,-0.01266479,23.95689
"2025-04-08 17:00:44.15",9521,0.04863167,0.01350594,-0.01490211,23.95794
"2025-04-08 17:00:44.2",9522,0.04811859,0.01375198,-0.0148735,23.95634
"2025-04-08 17:00:44.25",9523,0.04835892,0.01110649,-0.01404762,23.95604
"2025-04-08 17:00:44.3",9524,0.04654312,0.01281548,-0.01296043,23.95813
"2025-04-08 17:00:44.35",9525,0.04977608,0.01198959,-0.01262474,23.95945
"2025-04-08 17:00:44.4",9526,0.04839134,0.01355362,-0.01250267,23.94981
"2025-04-08 17:00:44.45",9527,0.04944229,0.01408958,-0.01383591,23.98164
"2025-04-08 17:00:44.5",9528,0.05220604,0.01357841,-0.01335144,23.94903
"2025-04-08 17:00:44.55",9529,0.04845238,0.01307869,-0.01391602,23.95041
"2025-04-08 17:00:44.6",9530,0.04811668,0.01309967,-0.01488495,23.98317
"2025-04-08 17:00:44.65",9531,0.04938316,0.01324081,-0.01542282,23.95918
"2025-04-08 17:00:44.7",9532,0.04875755,0.01329041,-0.01462364,23.92802
"2025-04-08 17:00:44.75",9533,0.04499626,0.01306534,-0.0145607,23.95054
"2025-04-08 17:00:44.8",9534,0.04993248,0.01353455,-0.01586914,23.92942
"2025-04-08 17:00:44.85",9535,0.04925156,0.0136795,-0.01522255,23.95111
"2025-04-08 17:00:44.9",9536,0.0516243,0.01519203,-0.0154686,23.94852
"2025-04-08 17:00:44.95",9537,0.05366325,0.01828766,-0.01152992,23.93462
"2025-04-08 17:00:45",9538,0.05495453,0.0181427,-0.01194763,23.96634
"2025-04-08 17:00:45.05",9539,0.05064583,0.01771164,-0.01579094,23.95955
"2025-04-08 17:00:45.1",9540,0.05081367,0.01522064,-0.01576996,23.9275
"2025-04-08 17:00:45.15",9541,0.04951477,0.01771164,-0.01450729,23.95792
"2025-04-08 17:00:45.2",9542,0.05186844,0.01605797,-0.01441574,23.95816
"2025-04-08 17:00:45.25",9543,0.05368614,0.01594353,-0.01507187,23.92835
"2025-04-08 17:00:45.3",9544,0.0506916,0.01653481,-0.0156002,23.92524
"2025-04-08 17:00:45.35",9545,0.04870415,0.01577377,-0.01508141,23.9578
"2025-04-08 17:00:45.4",9546,0.05394745,0.01836777,-0.01114273,23.95601
"2025-04-08 17:00:45.45",9547,0.04994392,0.01506042,-0.01407242,23.95742
"2025-04-08 17:00:45.5",9548,0.05077934,0.01557922,-0.01528931,23.95042
"2025-04-08 17:00:45.55",9549,0.05227852,0.01499939,-0.01544571,23.92604
"2025-04-08 17:00:45.6",9550,0.05345535,0.01535034,-0.01449585,23.98048
"2025-04-08 17:00:45.65",9551,0.05961227,0.01892281,-0.01212692,23.95711
"2025-04-08 17:00:45.7",9552,0.05389023,0.01532364,-0.01479721,23.95201
"2025-04-08 17:00:45.75",9553,0.05344963,0.01815224,-0.015728,23.96188
"2025-04-08 17:00:45.8",9554,0.05625916,0.0157814,-0.01517105,23.95307
"2025-04-08 17:00:45.85",9555,0.05731392,0.01862907,-0.01161194,23.97319
"2025-04-08 17:00:45.9",9556,0.05587006,0.01709938,-0.01568413,23.9641
"2025-04-08 17:00:45.95",9557,0.05231094,0.0166626,-0.01511002,23.95429
"2025-04-08 17:00:46",9558,0.04881096,0.0155735,-0.01442337,23.95869
"2025-04-08 17:00:46.05",9559,0.04846191,0.01815224,-0.01446342,23.95923
"2025-04-08 17:00:46.1",9560,0.05065727,0.01539421,-0.01559067,23.98169
"2025-04-08 17:00:46.15",9561,0.05089951,0.01847649,-0.01563454,23.9512
"2025-04-08 17:00:46.2",9562,0.05218697,0.01834488,-0.01510429,23.95739
"2025-04-08 17:00:46.25",9563,0.05216217,0.01623917,-0.01494217,23.97793
"2025-04-08 17:00:46.3",9564,0.05247307,0.01733398,-0.01487923,23.95022
"2025-04-08 17:00:46.35",9565,0.0511837,0.0183773,-0.01511574,23.95652
"2025-04-08 17:00:46.4",9566,0.05165863,0.01839828,-0.01475716,23.97944
"2025-04-08 17:00:46.45",9567,0.05098343,0.01777458,-0.01419449,23.95515
"2025-04-08 17:00:46.5",9568,0.05059814,0.01725578,-0.01364517,23.97828
"2025-04-08 17:00:46.55",9569,0.0498085,0.01838303,-0.01411438,23.95816
"2025-04-08 17:00:46.6",9570,0.05129433,0.01830864,-0.01100922,23.94919
"2025-04-08 17:00:46.65",9571,0.0518856,0.01828766,-0.01371956,23.92834
"2025-04-08 17:00:46.7",9572,0.05276299,0.02206993,-0.008117676,23.98697
"2025-04-08 17:00:46.75",9573,0.04959869,0.01850128,-0.01113892,23.95139
"2025-04-08 17:00:46.8",9574,0.04942513,0.01857376,-0.01284218,23.96052
"2025-04-08 17:00:46.85",9575,0.05434799,0.01840591,-0.01272392,24.0023
"2025-04-08 17:00:46.9",9576,0.05322838,0.01862907,-0.01486778,23.92787
"2025-04-08 17:00:46.95",9577,0.0530777,0.01793098,-0.01239967,23.95795
"2025-04-08 17:00:47",9578,0.05548286,0.02209091,-0.01063156,23.95866
"2025-04-08 17:00:47.05",9579,0.0517292,0.01851845,-0.01319504,23.9272
"2025-04-08 17:00:47.1",9580,0.05019379,0.01849937,-0.0128994,23.92506
"2025-04-08 17:00:47.15",9581,0.05086899,0.01897049,-0.01274681,23.98087
"2025-04-08 17:00:47.2",9582,0.04955292,0.0194664,-0.0130024,23.95208
"2025-04-08 17:00:47.25",9583,0.05419922,0.02038765,-0.01373482,23.94701
"2025-04-08 17:00:47.3",9584,0.04911613,0.02325439,-0.0124054,23.95658
"2025-04-08 17:00:47.35",9585,0.05087471,0.01951218,-0.01211166,23.92487
"2025-04-08 17:00:47.4",9586,0.05013466,0.01920891,-0.01220131,23.95861
"2025-04-08 17:00:47.45",9587,0.05243492,0.01890373,-0.01229858,23.95997
"2025-04-08 17:00:47.5",9588,0.05179214,0.02215958,-0.01188278,23.95668
"2025-04-08 17:00:47.55",9589,0.0527401,0.02113152,-0.01183701,23.95602
"2025-04-08 17:00:47.6",9590,0.05468559,0.01785088,-0.01250839,23.95738
"2025-04-08 17:00:47.65",9591,0.05431747,0.02053833,-0.01348877,23.95213
"2025-04-08 17:00:47.7",9592,0.05105972,0.01785088,-0.01256752,23.95811
"2025-04-08 17:00:47.75",9593,0.05270767,0.01787949,-0.009540558,23.95662
"2025-04-08 17:00:47.8",9594,0.05326462,0.01966858,-0.01182556,23.9502
"2025-04-08 17:00:47.85",9595,0.05396843,0.02119827,-0.01001167,23.96281
"2025-04-08 17:00:47.9",9596,0.05539322,0.02056503,-0.009843826,23.95689
"2025-04-08 17:00:47.95",9597,0.05205345,0.01808739,-0.009658813,23.95956
"2025-04-08 17:00:48",9598,0.05957794,0.0230751,-0.009910583,23.95855
"2025-04-08 17:00:48.05",9599,0.05517578,0.02015495,-0.009716034,23.95451
"2025-04-08 17:00:48.1",9600,0.05292702,0.0213356,-0.01021004,23.96291
"2025-04-08 17:00:48.15",9601,0.05182457,0.02009773,-0.009849548,23.9613
"2025-04-08 17:00:48.2",9602,0.05173111,0.02075768,-0.009132385,23.96229
"2025-04-08 17:00:48.25",9603,0.05433464,0.02031898,-0.009771347,23.95366
"2025-04-08 17:00:48.3",9604,0.05112648,0.02170181,-0.01006508,23.98235
"2025-04-08 17:00:48.35",9605,0.05263901,0.0209465,-0.01015472,23.95893
"2025-04-08 17:00:48.4",9606,0.05510902,0.02032661,-0.01021004,23.94865
"2025-04-08 17:00:48.45",9607,0.05048943,0.02057838,-0.010149,23.95846
"2025-04-08 17:00:48.5",9608,0.05286407,0.020298,-0.01053047,23.94957
"2025-04-08 17:00:48.55",9609,0.05260658,0.02106285,-0.009775162,23.97793
"2025-04-08 17:00:48.6",9610,0.05244446,0.02342987,-0.00957489,23.95641
"2025-04-08 17:00:48.65",9611,0.05623627,0.02139282,-0.008295059,23.96388
"2025-04-08 17:00:48.7",9612,0.05302238,0.02074432,-0.009506226,23.95523
"2025-04-08 17:00:48.75",9613,0.0530262,0.02067184,-0.008905411,23.95394
"2025-04-08 17:00:48.8",9614,0.05272293,0.02069473,-0.007799149,23.95518
"2025-04-08 17:00:48.85",9615,0.05648422,0.02286911,-0.008085251,23.94867
"2025-04-08 17:00:48.9",9616,0.05420303,0.02022171,-0.009096146,23.97989
"2025-04-08 17:00:48.95",9617,0.0542717,0.02359962,-0.006622314,23.95729
"2025-04-08 17:00:49",9618,0.05342102,0.02161026,-0.006479263,23.95542
"2025-04-08 17:00:49.05",9619,0.05331612,0.02000618,-0.009206772,23.95564
"2025-04-08 17:00:49.1",9620,0.054142,0.02376175,-0.01031303,23.95813
"2025-04-08 17:00:49.15",9621,0.05662155,0.02363205,-0.008033752,23.98137
"2025-04-08 17:00:49.2",9622,0.05503082,0.02120972,-0.009630203,23.94715
"2025-04-08 17:00:49.25",9623,0.05532646,0.02269936,-0.01069641,23.94988
"2025-04-08 17:00:49.3",9624,0.05356407,0.02342033,-0.007770538,23.98123
"2025-04-08 17:00:49.35",9625,0.05376816,0.02168274,-0.01078796,23.94894
"2025-04-08 17:00:49.4",9626,0.05288124,0.0248661,-0.0103302,23.94809
"2025-04-08 17:00:49.45",9627,0.05307579,0.02531242,-0.009908676,23.95756
"2025-04-08 17:00:49.5",9628,0.05331612,0.02591515,-0.01037216,23.95882
"2025-04-08 17:00:49.55",9629,0.05380249,0.0227375,-0.007646561,23.95
"2025-04-08 17:00:49.6",9630,0.05247498,0.02567101,-0.01000595,23.95655
"2025-04-08 17:00:49.65",9631,0.05327225,0.02543259,-0.007703781,23.95672
"2025-04-08 17:00:49.7",9632,0.05594254,0.02437592,-0.007129669,23.96175
"2025-04-08 17:00:49.75",9633,0.05461311,0.02399635,-0.008049011,23.95787
"2025-04-08 17:00:49.8",9634,0.05337715,0.02134323,-0.007188797,23.95628
"2025-04-08 17:00:49.85",9635,0.05176544,0.02304077,-0.00705719,23.94996
"2025-04-08 17:00:49.9",9636,0.0563221,0.02274513,-0.006565094,23.94935
"2025-04-08 17:00:49.95",9637,0.05340767,0.02285004,-0.007217407,23.97974
"2025-04-08 17:00:50",9638,0.0565567,0.02294731,-0.007411957,23.95688
"2025-04-08 17:00:50.05",9639,0.05296326,0.02239799,-0.006654739,23.95624
"2025-04-08 17:00:50.1",9640,0.05656242,0.02485657,-0.006866455,23.95695
"2025-04-08 17:00:50.15",9641,0.05751038,0.02296257,-0.007303238,23.95791
"2025-04-08 17:00:50.2",9642,0.06201935,0.02752495,-0.005218506,23.96774
"2025-04-08 17:00:50.25",9643,0.05805779,0.02577591,-0.006977081,23.9571
"2025-04-08 17:00:50.3",9644,0.0548687,0.02268791,-0.007764816,23.96176
"2025-04-08 17:00:50.35",9645,0.05501938,0.0230751,-0.007341385,23.96673
"2025-04-08 17:00:50.4",9646,0.057621,0.02381134,-0.008071899,23.95362
"2025-04-08 17:00:50.45",9647,0.0542202,0.02368164,-0.007379532,23.98215
"2025-04-08 17:00:50.5",9648,0.05609703,0.02617264,-0.004150391,23.9603
"2025-04-08 17:00:50.55",9649,0.0566349,0.02648163,-0.007926941,23.96022
"2025-04-08 17:00:50.6",9650,0.05642319,0.0264473,-0.00497818,23.98765
"2025-04-08 17:00:50.65",9651,0.05451012,0.02359962,-0.00692749,23.95807
"2025-04-08 17:00:50.7",9652,0.05533409,0.02271652,-0.004610062,23.95719
"2025-04-08 17:00:50.75",9653,0.05617142,0.02616119,-0.004676819,23.97876
"2025-04-08 17:00:50.8",9654,0.05505371,0.02605247,-0.005125046,23.95047
"2025-04-08 17:00:50.85",9655,0.05413246,0.02625084,-0.005064011,23.94779
"2025-04-08 17:00:50.9",9656,0.05258942,0.02579308,-0.004119873,23.95612
"2025-04-08 17:00:50.95",9657,0.05613136,0.02483177,-0.003667831,23.94923
"2025-04-08 17:00:51",9658,0.05621338,0.02707672,-0.003631592,23.95179
"2025-04-08 17:00:51.05",9659,0.0528183,0.0263195,-0.005720139,23.95522
"2025-04-08 17:00:51.1",9660,0.05519867,0.02623367,-0.002655029,23.95678
"2025-04-08 17:00:51.15",9661,0.0555172,0.02289009,-0.003192902,23.95659
"2025-04-08 17:00:51.2",9662,0.0565052,0.02627945,-0.004247665,23.95752
"2025-04-08 17:00:51.25",9663,0.05691338,0.02657509,-0.003929138,23.97897
"2025-04-08 17:00:51.3",9664,0.05540466,0.02641869,-0.003477097,23.9486
"2025-04-08 17:00:51.35",9665,0.05541611,0.02501106,-0.004207611,23.94921
"2025-04-08 17:00:51.4",9666,0.05634308,0.02326584,-0.004983902,23.95647
"2025-04-08 17:00:51.45",9667,0.05363083,0.02652168,-0.005023956,23.95118
"2025-04-08 17:00:51.5",9668,0.05532646,0.02593803,-0.004756927,23.95561
"2025-04-08 17:00:51.55",9669,0.05289078,0.0255146,-0.004833221,23.95055
"2025-04-08 17:00:51.6",9670,0.05348396,0.02572632,-0.005487442,23.95858
"2025-04-08 17:00:51.65",9671,0.05328751,0.02736855,-0.005369186,23.96027
"2025-04-08 17:00:51.7",9672,0.05273628,0.02822495,-0.002748489,23.97922
"2025-04-08 17:00:51.75",9673,0.05228424,0.02827454,-0.00235939,23.97845
"2025-04-08 17:00:51.8",9674,0.05278778,0.02936172,-0.002481461,23.95104
"2025-04-08 17:00:51.85",9675,0.0534687,0.02586746,-0.001722336,23.95749
"2025-04-08 17:00:51.9",9676,0.05280113,0.02810669,-0.00201416,23.95713
"2025-04-08 17:00:51.95",9677,0.05254173,0.02628517,-0.002241135,23.94975
"2025-04-08 17:00:52",9678,0.05331802,0.02555466,-0.002086639,23.95842
"2025-04-08 17:00:52.05",9679,0.05139542,0.02624512,-0.002405167,23.9147
"2025-04-08 17:00:52.1",9680,0.05394745,0.02963638,0.0002193451,23.96339
"2025-04-08 17:00:52.15",9681,0.05252266,0.02517319,0.0006999969,23.95601
"2025-04-08 17:00:52.2",9682,0.05343819,0.02275658,-0.002286911,23.95816
"2025-04-08 17:00:52.25",9683,0.05070114,0.02318573,0.0002536774,23.95879
"2025-04-08 17:00:52.3",9684,0.05294418,0.02568245,0.0004005432,23.95582
"2025-04-08 17:00:52.35",9685,0.0534935,0.02251625,0.0008506775,23.95544
"2025-04-08 17:00:52.4",9686,0.05182076,0.02561951,0.0006408691,23.95787
"2025-04-08 17:00:52.45",9687,0.05207634,0.02235794,0.0002708435,23.95038
"2025-04-08 17:00:52.5",9688,0.05649376,0.02645302,0.0009651184,23.98265
"2025-04-08 17:00:52.55",9689,0.05159569,0.02392197,4.196167E-05,23.96345
"2025-04-08 17:00:52.6",9690,0.05384064,0.02357292,0.0009231567,23.96552
"2025-04-08 17:00:52.65",9691,0.05587959,0.02301216,0.0004787445,23.96128
"2025-04-08 17:00:52.7",9692,0.05058479,0.0223465,-0.003047943,23.961
"2025-04-08 17:00:52.75",9693,0.05312157,0.02401733,0.0007572174,23.95897
"2025-04-08 17:00:52.8",9694,0.04973793,0.02252007,0.0005226135,23.95745
"2025-04-08 17:00:52.85",9695,0.05238342,0.0265274,2.670288E-05,23.96152
"2025-04-08 17:00:52.9",9696,0.0494175,0.02296829,-0.0002040863,23.95723
"2025-04-08 17:00:52.95",9697,0.05217552,0.02424049,-2.479553E-05,23.95602
"2025-04-08 17:00:53",9698,0.05227661,0.02288437,0.0002002716,23.94825
"2025-04-08 17:00:53.05",9699,0.05289078,0.02373886,0.0009765625,23.95686
"2025-04-08 17:00:53.1",9700,0.0528698,0.02244949,0.0002975464,23.94917
"2025-04-08 17:00:53.15",9701,0.05275154,0.02338219,0.0002670288,23.94795
"2025-04-08 17:00:53.2",9702,0.05223846,0.02319717,0.001527786,23.95474
"2025-04-08 17:00:53.25",9703,0.05234528,0.02259827,0.001836777,23.94828
"2025-04-08 17:00:53.3",9704,0.0505352,0.02316475,0.001729965,23.90495
"2025-04-08 17:00:53.35",9705,0.05316734,0.02395058,0.001779556,23.95636
"2025-04-08 17:00:53.4",9706,0.05250549,0.02370453,0.001836777,23.9558
"2025-04-08 17:00:53.45",9707,0.04925537,0.02290726,0.00135994,23.94643
"2025-04-08 17:00:53.5",9708,0.05059242,0.0257206,0.002309799,23.95899
"2025-04-08 17:00:53.55",9709,0.05037498,0.02542686,0.00318718,23.95523
"2025-04-08 17:00:53.6",9710,0.05047989,0.02578163,-0.0001544952,23.95341
"2025-04-08 17:00:53.65",9711,0.0502243,0.02290154,0.003631592,23.95626
"2025-04-08 17:00:53.7",9712,0.04740143,0.02207947,0.003091812,23.94952
"2025-04-08 17:00:53.75",9713,0.05021095,0.02306366,0.002752304,23.95963
"2025-04-08 17:00:53.8",9714,0.04961967,0.02302361,0.002946854,23.94867
"2025-04-08 17:00:53.85",9715,0.04672813,0.02400208,0.002767563,23.95732
"2025-04-08 17:00:53.9",9716,0.04727936,0.02047157,0.003131866,23.95779
"2025-04-08 17:00:53.95",9717,0.04750252,0.02302551,0.002344131,23.95876
"2025-04-08 17:00:54",9718,0.0448494,0.0250721,0.002243042,23.95697
"2025-04-08 17:00:54.05",9719,0.04404068,0.02567673,0.003007889,23.94927
"2025-04-08 17:00:54.1",9720,0.0464592,0.0253067,0.002593994,23.95642
"2025-04-08 17:00:54.15",9721,0.04511642,0.02425194,0.00268364,23.95702
"2025-04-08 17:00:54.2",9722,0.04525185,0.02407837,0.002950668,23.95804
"2025-04-08 17:00:54.25",9723,0.0476265,0.02656937,0.002555847,23.95667
"2025-04-08 17:00:54.3",9724,0.04669952,0.02622223,0.005750656,23.96189
"2025-04-08 17:00:54.35",9725,0.04710197,0.02285767,0.003011703,23.95776
"2025-04-08 17:00:54.4",9726,0.0476017,0.0253849,0.003147125,23.95776
"2025-04-08 17:00:54.45",9727,0.04799461,0.02520752,0.002540588,23.95823
"2025-04-08 17:00:54.5",9728,0.04677582,0.02529144,0.002628326,23.95588
"2025-04-08 17:00:54.55",9729,0.04690361,0.02521706,0.003068924,23.95642
"2025-04-08 17:00:54.6",9730,0.04749298,0.02517891,0.002662659,23.95474
"2025-04-08 17:00:54.65",9731,0.04944801,0.02207947,0.0002479553,23.95789
"2025-04-08 17:00:54.7",9732,0.04992676,0.02463341,0.003004074,23.96089
"2025-04-08 17:00:54.75",9733,0.04698753,0.02541542,0.00299263,23.95822
"2025-04-08 17:00:54.8",9734,0.04822922,0.02491188,0.003185272,23.96055
"2025-04-08 17:00:54.85",9735,0.04668617,0.0219574,0.000617981,23.96227
"2025-04-08 17:00:54.9",9736,0.04930687,0.02209091,7.629395E-05,23.96191
"2025-04-08 17:00:54.95",9737,0.04849815,0.02267838,-0.0001239777,23.96242
"2025-04-08 17:00:55",9738,0.04669952,0.02310371,0.0005836487,23.95024
"2025-04-08 17:00:55.05",9739,0.05047226,0.02366447,0.0005130768,23.9587
"2025-04-08 17:00:55.1",9740,0.04816628,0.02229118,-4.196167E-05,23.96019
"2025-04-08 17:00:55.15",9741,0.04512405,0.02045059,0.0001773834,23.9505
"2025-04-08 17:00:55.2",9742,0.04384995,0.02358627,0.0002193451,23.95612
"2025-04-08 17:00:55.25",9743,0.050457,0.02539253,0.003051758,23.96157
"2025-04-08 17:00:55.3",9744,0.04411697,0.01937103,-0.0008506775,23.95658
"2025-04-08 17:00:55.35",9745,0.04456902,0.02376175,0.002695084,23.9659
"2025-04-08 17:00:55.4",9746,0.04429626,0.02018547,0.0005130768,23.95535
"2025-04-08 17:00:55.45",9747,0.04343224,0.02029991,0.001941681,23.95662
"2025-04-08 17:00:55.5",9748,0.04375648,0.02028656,0.001386642,23.9559
"2025-04-08 17:00:55.55",9749,0.0473671,0.01972198,0.002204895,23.95597
"2025-04-08 17:00:55.6",9750,0.04202461,0.02070236,-0.0007572174,23.94825
"2025-04-08 17:00:55.65",9751,0.04452133,0.02050591,0.001722336,23.95475
"2025-04-08 17:00:55.7",9752,0.0444088,0.0198555,-0.0009307861,23.94667
"2025-04-08 17:00:55.75",9753,0.04768753,0.01986885,0.001104355,23.95638
"2025-04-08 17:00:55.8",9754,0.04457092,0.02176666,-0.0001869202,23.96546
"2025-04-08 17:00:55.85",9755,0.04494858,0.02054977,0.0006275177,23.95437
"2025-04-08 17:00:55.9",9756,0.04833984,0.02444839,-7.05719E-05,23.98512
"2025-04-08 17:00:55.95",9757,0.04492188,0.01979446,0.0005130768,23.95593
"2025-04-08 17:00:56",9758,0.05137444,0.02283478,0.00368309,23.96387
"2025-04-08 17:00:56.05",9759,0.04587364,0.01743317,-0.00286293,23.97944
"2025-04-08 17:00:56.1",9760,0.04743958,0.0215168,-0.002855301,23.95679
"2025-04-08 17:00:56.15",9761,0.04509544,0.01892281,-0.00289917,23.949
"2025-04-08 17:00:56.2",9762,0.0452919,0.0221405,-0.002651215,23.95628
"2025-04-08 17:00:56.25",9763,0.04457092,0.02043343,-0.00292778,23.95847
"2025-04-08 17:00:56.3",9764,0.04450226,0.01912498,-0.003051758,23.95875
"2025-04-08 17:00:56.35",9765,0.04127693,0.02025223,-0.005069733,24.00003
"2025-04-08 17:00:56.4",9766,0.04154968,0.01857948,-0.002492905,23.95603
"2025-04-08 17:00:56.45",9767,0.04538155,0.01856232,-0.005023956,23.97905
"2025-04-08 17:00:56.5",9768,0.04240227,0.01553345,-0.00545311,23.95727
"2025-04-08 17:00:56.55",9769,0.04487228,0.0182724,-0.005308151,23.97997
"2025-04-08 17:00:56.6",9770,0.04520798,0.01744461,-0.005559921,23.9562
"2025-04-08 17:00:56.65",9771,0.04168892,0.01716042,-0.004932404,24.00101
"2025-04-08 17:00:56.7",9772,0.04289627,0.01663399,-0.005191803,23.95638
"2025-04-08 17:00:56.75",9773,0.04197311,0.01470947,-0.00557518,23.95893
"2025-04-08 17:00:56.8",9774,0.04248619,0.01447296,-0.005672455,23.95599
"2025-04-08 17:00:56.85",9775,0.04614449,0.01825905,-0.001996994,23.98425
"2025-04-08 17:00:56.9",9776,0.04369926,0.0138073,-0.004470825,23.9567
"2025-04-08 17:00:56.95",9777,0.04388428,0.01358604,-0.005384445,23.95836
"2025-04-08 17:00:57",9778,0.04597664,0.01439095,-0.005474091,23.95826
"2025-04-08 17:00:57.05",9779,0.04413033,0.01153564,-0.004457474,23.95978
"2025-04-08 17:00:57.1",9780,0.04638672,0.01861763,-0.005119324,23.98864
"2025-04-08 17:00:57.15",9781,0.04375648,0.01416588,-0.006999969,23.98337
"2025-04-08 17:00:57.2",9782,0.04304504,0.01140594,-0.007514954,23.98274
"2025-04-08 17:00:57.25",9783,0.04343796,0.01199341,-0.008018494,23.96035
"2025-04-08 17:00:57.3",9784,0.04436302,0.0156517,-0.004608154,23.96408
"2025-04-08 17:00:57.35",9785,0.041996,0.01226807,-0.007703781,23.95721
"2025-04-08 17:00:57.4",9786,0.04504395,0.01529503,-0.007089615,23.98595
"2025-04-08 17:00:57.45",9787,0.04176521,0.01198769,-0.01032829,23.95843
"2025-04-08 17:00:57.5",9788,0.04172325,0.01282692,-0.01053429,24.00139
"2025-04-08 17:00:57.55",9789,0.0434494,0.01257324,-0.01058578,23.97756
"2025-04-08 17:00:57.6",9790,0.04175186,0.01218224,-0.009813309,23.95391
"2025-04-08 17:00:57.65",9791,0.04364204,0.01185417,-0.0119915,23.99998
"2025-04-08 17:00:57.7",9792,0.04144478,0.01145363,-0.009420395,23.97963
"2025-04-08 17:00:57.75",9793,0.04586029,0.0152092,-0.006481171,24.00871
"2025-04-08 17:00:57.8",9794,0.04467201,0.01204872,-0.01126289,23.94684
"2025-04-08 17:00:57.85",9795,0.04477882,0.01245689,-0.01076889,23.95522
"2025-04-08 17:00:57.9",9796,0.04506111,0.01194763,-0.01022148,23.97887
"2025-04-08 17:00:57.95",9797,0.04421234,0.008766174,-0.01231194,23.97867
"2025-04-08 17:00:58",9798,0.04129219,0.009246826,-0.01198769,23.94742
"2025-04-08 17:00:58.05",9799,0.04418373,0.009595871,-0.01470757,23.97689
"2025-04-08 17:00:58.1",9800,0.04450989,0.009687424,-0.01493645,23.95435
"2025-04-08 17:00:58.15",9801,0.04201317,0.009279251,-0.01536179,23.95642
"2025-04-08 17:00:58.2",9802,0.04530334,0.01163673,-0.01552773,23.97957
"2025-04-08 17:00:58.25",9803,0.04442978,0.008720398,-0.01520348,23.9783
"2025-04-08 17:00:58.3",9804,0.04405022,0.009960175,-0.01578522,23.9559
"2025-04-08 17:00:58.35",9805,0.04166031,0.009223938,-0.01537895,23.97902
"2025-04-08 17:00:58.4",9806,0.04477692,0.01286888,-0.01549911,23.95796
"2025-04-08 17:00:58.45",9807,0.0420475,0.01513863,-0.0166626,23.97964
"2025-04-08 17:00:58.5",9808,0.0446434,0.01418114,-0.01625633,24.00275
"2025-04-08 17:00:58.55",9809,0.04426193,0.01235008,-0.0154686,23.95631
"2025-04-08 17:00:58.6",9810,0.04400063,0.01069069,-0.01561356,23.97964
"2025-04-08 17:00:58.65",9811,0.044487,0.01010513,-0.01594734,23.95866
"2025-04-08 17:00:58.7",9812,0.04506111,0.01024055,-0.01841164,23.97964
"2025-04-08 17:00:58.75",9813,0.04400253,0.01069641,-0.01839447,24.00143
"2025-04-08 17:00:58.8",9814,0.04367828,0.01011086,-0.01557159,24.00066
"2025-04-08 17:00:58.85",9815,0.04435921,0.009197235,-0.0158062,23.97995
"2025-04-08 17:00:58.9",9816,0.04378319,0.008800507,-0.01891136,24.00182
"2025-04-08 17:00:58.95",9817,0.04421425,0.01140785,-0.01904678,23.95628
"2025-04-08 17:00:59",9818,0.04364395,0.009157181,-0.01877785,23.97858
"2025-04-08 17:00:59.05",9819,0.04402351,0.01135635,-0.01746178,23.95678
"2025-04-08 17:00:59.1",9820,0.04549026,0.007162094,-0.0185318,23.95685
"2025-04-08 17:00:59.15",9821,0.04677582,0.008535385,-0.02115822,23.95706
"2025-04-08 17:00:59.2",9822,0.0461731,0.01167488,-0.01838875,23.98013
"2025-04-08 17:00:59.25",9823,0.04543114,0.01126289,-0.02062607,23.95592
"2025-04-08 17:00:59.3",9824,0.04629517,0.008306503,-0.02061653,23.98168
"2025-04-08 17:00:59.35",9825,0.04697227,0.008647919,-0.02132607,23.98328
"2025-04-08 17:00:59.4",9826,0.04613495,0.01124001,-0.02141953,24.00452
"2025-04-08 17:00:59.45",9827,0.04460907,0.01219368,-0.02114105,23.98032
"2025-04-08 17:00:59.5",9828,0.04447937,0.01122856,-0.02082253,23.95909
"2025-04-08 17:00:59.55",9829,0.04464912,0.01081657,-0.02080154,23.95907
"2025-04-08 17:00:59.6",9830,0.0446167,0.011446,-0.02053833,24.00243
"2025-04-08 17:00:59.65",9831,0.04459763,0.01188278,-0.02087402,24.00072
"2025-04-08 17:00:59.7",9832,0.04332924,0.01150131,-0.02082443,23.99987
"2025-04-08 17:00:59.75",9833,0.05025101,0.01731682,-0.01729393,23.98524
"2025-04-08 17:00:59.8",9834,0.04412842,0.01153564,-0.02133179,23.95596
"2025-04-08 17:00:59.85",9835,0.0471859,0.01476288,-0.02150917,23.97937
"2025-04-08 17:00:59.9",9836,0.04398537,0.01211548,-0.02083588,24.007
"2025-04-08 17:00:59.95",9837,0.04574394,0.0151329,-0.02032661,23.99936
"2025-04-08 17:01:00",9838,0.0499897,0.01756096,-0.01653481,23.98705
"2025-04-08 17:01:00.05",9839,0.04333496,0.014925,-0.02198792,24.00076
"2025-04-08 17:01:00.1",9840,0.04606438,0.01490593,-0.0224781,23.99913
"2025-04-08 17:01:00.15",9841,0.04582977,0.01499748,-0.0200882,23.99859
"2025-04-08 17:01:00.2",9842,0.04573059,0.01453209,-0.02228165,23.97741
"2025-04-08 17:01:00.25",9843,0.04403114,0.01717949,-0.02290154,23.9472
"2025-04-08 17:01:00.3",9844,0.04702759,0.01343918,-0.02379799,23.99988
"2025-04-08 17:01:00.35",9845,0.0461731,0.01683807,-0.0206089,23.99961
"2025-04-08 17:01:00.4",9846,0.04368019,0.01682091,-0.02325439,23.97731
"2025-04-08 17:01:00.45",9847,0.04681969,0.01688576,-0.02108383,23.9992
"2025-04-08 17:01:00.5",9848,0.04795265,0.01686668,-0.02405167,23.99924
"2025-04-08 17:01:00.55",9849,0.04638863,0.01741982,-0.0217762,23.99818
"2025-04-08 17:01:00.6",9850,0.04679298,0.01498032,-0.0212822,23.95586
"2025-04-08 17:01:00.65",9851,0.04743385,0.01478577,-0.02132034,24.0005
"2025-04-08 17:01:00.7",9852,0.04728127,0.01636887,-0.02143478,23.95586
"2025-04-08 17:01:00.75",9853,0.04768372,0.01663208,-0.01906204,23.99947
"2025-04-08 17:01:00.8",9854,0.04648018,0.01836967,-0.01833344,23.97778
"2025-04-08 17:01:00.85",9855,0.04700851,0.01512337,-0.01904297,23.94673
"2025-04-08 17:01:00.9",9856,0.0475502,0.01538849,-0.01873589,24.00021
"2025-04-08 17:01:00.95",9857,0.04661369,0.01599693,-0.01939583,24.00137
"2025-04-08 17:01:01",9858,0.04659653,0.01468849,-0.01859283,23.97835
"2025-04-08 17:01:01.05",9859,0.04690933,0.01399231,-0.01804924,23.99939
"2025-04-08 17:01:01.1",9860,0.04721451,0.01450348,-0.01604271,23.98021
"2025-04-08 17:01:01.15",9861,0.04685974,0.01421928,-0.01690483,24.00054
"2025-04-08 17:01:01.2",9862,0.04661369,0.01429367,-0.01560211,23.94655
"2025-04-08 17:01:01.25",9863,0.04968834,0.01745987,-0.01263618,23.98185
"2025-04-08 17:01:01.3",9864,0.05043221,0.01319122,-0.01612854,23.97833
"2025-04-08 17:01:01.35",9865,0.04867172,0.01618195,-0.016325,24.00094
"2025-04-08 17:01:01.4",9866,0.0473938,0.01686668,-0.01589966,23.9562
"2025-04-08 17:01:01.45",9867,0.04817772,0.01639175,-0.01853561,23.97887
"2025-04-08 17:01:01.5",9868,0.04738235,0.01912498,-0.0149231,23.98112
"2025-04-08 17:01:01.55",9869,0.04884529,0.01855278,-0.01581001,23.98097
"2025-04-08 17:01:01.6",9870,0.05190277,0.02234077,-0.01409531,23.96936
"2025-04-08 17:01:01.65",9871,0.04463387,0.01941299,-0.01869011,23.95888
"2025-04-08 17:01:01.7",9872,0.04483604,0.01883125,-0.01521301,24.00185
"2025-04-08 17:01:01.75",9873,0.0472641,0.02148628,-0.01507378,23.98127
"2025-04-08 17:01:01.8",9874,0.04479599,0.0187664,-0.0160675,23.96147
"2025-04-08 17:01:01.85",9875,0.04422951,0.01894951,-0.01581573,23.98092
"2025-04-08 17:01:01.9",9876,0.04399872,0.02259636,-0.01560783,23.95528
"2025-04-08 17:01:01.95",9877,0.04408264,0.02210999,-0.01551247,23.97771
"2025-04-08 17:01:02",9878,0.04331207,0.0218811,-0.01573181,23.97871
"2025-04-08 17:01:02.05",9879,0.044384,0.02248383,-0.01819038,24.00111
"2025-04-08 17:01:02.1",9880,0.04367065,0.02006912,-0.01884842,23.9541
"2025-04-08 17:01:02.15",9881,0.04581451,0.01985359,-0.01820183,23.97622
"2025-04-08 17:01:02.2",9882,0.04597092,0.02243423,-0.01703835,23.95655
"2025-04-08 17:01:02.25",9883,0.04699135,0.01968575,-0.01558495,23.94904
"2025-04-08 17:01:02.3",9884,0.04936028,0.02037048,-0.01755905,23.97868
"2025-04-08 17:01:02.35",9885,0.04847908,0.01983261,-0.01773834,23.95619
"2025-04-08 17:01:02.4",9886,0.04846191,0.02033615,-0.01712608,23.97607
"2025-04-08 17:01:02.45",9887,0.05155945,0.02242279,-0.01744652,23.97769
"2025-04-08 17:01:02.5",9888,0.04912186,0.02262115,-0.0204792,23.95423
"2025-04-08 17:01:02.55",9889,0.05165482,0.02278709,-0.02057838,23.97784
"2025-04-08 17:01:02.6",9890,0.05794907,0.02665329,-0.01848984,23.98432
"2025-04-08 17:01:02.65",9891,0.05430794,0.02222824,-0.02100372,23.97613
"2025-04-08 17:01:02.7",9892,0.0547657,0.0279541,-0.01800346,23.9776
"2025-04-08 17:01:02.75",9893,0.05488205,0.02468109,-0.02150536,23.95385
"2025-04-08 17:01:02.8",9894,0.05484009,0.02589226,-0.02210999,23.95489
"2025-04-08 17:01:02.85",9895,0.05691147,0.02641296,-0.02168465,23.99786
"2025-04-08 17:01:02.9",9896,0.05797768,0.0253334,-0.02186394,23.95358
"2025-04-08 17:01:02.95",9897,0.05727386,0.02538872,-0.02146721,23.95668
"2025-04-08 17:01:03",9898,0.06037331,0.02931976,-0.02228928,23.97993
"2025-04-08 17:01:03.05",9899,0.0602684,0.02673531,-0.02533722,23.97743
"2025-04-08 17:01:03.1",9900,0.06001472,0.02715302,-0.02164078,23.99951
"2025-04-08 17:01:03.15",9901,0.05951881,0.0273838,-0.02409363,23.97578
"2025-04-08 17:01:03.2",9902,0.06048965,0.02614784,-0.0246563,23.97975
"2025-04-08 17:01:03.25",9903,0.06022263,0.02585793,-0.02165222,23.97865
"2025-04-08 17:01:03.3",9904,0.06006813,0.02637672,-0.02176285,23.9772
"2025-04-08 17:01:03.35",9905,0.05983353,0.02323914,-0.02185249,23.95563
"2025-04-08 17:01:03.4",9906,0.05732346,0.02209854,-0.01882172,23.95644
"2025-04-08 17:01:03.45",9907,0.05689049,0.02212715,-0.01883698,23.94876
"2025-04-08 17:01:03.5",9908,0.05785942,0.02203941,-0.01948929,23.97834
"2025-04-08 17:01:03.55",9909,0.05789375,0.0225811,-0.01859665,23.99726
"2025-04-08 17:01:03.6",9910,0.05793953,0.01945686,-0.02152252,23.97638
"2025-04-08 17:01:03.65",9911,0.05923271,0.02157021,-0.01844025,24.00121
"2025-04-08 17:01:03.7",9912,0.06036758,0.02215767,-0.01616096,23.98907
"2025-04-08 17:01:03.75",9913,0.05656052,0.01944351,-0.02215385,23.98131
"2025-04-08 17:01:03.8",9914,0.06081963,0.02663994,-0.0162735,24.01231
"2025-04-08 17:01:03.85",9915,0.05878639,0.0216713,-0.01837349,23.96029
"2025-04-08 17:01:03.9",9916,0.05803871,0.0230484,-0.01559258,23.96565
"2025-04-08 17:01:03.95",9917,0.05869865,0.02561188,-0.01815987,23.95912
"2025-04-08 17:01:04",9918,0.05489922,0.01905251,-0.01908875,24.00182
"2025-04-08 17:01:04.05",9919,0.05748558,0.01887703,-0.0187645,23.95625
"2025-04-08 17:01:04.1",9920,0.05509758,0.01872635,-0.01906586,24.00932
"2025-04-08 17:01:04.15",9921,0.05442429,0.01885986,-0.01870155,24.00288
"2025-04-08 17:01:04.2",9922,0.05462646,0.01948166,-0.01907158,23.95884
"2025-04-08 17:01:04.25",9923,0.05381584,0.01768684,-0.01882172,24.00047
"2025-04-08 17:01:04.3",9924,0.05043983,0.01387405,-0.01809502,23.99913
"2025-04-08 17:01:04.35",9925,0.0539856,0.01475143,-0.01872444,23.97671
"2025-04-08 17:01:04.4",9926,0.05197334,0.01365662,-0.01844597,24.00861
"2025-04-08 17:01:04.45",9927,0.05567551,0.02084541,-0.01156998,24.01356
"2025-04-08 17:01:04.5",9928,0.05090141,0.0144043,-0.01788902,24.00362
"2025-04-08 17:01:04.55",9929,0.05080795,0.01130295,-0.01668549,23.99606
"2025-04-08 17:01:04.6",9930,0.05124855,0.01376152,-0.01511002,23.99817
"2025-04-08 17:01:04.65",9931,0.05139351,0.01064491,-0.01559067,23.99914
"2025-04-08 17:01:04.7",9932,0.05073929,0.01169968,-0.01583672,23.99815
"2025-04-08 17:01:04.75",9933,0.05071068,0.01158333,-0.01460457,23.99725
"2025-04-08 17:01:04.8",9934,0.04861641,0.01138115,-0.01510239,23.99809
"2025-04-08 17:01:04.85",9935,0.05171204,0.01102066,-0.0161438,23.99908
"2025-04-08 17:01:04.9",9936,0.04899025,0.01179695,-0.0158329,23.97488
"2025-04-08 17:01:04.95",9937,0.05544281,0.01570511,-0.01329803,23.9846
"2025-04-08 17:01:05",9938,0.0517292,0.01101303,-0.01601219,23.99785
"2025-04-08 17:01:05.05",9939,0.05205154,0.01160049,-0.01600456,23.99996
"2025-04-08 17:01:05.1",9940,0.05482101,0.01224709,-0.01623917,24.00585
"2025-04-08 17:01:05.15",9941,0.05160141,0.01238823,-0.01675415,23.99831
"2025-04-08 17:01:05.2",9942,0.05182266,0.01233673,-0.01613998,23.9993
"2025-04-08 17:01:05.25",9943,0.05518913,0.01844788,-0.0105896,24.00729
"2025-04-08 17:01:05.3",9944,0.05103111,0.01330948,-0.01515579,24.00819
"2025-04-08 17:01:05.35",9945,0.0513134,0.01337814,-0.01438713,23.9769
"2025-04-08 17:01:05.4",9946,0.0516777,0.01316452,-0.01353073,24.00552
"2025-04-08 17:01:05.45",9947,0.04933167,0.01241493,-0.01335144,23.99792
"2025-04-08 17:01:05.5",9948,0.05612373,0.0162487,-0.01399422,24.0069
"2025-04-08 17:01:05.55",9949,0.05169296,0.01264572,-0.0110836,23.99744
"2025-04-08 17:01:05.6",9950,0.05505562,0.01182365,-0.01132965,24.00381
"2025-04-08 17:01:05.65",9951,0.05200768,0.01107979,-0.01354218,23.99728
"2025-04-08 17:01:05.7",9952,0.05253983,0.01433754,-0.0114212,24.00795
"2025-04-08 17:01:05.75",9953,0.0528965,0.01439285,-0.01026535,24.00613
"2025-04-08 17:01:05.8",9954,0.0520134,0.01399612,-0.01063156,23.99777
"2025-04-08 17:01:05.85",9955,0.05788803,0.01833725,-0.004976273,24.01427
"2025-04-08 17:01:05.9",9956,0.0584507,0.01538277,-0.01120949,24.00611
"2025-04-08 17:01:05.95",9957,0.06166458,0.01473427,-0.005422592,24.01574
"2025-04-08 17:01:06",9958,0.05634689,0.01284027,-0.007835388,24.00069
"2025-04-08 17:01:06.05",9959,0.05629539,0.01298141,-0.008062363,24.00875
"2025-04-08 17:01:06.1",9960,0.05419159,0.01110268,-0.007833481,24.01318
"2025-04-08 17:01:06.15",9961,0.05678749,0.01292801,-0.008266449,24.01099
"2025-04-08 17:01:06.2",9962,0.05317307,0.01082993,-0.008840561,23.98029
"2025-04-08 17:01:06.25",9963,0.05169487,0.01096916,-0.008237839,24.00237
"2025-04-08 17:01:06.3",9964,0.05209541,0.01029396,-0.008098602,24.00881
"2025-04-08 17:01:06.35",9965,0.05179977,0.0102272,-0.007818222,24.00897
"2025-04-08 17:01:06.4",9966,0.05207062,0.01147652,-0.008594513,24.00905
"2025-04-08 17:01:06.45",9967,0.05421448,0.01201248,-0.00843811,24.00643
"2025-04-08 17:01:06.5",9968,0.05079651,0.01113319,-0.007678986,23.97684
"2025-04-08 17:01:06.55",9969,0.05095863,0.01040649,-0.008209229,24.00243
"2025-04-08 17:01:06.6",9970,0.05143738,0.01140404,-0.008640289,23.99828
"2025-04-08 17:01:06.65",9971,0.05031013,0.0109539,-0.007984161,23.9767
"2025-04-08 17:01:06.7",9972,0.05139732,0.01267242,-0.003225327,24.01079
"2025-04-08 17:01:06.75",9973,0.05077934,0.00837326,-0.006811142,23.99834
"2025-04-08 17:01:06.8",9974,0.05153275,0.01141167,-0.007184982,23.97599
"2025-04-08 17:01:06.85",9975,0.05105209,0.01190186,-0.006164551,23.99632
"2025-04-08 17:01:06.9",9976,0.04858971,0.01114273,-0.006523132,23.97592
"2025-04-08 17:01:06.95",9977,0.04897308,0.01087952,-0.007177353,23.97752
"2025-04-08 17:01:07",9978,0.04889488,0.01133347,-0.007545471,23.99938
"2025-04-08 17:01:07.05",9979,0.04897881,0.0114212,-0.007213593,23.97542
"2025-04-08 17:01:07.1",9980,0.04595375,0.0112648,-0.01002884,24.00594
"2025-04-08 17:01:07.15",9981,0.04641724,0.01425743,-0.007352829,23.98448
"2025-04-08 17:01:07.2",9982,0.04644585,0.01098633,-0.01062584,23.9992
"2025-04-08 17:01:07.25",9983,0.04633331,0.01380539,-0.009025574,23.9997
"2025-04-08 17:01:07.3",9984,0.04569817,0.01434326,-0.008550644,23.99863
"2025-04-08 17:01:07.35",9985,0.04413986,0.01694107,-0.008308411,23.99916
"2025-04-08 17:01:07.4",9986,0.0438385,0.0171814,-0.008964539,23.9992
"2025-04-08 17:01:07.45",9987,0.04408073,0.02147293,-0.009140015,23.97848
"2025-04-08 17:01:07.5",9988,0.0435257,0.02033615,-0.009399414,23.99871
"2025-04-08 17:01:07.55",9989,0.04066467,0.01895523,-0.00850296,24.00487
"2025-04-08 17:01:07.6",9990,0.04098701,0.02042007,-0.006036758,23.99974
"2025-04-08 17:01:07.65",9991,0.03854942,0.02092361,-0.006326675,23.97609
"2025-04-08 17:01:07.7",9992,0.03793335,0.02075577,-0.006690979,23.97502
"2025-04-08 17:01:07.75",9993,0.03840446,0.0201664,-0.006269455,23.97403
"2025-04-08 17:01:07.8",9994,0.03559875,0.01943207,-0.005939484,23.9778
"2025-04-08 17:01:07.85",9995,0.03816795,0.01971436,-0.006048203,23.99863
"2025-04-08 17:01:07.9",9996,0.03837967,0.02007675,-0.003133774,23.99796
"2025-04-08 17:01:07.95",9997,0.03538704,0.0193634,-0.006034851,24.00391
"2025-04-08 17:01:08",9998,0.03318596,0.0218029,-0.002662659,23.99792
"2025-04-08 17:01:08.05",9999,0.03348923,0.02162552,-0.003545761,23.97644
"2025-04-08 17:01:08.1",10000,0.03369522,0.02178574,-0.002920151,23.97625
"2025-04-08 17:01:08.15",10001,0.03377724,0.02182579,-0.0032444,23.99954
"2025-04-08 17:01:08.2",10002,0.03418541,0.02096558,-0.0001621246,24.0025
"2025-04-08 17:01:08.25",10003,0.03273392,0.02460098,-0.0003185272,24.01109
"2025-04-08 17:01:08.3",10004,0.03145027,0.02404976,-0.0004024506,23.97969
"2025-04-08 17:01:08.35",10005,0.03107071,0.02489853,-0.0001163483,24.00204
"2025-04-08 17:01:08.4",10006,0.0320034,0.02426147,-0.0005054474,24.01022
"2025-04-08 17:01:08.45",10007,0.0321312,0.02308846,-0.0004920959,24.00435
"2025-04-08 17:01:08.5",10008,0.03133202,0.02702141,-0.000328064,24.00101
"2025-04-08 17:01:08.55",10009,0.03257179,0.03167343,0.001781464,24.00164
"2025-04-08 17:01:08.6",10010,0.03090286,0.02911949,-0.0003013611,24.00738
"2025-04-08 17:01:08.65",10011,0.03074074,0.02911377,-0.000541687,24.00076
"2025-04-08 17:01:08.7",10012,0.03050423,0.0296669,-0.001031876,24.00057
"2025-04-08 17:01:08.75",10013,0.0298481,0.02997589,-0.0007991791,23.99718
"2025-04-08 17:01:08.8",10014,0.02944565,0.02972412,-2.861023E-05,23.99876
"2025-04-08 17:01:08.85",10015,0.02940941,0.02992439,0.0001239777,23.99806
"2025-04-08 17:01:08.9",10016,0.03415871,0.03339958,0.002943039,23.98489
"2025-04-08 17:01:08.95",10017,0.02993011,0.03003502,-0.0002059937,23.99887
"2025-04-08 17:01:09",10018,0.03170586,0.03031158,0.0001907349,23.9954
"2025-04-08 17:01:09.05",10019,0.03195763,0.0298481,0.0007591248,23.99651
"2025-04-08 17:01:09.1",10020,0.03167343,0.02889252,0.002044678,23.9974
"2025-04-08 17:01:09.15",10021,0.03251457,0.03036118,-0.001796722,23.97534
"2025-04-08 17:01:09.2",10022,0.03141212,0.03340912,0.001111984,23.99493
"2025-04-08 17:01:09.25",10023,0.03492355,0.02995682,0.000995636,23.99747
"2025-04-08 17:01:09.3",10024,0.03541565,0.02982521,0.0005207062,24.00735
"2025-04-08 17:01:09.35",10025,0.03549385,0.03296852,0.000207901,23.99955
"2025-04-08 17:01:09.4",10026,0.03499413,0.03003693,-0.003158569,23.95137
"2025-04-08 17:01:09.45",10027,0.03483391,0.03016663,-0.002538681,23.99646
"2025-04-08 17:01:09.5",10028,0.03501892,0.03016472,-0.001924515,23.99932
"2025-04-08 17:01:09.55",10029,0.03608322,0.03263283,-0.003299713,23.97778
"2025-04-08 17:01:09.6",10030,0.03596878,0.03014946,-0.003288269,23.99668
"2025-04-08 17:01:09.65",10031,0.03503609,0.03152847,-0.003427505,23.97614
"2025-04-08 17:01:09.7",10032,0.03545952,0.0308857,-0.003278732,23.97777
"2025-04-08 17:01:09.75",10033,0.03568268,0.03334999,-0.004388809,23.97961
"2025-04-08 17:01:09.8",10034,0.0359211,0.03134918,-0.004543304,24.0004
"2025-04-08 17:01:09.85",10035,0.0351181,0.03163528,-0.003381729,23.97667
"2025-04-08 17:01:09.9",10036,0.0353756,0.03096199,-0.002790451,23.97712
"2025-04-08 17:01:09.95",10037,0.03596687,0.03042793,-0.00353241,23.97712
"2025-04-08 17:01:10",10038,0.03262329,0.03218269,-0.003602982,23.99963
"2025-04-08 17:01:10.05",10039,0.03535461,0.03061867,-0.003219604,23.97584
"2025-04-08 17:01:10.1",10040,0.03205109,0.03075218,-0.00327301,23.9763
"2025-04-08 17:01:10.15",10041,0.03289986,0.03081322,-0.003818512,23.97728
"2025-04-08 17:01:10.2",10042,0.0334816,0.03098488,-0.003471375,23.99916
"2025-04-08 17:01:10.25",10043,0.03181839,0.02719879,-0.003227234,23.97612
"2025-04-08 17:01:10.3",10044,0.03035927,0.02669525,-0.005197525,23.9768
"2025-04-08 17:01:10.35",10045,0.0311718,0.02739525,-0.005594254,23.957
"2025-04-08 17:01:10.4",10046,0.03193474,0.02695274,-0.002847672,23.97734
"2025-04-08 17:01:10.45",10047,0.03137016,0.02658081,-0.005126953,23.97642
"2025-04-08 17:01:10.5",10048,0.03070831,0.02628326,-0.005695343,23.97819
"2025-04-08 17:01:10.55",10049,0.03186417,0.02578545,-0.00279808,24.00591
"2025-04-08 17:01:10.6",10050,0.03128242,0.02408409,-0.005487442,23.94931
"2025-04-08 17:01:10.65",10051,0.031147,0.02446175,-0.005270004,23.95547
"2025-04-08 17:01:10.7",10052,0.03130531,0.02412033,-0.005081177,23.95857
"2025-04-08 17:01:10.75",10053,0.03098488,0.02404404,-0.005767822,23.95755
"2025-04-08 17:01:10.8",10054,0.0309124,0.02444458,-0.006477356,23.9796
"2025-04-08 17:01:10.85",10055,0.03059578,0.0238533,-0.005802155,23.97851
"2025-04-08 17:01:10.9",10056,0.03002357,0.02100182,-0.002792358,23.95687
"2025-04-08 17:01:10.95",10057,0.03003502,0.02138519,-0.003368378,24.00121
"2025-04-08 17:01:11",10058,0.03033638,0.02196503,-0.003808975,23.9787
"2025-04-08 17:01:11.05",10059,0.02972412,0.02245712,-0.002990723,23.97671
"2025-04-08 17:01:11.1",10060,0.02879524,0.02203941,-0.003076553,23.95455
"2025-04-08 17:01:11.15",10061,0.02997398,0.02141762,-0.002372742,23.99993
"2025-04-08 17:01:11.2",10062,0.02955437,0.02166939,-0.002479553,23.97435
"2025-04-08 17:01:11.25",10063,0.02868652,0.02231789,-0.002630234,23.97517
"2025-04-08 17:01:11.3",10064,0.02886391,0.02222443,-0.001813889,23.97223
"2025-04-08 17:01:11.35",10065,0.02917671,0.01894569,-0.002008438,23.95291
"2025-04-08 17:01:11.4",10066,0.03000259,0.02129745,-0.002527237,23.97542
"2025-04-08 17:01:11.45",10067,0.0290966,0.02211761,-0.001495361,23.97382
"2025-04-08 17:01:11.5",10068,0.02878571,0.02205086,-0.001657486,23.95321
"2025-04-08 17:01:11.55",10069,0.03240395,0.01862717,-0.001779556,23.953
"2025-04-08 17:01:11.6",10070,0.0324173,0.01804161,-0.003110886,23.97648
"2025-04-08 17:01:11.65",10071,0.0331974,0.0191803,-0.002971649,23.97682
"2025-04-08 17:01:11.7",10072,0.03186798,0.0194149,-0.003120422,23.97443
"2025-04-08 17:01:11.75",10073,0.03581047,0.0185318,-0.003147125,23.97445
"2025-04-08 17:01:11.8",10074,0.03604698,0.01560974,-0.002723694,23.99971
"2025-04-08 17:01:11.85",10075,0.03601646,0.01620102,-0.002809525,24.00773
"2025-04-08 17:01:11.9",10076,0.03534126,0.01662064,-0.003902435,24.00606
"2025-04-08 17:01:11.95",10077,0.03749657,0.01761436,-0.006477356,24.02837
"2025-04-08 17:01:12",10078,0.03531265,0.01746941,-0.006404877,24.00435
"2025-04-08 17:01:12.05",10079,0.03850365,0.01436424,-0.006349564,23.97403
"2025-04-08 17:01:12.1",10080,0.03894424,0.01512337,-0.007419586,23.97306
"2025-04-08 17:01:12.15",10081,0.03818512,0.01542473,-0.009208679,24.00145
"2025-04-08 17:01:12.2",10082,0.03769302,0.01506996,-0.0084095,24.02388
"2025-04-08 17:01:12.25",10083,0.04112244,0.0146122,-0.008527756,23.97289
"2025-04-08 17:01:12.3",10084,0.0417881,0.01498413,-0.01191711,24.00301
"2025-04-08 17:01:12.35",10085,0.04078674,0.01142693,-0.01146317,24.00013
"2025-04-08 17:01:12.4",10086,0.04037476,0.01113129,-0.01390457,23.99434
"2025-04-08 17:01:12.45",10087,0.04417801,0.01130295,-0.01089668,24.02505
"2025-04-08 17:01:12.5",10088,0.04407692,0.01097679,-0.01421356,23.9966
"2025-04-08 17:01:12.55",10089,0.0439167,0.01114082,-0.01403999,23.97322
"2025-04-08 17:01:12.6",10090,0.04483223,0.008489609,-0.01446915,24.00216
"2025-04-08 17:01:12.65",10091,0.04393578,0.009969711,-0.01456451,23.97496
"2025-04-08 17:01:12.7",10092,0.04713631,0.009725571,-0.01509094,24.00636
"2025-04-08 17:01:12.75",10093,0.04871368,0.01060677,-0.01291847,24.00808
"2025-04-08 17:01:12.8",10094,0.05026436,0.01033211,-0.01567078,24.01141
"2025-04-08 17:01:12.85",10095,0.04685974,0.01015282,-0.01270485,24.004
"2025-04-08 17:01:12.9",10096,0.05072212,0.0092659,-0.01216316,24.0108
"2025-04-08 17:01:12.95",10097,0.05056572,0.009960175,-0.01233482,24.01843
"2025-04-08 17:01:13",10098,0.0496769,0.01095772,-0.01255798,24.04052
"2025-04-08 17:01:13.05",10099,0.04911995,0.01021576,-0.01198578,24.01196
"2025-04-08 17:01:13.1",10100,0.05216408,0.01039505,-0.009050369,24.04448
"2025-04-08 17:01:13.15",10101,0.05258369,0.009775162,-0.01232529,24.02359
"2025-04-08 17:01:13.2",10102,0.05201721,0.01062775,-0.009767532,24.02436
"2025-04-08 17:01:13.25",10103,0.04779816,0.01040649,-0.008760452,24.04659
"2025-04-08 17:01:13.3",10104,0.04815865,0.01067734,-0.008815765,23.99129
"2025-04-08 17:01:13.35",10105,0.05176353,0.01131058,-0.006685257,23.99569
"2025-04-08 17:01:13.4",10106,0.05234909,0.01160622,-0.00569725,23.99678
"2025-04-08 17:01:13.45",10107,0.0480423,0.009353638,-0.007236481,23.99689
"2025-04-08 17:01:13.5",10108,0.04811478,0.008655548,-0.003108978,24.00443
"2025-04-08 17:01:13.55",10109,0.04485703,0.01109695,-0.001691818,23.99719
"2025-04-08 17:01:13.6",10110,0.04518127,0.01194191,-0.001159668,23.97644
"2025-04-08 17:01:13.65",10111,0.04479027,0.01210403,-0.000787735,23.97494
"2025-04-08 17:01:13.7",10112,0.04264832,0.01234436,0.0001964569,24.00433
"2025-04-08 17:01:13.75",10113,0.04273796,0.01179123,0.001373291,23.97479
"2025-04-08 17:01:13.8",10114,0.04647255,0.01217079,0.004014969,24.00002
"2025-04-08 17:01:13.85",10115,0.04215622,0.01301956,0.003793716,24.00663
"2025-04-08 17:01:13.9",10116,0.04339409,0.01230812,0.003538132,24.02672
"2025-04-08 17:01:13.95",10117,0.04212379,0.01239967,-0.005868912,24.00562
"2025-04-08 17:01:14",10118,0.04171944,0.01237679,-0.006355286,23.99901
"2025-04-08 17:01:14.05",10119,0.04190445,0.01337242,-0.004608154,23.99881
"2025-04-08 17:01:14.1",10120,0.04129601,0.01603889,-0.003019333,24.0052
"2025-04-08 17:01:14.15",10121,0.04126358,0.01644707,0.002468109,24.00434
"2025-04-08 17:01:14.2",10122,0.04511452,0.02086449,-0.000497818,24.01386
"2025-04-08 17:01:14.25",10123,0.0424118,0.0181694,-0.004238129,23.99952
"2025-04-08 17:01:14.3",10124,0.04211044,0.01935196,-0.003925323,24.00661
"2025-04-08 17:01:14.35",10125,0.04160881,0.01697731,-0.003652573,24.02824
"2025-04-08 17:01:14.4",10126,0.04138374,0.01724625,-0.003835678,24.00047
"2025-04-08 17:01:14.45",10127,0.04515648,0.01708031,-0.004205704,24.00789
"2025-04-08 17:01:14.5",10128,0.04537964,0.01739883,-0.001455307,23.99997
"2025-04-08 17:01:14.55",10129,0.04737282,0.01863861,0.00315094,24.00468
"2025-04-08 17:01:14.6",10130,0.04981804,0.008834839,0.002479553,24.00548
"2025-04-08 17:01:14.65",10131,0.04632187,0.003715515,-0.001182556,24.00043
"2025-04-08 17:01:14.7",10132,0.0476017,0.003171921,-0.001190186,23.9986
"2025-04-08 17:01:14.75",10133,0.04521179,0.005327225,-0.001228333,24.00717
"2025-04-08 17:01:14.8",10134,0.04982948,0.006238937,0.002815247,24.00596
"2025-04-08 17:01:14.85",10135,0.04633141,0.002775192,-0.0005283356,24.00002
"2025-04-08 17:01:14.9",10136,0.04670143,0.002811432,-0.001256943,23.99966
"2025-04-08 17:01:14.95",10137,0.04843903,0.002384186,0.0001411438,23.99889
"2025-04-08 17:01:15",10138,0.04675865,0.0002632141,-9.918213E-05,24.00124
"2025-04-08 17:01:15.05",10139,0.05116844,-0.001897812,-0.0002784729,24.01093
"2025-04-08 17:01:15.1",10140,0.0508461,-0.001373291,-0.0008964539,24.03094
"2025-04-08 17:01:15.15",10141,0.05012512,-0.003578186,-0.0009155273,24.00166
"2025-04-08 17:01:15.2",10142,0.04994774,-0.003332138,0.0002689362,24.00139
"2025-04-08 17:01:15.25",10143,0.04711342,-0.003456116,-0.002590179,23.98093
"2025-04-08 17:01:15.3",10144,0.05054474,-0.003919601,-0.0008525848,24.00246
"2025-04-08 17:01:15.35",10145,0.04702187,-0.002645493,-0.003858566,24.00869
"2025-04-08 17:01:15.4",10146,0.04616165,-0.005311966,-0.00343895,24.00092
"2025-04-08 17:01:15.45",10147,0.04609299,-0.003992081,-0.00274086,23.97803
"2025-04-08 17:01:15.5",10148,0.04664421,-0.005683899,-0.002729416,24.00179
"2025-04-08 17:01:15.55",10149,0.04609871,-0.006132126,-0.003887177,23.99928
"2025-04-08 17:01:15.6",10150,0.04264069,-0.005636215,-0.003545761,24.00583
"2025-04-08 17:01:15.65",10151,0.04236412,-0.005941391,-0.002479553,23.9974
"2025-04-08 17:01:15.7",10152,0.04218864,-0.00551796,-0.002462387,23.97625
"2025-04-08 17:01:15.75",10153,0.04521179,-0.005350113,0.0005912781,24.00722
"2025-04-08 17:01:15.8",10154,0.04268074,-0.005180359,0.0001296997,23.97379
"2025-04-08 17:01:15.85",10155,0.0370388,-0.005203247,0.0005207062,23.97437
"2025-04-08 17:01:15.9",10156,0.03754425,-0.005739212,0.0006885529,24.00391
"2025-04-08 17:01:15.95",10157,0.03816223,-0.008533478,0.0001449585,24.00549
"2025-04-08 17:01:16",10158,0.03742599,-0.007656097,0.0005874634,23.99797
"2025-04-08 17:01:16.05",10159,0.03730392,-0.01048851,0.000541687,23.99773
"2025-04-08 17:01:16.1",10160,0.03932381,-0.007442474,0.002641678,24.00703
"2025-04-08 17:01:16.15",10161,0.03544807,-0.01389503,-0.0002403259,24.00603
"2025-04-08 17:01:16.2",10162,0.03530884,-0.01636887,0.0001029968,24.00652
"2025-04-08 17:01:16.25",10163,0.03571701,-0.01202774,0.001836777,24.00704
"2025-04-08 17:01:16.3",10164,0.03180122,-0.01895332,0.0006046295,24.00673
"2025-04-08 17:01:16.35",10165,0.02934265,-0.01870918,-0.002830505,24.00822
"2025-04-08 17:01:16.4",10166,0.0303421,-0.02078819,-0.001148224,23.97814
"2025-04-08 17:01:16.45",10167,0.02958488,-0.02275276,-0.004091263,23.99781
"2025-04-08 17:01:16.5",10168,0.03186798,-0.02542877,-0.003158569,23.97763
"2025-04-08 17:01:16.55",10169,0.02981758,-0.02579117,-0.003652573,23.9777
"2025-04-08 17:01:16.6",10170,0.03046799,-0.02869606,-0.00412178,23.99968
"2025-04-08 17:01:16.65",10171,0.03196144,-0.02804184,-0.003639221,24.0061
"2025-04-08 17:01:16.7",10172,0.03256226,-0.02789116,-0.00393486,24.00543
"2025-04-08 17:01:16.75",10173,0.03229332,-0.03123665,-0.003602982,24.00536
"2025-04-08 17:01:16.8",10174,0.0328083,-0.0315876,-0.004299164,24.00668
"2025-04-08 17:01:16.85",10175,0.03252602,-0.03053284,-0.003616333,23.97541
"2025-04-08 17:01:16.9",10176,0.03182983,-0.03479958,-0.002719879,24.00682
"2025-04-08 17:01:16.95",10177,0.03203201,-0.03478813,-0.003093719,24.00708
"2025-04-08 17:01:17",10178,0.02991867,-0.0353241,-0.003400803,24.0076
"2025-04-08 17:01:17.05",10179,0.03281593,-0.03501701,-0.006185532,23.99798
"2025-04-08 17:01:17.1",10180,0.03275681,-0.03560829,-0.005535126,23.99681
"2025-04-08 17:01:17.15",10181,0.03052139,-0.03351593,-0.005226135,24.00671
"2025-04-08 17:01:17.2",10182,0.03100204,-0.03623962,-0.008777618,24.00066
"2025-04-08 17:01:17.25",10183,0.03196335,-0.03481483,-0.008237839,24.00999
"2025-04-08 17:01:17.3",10184,0.03079414,-0.03257561,-0.007827759,23.99766
"2025-04-08 17:01:17.35",10185,0.03404236,-0.02912903,-0.004959106,24.01833
"2025-04-08 17:01:17.4",10186,0.02897072,-0.03383446,-0.01114082,24.03366
"2025-04-08 17:01:17.45",10187,0.03165054,-0.0314827,-0.00851059,24.01515
"2025-04-08 17:01:17.5",10188,0.03043938,-0.03275108,-0.01072884,24.03105
"2025-04-08 17:01:17.55",10189,0.02842903,-0.03340721,-0.01132584,24.01052
"2025-04-08 17:01:17.6",10190,0.03310394,-0.03293419,-0.01127434,24.01019
"2025-04-08 17:01:17.65",10191,0.03115273,-0.03250313,-0.0116272,24.03304
"2025-04-08 17:01:17.7",10192,0.02716064,-0.02870178,-0.01161003,24.03013
"2025-04-08 17:01:17.75",10193,0.03015327,-0.0296402,-0.0107708,24.03017
"2025-04-08 17:01:17.8",10194,0.03006935,-0.03030777,-0.0106144,24.00648
"2025-04-08 17:01:17.85",10195,0.03295326,-0.02955437,-0.01130676,23.99827
"2025-04-08 17:01:17.9",10196,0.0320797,-0.0300293,-0.01140213,24.02746
"2025-04-08 17:01:17.95",10197,0.03161049,-0.02946663,-0.01034737,23.995
"2025-04-08 17:01:18",10198,0.0346489,-0.03033638,-0.007995605,24.00408
"2025-04-08 17:01:18.05",10199,0.03484535,-0.02662849,-0.007873535,23.99722
"2025-04-08 17:01:18.1",10200,0.03507996,-0.02746773,-0.01000786,23.97609
"2025-04-08 17:01:18.15",10201,0.03487778,-0.02750397,-0.008298874,24.0051
"2025-04-08 17:01:18.2",10202,0.03479576,-0.02751541,-0.009237289,23.99716
"2025-04-08 17:01:18.25",10203,0.03578186,-0.02727127,-0.009958267,23.99955
"2025-04-08 17:01:18.3",10204,0.03748703,-0.02737045,-0.01048279,23.99712
"2025-04-08 17:01:18.35",10205,0.03741837,-0.02672958,-0.01001167,23.99657
"2025-04-08 17:01:18.4",10206,0.03760529,-0.02749252,-0.009750366,23.97506
"2025-04-08 17:01:18.45",10207,0.03818512,-0.02482986,-0.01092148,23.97755
"2025-04-08 17:01:18.5",10208,0.0377388,-0.02676964,-0.01060295,23.99777
"2025-04-08 17:01:18.55",10209,0.04037476,-0.02708435,-0.01065636,23.99813
"2025-04-08 17:01:18.6",10210,0.04042053,-0.02487946,-0.01051712,24.00407
"2025-04-08 17:01:18.65",10211,0.04122925,-0.02442932,-0.01180458,24.02917
"2025-04-08 17:01:18.7",10212,0.04116249,-0.02108383,-0.01134109,24.00014
"2025-04-08 17:01:18.75",10213,0.04335022,-0.02005386,-0.01169205,24.00539
"2025-04-08 17:01:18.8",10214,0.03975868,-0.01953697,-0.01099014,23.99667
"2025-04-08 17:01:18.85",10215,0.04412842,-0.01782036,-0.01124573,24.02775
"2025-04-08 17:01:18.9",10216,0.04604149,-0.01747894,-0.01463127,23.99935
"2025-04-08 17:01:18.95",10217,0.0463047,-0.01669884,-0.01470947,24.00513
"2025-04-08 17:01:19",10218,0.04328537,-0.01726913,-0.01416779,23.99637
"2025-04-08 17:01:19.05",10219,0.04616165,-0.0150547,-0.01353264,23.99856
"2025-04-08 17:01:19.1",10220,0.0471077,-0.009897232,-0.01103973,24.01251
"2025-04-08 17:01:19.15",10221,0.0432663,-0.01492691,-0.01717758,23.9982
"2025-04-08 17:01:19.2",10222,0.04339409,-0.01506615,-0.01396751,23.99754
"2025-04-08 17:01:19.25",10223,0.04273605,-0.01320648,-0.01388741,24.00397
"2025-04-08 17:01:19.3",10224,0.04336357,-0.0137558,-0.0136776,24.00506
"2025-04-08 17:01:19.35",10225,0.04380417,-0.01291847,-0.01620674,24.02911
"2025-04-08 17:01:19.4",10226,0.04374123,-0.01360512,-0.013731,24.00491
"2025-04-08 17:01:19.45",10227,0.04106712,-0.01492119,-0.01653099,23.99614
"2025-04-08 17:01:19.5",10228,0.0426178,-0.01467133,-0.01381111,24.0087
"2025-04-08 17:01:19.55",10229,0.04279137,-0.01319122,-0.01394844,24.00866
"2025-04-08 17:01:19.6",10230,0.04189873,-0.01458549,-0.01590919,23.98206
"2025-04-08 17:01:19.65",10231,0.04214287,-0.01495552,-0.01405525,24.00906
"2025-04-08 17:01:19.7",10232,0.03978348,-0.0139122,-0.01388741,24.03159
"2025-04-08 17:01:19.75",10233,0.03968048,-0.01689911,-0.01415825,24.00959
"2025-04-08 17:01:19.8",10234,0.03853035,-0.0146389,-0.01418877,24.00259
"2025-04-08 17:01:19.85",10235,0.03938675,-0.01381493,-0.01381111,24.00213
"2025-04-08 17:01:19.9",10236,0.03632927,-0.0143795,-0.01402855,24.00954
"2025-04-08 17:01:19.95",10237,0.03858757,-0.01386833,-0.01384926,24.03167
"2025-04-08 17:01:20",10238,0.0381794,-0.01388741,-0.01381683,24.00864
"2025-04-08 17:01:20.05",10239,0.03442001,-0.0162468,-0.01127434,24.00566
"2025-04-08 17:01:20.1",10240,0.03512001,-0.01683235,-0.01405144,24.00812
"2025-04-08 17:01:20.15",10241,0.03490639,-0.01677132,-0.01388168,24.03003
"2025-04-08 17:01:20.2",10242,0.03386307,-0.01320648,-0.01051521,24.02863
"2025-04-08 17:01:20.25",10243,0.03105927,-0.01366997,-0.01045227,24.00179
"2025-04-08 17:01:20.3",10244,0.03413582,-0.01633072,-0.009778976,24.02776
"2025-04-08 17:01:20.35",10245,0.03206253,-0.01335335,-0.009616852,24.00534
"2025-04-08 17:01:20.4",10246,0.03183556,-0.01317787,-0.01033592,23.99691
"2025-04-08 17:01:20.45",10247,0.0316391,-0.01664162,-0.009542465,24.00465
"2025-04-08 17:01:20.5",10248,0.03192329,-0.01409721,-0.008899689,24.0041
"2025-04-08 17:01:20.55",10249,0.03190041,-0.01413345,-0.01001167,24.00573
"2025-04-08 17:01:20.6",10250,0.03218269,-0.01339912,-0.01323128,24.00504
"2025-04-08 17:01:20.65",10251,0.03141022,-0.01355362,-0.01039314,24.00269
"2025-04-08 17:01:20.7",10252,0.03265572,-0.01645851,-0.01001167,24.00397
"2025-04-08 17:01:20.75",10253,0.03305244,-0.01426888,-0.01101303,24.02761
"2025-04-08 17:01:20.8",10254,0.03844833,-0.01339912,-0.01004028,24.01469
"2025-04-08 17:01:20.85",10255,0.02950096,-0.01371002,-0.01357651,24.00607
"2025-04-08 17:01:20.9",10256,0.02897072,-0.01301956,-0.01153183,23.99857
"2025-04-08 17:01:20.95",10257,0.03014374,-0.01295662,-0.010746,24.02971
"2025-04-08 17:01:21",10258,0.02911568,-0.01029205,-0.01210785,24.00646
"2025-04-08 17:01:21.05",10259,0.02959442,-0.0116539,-0.01195526,23.99722
"2025-04-08 17:01:21.1",10260,0.02969742,-0.01234627,-0.01379776,24.02653
"2025-04-08 17:01:21.15",10261,0.02980804,-0.01202965,-0.01409531,24.0301
"2025-04-08 17:01:21.2",10262,0.0277462,-0.008527756,-0.0123539,24.04334
"2025-04-08 17:01:21.25",10263,0.02985191,-0.01138687,-0.01473618,24.02905
"2025-04-08 17:01:21.3",10264,0.02687073,-0.009572983,-0.01075935,24.02785
"2025-04-08 17:01:21.35",10265,0.02627182,-0.009923935,-0.01375389,24.02885
"2025-04-08 17:01:21.4",10266,0.02722168,-0.009777069,-0.01404572,24.02911
"2025-04-08 17:01:21.45",10267,0.02929306,-0.01031494,-0.01144218,24.00536
"2025-04-08 17:01:21.5",10268,0.0262394,-0.01004791,-0.01072884,24.02778
"2025-04-08 17:01:21.55",10269,0.02646065,-0.0110569,-0.0133419,24.02811
"2025-04-08 17:01:21.6",10270,0.03147125,-0.009092331,-0.01260567,24.0293
"2025-04-08 17:01:21.65",10271,0.02752495,-0.01173973,-0.01111984,24.00488
"2025-04-08 17:01:21.7",10272,0.02702141,-0.01097488,-0.0136261,24.00554
"2025-04-08 17:01:21.75",10273,0.02825356,-0.01139832,-0.01365471,23.9999
"2025-04-08 17:01:21.8",10274,0.03137016,-0.01169395,-0.01444626,24.03108
"2025-04-08 17:01:21.85",10275,0.02904129,-0.01165962,-0.01080704,24.03576
"2025-04-08 17:01:21.9",10276,0.03057861,-0.01130486,-0.01416969,24.02838
"2025-04-08 17:01:21.95",10277,0.02838707,-0.01197815,-0.01363564,24.03242
"2025-04-08 17:01:22",10278,0.02863312,-0.009504318,-0.01425171,24.03358
"2025-04-08 17:01:22.05",10279,0.02837944,-0.01139641,-0.01456833,24.0462
"2025-04-08 17:01:22.1",10280,0.02781296,-0.008152008,-0.01296616,24.03045
"2025-04-08 17:01:22.15",10281,0.02749443,-0.007946014,-0.01065445,24.02935
"2025-04-08 17:01:22.2",10282,0.02781487,-0.008218765,-0.01391029,24.0321
"2025-04-08 17:01:22.25",10283,0.02719879,-0.008163452,-0.01104736,24.03172
"2025-04-08 17:01:22.3",10284,0.03118706,-0.005903244,-0.01469994,24.02733
"2025-04-08 17:01:22.35",10285,0.02670097,-0.007839203,-0.01117897,24.02816
"2025-04-08 17:01:22.4",10286,0.02625084,-0.008605957,-0.01393509,24.02719
"2025-04-08 17:01:22.45",10287,0.02625465,-0.006271362,-0.01372719,24.02841
"2025-04-08 17:01:22.5",10288,0.02638817,-0.007823944,-0.01316833,24.02892
"2025-04-08 17:01:22.55",10289,0.02334023,-0.0057621,-0.01299667,24.02459
"2025-04-08 17:01:22.6",10290,0.02536011,-0.006204605,-0.009721756,24.02351
"2025-04-08 17:01:22.65",10291,0.02588844,-0.005756378,-0.008939743,24.02756
"2025-04-08 17:01:22.7",10292,0.02712059,-0.00617218,-0.01303291,24.04237
"2025-04-08 17:01:22.75",10293,0.02628326,-0.005393982,-0.01004028,24.04093
"2025-04-08 17:01:22.8",10294,0.0255394,-0.005048752,-0.0122261,24.02616
"2025-04-08 17:01:22.85",10295,0.02724457,-0.006668091,-0.01238632,24.02554
"2025-04-08 17:01:22.9",10296,0.02700233,-0.005657196,-0.01065445,24.02786
"2025-04-08 17:01:22.95",10297,0.02438545,-0.006210327,-0.012743,24.02613
"2025-04-08 17:01:23",10298,0.0261097,-0.005613327,-0.01327896,24.0266
"2025-04-08 17:01:23.05",10299,0.02700233,-0.005628586,-0.01333046,24.00474
"2025-04-08 17:01:23.1",10300,0.0247097,-0.003393173,-0.01329803,24.02895
"2025-04-08 17:01:23.15",10301,0.02761269,-0.002748489,-0.01115227,24.04414
"2025-04-08 17:01:23.2",10302,0.02424049,-0.001880646,-0.01390457,24.0273
"2025-04-08 17:01:23.25",10303,0.02409935,-0.002094269,-0.01141548,24.04224
"2025-04-08 17:01:23.3",10304,0.02419853,-0.002779007,-0.01453018,24.00626
"2025-04-08 17:01:23.35",10305,0.02721024,-0.002126694,-0.01514053,24.02942
"2025-04-08 17:01:23.4",10306,0.02658653,-0.0003662109,-0.01480484,24.02888
"2025-04-08 17:01:23.45",10307,0.02350616,-0.0003509521,-0.01388168,24.04186
"2025-04-08 17:01:23.5",10308,0.02645493,-0.001457214,-0.01373291,24.02777
"2025-04-08 17:01:23.55",10309,0.02417183,-0.000875473,-0.01462746,24.02975
"2025-04-08 17:01:23.6",10310,0.02438545,-0.00122261,-0.01211739,24.04363
"2025-04-08 17:01:23.65",10311,0.02343369,-0.001300812,-0.01418304,24.02628
"2025-04-08 17:01:23.7",10312,0.02587509,-0.002296448,-0.01390457,24.0409
"2025-04-08 17:01:23.75",10313,0.02394485,-0.002574921,-0.01338196,24.02831
"2025-04-08 17:01:23.8",10314,0.02431107,-0.003232956,-0.01151466,24.02947
"2025-04-08 17:01:23.85",10315,0.02746773,-0.002807617,-0.01411819,24.0644
"2025-04-08 17:01:23.9",10316,0.02682686,-0.002981186,-0.01347542,24.0282
"2025-04-08 17:01:23.95",10317,0.02540588,-0.003692627,-0.01321793,24.02648
"2025-04-08 17:01:24",10318,0.0256691,-0.004295349,-0.01311684,24.03101
"2025-04-08 17:01:24.05",10319,0.02644539,-0.0009994507,-0.01411819,24.03124
"2025-04-08 17:01:24.1",10320,0.02843285,-0.003299713,-0.01414108,24.0338
"2025-04-08 17:01:24.15",10321,0.02488327,-0.001190186,-0.0136528,24.02858
"2025-04-08 17:01:24.2",10322,0.02352524,-0.003612518,-0.0137043,24.03155
"2025-04-08 17:01:24.25",10323,0.02563667,-0.0001792908,-0.01424789,24.03259
"2025-04-08 17:01:24.3",10324,0.02757835,-0.002969742,-0.01393318,24.0311
"2025-04-08 17:01:24.35",10325,0.02736855,-0.003953934,-0.01403809,24.04642
"2025-04-08 17:01:24.4",10326,0.02472496,-0.002529144,-0.01366043,24.0313
"2025-04-08 17:01:24.45",10327,0.02493858,-0.00304985,-0.01475525,24.03204
"2025-04-08 17:01:24.5",10328,0.02474213,-0.002616882,-0.01425743,24.06646
"2025-04-08 17:01:24.55",10329,0.02687073,-0.002471924,-0.01381683,24.02834
"2025-04-08 17:01:24.6",10330,0.02378273,-0.002466202,-0.01355743,24.03018
"2025-04-08 17:01:24.65",10331,0.02417755,-0.003293991,-0.01382256,24.04395
"2025-04-08 17:01:24.7",10332,0.02147865,-0.00302124,-0.01344681,24.02815
"2025-04-08 17:01:24.75",10333,0.02284241,-0.002441406,-0.01306915,24.03934
"2025-04-08 17:01:24.8",10334,0.02308464,-0.003786087,-0.01289558,24.02408
"2025-04-08 17:01:24.85",10335,0.02407837,-0.003362656,-0.01326752,24.02641
"2025-04-08 17:01:24.9",10336,0.02383614,-0.002164841,-0.0122509,24.02777
"2025-04-08 17:01:24.95",10337,0.02326584,-0.002876282,-0.01219749,24.0246
"2025-04-08 17:01:25",10338,0.02089882,-0.003293991,-0.01232529,24.02581
"2025-04-08 17:01:25.05",10339,0.02424622,-0.003541946,-0.01253128,24.0417
"2025-04-08 17:01:25.1",10340,0.02131271,-0.002729416,-0.01337433,24.04296
"2025-04-08 17:01:25.15",10341,0.02337265,-0.003061295,-0.01277161,24.02663
"2025-04-08 17:01:25.2",10342,0.02146339,-0.002405167,-0.01245308,24.04114
"2025-04-08 17:01:25.25",10343,0.02477455,-0.003797531,-0.01361084,24.02954
"2025-04-08 17:01:25.3",10344,0.02422333,-0.003368378,-0.01366615,24.0442
"2025-04-08 17:01:25.35",10345,0.02109528,-0.00287056,-0.01410103,24.02673
"2025-04-08 17:01:25.4",10346,0.02108002,-0.002832413,-0.01423454,24.0424
"2025-04-08 17:01:25.45",10347,0.02166367,-0.003002167,-0.01362038,24.03032
"2025-04-08 17:01:25.5",10348,0.02183151,-0.002725601,-0.01451302,24.04472
"2025-04-08 17:01:25.55",10349,0.02098846,-0.001592636,-0.0153141,24.0531
"2025-04-08 17:01:25.6",10350,0.02103806,-0.001304626,-0.0149765,24.02744
"2025-04-08 17:01:25.65",10351,0.02102852,-0.001630783,-0.01432991,24.0312
"2025-04-08 17:01:25.7",10352,0.02506447,0.0006637573,-0.01144791,24.05231
"2025-04-08 17:01:25.75",10353,0.02150726,-0.001070023,-0.01507759,24.02966
"2025-04-08 17:01:25.8",10354,0.02430534,-0.001161575,-0.01434135,24.02793
"2025-04-08 17:01:25.85",10355,0.02077675,-0.001983643,-0.01376152,24.04424
"2025-04-08 17:01:25.9",10356,0.02099991,-0.002277374,-0.01426315,24.02877
"2025-04-08 17:01:25.95",10357,0.02189445,-0.002153397,-0.01455879,24.02934
"2025-04-08 17:01:26",10358,0.02079773,-0.002483368,-0.01424599,24.04352
"2025-04-08 17:01:26.05",10359,0.02069855,-0.002998352,-0.01406288,24.02599
"2025-04-08 17:01:26.1",10360,0.02141953,-0.00287056,-0.01421356,24.02816
"2025-04-08 17:01:26.15",10361,0.02286148,-0.004404068,-0.01422882,24.04336
"2025-04-08 17:01:26.2",10362,0.02199554,-0.003692627,-0.01389313,24.02768
"2025-04-08 17:01:26.25",10363,0.02161026,-0.003980637,-0.01361656,24.02814
"2025-04-08 17:01:26.3",10364,0.02280426,-0.003707886,-0.01343727,24.03098
"2025-04-08 17:01:26.35",10365,0.02284431,-0.004619598,-0.01427841,24.03365
"2025-04-08 17:01:26.4",10366,0.0223732,-0.00327301,-0.01424599,24.04733
"2025-04-08 17:01:26.45",10367,0.02239227,-0.00299263,-0.01379395,24.04661
"2025-04-08 17:01:26.5",10368,0.0220623,-0.000919342,-0.01342964,24.03082
"2025-04-08 17:01:26.55",10369,0.02341843,-0.0007133484,-0.01060295,24.05249
"2025-04-08 17:01:26.6",10370,0.022995,-0.0008831024,-0.01393318,24.03328
"2025-04-08 17:01:26.65",10371,0.01968765,-0.002864838,-0.01433372,24.0313
"2025-04-08 17:01:26.7",10372,0.0217247,-0.0003509521,-0.01361465,24.02938
"2025-04-08 17:01:26.75",10373,0.01937485,-0.0003967285,-0.01338577,24.02962
"2025-04-08 17:01:26.8",10374,0.01783752,-0.002981186,-0.0117836,24.02801
"2025-04-08 17:01:26.85",10375,0.01841354,-0.002893448,-0.01418304,24.00473
"2025-04-08 17:01:26.9",10376,0.02031898,0.0002861023,-0.01390076,24.03111
"2025-04-08 17:01:26.95",10377,0.01831818,-0.0001487732,-0.01369476,24.03214
"2025-04-08 17:01:27",10378,0.02591324,0.0003376007,-0.01005173,24.05405
"2025-04-08 17:01:27.05",10379,0.01817513,-0.003566742,-0.01265526,24.00998
"2025-04-08 17:01:27.1",10380,0.017313,-0.002763748,-0.01301003,24.00904
"2025-04-08 17:01:27.15",10381,0.01760292,-0.0002613068,-0.01178932,24.03131
"2025-04-08 17:01:27.2",10382,0.01852989,-0.003725052,-0.01245308,24.03499
"2025-04-08 17:01:27.25",10383,0.01608467,-0.0002002716,-0.01278114,24.03716
"2025-04-08 17:01:27.3",10384,0.01839066,-0.002929688,-0.01273346,24.03754
"2025-04-08 17:01:27.35",10385,0.01920128,-0.0005397797,-0.01265907,24.05801
"2025-04-08 17:01:27.4",10386,0.01854897,-0.0002841949,-0.01314545,24.06848
"2025-04-08 17:01:27.45",10387,0.01618576,-0.003227234,-0.0134697,24.0702
"2025-04-08 17:01:27.5",10388,0.01660919,-0.000585556,-0.0138092,24.07337
"2025-04-08 17:01:27.55",10389,0.01988983,0.004257202,-0.01132011,24.09361
"2025-04-08 17:01:27.6",10390,0.01519775,0.0003757477,-0.01385498,24.07163
"2025-04-08 17:01:27.65",10391,0.01607895,0.0007095337,-0.01334,24.07077
"2025-04-08 17:01:27.7",10392,0.01686668,0.0007591248,-0.0150547,24.05028
"2025-04-08 17:01:27.75",10393,0.01635742,0.001825333,-0.01393509,24.07121
"2025-04-08 17:01:27.8",10394,0.01639938,0.00173378,-0.01156998,24.06818
"2025-04-08 17:01:27.85",10395,0.01533508,0.001806259,-0.01349831,24.07142
"2025-04-08 17:01:27.9",10396,0.01659966,0.001560211,-0.01416397,24.07375
"2025-04-08 17:01:27.95",10397,0.01636505,-0.001289368,-0.01439667,24.04576
"2025-04-08 17:01:28",10398,0.01518059,0.0009059906,-0.01410103,24.06184
"2025-04-08 17:01:28.05",10399,0.01558685,0.0004348755,-0.01402664,24.06673
"2025-04-08 17:01:28.1",10400,0.01626396,0.0003757477,-0.01400757,24.0699
"2025-04-08 17:01:28.15",10401,0.01601982,0.0008220673,-0.01445389,24.09161
"2025-04-08 17:01:28.2",10402,0.01607513,-0.003339767,-0.01358795,24.09058
"2025-04-08 17:01:28.25",10403,0.0158577,-0.0004615784,-0.01119232,24.09093
"2025-04-08 17:01:28.3",10404,0.01715279,-0.0007095337,-0.0109005,24.09237
"2025-04-08 17:01:28.35",10405,0.01755524,-0.001567841,-0.01168442,24.0936
"2025-04-08 17:01:28.4",10406,0.0168438,-0.0008659363,-0.01132965,24.09167
"2025-04-08 17:01:28.45",10407,0.01687431,-0.0005187988,-0.01086235,24.09136
"2025-04-08 17:01:28.5",10408,0.01917839,-0.001110077,-0.01091576,24.07091
"2025-04-08 17:01:28.55",10409,0.01782799,-0.001214981,-0.01086235,24.09477
"2025-04-08 17:01:28.6",10410,0.01780701,-0.0002403259,-0.01161003,24.09439
"2025-04-08 17:01:28.65",10411,0.01746941,0.002738953,-0.01112938,24.06959
"2025-04-08 17:01:28.7",10412,0.01653671,-7.820129E-05,-0.01048088,24.09221
"2025-04-08 17:01:28.75",10413,0.01719093,0.001842499,-0.01129341,24.07188
"2025-04-08 17:01:28.8",10414,0.0168438,0.003316879,-0.008424759,24.07346
"2025-04-08 17:01:28.85",10415,0.01670647,-7.629395E-05,-0.008459091,24.09253
"2025-04-08 17:01:28.9",10416,0.01640892,0.003009796,-0.01548767,24.07029
"2025-04-08 17:01:28.95",10417,0.01607323,0.002641678,-0.01547432,24.07193
"2025-04-08 17:01:29",10418,0.01578522,0.002447128,-0.01587105,24.0725
"2025-04-08 17:01:29.05",10419,0.01577187,0.002305984,-0.01095581,24.07198
"2025-04-08 17:01:29.1",10420,0.01476669,0.002889633,-0.005529404,24.10567
"2025-04-08 17:01:29.15",10421,0.01482391,0.001686096,-0.001544952,24.06853
"2025-04-08 17:01:29.2",10422,0.01512909,0.004329681,0.001274109,24.06985
"2025-04-08 17:01:29.25",10423,0.01561737,0.002925873,-0.003931046,24.07196
"2025-04-08 17:01:29.3",10424,0.01541328,0.00227356,0.001438141,24.06763
"2025-04-08 17:01:29.35",10425,0.01543045,0.0020504,-0.001083374,24.06037
"2025-04-08 17:01:29.4",10426,0.01534653,0.002029419,-0.003198624,24.09167
"2025-04-08 17:01:29.45",10427,0.0187397,0.00173378,-0.0009326935,24.09385
"2025-04-08 17:01:29.5",10428,0.01815224,0.004730225,0.001928329,24.09249
"2025-04-08 17:01:29.55",10429,0.01839256,0.004417419,0.007081985,24.06764
"2025-04-08 17:01:29.6",10430,0.01872635,0.004423141,0.008359909,24.06802
"2025-04-08 17:01:29.65",10431,0.01928711,0.004512787,0.008966446,24.09367
"2025-04-08 17:01:29.7",10432,0.01903534,0.004753113,0.009544373,24.06973
"2025-04-08 17:01:29.75",10433,0.02219009,0.01159096,0.01314926,24.0755
"2025-04-08 17:01:29.8",10434,0.01893997,0.005302429,0.01121521,24.05984
"2025-04-08 17:01:29.85",10435,0.02183151,0.006223679,0.01029396,24.08997
"2025-04-08 17:01:29.9",10436,0.02193451,0.005674362,0.008634567,24.05949
"2025-04-08 17:01:29.95",10437,0.02122307,0.01014137,0.01274681,24.05609
"2025-04-08 17:01:30",10438,0.02029037,0.006380081,0.01496887,24.05544
"2025-04-08 17:01:30.05",10439,0.02138519,0.006385803,0.01836586,24.05849
"2025-04-08 17:01:30.1",10440,0.02144814,0.007221222,0.01659775,24.06716
"2025-04-08 17:01:30.15",10441,0.02132797,0.00711441,0.01623535,24.06668
"2025-04-08 17:01:30.2",10442,0.02103233,0.00636673,0.01662827,24.08708
"2025-04-08 17:01:30.25",10443,0.02400398,0.005401611,0.01485825,24.06473
"2025-04-08 17:01:30.3",10444,0.02107239,0.006551743,0.01729774,24.09092
"2025-04-08 17:01:30.35",10445,0.02129173,0.00254631,0.01704788,24.07108
"2025-04-08 17:01:30.4",10446,0.02339554,0.005401611,0.02024078,24.06609
"2025-04-08 17:01:30.45",10447,0.02117157,0.00447464,0.01984978,24.07907
"2025-04-08 17:01:30.5",10448,0.0220108,0.005187988,0.02278137,24.08732
"2025-04-08 17:01:30.55",10449,0.03075218,0.006271362,0.02175903,24.09982
"2025-04-08 17:01:30.6",10450,0.0245533,0.002510071,0.0150032,24.11553
"2025-04-08 17:01:30.65",10451,0.02554131,0.004707336,0.02070427,24.12135
"2025-04-08 17:01:30.7",10452,0.02645493,0.001731873,0.01930809,24.12226
"2025-04-08 17:01:30.75",10453,0.02611732,0.004888535,0.01491928,24.13951
"2025-04-08 17:01:30.8",10454,0.02824974,0.002588272,0.01619148,24.09033
"2025-04-08 17:01:30.85",10455,0.02520561,0.004802704,0.01565742,24.11871
"2025-04-08 17:01:30.9",10456,0.02506638,0.004570007,0.01908875,24.11909
"2025-04-08 17:01:30.95",10457,0.0257988,0.004972458,0.01299858,24.1015
"2025-04-08 17:01:31",10458,0.02578735,0.004447937,0.01590538,24.10006
"2025-04-08 17:01:31.05",10459,0.02421188,0.003978729,0.0121479,24.09885
"2025-04-08 17:01:31.1",10460,0.02441788,0.005540848,0.01496887,24.09836
"2025-04-08 17:01:31.15",10461,0.0241394,0.006473541,0.01828575,24.12167
"2025-04-08 17:01:31.2",10462,0.02429962,0.006771088,0.0146904,24.12025
"2025-04-08 17:01:31.25",10463,0.02227211,0.006429672,0.01569366,24.09525
"2025-04-08 17:01:31.3",10464,0.02601433,0.0092659,0.01525307,24.08821
"2025-04-08 17:01:31.35",10465,0.02298164,0.00951767,0.01673317,24.08897
"2025-04-08 17:01:31.4",10466,0.02657318,0.009027481,0.01772881,24.11913
"2025-04-08 17:01:31.45",10467,0.02344513,0.01148415,0.01523781,24.08806
"2025-04-08 17:01:31.5",10468,0.02301216,0.01159668,0.01522636,24.11805
"2025-04-08 17:01:31.55",10469,0.02264595,0.01080704,0.01267242,24.10521
"2025-04-08 17:01:31.6",10470,0.02397728,0.01319313,0.01391792,24.09028
"2025-04-08 17:01:31.65",10471,0.02390289,0.02344704,0.01573944,24.11858
"2025-04-08 17:01:31.7",10472,0.02337456,0.02850533,0.01567078,24.13225
"2025-04-08 17:01:31.75",10473,0.02648926,0.02840614,0.01310349,24.08665
"2025-04-08 17:01:31.8",10474,0.02706528,0.02768898,0.01273537,24.09391
"2025-04-08 17:01:31.85",10475,0.02820969,0.0283432,0.01331711,24.08588
"2025-04-08 17:01:31.9",10476,0.02635574,0.03126335,0.01212502,24.1132
"2025-04-08 17:01:31.95",10477,0.02675629,0.02794075,0.01296806,24.08557
"2025-04-08 17:01:32",10478,0.02695847,0.02795792,0.0123539,24.10776
"2025-04-08 17:01:32.05",10479,0.02759552,0.02768517,0.01469421,24.08547
"2025-04-08 17:01:32.1",10480,0.02688217,0.0314045,0.01210403,24.0839
"2025-04-08 17:01:32.15",10481,0.0267849,0.02924728,0.01138306,24.07228
"2025-04-08 17:01:32.2",10482,0.02703857,0.03380013,0.01547813,24.10706
"2025-04-08 17:01:32.25",10483,0.02762413,0.03571129,0.01643753,24.10651
"2025-04-08 17:01:32.3",10484,0.02428436,0.03414154,0.01382256,24.0826
"2025-04-08 17:01:32.35",10485,0.02653503,0.04131889,0.01228142,24.10584
"2025-04-08 17:01:32.4",10486,0.02375412,0.03765488,0.01267433,24.08618
"2025-04-08 17:01:32.45",10487,0.02613258,0.04065895,0.0131855,24.12203
"2025-04-08 17:01:32.5",10488,0.02746773,0.04092216,0.01533318,24.08607
"2025-04-08 17:01:32.55",10489,0.02639008,0.04193115,0.0133667,24.08488
"2025-04-08 17:01:32.6",10490,0.02363205,0.04116249,0.01346588,24.12155
"2025-04-08 17:01:32.65",10491,0.02433968,0.04004478,0.01907921,24.07553
"2025-04-08 17:01:32.7",10492,0.02842712,0.04068565,0.01603508,24.08448
"2025-04-08 17:01:32.75",10493,0.02830887,0.04453468,0.02244186,24.08131
"2025-04-08 17:01:32.8",10494,0.02534676,0.0443573,0.02044868,24.08133
"2025-04-08 17:01:32.85",10495,0.02813721,0.04169083,0.0244751,24.10374
"2025-04-08 17:01:32.9",10496,0.02936745,0.04140091,0.02368164,24.08382
"2025-04-08 17:01:32.95",10497,0.02981949,0.04196167,0.02751923,24.08445
"2025-04-08 17:01:33",10498,0.02859688,0.04540443,0.02298927,24.08228
"2025-04-08 17:01:33.05",10499,0.02784729,0.04191017,0.0229702,24.08104
"2025-04-08 17:01:33.1",10500,0.02615929,0.0436306,0.02519035,24.10509
"2025-04-08 17:01:33.15",10501,0.02086449,0.04101181,0.02318954,24.08639
"2025-04-08 17:01:33.2",10502,0.02177238,0.04245758,0.02495575,24.08144
"2025-04-08 17:01:33.25",10503,0.02725601,0.04193878,0.02212143,24.09011
"2025-04-08 17:01:33.3",10504,0.02785301,0.0442276,0.02585983,24.09303
"2025-04-08 17:01:33.35",10505,0.03145409,0.04300499,0.02243042,24.10503
"2025-04-08 17:01:33.4",10506,0.03129768,0.0429554,0.02207756,24.11277
"2025-04-08 17:01:33.45",10507,0.02513885,0.04413986,0.02042007,24.10136
"2025-04-08 17:01:33.5",10508,0.02797699,0.04367638,0.02185631,24.11215
"2025-04-08 17:01:33.55",10509,0.02977371,0.04364204,0.0243969,24.11784
"2025-04-08 17:01:33.6",10510,0.03308105,0.04296684,0.02774239,24.11964
"2025-04-08 17:01:33.65",10511,0.03407288,0.04416656,0.02283287,24.14079
"2025-04-08 17:01:33.7",10512,0.03367805,0.04368973,0.02028084,24.08698
"2025-04-08 17:01:33.75",10513,0.03774834,0.0428257,0.02271652,24.11792
"2025-04-08 17:01:33.8",10514,0.04227829,0.04303741,0.0191288,24.11742
"2025-04-08 17:01:33.85",10515,0.04682922,0.04104424,0.01730347,24.1194
"2025-04-08 17:01:33.9",10516,0.0451622,0.04323196,0.01833153,24.10921
"2025-04-08 17:01:33.95",10517,0.04448891,0.04474258,0.02099991,24.10931
"2025-04-08 17:01:34",10518,0.04821587,0.04964066,0.02559853,24.11633
"2025-04-08 17:01:34.05",10519,0.0457077,0.04205513,0.02571487,24.09301
"2025-04-08 17:01:34.1",10520,0.04842377,0.04338455,0.02284241,24.11054
"2025-04-08 17:01:34.15",10521,0.04756355,0.04338264,0.02351952,24.11581
"2025-04-08 17:01:34.2",10522,0.04746628,0.04123306,0.01711464,24.1065
"2025-04-08 17:01:34.25",10523,0.048069,0.04090881,0.01586723,24.10364
"2025-04-08 17:01:34.3",10524,0.04424477,0.0415535,0.01669502,24.1367
"2025-04-08 17:01:34.35",10525,0.04743195,0.04178238,0.01418495,24.10906
"2025-04-08 17:01:34.4",10526,0.04555511,0.04218292,0.01688004,24.1043
"2025-04-08 17:01:34.45",10527,0.04995728,0.04580307,0.01968765,24.11919
"2025-04-08 17:01:34.5",10528,0.05113602,0.03991508,0.01728249,24.10591
"2025-04-08 17:01:34.55",10529,0.05235291,0.04281425,0.01635933,24.10508
"2025-04-08 17:01:34.6",10530,0.05072784,0.04291916,0.01655388,24.11272
"2025-04-08 17:01:34.65",10531,0.05875015,0.04533958,0.01976585,24.10976
"2025-04-08 17:01:34.7",10532,0.057024,0.03875351,0.01837921,24.11196
"2025-04-08 17:01:34.75",10533,0.05967522,0.04187775,0.01913452,24.1325
"2025-04-08 17:01:34.8",10534,0.05491257,0.04695892,0.01473999,24.10555
"2025-04-08 17:01:34.85",10535,0.05518913,0.0479908,0.01119804,24.09237
"2025-04-08 17:01:34.9",10536,0.05225754,0.04819298,0.01465988,24.10148
"2025-04-08 17:01:34.95",10537,0.05331039,0.05054855,0.0131073,24.09262
"2025-04-08 17:01:35",10538,0.05334091,0.05110931,0.0134449,24.09815
"2025-04-08 17:01:35.05",10539,0.05653763,0.05306244,0.01577187,24.09029
"2025-04-08 17:01:35.1",10540,0.05838394,0.05424309,0.01951599,24.08998
"2025-04-08 17:01:35.15",10541,0.05448151,0.05406952,0.01684952,24.09992
"2025-04-08 17:01:35.2",10542,0.05867767,0.05685997,0.01668358,24.09464
"2025-04-08 17:01:35.25",10543,0.05755234,0.05559921,0.01641083,24.06906
"2025-04-08 17:01:35.3",10544,0.05643082,0.05475044,0.01531982,24.11993
"2025-04-08 17:01:35.35",10545,0.06142235,0.05429649,0.01149368,24.09187
"2025-04-08 17:01:35.4",10546,0.06156349,0.05805016,0.01922035,24.10238
"2025-04-08 17:01:35.45",10547,0.05721855,0.05592918,0.01597214,24.09153
"2025-04-08 17:01:35.5",10548,0.05738449,0.05653763,0.01397324,24.09796
"2025-04-08 17:01:35.55",10549,0.05631256,0.05550194,0.01498413,24.09017
"2025-04-08 17:01:35.6",10550,0.06065178,0.05492783,0.0180912,24.09883
"2025-04-08 17:01:35.65",10551,0.06116104,0.05906105,0.0218277,24.09794
"2025-04-08 17:01:35.7",10552,0.05773926,0.05520821,0.01823044,24.11862
"2025-04-08 17:01:35.75",10553,0.05631256,0.05456161,0.02077293,24.11945
"2025-04-08 17:01:35.8",10554,0.057621,0.05300713,0.02413368,24.06783
"2025-04-08 17:01:35.85",10555,0.05722237,0.05380058,0.02627754,24.08906
"2025-04-08 17:01:35.9",10556,0.06035805,0.0602169,0.02841568,24.09608
"2025-04-08 17:01:35.95",10557,0.05489922,0.05349159,0.02905846,24.07273
"2025-04-08 17:01:36",10558,0.05532646,0.05349159,0.03040504,24.09574
"2025-04-08 17:01:36.05",10559,0.0573597,0.0538063,0.02657318,24.09192
"2025-04-08 17:01:36.1",10560,0.05540276,0.0551796,0.02919769,24.06754
"2025-04-08 17:01:36.15",10561,0.05652618,0.05391312,0.02677345,24.08813
"2025-04-08 17:01:36.2",10562,0.05799294,0.05711746,0.02744102,24.09319
"2025-04-08 17:01:36.25",10563,0.06628227,0.06040192,0.02580833,24.09959
"2025-04-08 17:01:36.3",10564,0.06010056,0.05835342,0.02664185,24.09602
"2025-04-08 17:01:36.35",10565,0.05809975,0.0566597,0.02726173,24.09457
"2025-04-08 17:01:36.4",10566,0.05767441,0.05332565,0.03310776,24.06849
"2025-04-08 17:01:36.45",10567,0.05912209,0.05578995,0.03030396,24.12191
"2025-04-08 17:01:36.5",10568,0.06166458,0.05579567,0.03195381,24.10472
"2025-04-08 17:01:36.55",10569,0.05924606,0.05420685,0.02741241,24.09867
"2025-04-08 17:01:36.6",10570,0.05930138,0.0525589,0.02671242,24.11796
"2025-04-08 17:01:36.65",10571,0.05702972,0.05083466,0.02427292,24.11705
"2025-04-08 17:01:36.7",10572,0.05667686,0.04981422,0.02640533,24.12164
"2025-04-08 17:01:36.75",10573,0.0573082,0.04899025,0.02991486,24.15552
"2025-04-08 17:01:36.8",10574,0.05565834,0.04945374,0.02882004,24.12686
"2025-04-08 17:01:36.85",10575,0.0567894,0.04849052,0.02900505,24.12383
"2025-04-08 17:01:36.9",10576,0.06177711,0.04913521,0.03162956,24.13257
"2025-04-08 17:01:36.95",10577,0.05931664,0.04723358,0.02542305,24.13183
"2025-04-08 17:01:37",10578,0.0578537,0.04804039,0.0241394,24.10363
"2025-04-08 17:01:37.05",10579,0.05849266,0.04838753,0.02625656,24.13039
"2025-04-08 17:01:37.1",10580,0.05922318,0.04786491,0.02252579,24.12323
"2025-04-08 17:01:37.15",10581,0.06368065,0.04473686,0.02211189,24.12581
"2025-04-08 17:01:37.2",10582,0.05997658,0.04816628,0.02124023,24.13316
"2025-04-08 17:01:37.25",10583,0.06017113,0.04893112,0.02428436,24.13049
"2025-04-08 17:01:37.3",10584,0.0611515,0.04847717,0.0256958,24.10075
"2025-04-08 17:01:37.35",10585,0.06056976,0.04853821,0.03064728,24.12868
"2025-04-08 17:01:37.4",10586,0.06279182,0.04805374,0.02230263,24.12914
"2025-04-08 17:01:37.45",10587,0.06406975,0.04859543,0.01961708,24.12049
"2025-04-08 17:01:37.5",10588,0.07070732,0.05366516,0.02646637,24.15656
"2025-04-08 17:01:37.55",10589,0.06889153,0.04928589,0.02280998,24.13426
"2025-04-08 17:01:37.6",10590,0.07150269,0.0498085,0.02338982,24.11929
"2025-04-08 17:01:37.65",10591,0.07602119,0.05066299,0.02622223,24.13672
"2025-04-08 17:01:37.7",10592,0.07624054,0.04781151,0.01676559,24.12684
"2025-04-08 17:01:37.75",10593,0.07749176,0.04746056,0.01790047,24.12486
"2025-04-08 17:01:37.8",10594,0.08049011,0.05058289,0.02275467,24.13542
"2025-04-08 17:01:37.85",10595,0.07993698,0.05076599,0.02289963,24.12605
"2025-04-08 17:01:37.9",10596,0.07813263,0.04800797,0.02025604,24.14678
"2025-04-08 17:01:37.95",10597,0.07687759,0.04874039,0.02036285,24.11365
"2025-04-08 17:01:38",10598,0.08530426,0.05096436,0.0230484,24.14886
"2025-04-08 17:01:38.05",10599,0.07894325,0.04752922,0.0226078,24.10978
"2025-04-08 17:01:38.1",10600,0.07745171,0.04876328,0.01922607,24.11581
"2025-04-08 17:01:38.15",10601,0.07907867,0.05100632,0.02234459,24.10544
"2025-04-08 17:01:38.2",10602,0.07893944,0.05308151,0.02269745,24.07902
"2025-04-08 17:01:38.25",10603,0.07916641,0.05667496,0.0215416,24.07996
"2025-04-08 17:01:38.3",10604,0.07984924,0.05648804,0.02361298,24.10429
"2025-04-08 17:01:38.35",10605,0.07868767,0.06175804,0.02136421,24.1035
"2025-04-08 17:01:38.4",10606,0.07731819,0.06039047,0.02314949,24.10481
"2025-04-08 17:01:38.45",10607,0.08460617,0.06693649,0.02269173,24.09846
"2025-04-08 17:01:38.5",10608,0.07873535,0.06291962,0.02231789,24.11373
"2025-04-08 17:01:38.55",10609,0.08176231,0.06381416,0.01979256,24.11375
"2025-04-08 17:01:38.6",10610,0.07695961,0.06232452,0.01770592,24.06219
"2025-04-08 17:01:38.65",10611,0.07952309,0.06450272,0.01847458,24.09269
"2025-04-08 17:01:38.7",10612,0.08207703,0.06373024,0.02073288,24.0953
"2025-04-08 17:01:38.75",10613,0.0865612,0.06733894,0.02301025,24.10249
"2025-04-08 17:01:38.8",10614,0.08346176,0.06414413,0.02252579,24.10144
"2025-04-08 17:01:38.85",10615,0.08682251,0.06739998,0.02554131,24.10628
"2025-04-08 17:01:38.9",10616,0.08122826,0.06324387,0.02201843,24.10958
"2025-04-08 17:01:38.95",10617,0.08187485,0.06650734,0.03084755,24.10934
"2025-04-08 17:01:39",10618,0.07994843,0.06401062,0.03154945,24.09856
"2025-04-08 17:01:39.05",10619,0.07625198,0.06401634,0.03314781,24.09586
"2025-04-08 17:01:39.1",10620,0.07933617,0.06208229,0.03851509,24.1064
"2025-04-08 17:01:39.15",10621,0.0800209,0.05861473,0.02806473,24.10052
"2025-04-08 17:01:39.2",10622,0.08126259,0.06240654,0.03165245,24.10725
"2025-04-08 17:01:39.25",10623,0.08164597,0.06187439,0.03439903,24.08437
"2025-04-08 17:01:39.3",10624,0.08083534,0.0646286,0.03656578,24.10677
"2025-04-08 17:01:39.35",10625,0.08165741,0.06359673,0.03753281,24.08603
"2025-04-08 17:01:39.4",10626,0.07774734,0.06091499,0.03740501,24.09868
"2025-04-08 17:01:39.45",10627,0.07692909,0.06301117,0.03654289,24.09663
"2025-04-08 17:01:39.5",10628,0.07728386,0.06429482,0.03784561,24.09718
"2025-04-08 17:01:39.55",10629,0.07787704,0.06520081,0.03732491,24.07738
"2025-04-08 17:01:39.6",10630,0.07814026,0.06249046,0.03483963,24.10155
"2025-04-08 17:01:39.65",10631,0.08197784,0.06627083,0.03383064,24.10718
"2025-04-08 17:01:39.7",10632,0.07585907,0.06110382,0.03080177,24.10725
"2025-04-08 17:01:39.75",10633,0.07653618,0.06108475,0.0328064,24.09573
"2025-04-08 17:01:39.8",10634,0.08296585,0.06111526,0.0329895,24.12791
"2025-04-08 17:01:39.85",10635,0.08270264,0.05807304,0.03459549,24.11155
"2025-04-08 17:01:39.9",10636,0.07678795,0.05774307,0.03314209,24.10979
"2025-04-08 17:01:39.95",10637,0.08138466,0.05667496,0.03629303,24.11472
"2025-04-08 17:01:40",10638,0.08770561,0.05832863,0.03429222,24.12206
"2025-04-08 17:01:40.05",10639,0.08073616,0.05499649,0.03190231,24.13483
"2025-04-08 17:01:40.1",10640,0.0807476,0.05538559,0.03056335,24.10936
"2025-04-08 17:01:40.15",10641,0.08116531,0.05501366,0.03211594,24.11139
"2025-04-08 17:01:40.2",10642,0.08166313,0.05510139,0.03107452,24.11145
"2025-04-08 17:01:40.25",10643,0.07848549,0.05193901,0.02606583,24.11111
"2025-04-08 17:01:40.3",10644,0.0808239,0.05465317,0.03314781,24.13051
"2025-04-08 17:01:40.35",10645,0.0820713,0.05175209,0.03249931,24.12903
"2025-04-08 17:01:40.4",10646,0.08778572,0.05372238,0.0304985,24.13009
"2025-04-08 17:01:40.45",10647,0.08847809,0.05452538,0.02623749,24.10774
"2025-04-08 17:01:40.5",10648,0.09348488,0.05439949,0.0225029,24.1062
"2025-04-08 17:01:40.55",10649,0.09335136,0.05382729,0.02292824,24.12819
"2025-04-08 17:01:40.6",10650,0.09648132,0.05435371,0.02851868,24.08537
"2025-04-08 17:01:40.65",10651,0.09757042,0.05433464,0.02623749,24.08532
"2025-04-08 17:01:40.7",10652,0.09902191,0.05493927,0.02919388,24.12862
"2025-04-08 17:01:40.75",10653,0.09934998,0.05392265,0.03217697,24.13291
"2025-04-08 17:01:40.8",10654,0.09770966,0.05367279,0.02453423,24.1274
"2025-04-08 17:01:40.85",10655,0.09426308,0.05309486,0.0252285,24.10776
"2025-04-08 17:01:40.9",10656,0.09837341,0.05798912,0.02435875,24.10065
"2025-04-08 17:01:40.95",10657,0.09550858,0.05595207,0.02602196,24.09695
"2025-04-08 17:01:41",10658,0.09453773,0.06055832,0.02653885,24.11716
"2025-04-08 17:01:41.05",10659,0.09660149,0.06373405,0.02833366,24.07038
"2025-04-08 17:01:41.1",10660,0.09436226,0.06783104,0.02545166,24.06693
"2025-04-08 17:01:41.15",10661,0.09746361,0.07001305,0.02859497,24.06515
"2025-04-08 17:01:41.2",10662,0.0946312,0.07100296,0.02665138,24.08784
"2025-04-08 17:01:41.25",10663,0.09534073,0.07274055,0.02759743,24.09082
"2025-04-08 17:01:41.3",10664,0.09250259,0.07364845,0.02833939,24.08797
"2025-04-08 17:01:41.35",10665,0.0909214,0.07151413,0.02580452,24.06532
"2025-04-08 17:01:41.4",10666,0.09078979,0.07423019,0.02414322,24.09
"2025-04-08 17:01:41.45",10667,0.09545708,0.07674408,0.02461433,24.09918
"2025-04-08 17:01:41.5",10668,0.09221268,0.07471657,0.02418518,24.11217
"2025-04-08 17:01:41.55",10669,0.09119225,0.07367325,0.02842712,24.08851
"2025-04-08 17:01:41.6",10670,0.09235954,0.07076073,0.02521133,24.06635
"2025-04-08 17:01:41.65",10671,0.09412384,0.07306862,0.02244568,24.06818
"2025-04-08 17:01:41.7",10672,0.09228706,0.07351112,0.02912521,24.08936
"2025-04-08 17:01:41.75",10673,0.09301758,0.07450485,0.02510071,24.08719
"2025-04-08 17:01:41.8",10674,0.09070396,0.07663536,0.03530502,24.08427
"2025-04-08 17:01:41.85",10675,0.09469223,0.07502365,0.03962517,24.11462
"2025-04-08 17:01:41.9",10676,0.0928154,0.07588196,0.04197884,24.1152
"2025-04-08 17:01:41.95",10677,0.0891571,0.07195854,0.0391407,24.06245
"2025-04-08 17:01:42",10678,0.08635902,0.06920242,0.0374527,24.08707
"2025-04-08 17:01:42.05",10679,0.08421707,0.07139778,0.04003906,24.06374
"2025-04-08 17:01:42.1",10680,0.08312225,0.07187462,0.04142952,24.06357
"2025-04-08 17:01:42.15",10681,0.08624458,0.07592773,0.03953743,24.09037
"2025-04-08 17:01:42.2",10682,0.08625603,0.07239151,0.03945351,24.09055
"2025-04-08 17:01:42.25",10683,0.08700943,0.0700531,0.042799,24.08516
"2025-04-08 17:01:42.3",10684,0.0857563,0.07142448,0.04047012,24.06315
"2025-04-08 17:01:42.35",10685,0.08420944,0.0711174,0.03868675,24.08601
"2025-04-08 17:01:42.4",10686,0.08442688,0.06949234,0.03603363,24.11317
"2025-04-08 17:01:42.45",10687,0.08489227,0.06733322,0.03490067,24.09995
"2025-04-08 17:01:42.5",10688,0.08569527,0.06979942,0.03483963,24.08455
"2025-04-08 17:01:42.55",10689,0.08478165,0.06799316,0.03390312,24.08163
"2025-04-08 17:01:42.6",10690,0.08729935,0.06618309,0.03758621,24.11269
"2025-04-08 17:01:42.65",10691,0.08756256,0.06597137,0.04022217,24.09383
"2025-04-08 17:01:42.7",10692,0.08285904,0.06464767,0.03569031,24.09879
"2025-04-08 17:01:42.75",10693,0.08182526,0.06204987,0.03400612,24.12505
"2025-04-08 17:01:42.8",10694,0.08172607,0.06404686,0.03457642,24.09315
"2025-04-08 17:01:42.85",10695,0.08170319,0.06674194,0.03699112,24.12208
"2025-04-08 17:01:42.9",10696,0.08628654,0.06602097,0.03866959,24.0966
"2025-04-08 17:01:42.95",10697,0.08503723,0.06025696,0.03796005,24.1188
"2025-04-08 17:01:43",10698,0.08613014,0.06369209,0.03913879,24.09576
"2025-04-08 17:01:43.05",10699,0.08640671,0.06086349,0.03652573,24.09304
"2025-04-08 17:01:43.1",10700,0.08519745,0.06277084,0.0329628,24.09595
"2025-04-08 17:01:43.15",10701,0.08355713,0.06023979,0.03358269,24.09666
"2025-04-08 17:01:43.2",10702,0.08431625,0.06382561,0.03210449,24.09613
"2025-04-08 17:01:43.25",10703,0.08251381,0.06375694,0.03476334,24.09928
"2025-04-08 17:01:43.3",10704,0.08139038,0.06045151,0.03424835,24.09394
"2025-04-08 17:01:43.35",10705,0.0841198,0.06088066,0.03352165,24.10719
"2025-04-08 17:01:43.4",10706,0.08755493,0.0620842,0.0311203,24.10788
"2025-04-08 17:01:43.45",10707,0.08832741,0.06145096,0.03121948,24.07597
"2025-04-08 17:01:43.5",10708,0.09163857,0.05992699,0.03108597,24.10696
"2025-04-08 17:01:43.55",10709,0.09614563,0.05843163,0.02975082,24.1104
"2025-04-08 17:01:43.6",10710,0.09593773,0.06031609,0.02873421,24.10851
"2025-04-08 17:01:43.65",10711,0.09513283,0.05906677,0.02911377,24.07325
"2025-04-08 17:01:43.7",10712,0.09673882,0.05900383,0.03119469,24.09214
"2025-04-08 17:01:43.75",10713,0.09874344,0.05853653,0.03014183,24.08466
"2025-04-08 17:01:43.8",10714,0.09931564,0.05957413,0.03286934,24.08464
"2025-04-08 17:01:43.85",10715,0.103159,0.06094742,0.03511238,24.08369
"2025-04-08 17:01:43.9",10716,0.1021271,0.05908394,0.03356552,24.08031
"2025-04-08 17:01:43.95",10717,0.1024837,0.0592556,0.03216362,24.08031
"2025-04-08 17:01:44",10718,0.1005859,0.0581913,0.0309639,24.08861
"2025-04-08 17:01:44.05",10719,0.1037502,0.05712509,0.03503609,24.09246
"2025-04-08 17:01:44.1",10720,0.09813881,0.05664253,0.02235031,24.08643
"2025-04-08 17:01:44.15",10721,0.1015739,0.05717468,0.0283165,24.1072
"2025-04-08 17:01:44.2",10722,0.1037807,0.05988693,0.0286808,24.08265
"2025-04-08 17:01:44.25",10723,0.1021862,0.06393623,0.03130531,24.07901
"2025-04-08 17:01:44.3",10724,0.1022987,0.06493568,0.03238869,24.07892
"2025-04-08 17:01:44.35",10725,0.1012592,0.06803131,0.0275631,24.07719
"2025-04-08 17:01:44.4",10726,0.1041889,0.06957245,0.02531815,24.0994
"2025-04-08 17:01:44.45",10727,0.09733391,0.07501602,0.02787018,24.06535
"2025-04-08 17:01:44.5",10728,0.09905434,0.07696152,0.02622604,24.07281
"2025-04-08 17:01:44.55",10729,0.0963459,0.07823944,0.02834511,24.07275
"2025-04-08 17:01:44.6",10730,0.09656334,0.07246399,0.02847862,24.07455
"2025-04-08 17:01:44.65",10731,0.09857368,0.0691433,0.02829552,24.0438
"2025-04-08 17:01:44.7",10732,0.0972805,0.07509995,0.02856636,24.07236
"2025-04-08 17:01:44.75",10733,0.09819031,0.0740509,0.02893639,24.06474
"2025-04-08 17:01:44.8",10734,0.09883881,0.07448578,0.0277977,24.0975
"2025-04-08 17:01:44.85",10735,0.09941673,0.07398796,0.02823448,24.07198
"2025-04-08 17:01:44.9",10736,0.09956932,0.07384491,0.02860832,24.07346
"2025-04-08 17:01:44.95",10737,0.09793091,0.0728569,0.02908707,24.04295
"2025-04-08 17:01:45",10738,0.101038,0.07281113,0.03275108,24.07534
"2025-04-08 17:01:45.05",10739,0.1008873,0.07269287,0.03426552,24.07174
"2025-04-08 17:01:45.1",10740,0.1033325,0.07206917,0.0348568,24.07166
"2025-04-08 17:01:45.15",10741,0.09118652,0.0692215,0.03366661,24.06943
"2025-04-08 17:01:45.2",10742,0.09534645,0.07522964,0.03792381,24.07792
"2025-04-08 17:01:45.25",10743,0.08992958,0.06864929,0.04094505,24.07146
"2025-04-08 17:01:45.3",10744,0.08730507,0.0675621,0.03925705,24.07051
"2025-04-08 17:01:45.35",10745,0.09035492,0.06937027,0.03924179,24.06208
"2025-04-08 17:01:45.4",10746,0.09195518,0.06752205,0.03823471,24.0617
"2025-04-08 17:01:45.45",10747,0.0868454,0.06972885,0.03998756,24.08863
"2025-04-08 17:01:45.5",10748,0.08839989,0.0695343,0.04402733,24.07415
"2025-04-08 17:01:45.55",10749,0.08813477,0.06611633,0.04112244,24.06394
"2025-04-08 17:01:45.6",10750,0.09341431,0.06621933,0.04005432,24.09435
"2025-04-08 17:01:45.65",10751,0.09273911,0.06511116,0.03880692,24.0943
"2025-04-08 17:01:45.7",10752,0.09079361,0.06166267,0.0400238,24.06882
"2025-04-08 17:01:45.75",10753,0.089571,0.06101036,0.03945351,24.0647
"2025-04-08 17:01:45.8",10754,0.08799171,0.06024551,0.03893852,24.06466
"2025-04-08 17:01:45.85",10755,0.08636665,0.06023788,0.03863907,24.06228
"2025-04-08 17:01:45.9",10756,0.08703995,0.0606823,0.04158783,24.07874
"2025-04-08 17:01:45.95",10757,0.08983421,0.05955696,0.04536629,24.07833
"2025-04-08 17:01:46",10758,0.08588028,0.05629158,0.04010582,24.0631
"2025-04-08 17:01:46.05",10759,0.08922386,0.05944061,0.03788757,24.09116
"2025-04-08 17:01:46.1",10760,0.08717155,0.0599308,0.03929138,24.06744
"2025-04-08 17:01:46.15",10761,0.08588028,0.05694962,0.03654861,24.0599
"2025-04-08 17:01:46.2",10762,0.0908165,0.05875587,0.03501701,24.06843
"2025-04-08 17:01:46.25",10763,0.08914185,0.05761337,0.03583908,24.06696
"2025-04-08 17:01:46.3",10764,0.08646011,0.05827332,0.03756142,24.05859
"2025-04-08 17:01:46.35",10765,0.08477402,0.0573597,0.04034615,24.09006
"2025-04-08 17:01:46.4",10766,0.08820343,0.0566864,0.04241371,24.07613
"2025-04-08 17:01:46.45",10767,0.09030342,0.05685616,0.03478813,24.06897
"2025-04-08 17:01:46.5",10768,0.08884621,0.05807686,0.03866577,24.06519
"2025-04-08 17:01:46.55",10769,0.09473228,0.0563736,0.0341301,24.05762
"2025-04-08 17:01:46.6",10770,0.09622192,0.05497932,0.02869797,24.06605
"2025-04-08 17:01:46.65",10771,0.09906006,0.05286217,0.03133392,24.03542
"2025-04-08 17:01:46.7",10772,0.1053944,0.05565834,0.03427505,24.06546
"2025-04-08 17:01:46.75",10773,0.1042976,0.05465889,0.03291702,24.06168
"2025-04-08 17:01:46.8",10774,0.1067066,0.05550385,0.03431892,24.05331
"2025-04-08 17:01:46.85",10775,0.1047363,0.05524254,0.02874756,24.05103
"2025-04-08 17:01:46.9",10776,0.1043873,0.05247116,0.02880287,24.04358
"2025-04-08 17:01:46.95",10777,0.1028194,0.05166054,0.02903557,24.04449
"2025-04-08 17:01:47",10778,0.103075,0.0540638,0.03276634,24.07416
"2025-04-08 17:01:47.05",10779,0.107275,0.05593491,0.03440857,24.04813
"2025-04-08 17:01:47.1",10780,0.1039734,0.0592556,0.03159523,24.07185
"2025-04-08 17:01:47.15",10781,0.1054611,0.05866432,0.02684784,24.0957
"2025-04-08 17:01:47.2",10782,0.1036835,0.06362534,0.03017235,24.05417
"2025-04-08 17:01:47.25",10783,0.09969711,0.06741524,0.0281601,24.07612
"2025-04-08 17:01:47.3",10784,0.1012211,0.06902504,0.03155136,24.07773
"2025-04-08 17:01:47.35",10785,0.09932709,0.0723629,0.03314018,24.05448
"2025-04-08 17:01:47.4",10786,0.1027565,0.06964874,0.03107643,24.07666
"2025-04-08 17:01:47.45",10787,0.104372,0.07095718,0.02823448,24.04791
"2025-04-08 17:01:47.5",10788,0.1011162,0.07321739,0.02681351,24.05293
"2025-04-08 17:01:47.55",10789,0.09937286,0.06944847,0.02722359,24.07577
"2025-04-08 17:01:47.6",10790,0.09961319,0.07011414,0.02757835,24.08436
"2025-04-08 17:01:47.65",10791,0.09917259,0.07018661,0.02709389,24.05132
"2025-04-08 17:01:47.7",10792,0.09822273,0.07040596,0.02824783,24.04887
"2025-04-08 17:01:47.75",10793,0.1001205,0.06896973,0.02858925,24.07069
"2025-04-08 17:01:47.8",10794,0.1027813,0.06842041,0.02731514,24.04867
"2025-04-08 17:01:47.85",10795,0.1056519,0.0734272,0.03028107,24.07616
"2025-04-08 17:01:47.9",10796,0.09858131,0.06881905,0.02905273,24.04517
"2025-04-08 17:01:47.95",10797,0.0979538,0.06713867,0.02917099,24.04795
"2025-04-08 17:01:48",10798,0.09657478,0.06645584,0.03063965,24.06973
"2025-04-08 17:01:48.05",10799,0.0961628,0.06457329,0.02900314,24.04722
"2025-04-08 17:01:48.1",10800,0.09349251,0.06595802,0.03203583,24.0676
"2025-04-08 17:01:48.15",10801,0.09309196,0.0659523,0.0317173,24.0703
"2025-04-08 17:01:48.2",10802,0.09378815,0.06604958,0.02978516,24.04916
"2025-04-08 17:01:48.25",10803,0.09194565,0.06676865,0.02616692,24.04948
"2025-04-08 17:01:48.3",10804,0.0892868,0.06709099,0.0240097,24.04358
"2025-04-08 17:01:48.35",10805,0.09244347,0.06566238,0.02748299,24.10007
"2025-04-08 17:01:48.4",10806,0.09236336,0.06479836,0.02437973,24.06003
"2025-04-08 17:01:48.45",10807,0.09545326,0.06515503,0.02653122,24.061
"2025-04-08 17:01:48.5",10808,0.09143066,0.06020737,0.02313995,24.05775
"2025-04-08 17:01:48.55",10809,0.09191895,0.06201172,0.02579117,24.05448
"2025-04-08 17:01:48.6",10810,0.0944767,0.06398582,0.03054619,24.06205
"2025-04-08 17:01:48.65",10811,0.08838272,0.05992699,0.02723312,24.04464
"2025-04-08 17:01:48.7",10812,0.09134674,0.05500793,0.02303314,24.03407
"2025-04-08 17:01:48.75",10813,0.09006882,0.05749321,0.02308464,24.04031
"2025-04-08 17:01:48.8",10814,0.08867264,0.05364227,0.02291679,24.04092
"2025-04-08 17:01:48.85",10815,0.08953094,0.05644608,0.02953529,24.03811
"2025-04-08 17:01:48.9",10816,0.08786774,0.05551529,0.02855301,24.03803
"2025-04-08 17:01:48.95",10817,0.08762741,0.05244827,0.03081894,24.04167
"2025-04-08 17:01:49",10818,0.08793068,0.05297279,0.03079033,24.03188
"2025-04-08 17:01:49.05",10819,0.08694077,0.05268478,0.02779198,24.03091
"2025-04-08 17:01:49.1",10820,0.08621979,0.05579567,0.02527428,24.06257
"2025-04-08 17:01:49.15",10821,0.08587265,0.05614471,0.02141762,24.04004
"2025-04-08 17:01:49.2",10822,0.08697319,0.05368233,0.01254082,24.0304
"2025-04-08 17:01:49.25",10823,0.0857563,0.05653191,0.01714706,24.03542
"2025-04-08 17:01:49.3",10824,0.09675407,0.06018257,0.02446175,24.03619
"2025-04-08 17:01:49.35",10825,0.09772682,0.05608559,0.0227375,24.03773
"2025-04-08 17:01:49.4",10826,0.1006413,0.05912209,0.02454185,24.02822
"2025-04-08 17:01:49.45",10827,0.1060543,0.0596962,0.02394867,24.02752
"2025-04-08 17:01:49.5",10828,0.1057186,0.06018448,0.02150917,24.03664
"2025-04-08 17:01:49.55",10829,0.1068115,0.06559563,0.02384758,24.04369
"2025-04-08 17:01:49.6",10830,0.09900856,0.06410408,0.02178383,24.02777
"2025-04-08 17:01:49.65",10831,0.1008263,0.06387138,0.02303505,24.03341
"2025-04-08 17:01:49.7",10832,0.1045609,0.05864334,0.01916695,24.03542
"2025-04-08 17:01:49.75",10833,0.09817314,0.05105209,0.0211525,24.02995
"2025-04-08 17:01:49.8",10834,0.106205,0.05798721,0.0177269,24.0382
"2025-04-08 17:01:49.85",10835,0.1026516,0.05475426,0.02111626,24.03196
"2025-04-08 17:01:49.9",10836,0.102993,0.05402946,0.02123642,24.02543
"2025-04-08 17:01:49.95",10837,0.100853,0.05486298,0.02103996,24.02769
"2025-04-08 17:01:50",10838,0.1050587,0.05467796,0.02199554,24.02688
"2025-04-08 17:01:50.05",10839,0.1043606,0.05664253,0.02373314,24.02391
"2025-04-08 17:01:50.1",10840,0.1104031,0.06233025,0.02633476,24.03196
"2025-04-08 17:01:50.15",10841,0.1079464,0.05547142,0.02341843,24.04059
"2025-04-08 17:01:50.2",10842,0.1064873,0.05683899,0.02283669,24.03194
"2025-04-08 17:01:50.25",10843,0.1004295,0.06301498,0.02324486,24.03645
"2025-04-08 17:01:50.3",10844,0.09297752,0.05810547,0.0184803,24.03223
"2025-04-08 17:01:50.35",10845,0.09984207,0.05870819,0.01908493,24.00284
"2025-04-08 17:01:50.4",10846,0.09748459,0.05924988,0.01653099,24.03186
"2025-04-08 17:01:50.45",10847,0.09645844,0.05857468,0.01750565,24.05173
"2025-04-08 17:01:50.5",10848,0.09877586,0.05753517,0.02002335,24.02375
"2025-04-08 17:01:50.55",10849,0.09762383,0.05755997,0.02305031,24.03285
"2025-04-08 17:01:50.6",10850,0.1003551,0.05590057,0.02316284,24.03217
"2025-04-08 17:01:50.65",10851,0.09959793,0.05631256,0.02206612,24.03172
"2025-04-08 17:01:50.7",10852,0.09997177,0.06043434,0.02076721,24.03925
"2025-04-08 17:01:50.75",10853,0.09649086,0.05730057,0.01883888,24.02987
"2025-04-08 17:01:50.8",10854,0.09718323,0.05772209,0.02024078,24.02848
"2025-04-08 17:01:50.85",10855,0.09254456,0.0568676,0.01948166,23.99887
"2025-04-08 17:01:50.9",10856,0.09830666,0.06048393,0.02179909,24.02921
"2025-04-08 17:01:50.95",10857,0.09324837,0.05774307,0.01846886,24.00034
"2025-04-08 17:01:51",10858,0.09888268,0.06152534,0.02130318,24.03584
"2025-04-08 17:01:51.05",10859,0.09733391,0.05868721,0.02098274,24.01804
"2025-04-08 17:01:51.1",10860,0.09220695,0.05532074,0.01706123,24.02888
"2025-04-08 17:01:51.15",10861,0.09290123,0.05621338,0.01625443,24.02284
"2025-04-08 17:01:51.2",10862,0.08705711,0.05590439,0.01954842,24.02072
"2025-04-08 17:01:51.25",10863,0.0872364,0.058424,0.01989555,24.02957
"2025-04-08 17:01:51.3",10864,0.08831406,0.05819511,0.01722908,24.04144
"2025-04-08 17:01:51.35",10865,0.08772278,0.05324554,0.01359367,24.02541
"2025-04-08 17:01:51.4",10866,0.09417534,0.05555344,0.01820374,24.02749
"2025-04-08 17:01:51.45",10867,0.08716393,0.05149269,0.01798439,24.01965
"2025-04-08 17:01:51.5",10868,0.08893967,0.04922676,0.01593399,24.02066
"2025-04-08 17:01:51.55",10869,0.0924015,0.04849625,0.01438332,24.02644
"2025-04-08 17:01:51.6",10870,0.08983803,0.05165482,0.01616859,24.01823
"2025-04-08 17:01:51.65",10871,0.08711052,0.05136681,0.01855469,24.02418
"2025-04-08 17:01:51.7",10872,0.08887482,0.04773521,0.02020836,24.01653
"2025-04-08 17:01:51.75",10873,0.0856781,0.05143356,0.02233124,24.02319
"2025-04-08 17:01:51.8",10874,0.09000587,0.05203056,0.01880074,24.02599
"2025-04-08 17:01:51.85",10875,0.09063339,0.05365562,0.01749992,24.02382
"2025-04-08 17:01:51.9",10876,0.08654022,0.05280495,0.01358414,24.02706
"2025-04-08 17:01:51.95",10877,0.08388138,0.04986191,0.01622391,24.01921
"2025-04-08 17:01:52",10878,0.08884621,0.05138206,0.01150513,24.01905
"2025-04-08 17:01:52.05",10879,0.08526993,0.05422401,0.01759338,24.0237
"2025-04-08 17:01:52.1",10880,0.08241844,0.05383301,0.01916313,24.02476
"2025-04-08 17:01:52.15",10881,0.08846664,0.05323601,0.01643372,24.0276
"2025-04-08 17:01:52.2",10882,0.08782959,0.05344963,0.01493454,24.02586
"2025-04-08 17:01:52.25",10883,0.08692932,0.05379868,0.01573372,24.02328
"2025-04-08 17:01:52.3",10884,0.09254265,0.05382347,0.01721954,24.02341
"2025-04-08 17:01:52.35",10885,0.08796501,0.05154419,0.01775169,24.01768
"2025-04-08 17:01:52.4",10886,0.08658981,0.05226326,0.01466179,24.02431
"2025-04-08 17:01:52.45",10887,0.08710289,0.05300903,0.01851654,24.01319
"2025-04-08 17:01:52.5",10888,0.08436584,0.05119324,0.01355743,24.0171
"2025-04-08 17:01:52.55",10889,0.08909035,0.05110359,0.01233101,24.01708
"2025-04-08 17:01:52.6",10890,0.0860424,0.04921532,0.01572227,24.01819
"2025-04-08 17:01:52.65",10891,0.08818817,0.05225754,0.01628494,24.01512
"2025-04-08 17:01:52.7",10892,0.08559608,0.05110168,0.01945877,24.01729
"2025-04-08 17:01:52.75",10893,0.08623314,0.0510006,0.0176506,23.99087
"2025-04-08 17:01:52.8",10894,0.08777428,0.0509243,0.01441956,24.02225
"2025-04-08 17:01:52.85",10895,0.08341217,0.0510788,0.0131855,24.01434
"2025-04-08 17:01:52.9",10896,0.08807564,0.05035019,0.01459503,24.01824
"2025-04-08 17:01:52.95",10897,0.0899353,0.05038071,0.01629639,23.99829
"2025-04-08 17:01:53",10898,0.09107971,0.05021095,0.01725197,24.02095
"2025-04-08 17:01:53.05",10899,0.08974457,0.05039215,0.01546097,24.01598
"2025-04-08 17:01:53.1",10900,0.08649445,0.04996872,0.01727486,24.02744
"2025-04-08 17:01:53.15",10901,0.09007454,0.05039406,0.01270294,24.02195
"2025-04-08 17:01:53.2",10902,0.08723068,0.05007362,0.01061821,24.02209
"2025-04-08 17:01:53.25",10903,0.08454704,0.0508461,0.01319695,24.02337
"2025-04-08 17:01:53.3",10904,0.0848484,0.04998398,0.01299286,24.03555
"2025-04-08 17:01:53.35",10905,0.08264732,0.05010223,0.01418686,24.02833
"2025-04-08 17:01:53.4",10906,0.08492088,0.05060005,0.01461029,24.02445
"2025-04-08 17:01:53.45",10907,0.0861702,0.04989052,0.01305962,24.02766
"2025-04-08 17:01:53.5",10908,0.08571243,0.04846001,0.01346016,24.00981
"2025-04-08 17:01:53.55",10909,0.08870125,0.05121613,0.01465607,24.0007
"2025-04-08 17:01:53.6",10910,0.08630371,0.04759979,0.01204872,23.93999
"2025-04-08 17:01:53.65",10911,0.08302498,0.04733467,0.01215363,23.96696
"2025-04-08 17:01:53.7",10912,0.08436203,0.04670143,0.01607513,23.97303
"2025-04-08 17:01:53.75",10913,0.0872879,0.04564667,0.01633263,23.98392
"2025-04-08 17:01:53.8",10914,0.08829689,0.04543304,0.01684952,23.95542
"2025-04-08 17:01:53.85",10915,0.08598518,0.04764557,0.01560593,23.97609
"2025-04-08 17:01:53.9",10916,0.08621597,0.04464722,0.01921463,23.97731
"2025-04-08 17:01:53.95",10917,0.08722496,0.04821587,0.01967239,23.98592
"2025-04-08 17:01:54",10918,0.08162308,0.04458046,0.01561737,23.97696
"2025-04-08 17:01:54.05",10919,0.08118248,0.04525375,0.01701927,23.98524
"2025-04-08 17:01:54.1",10920,0.07868767,0.04430199,0.009859085,23.95318
"2025-04-08 17:01:54.15",10921,0.07836342,0.04449654,0.009662628,23.97549
"2025-04-08 17:01:54.2",10922,0.08132744,0.04651642,0.01509666,23.95449
"2025-04-08 17:01:54.25",10923,0.07834435,0.04668999,0.01226425,23.98056
"2025-04-08 17:01:54.3",10924,0.08047867,0.04767418,0.01096344,23.95213
"2025-04-08 17:01:54.35",10925,0.08248901,0.05156136,0.01027107,23.95311
"2025-04-08 17:01:54.4",10926,0.07802582,0.05036163,0.009027481,23.95342
"2025-04-08 17:01:54.45",10927,0.07583427,0.05171776,0.01214981,23.98233
"2025-04-08 17:01:54.5",10928,0.07544136,0.05184555,0.01281357,23.98407
"2025-04-08 17:01:54.55",10929,0.07458878,0.05191994,0.01252365,23.97508
"2025-04-08 17:01:54.6",10930,0.07855988,0.04655647,0.009389877,23.97638
"2025-04-08 17:01:54.65",10931,0.07705688,0.04090309,0.0116024,23.97931
"2025-04-08 17:01:54.7",10932,0.08071899,0.04325485,0.01033401,23.95548
"2025-04-08 17:01:54.75",10933,0.08218765,0.04724503,0.01552773,23.95919
"2025-04-08 17:01:54.8",10934,0.08097076,0.04436684,0.01200485,23.9783
"2025-04-08 17:01:54.85",10935,0.07953072,0.04473114,0.01024246,23.97589
"2025-04-08 17:01:54.9",10936,0.0823288,0.04846001,0.01579094,23.96141
"2025-04-08 17:01:54.95",10937,0.08278656,0.044384,0.0138855,23.98521
"2025-04-08 17:01:55",10938,0.08662224,0.04380417,0.006235123,23.95528
"2025-04-08 17:01:55.05",10939,0.08467865,0.04341316,0.009037018,23.97249
"2025-04-08 17:01:55.1",10940,0.08423233,0.04424286,0.01164436,23.97054
"2025-04-08 17:01:55.15",10941,0.07697105,0.04351234,0.006557465,23.97154
"2025-04-08 17:01:55.2",10942,0.07457542,0.04345703,0.008787155,23.97285
"2025-04-08 17:01:55.25",10943,0.07987022,0.04560661,0.006177902,23.9501
"2025-04-08 17:01:55.3",10944,0.07502937,0.04265213,0.01237679,23.96956
"2025-04-08 17:01:55.35",10945,0.07923317,0.04175377,0.01361275,23.97154
"2025-04-08 17:01:55.4",10946,0.07899857,0.04225731,0.01047707,23.95116
"2025-04-08 17:01:55.45",10947,0.07946205,0.04265976,0.01049042,23.97995
"2025-04-08 17:01:55.5",10948,0.07916641,0.04265785,0.01296425,23.94704
"2025-04-08 17:01:55.55",10949,0.07847404,0.04185295,0.009519577,23.9725
"2025-04-08 17:01:55.6",10950,0.07759666,0.04154587,0.008808136,23.95277
"2025-04-08 17:01:55.65",10951,0.07868576,0.0420208,0.01381111,23.97305
"2025-04-08 17:01:55.7",10952,0.08035278,0.0464344,0.01580238,23.96968
"2025-04-08 17:01:55.75",10953,0.07818985,0.04156494,0.01169586,23.97161
"2025-04-08 17:01:55.8",10954,0.07593346,0.04192162,0.007640839,23.97395
"2025-04-08 17:01:55.85",10955,0.08016014,0.04234123,0.009552002,23.97297
"2025-04-08 17:01:55.9",10956,0.07952309,0.04231644,0.006198883,23.96947
"2025-04-08 17:01:55.95",10957,0.07797241,0.04121017,0.00522995,23.97875
"2025-04-08 17:01:56",10958,0.07630157,0.04396057,-0.001461029,23.97959
"2025-04-08 17:01:56.05",10959,0.0757885,0.04131699,-0.00431633,23.94927
"2025-04-08 17:01:56.1",10960,0.07242203,0.04270172,-0.005527496,23.97816
"2025-04-08 17:01:56.15",10961,0.07156563,0.04421234,-0.002513885,23.9775
"2025-04-08 17:01:56.2",10962,0.07723999,0.0438385,-0.002929688,23.95313
"2025-04-08 17:01:56.25",10963,0.07336044,0.03991508,-0.006002426,23.97003
"2025-04-08 17:01:56.3",10964,0.07445335,0.04043961,-0.002599716,23.97786
"2025-04-08 17:01:56.35",10965,0.07474899,0.04151726,-0.00686264,23.97424
"2025-04-08 17:01:56.4",10966,0.07378387,0.03911209,-0.007913589,23.97108
"2025-04-08 17:01:56.45",10967,0.07168198,0.03915596,-0.006233215,23.97205
"2025-04-08 17:01:56.5",10968,0.07045937,0.04226875,-0.003616333,23.97791
"2025-04-08 17:01:56.55",10969,0.07051659,0.03964233,-0.006198883,23.97683
"2025-04-08 17:01:56.6",10970,0.07348633,0.03969955,-0.003087997,23.97025
"2025-04-08 17:01:56.65",10971,0.07434082,0.04021072,-0.009464264,23.98017
"2025-04-08 17:01:56.7",10972,0.07610512,0.04385757,-0.006462097,23.97711
"2025-04-08 17:01:56.75",10973,0.07073212,0.04073334,-0.00639534,23.9681
"2025-04-08 17:01:56.8",10974,0.06954384,0.04380989,-0.003019333,23.971
"2025-04-08 17:01:56.85",10975,0.07612419,0.04355812,-0.002767563,23.97815
"2025-04-08 17:01:56.9",10976,0.06991768,0.04239655,-0.009025574,23.98431
"2025-04-08 17:01:56.95",10977,0.07347679,0.04310608,-0.008493423,23.97476
"2025-04-08 17:01:57",10978,0.07118034,0.0389595,-0.003417969,23.97469
"2025-04-08 17:01:57.05",10979,0.06901741,0.04090881,-0.00451088,23.98177
"2025-04-08 17:01:57.1",10980,0.06905746,0.04176521,-0.00702858,23.98098
"2025-04-08 17:01:57.15",10981,0.06799698,0.04199409,-0.004041672,23.97758
"2025-04-08 17:01:57.2",10982,0.07383347,0.04538536,-0.00573349,23.98209
"2025-04-08 17:01:57.25",10983,0.07284546,0.04073334,-0.007810593,23.96433
"2025-04-08 17:01:57.3",10984,0.07084084,0.04434586,-0.004421234,23.97313
"2025-04-08 17:01:57.35",10985,0.07107925,0.04169655,-0.004501343,23.96374
"2025-04-08 17:01:57.4",10986,0.06799698,0.04220772,-0.00658989,23.96469
"2025-04-08 17:01:57.45",10987,0.06879044,0.0423336,-0.003578186,23.97791
"2025-04-08 17:01:57.5",10988,0.07369804,0.04476547,-0.002550125,23.98586
"2025-04-08 17:01:57.55",10989,0.07467079,0.04806328,-0.00933075,23.94711
"2025-04-08 17:01:57.6",10990,0.07476425,0.05014801,-0.00422287,23.98383
"2025-04-08 17:01:57.65",10991,0.06959534,0.04517174,-0.002653122,23.96612
"2025-04-08 17:01:57.7",10992,0.07510567,0.04477119,-0.005226135,23.97687
"2025-04-08 17:01:57.75",10993,0.07169342,0.04447174,-0.008260727,23.97612
"2025-04-08 17:01:57.8",10994,0.07014275,0.04465103,-0.0076828,23.97029
"2025-04-08 17:01:57.85",10995,0.06980515,0.0435791,-0.006856918,23.97134
"2025-04-08 17:01:57.9",10996,0.06870079,0.04046822,-0.006752014,23.9644
"2025-04-08 17:01:57.95",10997,0.0688839,0.03544235,-0.007175446,23.96611
"2025-04-08 17:01:58",10998,0.06852722,0.02845573,-0.005222321,23.97319
"2025-04-08 17:01:58.05",10999,0.06703186,0.02558517,-0.004404068,23.97485
"2025-04-08 17:01:58.1",11000,0.06882858,0.02628326,-0.00945282,23.97911
"2025-04-08 17:01:58.15",11001,0.06912613,0.022995,-0.01068306,23.97628
"2025-04-08 17:01:58.2",11002,0.06843948,0.02159882,-0.008377075,23.98713
"2025-04-08 17:01:58.25",11003,0.0672226,0.02301788,-0.01049232,23.97846
"2025-04-08 17:01:58.3",11004,0.06554604,0.0247097,-0.01212311,23.97865
"2025-04-08 17:01:58.35",11005,0.06614304,0.02366829,-0.01003647,23.96138
"2025-04-08 17:01:58.4",11006,0.06994057,0.02763557,-0.00879097,23.97333
"2025-04-08 17:01:58.45",11007,0.07431221,0.0269928,-0.009338379,23.97507
"2025-04-08 17:01:58.5",11008,0.07095337,0.02629852,-0.00500679,23.97479
"2025-04-08 17:01:58.55",11009,0.06965446,0.02547455,-0.008800507,23.97522
"2025-04-08 17:01:58.6",11010,0.07124138,0.02469063,-0.009069443,23.96854
"2025-04-08 17:01:58.65",11011,0.06638145,0.02300644,-0.001991272,23.97536
"2025-04-08 17:01:58.7",11012,0.06893539,0.02379227,-0.0007266998,23.96496
"2025-04-08 17:01:58.75",11013,0.0672493,0.02095985,-0.001813889,23.94368
"2025-04-08 17:01:58.8",11014,0.07236481,0.02277565,-0.003171921,23.97606
"2025-04-08 17:01:58.85",11015,0.07100868,0.02338409,-0.01288986,23.99709
"2025-04-08 17:01:58.9",11016,0.06747055,0.02396393,-0.01066017,23.9656
"2025-04-08 17:01:58.95",11017,0.06714439,0.02345276,-0.006946564,23.97345
"2025-04-08 17:01:59",11018,0.07018661,0.02348137,-0.007801056,23.96928
"2025-04-08 17:01:59.05",11019,0.07011223,0.02558517,-0.0084095,23.97925
"2025-04-08 17:01:59.1",11020,0.06878471,0.0266571,-0.005516052,23.97794
"2025-04-08 17:01:59.15",11021,0.06483078,0.02794266,-0.005775452,23.96858
"2025-04-08 17:01:59.2",11022,0.06708145,0.02918053,-0.009567261,23.97205
"2025-04-08 17:01:59.25",11023,0.06817055,0.0306778,-0.006465912,23.98125
"2025-04-08 17:01:59.3",11024,0.06728745,0.03171921,-0.008615494,23.96764
"2025-04-08 17:01:59.35",11025,0.06616402,0.01727104,-0.01045227,23.94257
"2025-04-08 17:01:59.4",11026,0.06612587,0.02207375,-0.01148224,23.97575
"2025-04-08 17:01:59.45",11027,0.06666756,0.02402115,-0.009578705,23.97338
"2025-04-08 17:01:59.5",11028,0.06707573,0.02435112,-0.008266449,23.97034
"2025-04-08 17:01:59.55",11029,0.06999779,0.02427864,-0.005460739,23.9645
"2025-04-08 17:01:59.6",11030,0.07152748,0.02414894,-0.009441376,23.97301
"2025-04-08 17:01:59.65",11031,0.07208633,0.02717781,-0.00661087,23.96521
"2025-04-08 17:01:59.7",11032,0.07381248,0.02408218,-0.007520676,23.96355
"2025-04-08 17:01:59.75",11033,0.07637978,0.02679062,-0.00901413,23.97264
"2025-04-08 17:01:59.8",11034,0.07620049,0.02360916,-0.004199982,23.96587
"2025-04-08 17:01:59.85",11035,0.05910492,0.02586937,-0.0008411407,23.97398
"2025-04-08 17:01:59.9",11036,0.06478119,0.02654076,-0.006361008,23.9721
"2025-04-08 17:01:59.95",11037,0.06885719,0.02708626,-0.007184982,23.97156
"2025-04-08 17:02:00",11038,0.07140923,0.02549744,-0.00479126,23.97435
"2025-04-08 17:02:00.05",11039,0.07536888,0.02632713,-0.006490707,23.97433
"2025-04-08 17:02:00.1",11040,0.07452393,0.02598763,-0.01018524,23.94206
"2025-04-08 17:02:00.15",11041,0.07538414,0.0286274,-0.0111351,23.96259
"2025-04-08 17:02:00.2",11042,0.07190704,0.02575302,-0.009235382,23.96412
"2025-04-08 17:02:00.25",11043,0.07268333,0.02577019,-0.00749588,23.99562
"2025-04-08 17:02:00.3",11044,0.07391739,0.02692604,-0.006557465,23.96592
"2025-04-08 17:02:00.35",11045,0.06927109,0.02647209,-0.006505966,23.97057
"2025-04-08 17:02:00.4",11046,0.06207085,0.02737808,-0.006010056,23.96288
"2025-04-08 17:02:00.45",11047,0.05331993,0.02668571,-0.01062775,23.97488
"2025-04-08 17:02:00.5",11048,0.04912949,0.02837181,-0.0103302,23.97124
"2025-04-08 17:02:00.55",11049,0.04642677,0.0283947,-0.01161575,23.96289
"2025-04-08 17:02:00.6",11050,0.04421043,0.02703857,-0.01164436,23.99423
"2025-04-08 17:02:00.65",11051,0.04456329,0.02901459,-0.01023674,23.97427
"2025-04-08 17:02:00.7",11052,0.05079079,0.02625084,-0.007696152,23.9417
"2025-04-08 17:02:00.75",11053,0.05140495,0.02862167,-0.003585815,23.97149
"2025-04-08 17:02:00.8",11054,0.04879189,0.02767944,-0.007623672,23.97039
"2025-04-08 17:02:00.85",11055,0.0510807,0.02471352,-0.01159859,23.97245
"2025-04-08 17:02:00.9",11056,0.04691315,0.02771187,-0.0044384,23.97346
"2025-04-08 17:02:00.95",11057,0.04496956,0.02765083,-0.003583908,23.96995
"2025-04-08 17:02:01",11058,0.04852104,0.0292244,-0.008319855,23.99454
"2025-04-08 17:02:01.05",11059,0.04617691,0.02653313,-0.009204865,23.9636
"2025-04-08 17:02:01.1",11060,0.04600716,0.02567482,-0.008991241,23.96056
"2025-04-08 17:02:01.15",11061,0.04984093,0.02763557,-0.007534027,23.97105
"2025-04-08 17:02:01.2",11062,0.05279922,0.02737617,-0.004209518,23.97444
"2025-04-08 17:02:01.25",11063,0.04953766,0.02696419,-0.008867264,23.97648
"2025-04-08 17:02:01.3",11064,0.05473709,0.0278511,-0.005109787,23.96804
"2025-04-08 17:02:01.35",11065,0.05284882,0.02792358,-0.005155563,23.97409
"2025-04-08 17:02:01.4",11066,0.04784203,0.02627754,-0.0044384,23.97501
"2025-04-08 17:02:01.45",11067,0.04578972,0.02717209,-0.01218987,23.99561
"2025-04-08 17:02:01.5",11068,0.04372978,0.02755547,-0.00699234,23.9708
"2025-04-08 17:02:01.55",11069,0.0459404,0.02757263,-0.008369446,23.96725
"2025-04-08 17:02:01.6",11070,0.04699707,0.02725983,-0.006719589,23.96861
"2025-04-08 17:02:01.65",11071,0.0479908,0.02737808,-0.005126953,23.99236
"2025-04-08 17:02:01.7",11072,0.04764366,0.02931404,-0.005149841,23.98997
"2025-04-08 17:02:01.75",11073,0.0469265,0.0262928,-0.007526398,23.961
"2025-04-08 17:02:01.8",11074,0.04581451,0.02762794,-0.008573532,23.97149
"2025-04-08 17:02:01.85",11075,0.04389191,0.02529907,-0.003837585,23.96329
"2025-04-08 17:02:01.9",11076,0.0429821,0.02767181,-0.005119324,23.96112
"2025-04-08 17:02:01.95",11077,0.04803658,0.02661133,-0.003097534,23.96775
"2025-04-08 17:02:02",11078,0.0459137,0.02650642,-0.004499435,23.97121
"2025-04-08 17:02:02.05",11079,0.0471077,0.02819252,-0.008705139,23.99553
"2025-04-08 17:02:02.1",11080,0.04804611,0.02727127,-0.005567551,23.96722
"2025-04-08 17:02:02.15",11081,0.04545021,0.0294342,-0.002868652,23.96911
"2025-04-08 17:02:02.2",11082,0.04475784,0.02544022,-0.008220673,23.96164
"2025-04-08 17:02:02.25",11083,0.04442406,0.0290699,-0.007595062,23.97072
"2025-04-08 17:02:02.3",11084,0.04297066,0.02901459,-0.005784988,23.96672
"2025-04-08 17:02:02.35",11085,0.04376411,0.02583504,-0.006353378,23.95974
"2025-04-08 17:02:02.4",11086,0.04237366,0.02561951,-0.004890442,23.9672
"2025-04-08 17:02:02.45",11087,0.04308128,0.0293026,-0.00658226,23.96979
"2025-04-08 17:02:02.5",11088,0.04436111,0.02682304,-0.01106262,23.94207
"2025-04-08 17:02:02.55",11089,0.04611588,0.02663422,-0.008735657,23.97307
"2025-04-08 17:02:02.6",11090,0.04643822,0.02965736,-0.005270004,24.00234
"2025-04-08 17:02:02.65",11091,0.04483604,0.03048325,-0.006723404,24.00493
"2025-04-08 17:02:02.7",11092,0.04398155,0.03076363,-0.00815773,23.94885
"2025-04-08 17:02:02.75",11093,0.04273224,0.03230476,-0.01071739,23.96743
"2025-04-08 17:02:02.8",11094,0.0451088,0.02898598,-0.01122093,23.9406
"2025-04-08 17:02:02.85",11095,0.04312325,0.02942657,-0.01027679,23.9688
"2025-04-08 17:02:02.9",11096,0.04207039,0.02672577,-0.01036453,23.98743
"2025-04-08 17:02:02.95",11097,0.0443821,0.02929306,-0.006248474,23.96044
"2025-04-08 17:02:03",11098,0.0463562,0.02845383,-0.005283356,23.96843
"2025-04-08 17:02:03.05",11099,0.04187012,0.02853775,-0.002149582,23.96902
"2025-04-08 17:02:03.1",11100,0.04580116,0.02851295,-0.00462532,23.95744
"2025-04-08 17:02:03.15",11101,0.04486275,0.02765656,-0.00727272,23.96785
"2025-04-08 17:02:03.2",11102,0.04413414,0.02785683,-0.0076828,23.98914
"2025-04-08 17:02:03.25",11103,0.04399109,0.02616501,-0.008464813,23.93681
"2025-04-08 17:02:03.3",11104,0.04440689,0.02699661,-0.008272171,23.96015
"2025-04-08 17:02:03.35",11105,0.04864502,0.02597427,-0.005167007,23.96287
"2025-04-08 17:02:03.4",11106,0.04633713,0.02844429,-0.01110077,23.97098
"2025-04-08 17:02:03.45",11107,0.04538727,0.03055,-0.01005745,23.96936
"2025-04-08 17:02:03.5",11108,0.04469681,0.03145981,-0.005680084,23.97261
"2025-04-08 17:02:03.55",11109,0.04317093,0.03227043,-0.0108242,23.97431
"2025-04-08 17:02:03.6",11110,0.04206085,0.03185081,-0.008663177,23.96835
"2025-04-08 17:02:03.65",11111,0.03923988,0.02143097,-0.00812149,23.96105
"2025-04-08 17:02:03.7",11112,0.03911591,0.0270977,-0.00976181,23.9706
"2025-04-08 17:02:03.75",11113,0.04035187,0.02787399,-0.009086609,23.9702
"2025-04-08 17:02:03.8",11114,0.04250717,0.02903557,-0.008321762,23.96957
"2025-04-08 17:02:03.85",11115,0.04140663,0.02788544,-0.004756927,23.95929
"2025-04-08 17:02:03.9",11116,0.04619217,0.02772331,-0.005214691,23.96767
"2025-04-08 17:02:03.95",11117,0.04805756,0.02832794,-0.006286621,23.96809
"2025-04-08 17:02:04",11118,0.04885864,0.02824402,-0.005735397,23.98907
"2025-04-08 17:02:04.05",11119,0.04772377,0.03041458,-0.006092072,23.98973
"2025-04-08 17:02:04.1",11120,0.0356102,0.0277462,-0.009941101,23.99044
"2025-04-08 17:02:04.15",11121,0.0366478,0.02690315,-0.004896164,23.96096
"2025-04-08 17:02:04.2",11122,0.03680611,0.02816582,-0.001853943,23.95899
"2025-04-08 17:02:04.25",11123,0.04033279,0.02756119,-0.008342743,24.01172
"2025-04-08 17:02:04.3",11124,0.04544449,0.03107643,-0.006031036,23.99252
"2025-04-08 17:02:04.35",11125,0.04536247,0.02772331,-0.01130867,23.96917
"2025-04-08 17:02:04.4",11126,0.04050255,0.02877998,-0.009771347,23.98657
"2025-04-08 17:02:04.45",11127,0.03948975,0.02696419,-0.0076828,23.95921
"2025-04-08 17:02:04.5",11128,0.04069138,0.02754402,-0.006225586,23.96772
"2025-04-08 17:02:04.55",11129,0.04251289,0.02776146,-0.006792068,23.96125
"2025-04-08 17:02:04.6",11130,0.04214859,0.02841187,-0.01004791,23.96718
"2025-04-08 17:02:04.65",11131,0.03771591,0.02668571,-0.009851456,23.95922
"2025-04-08 17:02:04.7",11132,0.04427338,0.02648354,-0.005493164,23.96823
"2025-04-08 17:02:04.75",11133,0.04274178,0.03167915,-0.0098629,23.96533
"2025-04-08 17:02:04.8",11134,0.0372467,0.03217506,-0.005186081,23.96403
"2025-04-08 17:02:04.85",11135,0.04469681,0.02874184,-0.006700516,23.96635
"2025-04-08 17:02:04.9",11136,0.04274559,0.030159,-0.01140213,23.96807
"2025-04-08 17:02:04.95",11137,0.04085541,0.02999306,-0.009628296,23.96695
"2025-04-08 17:02:05",11138,0.0390377,0.02900696,-0.008087158,23.98714
"2025-04-08 17:02:05.05",11139,0.04521179,0.03145599,-0.009471893,23.95892
"2025-04-08 17:02:05.1",11140,0.04603577,0.03154564,-0.005853653,23.9958
"2025-04-08 17:02:05.15",11141,0.0418129,0.02813339,-0.003650665,23.96694
"2025-04-08 17:02:05.2",11142,0.04314423,0.02707481,-0.005714417,23.95783
"2025-04-08 17:02:05.25",11143,0.04065132,0.0264492,-0.01054955,23.95951
"2025-04-08 17:02:05.3",11144,0.04200935,0.0277462,-0.008741379,23.95934
"2025-04-08 17:02:05.35",11145,0.0372963,0.02707672,-0.01048088,23.96583
"2025-04-08 17:02:05.4",11146,0.04041672,0.02632713,-0.00699234,23.98747
"2025-04-08 17:02:05.45",11147,0.04084396,0.0263958,-0.008422852,23.96987
"2025-04-08 17:02:05.5",11148,0.04295921,0.02753258,-0.008623123,23.98893
"2025-04-08 17:02:05.55",11149,0.04621506,0.02725029,-0.008356094,23.96426
"2025-04-08 17:02:05.6",11150,0.04407692,0.02611923,-0.008550644,23.96869
"2025-04-08 17:02:05.65",11151,0.04240799,0.02647209,-0.006376266,23.97411
"2025-04-08 17:02:05.7",11152,0.04372406,0.02661133,-0.009788513,23.97103
"2025-04-08 17:02:05.75",11153,0.04165268,0.02705193,-0.006830215,23.99037
"2025-04-08 17:02:05.8",11154,0.04547691,0.02739525,-0.005695343,23.94234
"2025-04-08 17:02:05.85",11155,0.04475403,0.02701378,-0.008979797,23.97071
"2025-04-08 17:02:05.9",11156,0.04317093,0.02573013,-0.01085663,23.95982
"2025-04-08 17:02:05.95",11157,0.03741455,0.0267086,-0.009454727,23.96741
"2025-04-08 17:02:06",11158,0.03966904,0.02422905,-0.009086609,23.97062
"2025-04-08 17:02:06.05",11159,0.04004478,0.02478027,-0.01536369,23.96732
"2025-04-08 17:02:06.1",11160,0.04349518,0.02477455,-0.01533127,23.95579
"2025-04-08 17:02:06.15",11161,0.04251289,0.02389908,-0.009489059,23.95677
"2025-04-08 17:02:06.2",11162,0.04426193,0.02331161,-0.009271622,23.96041
"2025-04-08 17:02:06.25",11163,0.04394341,0.02392769,-0.009410858,23.96526
"2025-04-08 17:02:06.3",11164,0.03690529,0.02433968,-0.005943298,23.96527
"2025-04-08 17:02:06.35",11165,0.04202652,0.02431679,-0.004255295,23.96012
"2025-04-08 17:02:06.4",11166,0.04800987,0.02697945,-0.004159927,23.96721
"2025-04-08 17:02:06.45",11167,0.04611397,0.02754021,-0.009643555,23.97144
"2025-04-08 17:02:06.5",11168,0.03977776,0.02387047,-0.008817673,23.98451
"2025-04-08 17:02:06.55",11169,0.0390625,0.02628708,-0.006410599,23.95722
"2025-04-08 17:02:06.6",11170,0.03730774,0.02635956,-0.007814407,23.98991
"2025-04-08 17:02:06.65",11171,0.04111671,0.02379799,-0.01362038,23.96807
"2025-04-08 17:02:06.7",11172,0.04042435,0.02622795,-0.006109238,23.97274
"2025-04-08 17:02:06.75",11173,0.04376411,0.02367973,-0.009857178,23.97308
"2025-04-08 17:02:06.8",11174,0.03876495,0.02638817,-0.01204491,23.95604
"2025-04-08 17:02:06.85",11175,0.03923416,0.02428246,-0.01261711,23.96355
"2025-04-08 17:02:06.9",11176,0.03955269,0.02621651,-0.009431839,23.96317
"2025-04-08 17:02:06.95",11177,0.03973007,0.02366829,-0.01124001,23.96632
"2025-04-08 17:02:07",11178,0.04343987,0.02521133,-0.01000595,23.96584
"2025-04-08 17:02:07.05",11179,0.03987122,0.02602005,-0.009723663,23.96408
"2025-04-08 17:02:07.1",11180,0.03665543,0.02650642,-0.007612228,23.96537
"2025-04-08 17:02:07.15",11181,0.03985596,0.0257206,-0.007801056,23.96816
"2025-04-08 17:02:07.2",11182,0.03643036,0.02549934,-0.008058548,23.95792
"2025-04-08 17:02:07.25",11183,0.03956413,0.02513313,-0.01934433,23.96582
"2025-04-08 17:02:07.3",11184,0.04274559,0.0219841,-0.01970291,23.98591
"2025-04-08 17:02:07.35",11185,0.03895569,0.02198219,-0.01196861,23.96698
"2025-04-08 17:02:07.4",11186,0.04139709,0.02147293,-0.01097298,23.96603
"2025-04-08 17:02:07.45",11187,0.03998375,0.02141953,-0.01470375,23.96312
"2025-04-08 17:02:07.5",11188,0.03561401,0.02251816,-0.01388168,23.96273
"2025-04-08 17:02:07.55",11189,0.03545761,0.02600861,-0.008880615,23.96581
"2025-04-08 17:02:07.6",11190,0.04065704,0.02859116,-0.01436234,23.96056
"2025-04-08 17:02:07.65",11191,0.04308128,0.03178406,-0.01242447,23.97367
"2025-04-08 17:02:07.7",11192,0.04261208,0.03284454,-0.008432388,23.96421
"2025-04-08 17:02:07.75",11193,0.03867149,0.01598549,-0.009132385,23.95763
"2025-04-08 17:02:07.8",11194,0.03984451,0.0225029,-0.0136261,23.96815
"2025-04-08 17:02:07.85",11195,0.03735733,0.02381897,-0.01131439,23.96719
"2025-04-08 17:02:07.9",11196,0.03462219,0.0219059,-0.009191513,23.96432
"2025-04-08 17:02:07.95",11197,0.03495216,0.02122307,-0.009326935,23.9698
"2025-04-08 17:02:08",11198,0.04299927,0.02591896,-0.009223938,23.96671
"2025-04-08 17:02:08.05",11199,0.04380989,0.02667427,-0.01168442,23.97382
"2025-04-08 17:02:08.1",11200,0.04137802,0.02610016,-0.01282692,23.97202
"2025-04-08 17:02:08.15",11201,0.04572487,0.02241898,-0.01441956,23.96603
"2025-04-08 17:02:08.2",11202,0.03487968,0.02326202,-0.01323128,23.96347
"2025-04-08 17:02:08.25",11203,0.03227615,0.02009392,-0.01313972,23.95456
"2025-04-08 17:02:08.3",11204,0.03662491,0.02244568,-0.01549149,23.96206
"2025-04-08 17:02:08.35",11205,0.03894234,0.02217293,-0.009849548,23.93556
"2025-04-08 17:02:08.4",11206,0.03660011,0.02111244,-0.01039886,23.95656
"2025-04-08 17:02:08.45",11207,0.03619194,0.02058601,-0.0139122,23.96256
"2025-04-08 17:02:08.5",11208,0.03389931,0.02028084,-0.009687424,23.95665
"2025-04-08 17:02:08.55",11209,0.03600693,0.01955986,-0.01101112,23.9641
"2025-04-08 17:02:08.6",11210,0.03488922,0.01999474,-0.009292603,23.96503
"2025-04-08 17:02:08.65",11211,0.03648758,0.02287674,-0.009901047,23.98367
"2025-04-08 17:02:08.7",11212,0.03518486,0.01967049,-0.01390648,23.9623
"2025-04-08 17:02:08.75",11213,0.03943062,0.02010536,-0.008590698,23.96456
"2025-04-08 17:02:08.8",11214,0.03770447,0.02042389,-0.01071167,23.96331
"2025-04-08 17:02:08.85",11215,0.03840828,0.02388191,-0.009296417,23.99027
"2025-04-08 17:02:08.9",11216,0.03654861,0.01939201,-0.01288986,23.95548
"2025-04-08 17:02:08.95",11217,0.0364151,0.01964188,-0.01252747,23.96423
"2025-04-08 17:02:09",11218,0.03841972,0.02000999,-0.01692009,23.96233
"2025-04-08 17:02:09.05",11219,0.0381279,0.01966476,-0.01430893,23.96074
"2025-04-08 17:02:09.1",11220,0.03650475,0.01878166,-0.009851456,23.96322
"2025-04-08 17:02:09.15",11221,0.03645325,0.01737595,-0.01044464,23.96304
"2025-04-08 17:02:09.2",11222,0.03886986,0.01865387,-0.01537895,23.96193
"2025-04-08 17:02:09.25",11223,0.03935051,0.01929474,-0.01272202,23.96162
"2025-04-08 17:02:09.3",11224,0.04275322,0.02279282,-0.009523392,23.93201
"2025-04-08 17:02:09.35",11225,0.03788185,0.01825905,-0.01145554,23.98537
"2025-04-08 17:02:09.4",11226,0.0391407,0.02104378,-0.01181221,23.96255
"2025-04-08 17:02:09.45",11227,0.03647614,0.01829529,-0.008609772,23.96166
"2025-04-08 17:02:09.5",11228,0.0381012,0.01622009,-0.01076698,23.9641
"2025-04-08 17:02:09.55",11229,0.03633499,0.01534653,-0.013237,23.96294
"2025-04-08 17:02:09.6",11230,0.04006767,0.01719475,-0.01515007,23.98819
"2025-04-08 17:02:09.65",11231,0.03766632,0.01600266,-0.01477814,23.98508
"2025-04-08 17:02:09.7",11232,0.03523064,0.01469421,-0.01168251,23.96128
"2025-04-08 17:02:09.75",11233,0.03505516,0.01638222,-0.009632111,23.96436
"2025-04-08 17:02:09.8",11234,0.03585052,0.01664925,-0.0111351,23.96323
"2025-04-08 17:02:09.85",11235,0.03970528,0.01766968,-0.01317596,23.95599
"2025-04-08 17:02:09.9",11236,0.03788948,0.01381111,-0.01363373,23.98505
"2025-04-08 17:02:09.95",11237,0.04032898,0.0135231,-0.0145359,23.96518
"2025-04-08 17:02:10",11238,0.0406456,0.01386642,-0.01016808,23.96661
"2025-04-08 17:02:10.05",11239,0.03666687,0.01464462,-0.008747101,23.9678
"2025-04-08 17:02:10.1",11240,0.0388813,0.01481056,-0.007297516,23.96774
"2025-04-08 17:02:10.15",11241,0.03401947,0.01079559,-0.009939194,23.96941
"2025-04-08 17:02:10.2",11242,0.03143883,0.01170158,-0.007736206,23.95964
"2025-04-08 17:02:10.25",11243,0.0331974,0.01172829,-0.008052826,23.96585
"2025-04-08 17:02:10.3",11244,0.03393555,0.01413727,-0.01281738,23.96423
"2025-04-08 17:02:10.35",11245,0.03570557,0.01417351,-0.007032394,23.96319
"2025-04-08 17:02:10.4",11246,0.03713417,0.01310349,-0.01056099,24.01386
"2025-04-08 17:02:10.45",11247,0.0324707,0.01138115,-0.008533478,23.95187
"2025-04-08 17:02:10.5",11248,0.03873062,0.01376152,-0.009523392,23.96049
"2025-04-08 17:02:10.55",11249,0.03240585,0.008449554,-0.01083565,23.96233
"2025-04-08 17:02:10.6",11250,0.03502846,0.008174896,-0.008934021,23.9629
"2025-04-08 17:02:10.65",11251,0.03518677,0.0097332,-0.006465912,23.96076
"2025-04-08 17:02:10.7",11252,0.03618431,0.01190758,-0.004522324,23.98791
"2025-04-08 17:02:10.75",11253,0.03341484,0.007568359,-0.01203918,23.96276
"2025-04-08 17:02:10.8",11254,0.03376198,0.007802963,-0.008411407,23.96334
"2025-04-08 17:02:10.85",11255,0.02971077,0.007867813,-0.008483887,23.98303
"2025-04-08 17:02:10.9",11256,0.0359211,0.0117054,-0.00756073,23.99269
"2025-04-08 17:02:10.95",11257,0.02921104,0.007383347,-0.009304047,23.98228
"2025-04-08 17:02:11",11258,0.03855896,0.01175499,-0.007577896,23.95793
"2025-04-08 17:02:11.05",11259,0.03342438,0.005273819,-0.01288414,23.98271
"2025-04-08 17:02:11.1",11260,0.03073883,0.006036758,-0.01389885,24.00668
"2025-04-08 17:02:11.15",11261,0.03399086,0.007785797,-0.01101875,23.98489
"2025-04-08 17:02:11.2",11262,0.03286171,0.00538826,-0.01083946,23.98323
"2025-04-08 17:02:11.25",11263,0.03254509,0.006511688,-0.00961113,23.96102
"2025-04-08 17:02:11.3",11264,0.02808571,0.005908966,-0.01009178,24.0042
"2025-04-08 17:02:11.35",11265,0.02850533,0.005060196,-0.00702095,23.98495
"2025-04-08 17:02:11.4",11266,0.03254318,0.007457733,-0.008337021,23.98553
"2025-04-08 17:02:11.45",11267,0.03176689,0.004983902,-0.003896713,24.00583
"2025-04-08 17:02:11.5",11268,0.03298569,0.007076263,-0.008029938,24.00497
"2025-04-08 17:02:11.55",11269,0.03221893,0.004190445,-0.009235382,23.98367
"2025-04-08 17:02:11.6",11270,0.03050613,0.003082275,-0.01206207,23.98478
"2025-04-08 17:02:11.65",11271,0.02900887,0.00236702,-0.01066589,24.00568
"2025-04-08 17:02:11.7",11272,0.02816391,0.001964569,-0.01231575,24.01205
"2025-04-08 17:02:11.75",11273,0.02981949,0.002473831,-0.01010323,23.98435
"2025-04-08 17:02:11.8",11274,0.03165627,0.003305435,-0.008504868,24.00858
"2025-04-08 17:02:11.85",11275,0.0332737,0.002189636,-0.008779526,24.03848
"2025-04-08 17:02:11.9",11276,0.03175163,0.0004634857,-0.01176071,24.00684
"2025-04-08 17:02:11.95",11277,0.0293045,0.001873016,-0.01346397,23.9836
"2025-04-08 17:02:12",11278,0.03014946,-0.0003890991,-0.008796692,23.98641
"2025-04-08 17:02:12.05",11279,0.03370667,-0.0005588531,-0.01135445,24.00635
"2025-04-08 17:02:12.1",11280,0.0297966,0.0007381439,-0.01378441,23.985
"2025-04-08 17:02:12.15",11281,0.02851295,-0.002687454,-0.01228523,24.01389
"2025-04-08 17:02:12.2",11282,0.03625107,-0.005552292,-0.009933472,24.02136
"2025-04-08 17:02:12.25",11283,0.03248596,-0.005025864,-0.01390457,23.99059
"2025-04-08 17:02:12.3",11284,0.03063774,-0.005105972,-0.01659775,24.01722
"2025-04-08 17:02:12.35",11285,0.0350132,-0.005725861,-0.0117836,24.00773
"2025-04-08 17:02:12.4",11286,0.02444649,-0.009382248,-0.007551193,24.01577
"2025-04-08 17:02:12.45",11287,0.02487564,-0.01263428,-0.01008606,24.00788
"2025-04-08 17:02:12.5",11288,0.03545189,-0.008611679,-0.01035309,24.01035
"2025-04-08 17:02:12.55",11289,0.03046227,-0.01420021,-0.01359177,24.00336
"2025-04-08 17:02:12.6",11290,0.03231049,-0.01442146,-0.01170921,24.0349
"2025-04-08 17:02:12.65",11291,0.03045654,-0.01376152,-0.008527756,24.03516
"2025-04-08 17:02:12.7",11292,0.02993965,-0.01610756,-0.01015282,24.03403
"2025-04-08 17:02:12.75",11293,0.02770233,-0.0165081,-0.01250839,24.03291
"2025-04-08 17:02:12.8",11294,0.02849388,-0.01738167,-0.01157761,24.0125
"2025-04-08 17:02:12.85",11295,0.03001976,-0.02044106,-0.01032448,24.03441
"2025-04-08 17:02:12.9",11296,0.02993011,-0.01971817,-0.007545471,24.03704
"2025-04-08 17:02:12.95",11297,0.02509499,-0.01998901,-0.005943298,24.03481
"2025-04-08 17:02:13",11298,0.03191948,-0.0209446,-0.00891304,24.04187
"2025-04-08 17:02:13.05",11299,0.02874565,-0.02083588,-0.01391029,24.05152
"2025-04-08 17:02:13.1",11300,0.02842331,-0.02264786,-0.01519203,24.00674
"2025-04-08 17:02:13.15",11301,0.02931023,-0.03625107,-0.006607056,24.03519
"2025-04-08 17:02:13.2",11302,0.02498627,-0.02306366,-0.01305199,24.03484
"2025-04-08 17:02:13.25",11303,0.02556801,-0.02536201,-0.01384544,24.03722
"2025-04-08 17:02:13.3",11304,0.02602196,-0.02489662,-0.01399612,24.01109
"2025-04-08 17:02:13.35",11305,0.02632713,-0.02512169,-0.01355553,24.03365
"2025-04-08 17:02:13.4",11306,0.02370834,-0.02632141,-0.01258087,24.05089
"2025-04-08 17:02:13.45",11307,0.02373505,-0.0257225,-0.01159286,24.03526
"2025-04-08 17:02:13.5",11308,0.02397156,-0.02490997,-0.01938438,24.03491
"2025-04-08 17:02:13.55",11309,0.02384758,-0.02336311,-0.01613426,24.03478
"2025-04-08 17:02:13.6",11310,0.02153015,-0.02736473,-0.02008438,24.05118
"2025-04-08 17:02:13.65",11311,0.02313423,-0.03749084,-0.01751328,24.03567
"2025-04-08 17:02:13.7",11312,0.02317619,-0.02380943,-0.02171898,24.03555
"2025-04-08 17:02:13.75",11313,0.01814461,-0.0239048,-0.01901627,24.03274
"2025-04-08 17:02:13.8",11314,0.02001762,-0.02791214,-0.01885796,24.03509
"2025-04-08 17:02:13.85",11315,0.02137947,-0.02619743,-0.01612282,24.03699
"2025-04-08 17:02:13.9",11316,0.02197647,-0.0256176,-0.02392006,24.03644
"2025-04-08 17:02:13.95",11317,0.01856422,-0.03947449,-0.01638985,24.03441
"2025-04-08 17:02:14",11318,0.01990318,-0.02314758,-0.01689911,24.05658
"2025-04-08 17:02:14.05",11319,0.01897812,-0.02628708,-0.01991081,24.03689
"2025-04-08 17:02:14.1",11320,0.02322197,-0.02182579,-0.01933289,24.04358
"2025-04-08 17:02:14.15",11321,0.01540184,-0.02570724,-0.02411079,24.03371
"2025-04-08 17:02:14.2",11322,0.01421547,-0.03697586,-0.01374817,24.04122
"2025-04-08 17:02:14.25",11323,0.01777267,-0.03638077,-0.01605988,24.03525
"2025-04-08 17:02:14.3",11324,0.01496315,-0.03596115,-0.01446533,24.04925
"2025-04-08 17:02:14.35",11325,0.01489639,-0.03663635,-0.01138878,24.10426
"2025-04-08 17:02:14.4",11326,0.01604462,-0.02335739,-0.01670837,24.10455
"2025-04-08 17:02:14.45",11327,0.01357079,-0.03476715,-0.01060104,24.10635
"2025-04-08 17:02:14.5",11328,0.01278877,-0.03117943,-0.01061249,24.13454
"2025-04-08 17:02:14.55",11329,0.01159477,-0.01828384,-0.01401138,24.12983
"2025-04-08 17:02:14.6",11330,0.01446152,-0.02646828,-0.002412796,24.15392
"2025-04-08 17:02:14.65",11331,0.01555252,-0.02332115,0.003898621,24.1994
"2025-04-08 17:02:14.7",11332,0.01045418,-0.01255608,-0.00144577,24.24079
"2025-04-08 17:02:14.75",11333,0.01194191,-0.01236343,0.001832962,24.26888
"2025-04-08 17:02:14.8",11334,0.01675606,-0.01553535,0.007762909,24.34499
"2025-04-08 17:02:14.85",11335,0.02147865,-0.01828003,0.007385254,24.37186
"2025-04-08 17:02:14.9",11336,0.02148438,-0.01742363,0.01285553,24.35367
"2025-04-08 17:02:14.95",11337,0.03004646,-0.01758766,0.01663208,24.30871
"2025-04-08 17:02:15",11338,0.02654648,-0.01576996,0.01414108,24.32176
"2025-04-08 17:02:15.05",11339,0.03782654,-0.01064491,0.02255821,24.39388
"2025-04-08 17:02:15.1",11340,0.0262928,-0.00769043,0.02614784,24.44012
"2025-04-08 17:02:15.15",11341,0.02273178,-0.002328873,0.03210449,24.47387
"2025-04-08 17:02:15.2",11342,0.01266289,0.002386093,0.03702354,24.48003
"2025-04-08 17:02:15.25",11343,-0.01488495,-0.008375168,0.02426529,24.48232
"2025-04-08 17:02:15.3",11344,-0.01130486,-0.007556915,0.0332489,24.53306
"2025-04-08 17:02:15.35",11345,-0.02367783,-0.002981186,0.03051186,24.52065
"2025-04-08 17:02:15.4",11346,-0.03188515,-0.004440308,0.03350067,24.54887
"2025-04-08 17:02:15.45",11347,-0.02633858,0.0009765625,0.03779984,24.57974
"2025-04-08 17:02:15.5",11348,-0.019104,0.001464844,0.042799,24.58623
"2025-04-08 17:02:15.55",11349,-0.01023102,0.006361008,0.04310608,24.55756
"2025-04-08 17:02:15.6",11350,0.00371933,0.006254196,0.03983879,24.58256
"2025-04-08 17:02:15.65",11351,0.01409721,0.007139206,0.0363121,24.58293
"2025-04-08 17:02:15.7",11352,0.01711655,0.008932114,0.03273964,24.55041
"2025-04-08 17:02:15.75",11353,0.02541733,0.007476807,0.03541565,24.55778
"2025-04-08 17:02:15.8",11354,0.03567123,0.0112381,0.02955055,24.56649
"2025-04-08 17:02:15.85",11355,0.03957939,0.007644653,0.009019852,24.55911
"2025-04-08 17:02:15.9",11356,0.04052544,0.01124763,0.01409721,24.55717
"2025-04-08 17:02:15.95",11357,0.04417038,0.008943558,0.0127182,24.51359
"2025-04-08 17:02:16",11358,0.0419445,0.01268768,0.01248741,24.49165
"2025-04-08 17:02:16.05",11359,0.04359055,0.01654243,0.009370804,24.49448
"2025-04-08 17:02:16.1",11360,0.04555511,0.01537132,0.01292419,24.49392
"2025-04-08 17:02:16.15",11361,0.03812981,0.01536369,0.007780075,24.48515
"2025-04-08 17:02:16.2",11362,0.05128098,0.01905632,0.007837296,24.47189
"2025-04-08 17:02:16.25",11363,0.04963303,0.01787186,0.001976013,24.44201
"2025-04-08 17:02:16.3",11364,0.03599548,-0.00561142,-0.00431633,24.38889
"2025-04-08 17:02:16.35",11365,0.04738808,-0.001451492,-0.0003566742,24.38921
"2025-04-08 17:02:16.4",11366,0.05430794,-0.003427505,-0.008638382,24.39075
"2025-04-08 17:02:16.45",11367,0.04829979,-0.01286888,-0.01545906,24.37471
"2025-04-08 17:02:16.5",11368,0.05526733,-0.01807785,-0.01718903,24.32362
"2025-04-08 17:02:16.55",11369,0.05911064,-0.02136803,-0.02491188,24.31983
"2025-04-08 17:02:16.6",11370,0.06110382,-0.02168655,-0.0278511,24.2772
"2025-04-08 17:02:16.65",11371,0.05526924,-0.0234623,-0.02468491,24.26315
"2025-04-08 17:02:16.7",11372,0.05485535,-0.02699661,-0.02705383,24.24543
"2025-04-08 17:02:16.75",11373,0.05109596,-0.02940559,-0.02983475,24.20675
"2025-04-08 17:02:16.8",11374,0.04419899,-0.02997398,-0.03046608,24.20802
"2025-04-08 17:02:16.85",11375,0.04819107,-0.02932739,-0.03318596,24.17461
"2025-04-08 17:02:16.9",11376,0.04524803,-0.03005219,-0.03143692,24.15257
"2025-04-08 17:02:16.95",11377,0.04663277,-0.0299511,-0.03531837,24.17793
"2025-04-08 17:02:17",11378,0.04852104,-0.0287075,-0.03555298,24.13148
"2025-04-08 17:02:17.05",11379,0.04758835,-0.0279007,-0.0324707,24.12109
"2025-04-08 17:02:17.1",11380,0.04709244,-0.02586174,-0.03233719,24.11933
"2025-04-08 17:02:17.15",11381,0.04761887,-0.02478981,-0.03817177,24.12328
"2025-04-08 17:02:17.2",11382,0.05181313,-0.02093697,-0.03299904,24.1218
"2025-04-08 17:02:17.25",11383,0.04896927,-0.02082062,-0.03172874,24.10181
"2025-04-08 17:02:17.3",11384,0.0509243,-0.02160072,-0.0327282,24.07607
"2025-04-08 17:02:17.35",11385,0.05237579,-0.02253532,-0.03061676,24.10597
"2025-04-08 17:02:17.4",11386,0.05153084,-0.02166748,-0.02944183,24.10088
"2025-04-08 17:02:17.45",11387,0.05021477,-0.021595,-0.02969551,24.12212
"2025-04-08 17:02:17.5",11388,0.04910851,-0.02242279,-0.02702522,24.12804
"2025-04-08 17:02:17.55",11389,0.05395699,-0.02293205,-0.0256691,24.1571
"2025-04-08 17:02:17.6",11390,0.05475998,-0.02222252,-0.02880478,24.12425
"2025-04-08 17:02:17.65",11391,0.05135918,-0.02167892,-0.02956009,24.15102
"2025-04-08 17:02:17.7",11392,0.04867172,-0.02412605,-0.02857018,24.1518
"2025-04-08 17:02:17.75",11393,0.05129242,-0.02509308,-0.03095245,24.13651
"2025-04-08 17:02:17.8",11394,0.04798698,-0.0219593,-0.03106689,24.15206
"2025-04-08 17:02:17.85",11395,0.0505085,-0.02096939,-0.02835464,24.20226
"2025-04-08 17:02:17.9",11396,0.05168724,-0.02044106,-0.02477264,24.18732
"2025-04-08 17:02:17.95",11397,0.0523243,-0.0134716,-0.02565765,24.22666
"2025-04-08 17:02:18",11398,0.04927635,-0.01467705,-0.027174,24.20426
"2025-04-08 17:02:18.05",11399,0.04652405,-0.01128006,-0.0192337,24.20183
"2025-04-08 17:02:18.1",11400,0.04699707,-0.008852005,-0.01861,24.20297
"2025-04-08 17:02:18.15",11401,0.04225731,-0.007862091,-0.01766396,24.24012
"2025-04-08 17:02:18.2",11402,0.04118729,-0.004556656,-0.01583099,24.2704
"2025-04-08 17:02:18.25",11403,0.03974152,-0.004613876,-0.01517296,24.24733
"2025-04-08 17:02:18.3",11404,0.03941727,-0.00611496,-0.01939392,24.2546
"2025-04-08 17:02:18.35",11405,0.0420723,-0.0001354218,-0.02001572,24.26989
"2025-04-08 17:02:18.4",11406,0.03651619,-0.00573349,-0.02012253,24.24737
"2025-04-08 17:02:18.45",11407,0.03841209,-0.005092621,-0.0196743,24.29002
"2025-04-08 17:02:18.5",11408,0.04284668,-0.00774765,-0.02163506,24.29104
"2025-04-08 17:02:18.55",11409,0.04322815,-0.0086689,-0.02191544,24.2714
"2025-04-08 17:02:18.6",11410,0.0456295,-0.005237579,-0.02013969,24.29168
"2025-04-08 17:02:18.65",11411,0.04706955,-0.005943298,-0.02416039,24.27116
"2025-04-08 17:02:18.7",11412,0.04656792,-0.005901337,-0.02296448,24.27148
"2025-04-08 17:02:18.75",11413,0.04962349,-0.003536224,-0.02118301,24.29869
"2025-04-08 17:02:18.8",11414,0.04552269,-0.002702713,-0.02058983,24.27407
"2025-04-08 17:02:18.85",11415,0.0421772,6.866455E-05,-0.02121544,24.2722
"2025-04-08 17:02:18.9",11416,0.03868675,-0.0002174377,-0.0193634,24.2727
"2025-04-08 17:02:18.95",11417,0.04119301,-0.001451492,-0.01721764,24.22025
"2025-04-08 17:02:19",11418,0.03234673,0.003450394,-0.02092743,24.24158
"2025-04-08 17:02:19.05",11419,0.03197861,0.006723404,-0.01961517,24.24027
"2025-04-08 17:02:19.1",11420,0.03501892,0.006160736,-0.01942444,24.24565
"2025-04-08 17:02:19.15",11421,0.03240585,0.004892349,-0.02280235,24.21706
"2025-04-08 17:02:19.2",11422,0.03567696,0.00564003,-0.02345657,24.17202
"2025-04-08 17:02:19.25",11423,0.0323925,0.005050659,-0.02545547,24.18597
"2025-04-08 17:02:19.3",11424,0.03631973,0.02178001,-0.02849388,24.15851
"2025-04-08 17:02:19.35",11425,0.03360367,0.005422592,-0.02828789,24.12036
"2025-04-08 17:02:19.4",11426,0.03958702,0.01895523,-0.03300095,24.12672
"2025-04-08 17:02:19.45",11427,0.04155159,0.02178574,-0.03217888,24.12827
"2025-04-08 17:02:19.5",11428,0.04186058,0.01865578,-0.0344696,24.12021
"2025-04-08 17:02:19.55",11429,0.04160309,0.02242851,-0.03529167,24.1365
"2025-04-08 17:02:19.6",11430,0.03980255,0.01943207,-0.03775406,24.12214
"2025-04-08 17:02:19.65",11431,0.0407486,0.0186367,-0.03668213,24.12068
"2025-04-08 17:02:19.7",11432,0.04509735,0.004508972,-0.03011322,24.09923
"2025-04-08 17:02:19.75",11433,0.0459938,0.006919861,-0.03121376,24.12152
"2025-04-08 17:02:19.8",11434,0.04476166,0.02117729,-0.03876877,24.0986
"2025-04-08 17:02:19.85",11435,0.04396439,0.01806641,-0.03887558,24.0757
"2025-04-08 17:02:19.9",11436,0.0479126,0.007556915,-0.03112221,24.07729
"2025-04-08 17:02:19.95",11437,0.04549026,0.02031136,-0.03948021,24.09949
"2025-04-08 17:02:20",11438,0.04468536,0.02138329,-0.04020691,24.07723
"2025-04-08 17:02:20.05",11439,0.04531097,0.02123833,-0.03697205,24.11957
"2025-04-08 17:02:20.1",11440,0.0510006,0.02206802,-0.03637505,24.0981
"2025-04-08 17:02:20.15",11441,0.04869652,0.02212906,-0.03686142,24.07718
"2025-04-08 17:02:20.2",11442,0.05291176,0.02967262,-0.03378677,24.10538
"2025-04-08 17:02:20.25",11443,0.05053139,0.02483749,-0.03619385,24.09535
"2025-04-08 17:02:20.3",11444,0.05030823,0.02593803,-0.03338623,24.11982
"2025-04-08 17:02:20.35",11445,0.05504608,0.02762222,-0.03163338,24.10573
"2025-04-08 17:02:20.4",11446,0.05393791,0.02425957,-0.03423309,24.09718
"2025-04-08 17:02:20.45",11447,0.05220985,0.02708054,-0.03179932,24.09684
"2025-04-08 17:02:20.5",11448,0.05402756,0.02495956,-0.03379822,24.07681
"2025-04-08 17:02:20.55",11449,0.05383301,0.02559471,-0.03328133,24.07549
"2025-04-08 17:02:20.6",11450,0.05381012,0.02597046,-0.03444672,24.07737
"2025-04-08 17:02:20.65",11451,0.05536842,0.02528381,-0.0303154,24.07569
"2025-04-08 17:02:20.7",11452,0.05884933,0.0281105,-0.03017616,24.1183
"2025-04-08 17:02:20.75",11453,0.0573864,0.02550507,-0.03147697,24.07579
"2025-04-08 17:02:20.8",11454,0.06109428,0.01470375,-0.02666664,24.07702
"2025-04-08 17:02:20.85",11455,0.06054688,0.01503563,-0.02385139,24.07674
"2025-04-08 17:02:20.9",11456,0.06035233,0.003681183,-0.0175209,24.07845
"2025-04-08 17:02:20.95",11457,0.06126213,0.02743721,-0.03167152,24.08218
"2025-04-08 17:02:21",11458,0.06073761,0.01593018,-0.02352142,24.08248
"2025-04-08 17:02:21.05",11459,0.06205368,0.01818657,-0.02325439,24.0797
"2025-04-08 17:02:21.1",11460,0.06193161,0.01484489,-0.02309227,24.0723
"2025-04-08 17:02:21.15",11461,0.06503487,0.01807785,-0.01830673,24.08696
"2025-04-08 17:02:21.2",11462,0.0650692,0.01732063,-0.02146912,24.07651
"2025-04-08 17:02:21.25",11463,0.06401634,0.01840782,-0.0202713,24.06885
"2025-04-08 17:02:21.3",11464,0.06093788,0.01702881,-0.02023888,24.07605
"2025-04-08 17:02:21.35",11465,0.0637455,0.01465988,-0.02132416,24.07521
"2025-04-08 17:02:21.4",11466,0.06291389,0.01727295,-0.02095222,24.07444
"2025-04-08 17:02:21.45",11467,0.06254005,0.02853775,-0.02669907,24.07416
"2025-04-08 17:02:21.5",11468,0.06328773,0.02787971,-0.02632713,24.0658
"2025-04-08 17:02:21.55",11469,0.0612011,0.02824402,-0.02573586,24.09802
"2025-04-08 17:02:21.6",11470,0.06432724,0.01640701,-0.01733398,24.09864
"2025-04-08 17:02:21.65",11471,0.06290245,0.01736259,-0.01745224,24.07377
"2025-04-08 17:02:21.7",11472,0.06331062,0.01735306,-0.01353836,24.09989
"2025-04-08 17:02:21.75",11473,0.06365585,0.01716232,-0.01241875,24.06731
"2025-04-08 17:02:21.8",11474,0.06369781,0.004278183,-0.009511948,24.07528
"2025-04-08 17:02:21.85",11475,0.06330681,0.03111267,-0.02052498,24.07602
"2025-04-08 17:02:21.9",11476,0.06393623,0.01724052,-0.01426697,24.07568
"2025-04-08 17:02:21.95",11477,0.06412125,0.01666451,-0.01253891,24.07819
"2025-04-08 17:02:22",11478,0.06417274,0.01697159,-0.01323128,24.07478
"2025-04-08 17:02:22.05",11479,0.06352997,0.03082275,-0.01866341,24.07359
"2025-04-08 17:02:22.1",11480,0.06038284,0.01813507,-0.01301765,24.06806
"2025-04-08 17:02:22.15",11481,0.06364441,0.01692772,-0.009994507,24.07851
"2025-04-08 17:02:22.2",11482,0.06373978,0.01753807,-0.01036453,24.07776
"2025-04-08 17:02:22.25",11483,0.06414413,0.02093697,-0.01031303,24.07518
"2025-04-08 17:02:22.3",11484,0.0636692,0.03251457,-0.01628113,24.07564
"2025-04-08 17:02:22.35",11485,0.06367874,0.03041077,-0.0134697,24.07534
"2025-04-08 17:02:22.4",11486,0.06652832,0.005580902,-0.002573013,24.04575
"2025-04-08 17:02:22.45",11487,0.06634331,0.01975441,-0.008399963,24.07504
"2025-04-08 17:02:22.5",11488,0.06275177,0.01902771,-0.007757187,24.07543
"2025-04-08 17:02:22.55",11489,0.06563568,0.031353,-0.01105309,24.03178
"2025-04-08 17:02:22.6",11490,0.0640049,0.01880074,-0.005529404,24.06902
"2025-04-08 17:02:22.65",11491,0.06340027,0.01782799,-0.005428314,24.02934
"2025-04-08 17:02:22.7",11492,0.06596947,0.01725388,-0.0046978,24.0304
"2025-04-08 17:02:22.75",11493,0.06603813,0.01700783,-0.002178192,24.03111
"2025-04-08 17:02:22.8",11494,0.06629753,0.01460075,-0.002372742,24.04624
"2025-04-08 17:02:22.85",11495,0.06995773,0.02098274,-0.0002613068,24.05281
"2025-04-08 17:02:22.9",11496,0.06622696,0.01403618,-0.001472473,24.0658
"2025-04-08 17:02:22.95",11497,0.06711578,0.01385498,0.0002059937,24.06829
"2025-04-08 17:02:23",11498,0.0677948,0.0131855,-0.0003166199,24.06877
"2025-04-08 17:02:23.05",11499,0.06895256,0.01371574,0.0008888245,24.06868
"2025-04-08 17:02:23.1",11500,0.06786346,0.01361084,0.0003566742,24.04529
"2025-04-08 17:02:23.15",11501,0.07011223,0.01368523,0.00317955,24.05099
"2025-04-08 17:02:23.2",11502,0.06973457,0.01399994,0.0001506805,24.08032
"2025-04-08 17:02:23.25",11503,0.06745911,0.01452065,0.002336502,24.07149
"2025-04-08 17:02:23.3",11504,0.06962013,0.01730347,0.002569199,24.04756
"2025-04-08 17:02:23.35",11505,0.06956482,0.01400566,0.003252029,24.03514
"2025-04-08 17:02:23.4",11506,0.06952667,0.01426315,0.002630234,24.04839
"2025-04-08 17:02:23.45",11507,0.06829262,0.01488495,0.003528595,24.0327
"2025-04-08 17:02:23.5",11508,0.07094002,0.01812935,0.005496979,24.00832
"2025-04-08 17:02:23.55",11509,0.06840324,0.01476669,0.006412506,24.03159
"2025-04-08 17:02:23.6",11510,0.06843758,0.01429939,0.005395889,24.04561
"2025-04-08 17:02:23.65",11511,0.06892967,0.01514053,0.005151749,24.04553
"2025-04-08 17:02:23.7",11512,0.06843185,0.01471138,0.006278992,24.02952
"2025-04-08 17:02:23.75",11513,0.06807899,0.01430321,0.006134033,24.03078
"2025-04-08 17:02:23.8",11514,0.06844521,0.01512909,0.00630188,24.04539
"2025-04-08 17:02:23.85",11515,0.06846428,0.01530457,0.009929657,24.02964
"2025-04-08 17:02:23.9",11516,0.06782341,0.01513481,0.01047897,24.03876
"2025-04-08 17:02:23.95",11517,0.0696125,0.01415634,0.01044464,24.04981
"2025-04-08 17:02:24",11518,0.06900787,0.014925,0.009395599,24.02966
"2025-04-08 17:02:24.05",11519,0.06922531,0.01246452,0.009634018,24.02911
"2025-04-08 17:02:24.1",11520,0.06930923,0.01201439,0.01232529,24.03695
"2025-04-08 17:02:24.15",11521,0.06852722,0.01105118,0.01167297,24.03127
"2025-04-08 17:02:24.2",11522,0.06882286,0.008874893,0.010746,24.03031
"2025-04-08 17:02:24.25",11523,0.06887245,-0.003959656,0.01869965,24.02854
"2025-04-08 17:02:24.3",11524,0.06847191,0.008729935,0.01134491,24.02833
"2025-04-08 17:02:24.35",11525,0.07153702,0.008644104,0.01338768,24.03015
"2025-04-08 17:02:24.4",11526,0.06906319,0.006534576,0.01284218,24.04612
"2025-04-08 17:02:24.45",11527,0.07099724,-0.006187439,0.01873398,24.02955
"2025-04-08 17:02:24.5",11528,0.06858253,0.007356644,0.01608086,24.03032
"2025-04-08 17:02:24.55",11529,0.06894684,0.004787445,0.01368904,24.04501
"2025-04-08 17:02:24.6",11530,0.06676674,0.003189087,0.0123558,24.03246
"2025-04-08 17:02:24.65",11531,0.06873894,0.002981186,0.01063347,24.04449
"2025-04-08 17:02:24.7",11532,0.0684433,-0.01061249,0.0187397,24.03057
"2025-04-08 17:02:24.75",11533,0.06668854,-0.0008888245,0.01086235,24.04615
"2025-04-08 17:02:24.8",11534,0.06874466,-0.001087189,0.007528305,24.03048
"2025-04-08 17:02:24.85",11535,0.06901169,-0.003879547,0.01055527,24.03021
"2025-04-08 17:02:24.9",11536,0.06587982,-0.004812241,0.01105881,24.03098
"2025-04-08 17:02:24.95",11537,0.06855965,-0.004396439,0.007698059,24.03156
"2025-04-08 17:02:25",11538,0.06858826,-0.006723404,0.007545471,24.03017
"2025-04-08 17:02:25.05",11539,0.065382,-0.02013969,0.01416397,24.00755
"2025-04-08 17:02:25.1",11540,0.0669136,-0.01019287,0.005702972,24.04575
"2025-04-08 17:02:25.15",11541,0.06719208,-0.02179146,0.01349831,24.00775
"2025-04-08 17:02:25.2",11542,0.06796265,-0.009925842,0.008451462,24.04572
"2025-04-08 17:02:25.25",11543,0.06778908,-0.02359962,0.01649666,24.00788
"2025-04-08 17:02:25.3",11544,0.06811333,-0.01309204,0.009450912,24.03372
"2025-04-08 17:02:25.35",11545,0.06883621,-0.01002312,0.0107975,24.03249
"2025-04-08 17:02:25.4",11546,0.06618309,-0.009654999,0.00797081,24.03273
"2025-04-08 17:02:25.45",11547,0.06653786,-0.00985527,0.01126671,24.0344
"2025-04-08 17:02:25.5",11548,0.06451225,-0.02402687,0.01604462,24.05054
"2025-04-08 17:02:25.55",11549,0.06480217,-0.009248734,0.01358795,24.01756
"2025-04-08 17:02:25.6",11550,0.06247711,-0.01256943,0.01059532,24.03071
"2025-04-08 17:02:25.65",11551,0.06318665,-0.01313972,0.01091385,24.0313
"2025-04-08 17:02:25.7",11552,0.06411552,-0.0131588,0.01084518,24.01112
"2025-04-08 17:02:25.75",11553,0.06340408,-0.01246643,0.01108742,24.03119
"2025-04-08 17:02:25.8",11554,0.0630188,-0.01168251,0.01130867,24.03122
"2025-04-08 17:02:25.85",11555,0.05975151,-0.01195717,0.008075714,24.0661
"2025-04-08 17:02:25.9",11556,0.06287003,-0.01265907,0.008171082,24.03103
"2025-04-08 17:02:25.95",11557,0.06302452,-0.01142502,0.01116371,24.00068
"2025-04-08 17:02:26",11558,0.06278992,-0.01210594,0.01181793,24.03013
"2025-04-08 17:02:26.05",11559,0.0625,-0.01285172,0.01228714,24.00626
"2025-04-08 17:02:26.1",11560,0.06052399,-0.01258087,0.009803772,24.04642
"2025-04-08 17:02:26.15",11561,0.06004333,-0.01227379,0.01159668,24.02863
"2025-04-08 17:02:26.2",11562,0.06066322,-0.01213455,0.009731293,23.99873
"2025-04-08 17:02:26.25",11563,0.0623455,-0.01049423,0.01054382,24.00626
"2025-04-08 17:02:26.3",11564,0.06738091,-0.006116867,0.01115227,24.00974
"2025-04-08 17:02:26.35",11565,0.0579052,-0.01235199,0.008382797,24.02892
"2025-04-08 17:02:26.4",11566,0.06368637,-0.008031845,0.01091385,24.03758
"2025-04-08 17:02:26.45",11567,0.06017685,-0.0126667,0.008512497,23.99999
"2025-04-08 17:02:26.5",11568,0.0603447,-0.01298904,0.007843018,24.00078
"2025-04-08 17:02:26.55",11569,0.06128502,-0.01250267,0.007825851,24.00966
"2025-04-08 17:02:26.6",11570,0.05825233,-0.01146698,0.007814407,24.00057
"2025-04-08 17:02:26.65",11571,0.0576973,-0.01260567,0.008504868,24.00136
"2025-04-08 17:02:26.7",11572,0.05848503,-0.009304047,0.008049011,24.00909
"2025-04-08 17:02:26.75",11573,0.05832291,-0.01085663,0.007890701,24.00739
"2025-04-08 17:02:26.8",11574,0.05825233,-0.00838089,0.007780075,24.00757
"2025-04-08 17:02:26.85",11575,0.05757141,-0.0064888,0.008104324,24.00121
"2025-04-08 17:02:26.9",11576,0.06100845,-0.009292603,0.009147644,24.03788
"2025-04-08 17:02:26.95",11577,0.05799866,-0.008577347,0.004312515,24.00751
"2025-04-08 17:02:27",11578,0.05777168,-0.005533218,0.005338669,24.00633
"2025-04-08 17:02:27.05",11579,0.05757141,-0.009126663,0.005334854,24.00731
"2025-04-08 17:02:27.1",11580,0.05842972,-0.007562637,0.005212784,24.03084
"2025-04-08 17:02:27.15",11581,0.05795479,-0.009712219,0.005134583,24.00957
"2025-04-08 17:02:27.2",11582,0.05518341,-0.006546021,0.004938126,24.00712
"2025-04-08 17:02:27.25",11583,0.05493927,-0.007471085,0.005311966,24.00837
"2025-04-08 17:02:27.3",11584,0.05546951,-0.005672455,0.002267838,24.00912
"2025-04-08 17:02:27.35",11585,0.05596161,-0.005155563,0.002044678,24.00682
"2025-04-08 17:02:27.4",11586,0.05579185,-0.004468918,0.002588272,24.00726
"2025-04-08 17:02:27.45",11587,0.05953979,-0.00104332,0.006267548,24.01655
"2025-04-08 17:02:27.5",11588,0.05475426,-0.005426407,0.002601624,24.00472
"2025-04-08 17:02:27.55",11589,0.05508995,-0.002122879,0.002162933,24.00525
"2025-04-08 17:02:27.6",11590,0.0566597,-0.002479553,0.002082825,24.01204
"2025-04-08 17:02:27.65",11591,0.05396652,-0.002824783,0.002630234,24.00963
"2025-04-08 17:02:27.7",11592,0.05363083,0.0009288788,0.002954483,24.03342
"2025-04-08 17:02:27.75",11593,0.05347633,0.001306534,0.002866745,24.01264
"2025-04-08 17:02:27.8",11594,0.04990005,0.0009040833,0.00312233,24.00925
"2025-04-08 17:02:27.85",11595,0.05244827,0.0007667542,0.002893448,24.00179
"2025-04-08 17:02:27.9",11596,0.0524044,0.003681183,0.002983093,24.00971
"2025-04-08 17:02:27.95",11597,0.05257034,0.002782822,0.001878738,24.03047
"2025-04-08 17:02:28",11598,0.05195236,0.00352478,0.0002593994,24.00562
"2025-04-08 17:02:28.05",11599,0.04858971,0.002737045,0.0001850128,24.00785
"2025-04-08 17:02:28.1",11600,0.05272865,0.00560379,0.002513885,24.01489
"2025-04-08 17:02:28.15",11601,0.04904175,0.007228851,-0.0002746582,24.00787
"2025-04-08 17:02:28.2",11602,0.05194473,0.006484985,0.003770828,24.00629
"2025-04-08 17:02:28.25",11603,0.04874039,0.006780624,0.001514435,23.97629
"2025-04-08 17:02:28.3",11604,0.05238152,0.006242752,0.003232956,24.00851
"2025-04-08 17:02:28.35",11605,0.04972839,0.006473541,0.001441956,23.9984
"2025-04-08 17:02:28.4",11606,0.0490799,0.006696701,0.001966476,24.00397
"2025-04-08 17:02:28.45",11607,0.04984665,0.009046555,0.001407623,23.99903
"2025-04-08 17:02:28.5",11608,0.04973221,0.009092331,4.577637E-05,23.99932
"2025-04-08 17:02:28.55",11609,0.04964638,0.009479523,0.0007324219,24.00504
"2025-04-08 17:02:28.6",11610,0.04944229,0.009008408,0.0006198883,24.00571
"2025-04-08 17:02:28.65",11611,0.04925346,0.008275986,0.0005912781,23.99982
"2025-04-08 17:02:28.7",11612,0.05033302,0.00932312,0.0006084442,24.00853
"2025-04-08 17:02:28.75",11613,0.05020714,0.009365082,0.0003795624,24.00681
"2025-04-08 17:02:28.8",11614,0.05010986,0.008956909,0.0004177094,23.97927
"2025-04-08 17:02:28.85",11615,0.04784584,0.009656906,-0.0002670288,24.00818
"2025-04-08 17:02:28.9",11616,0.04578018,0.009466171,-0.001134872,24.0063
"2025-04-08 17:02:28.95",11617,0.04697037,0.01067162,-0.0001277924,24.00099
"2025-04-08 17:02:29",11618,0.04654503,0.01364899,-7.629395E-05,24.00139
"2025-04-08 17:02:29.05",11619,0.04751587,0.01122665,0.002151489,24.00981
"2025-04-08 17:02:29.1",11620,0.04689217,0.01436615,-0.0001487732,24.00168
"2025-04-08 17:02:29.15",11621,0.04668617,0.01340485,3.242493E-05,24.00757
"2025-04-08 17:02:29.2",11622,0.04711914,0.01269913,0.002241135,23.98009
"2025-04-08 17:02:29.25",11623,0.04454422,0.01316261,-0.0005512238,23.97905
"2025-04-08 17:02:29.3",11624,0.04457474,0.0152092,-0.0001831055,24.00114
"2025-04-08 17:02:29.35",11625,0.04615021,0.0146904,0.002502441,24.00124
"2025-04-08 17:02:29.4",11626,0.044384,0.01371002,0.002510071,24.00811
"2025-04-08 17:02:29.45",11627,0.04433441,0.01537704,0.001987457,23.99873
"2025-04-08 17:02:29.5",11628,0.04110909,0.01470566,0.00261879,23.99903
"2025-04-08 17:02:29.55",11629,0.04513741,0.01381874,0.003509521,24.00687
"2025-04-08 17:02:29.6",11630,0.04296494,0.01309586,0.002010345,24.00841
"2025-04-08 17:02:29.65",11631,0.04378128,0.01423073,0.002893448,24.00127
"2025-04-08 17:02:29.7",11632,0.04301643,0.01436996,0.002742767,24.00213
"2025-04-08 17:02:29.75",11633,0.04307747,0.01397896,0.00276947,24.00303
"2025-04-08 17:02:29.8",11634,0.04705238,0.01925659,0.005346298,24.01981
"2025-04-08 17:02:29.85",11635,0.04296112,0.01554489,0.002836227,24.01261
"2025-04-08 17:02:29.9",11636,0.03951836,0.01651573,0.003623962,24.01311
"2025-04-08 17:02:29.95",11637,0.03939056,0.01600838,0.003145218,24.00878
"2025-04-08 17:02:30",11638,0.03987694,0.01668167,0.002809525,24.00372
"2025-04-08 17:02:30.05",11639,0.03897858,0.01667595,0.005300522,24.01709
"2025-04-08 17:02:30.1",11640,0.03930283,0.01669312,0.002082825,24.00845
"2025-04-08 17:02:30.15",11641,0.0390377,0.01648521,0.005685806,24.00939
"2025-04-08 17:02:30.2",11642,0.03853035,0.01980972,0.006134033,24.00256
"2025-04-08 17:02:30.25",11643,0.03586769,0.01965332,0.005815506,24.00145
"2025-04-08 17:02:30.3",11644,0.03982162,0.02446747,0.008203506,24.01411
"2025-04-08 17:02:30.35",11645,0.03546906,0.02320671,0.00545311,24.00585
"2025-04-08 17:02:30.4",11646,0.03277397,0.01947975,0.006948471,24.02859
"2025-04-08 17:02:30.45",11647,0.03257751,0.01943016,0.006404877,24.00046
"2025-04-08 17:02:30.5",11648,0.03252029,0.02023315,0.006362915,24.00501
"2025-04-08 17:02:30.55",11649,0.03221893,0.0194149,0.006519318,23.99826
"2025-04-08 17:02:30.6",11650,0.03663063,0.02235222,0.01011086,24.02825
"2025-04-08 17:02:30.65",11651,0.03372383,0.02581978,0.008834839,24.00813
"2025-04-08 17:02:30.7",11652,0.03029442,0.02386856,0.008684158,24.00511
"2025-04-08 17:02:30.75",11653,0.03253365,0.02354622,0.006542206,24.02676
"2025-04-08 17:02:30.8",11654,0.03718376,0.02519798,0.0106678,24.0091
"2025-04-08 17:02:30.85",11655,0.03117561,0.0248909,0.008119583,24.00794
"2025-04-08 17:02:30.9",11656,0.03086662,0.02531624,0.007400513,24.00699
"2025-04-08 17:02:30.95",11657,0.03049278,0.02497673,0.008499146,23.99831
"2025-04-08 17:02:31",11658,0.03076935,0.02476311,0.007600784,24.00841
"2025-04-08 17:02:31.05",11659,0.03099251,0.02543831,0.007608414,24.00838
"2025-04-08 17:02:31.1",11660,0.03141975,0.0284481,0.007410049,24.00671
"2025-04-08 17:02:31.15",11661,0.03069115,0.02956581,0.008005142,24.03036
"2025-04-08 17:02:31.2",11662,0.02816963,0.02636719,0.008104324,24.00886
"2025-04-08 17:02:31.25",11663,0.02869987,0.02697372,0.00743866,24.00098
"2025-04-08 17:02:31.3",11664,0.0279808,0.02679062,0.007284164,24.00816
"2025-04-08 17:02:31.35",11665,0.02822685,0.03041458,0.007539749,24.00825
"2025-04-08 17:02:31.4",11666,0.02832031,0.02874756,0.008264542,24.00849
"2025-04-08 17:02:31.45",11667,0.0256176,0.0292263,0.007133484,24.03146
"2025-04-08 17:02:31.5",11668,0.02493668,0.02886391,0.007535934,24.02977
"2025-04-08 17:02:31.55",11669,0.02552223,0.02738762,0.007871628,24.03
"2025-04-08 17:02:31.6",11670,0.02737617,0.02677536,0.01049042,24.0289
"2025-04-08 17:02:31.65",11671,0.02301025,0.02822685,0.007553101,24.03111
"2025-04-08 17:02:31.7",11672,0.02246284,0.02799225,0.007295609,24.0082
"2025-04-08 17:02:31.75",11673,0.02238464,0.02757454,0.008684158,24.00716
"2025-04-08 17:02:31.8",11674,0.02341652,0.0243187,0.008335114,24.00156
"2025-04-08 17:02:31.85",11675,0.02432251,0.02416611,0.005491257,24.00301
"2025-04-08 17:02:31.9",11676,0.02424622,0.02766418,0.007478714,24.00193
"2025-04-08 17:02:31.95",11677,0.02129745,0.02415466,0.007879257,24.00986
"2025-04-08 17:02:32",11678,0.02360153,0.02432251,0.00586319,24.00471
"2025-04-08 17:02:32.05",11679,0.02209282,0.0245018,0.005502701,24.03452
"2025-04-08 17:02:32.1",11680,0.01909637,0.02498055,0.005256653,24.04872
"2025-04-08 17:02:32.15",11681,0.02046394,0.02723885,0.00617218,24.0022
"2025-04-08 17:02:32.2",11682,0.01821709,0.02496529,0.008577347,24.0339
"2025-04-08 17:02:32.25",11683,0.01826859,0.02744484,0.004953384,24.01056
"2025-04-08 17:02:32.3",11684,0.01716232,0.02506447,0.005060196,24.01012
"2025-04-08 17:02:32.35",11685,0.01760864,0.02421761,0.005580902,24.00802
"2025-04-08 17:02:32.4",11686,0.01647568,0.02739906,0.005659103,24.00853
"2025-04-08 17:02:32.45",11687,0.01755333,0.02437401,0.005138397,24.00928
"2025-04-08 17:02:32.5",11688,0.01705742,0.02502632,0.005132675,24.00741
"2025-04-08 17:02:32.55",11689,0.01622391,0.02490807,0.00626564,24.00669
"2025-04-08 17:02:32.6",11690,0.0162735,0.02780342,0.006093979,23.99947
"2025-04-08 17:02:32.65",11691,0.01700592,0.02493095,0.00626564,24.0299
"2025-04-08 17:02:32.7",11692,0.01630402,0.0280304,0.006685257,24.02798
"2025-04-08 17:02:32.75",11693,0.01670647,0.0244236,0.007133484,24.00011
"2025-04-08 17:02:32.8",11694,0.01640701,0.02846718,0.00969696,24.01448
"2025-04-08 17:02:32.85",11695,0.01642036,0.02799797,0.006378174,24.00065
"2025-04-08 17:02:32.9",11696,0.01698875,0.02786827,0.006250381,23.9983
"2025-04-08 17:02:32.95",11697,0.01688194,0.02547455,0.004037857,23.99794
"2025-04-08 17:02:33",11698,0.0170002,0.02746773,0.006469727,24.04539
"2025-04-08 17:02:33.05",11699,0.01713371,0.02752686,0.005685806,24.00732
"2025-04-08 17:02:33.1",11700,0.01642609,0.02835464,0.005550385,24.00741
"2025-04-08 17:02:33.15",11701,0.01698875,0.0281086,0.005758286,23.99818
"2025-04-08 17:02:33.2",11702,0.01723099,0.02748299,0.005641937,23.99885
"2025-04-08 17:02:33.25",11703,0.01792336,0.02804756,0.005405426,24.02956
"2025-04-08 17:02:33.3",11704,0.01819992,0.02901268,0.004396439,24.00082
"2025-04-08 17:02:33.35",11705,0.01916313,0.0304985,0.004653931,23.99962
"2025-04-08 17:02:33.4",11706,0.01964951,0.02910805,0.005081177,24.00696
"2025-04-08 17:02:33.45",11707,0.02061272,0.03212357,0.004177094,24.00877
"2025-04-08 17:02:33.5",11708,0.02041817,0.03246689,0.004339218,24.00146
"2025-04-08 17:02:33.55",11709,0.02053642,0.03238297,0.004573822,24.00779
"2025-04-08 17:02:33.6",11710,0.02011299,0.03107452,0.004961014,24.03129
"2025-04-08 17:02:33.65",11711,0.02024651,0.03096771,0.0046978,24.00047
"2025-04-08 17:02:33.7",11712,0.02027512,0.03174973,0.005039215,24.01093
"2025-04-08 17:02:33.75",11713,0.01945305,0.03098488,0.004749298,24.00603
"2025-04-08 17:02:33.8",11714,0.01911926,0.030756,0.005357742,24.00923
"2025-04-08 17:02:33.85",11715,0.01944542,0.02993584,0.005010605,24.00935
"2025-04-08 17:02:33.9",11716,0.02257538,0.03001785,0.004646301,24.009
"2025-04-08 17:02:33.95",11717,0.02209854,0.03040504,0.00752449,23.99981
"2025-04-08 17:02:34",11718,0.02270699,0.029562,0.007299423,24.00762
"2025-04-08 17:02:34.05",11719,0.02399254,0.02911949,0.004747391,24.00797
"2025-04-08 17:02:34.1",11720,0.02501678,0.02948952,0.007709503,24.00068
"2025-04-08 17:02:34.15",11721,0.02399445,0.02995682,0.007535934,24.00283
"2025-04-08 17:02:34.2",11722,0.02447891,0.02932167,0.007858276,24.00205
"2025-04-08 17:02:34.25",11723,0.02526665,0.02981377,0.007728577,23.97927
"2025-04-08 17:02:34.3",11724,0.02449417,0.02938271,0.007539749,24.00912
"2025-04-08 17:02:34.35",11725,0.02057457,0.02979469,0.008394241,24.00227
"2025-04-08 17:02:34.4",11726,0.02292633,0.03194618,0.007930756,23.97909
"2025-04-08 17:02:34.45",11727,0.02293777,0.03223228,0.00828743,24.00375
"2025-04-08 17:02:34.5",11728,0.02267647,0.03296661,0.00771904,24.01008
"2025-04-08 17:02:34.55",11729,0.02228546,0.0328331,0.007993698,24.00705
"2025-04-08 17:02:34.6",11730,0.01986122,0.03254318,0.008255005,24.00182
"2025-04-08 17:02:34.65",11731,0.02306747,0.03022575,0.007913589,24.00253
"2025-04-08 17:02:34.7",11732,0.02196503,0.03307915,0.007736206,23.9778
"2025-04-08 17:02:34.75",11733,0.02197075,0.03046227,0.007667542,24.0014
"2025-04-08 17:02:34.8",11734,0.02164078,0.03269386,0.008769989,24.00129
"2025-04-08 17:02:34.85",11735,0.02164268,0.03275108,0.007949829,24.00153
"2025-04-08 17:02:34.9",11736,0.02166557,0.03311348,0.008312225,23.99842
"2025-04-08 17:02:34.95",11737,0.02103996,0.0320015,0.00907135,23.99907
"2025-04-08 17:02:35",11738,0.02113342,0.03238297,0.01008606,24.00056
"2025-04-08 17:02:35.05",11739,0.02189445,0.03339386,0.006128311,24.00651
"2025-04-08 17:02:35.1",11740,0.02194786,0.03307533,0.009389877,23.99826
"2025-04-08 17:02:35.15",11741,0.02164841,0.03326797,0.008932114,23.97734
"2025-04-08 17:02:35.2",11742,0.02252007,0.03250313,0.008781433,24.00012
"2025-04-08 17:02:35.25",11743,0.0219059,0.03286934,0.008466721,23.97819
"2025-04-08 17:02:35.3",11744,0.02483749,0.03277397,0.008338928,23.99842
"2025-04-08 17:02:35.35",11745,0.02194977,0.03253365,0.007993698,23.95578
"2025-04-08 17:02:35.4",11746,0.02216148,0.03305244,0.007579803,24.00074
"2025-04-08 17:02:35.45",11747,0.02499199,0.03303337,0.006948471,23.95619
"2025-04-08 17:02:35.5",11748,0.02464485,0.03446007,0.007423401,23.9988
"2025-04-08 17:02:35.55",11749,0.02219963,0.03694534,0.008003235,23.9766
"2025-04-08 17:02:35.6",11750,0.02209854,0.03491783,0.005086899,24.00079
"2025-04-08 17:02:35.65",11751,0.02225113,0.03523064,0.004976273,23.95676
"2025-04-08 17:02:35.7",11752,0.02193642,0.0363121,0.006875992,23.95537
"2025-04-08 17:02:35.75",11753,0.0222435,0.03417587,0.00743866,23.97733
"2025-04-08 17:02:35.8",11754,0.0251503,0.03376007,0.006986618,23.97848
"2025-04-08 17:02:35.85",11755,0.0230217,0.03411865,0.004480362,23.95596
"2025-04-08 17:02:35.9",11756,0.0219326,0.03446007,0.004598618,23.97733
"2025-04-08 17:02:35.95",11757,0.0219059,0.03322601,0.005086899,23.95491
"2025-04-08 17:02:36",11758,0.02185249,0.0332489,0.005418777,23.9555
"2025-04-08 17:02:36.05",11759,0.02293777,0.03277969,0.004983902,23.95706
"2025-04-08 17:02:36.1",11760,0.02210617,0.03346062,0.005764008,23.97747
"2025-04-08 17:02:36.15",11761,0.02260399,0.0321312,0.004993439,23.95477
"2025-04-08 17:02:36.2",11762,0.02249146,0.02975655,0.00551796,23.957
"2025-04-08 17:02:36.25",11763,0.0234642,0.03275108,0.005144119,23.98141
"2025-04-08 17:02:36.3",11764,0.02415085,0.03050423,0.005407333,23.95595
"2025-04-08 17:02:36.35",11765,0.02335548,0.02884102,0.005218506,23.9564
"2025-04-08 17:02:36.4",11766,0.02358627,0.02903175,0.005361557,23.98164
"2025-04-08 17:02:36.45",11767,0.02414322,0.03278542,0.002435684,23.96003
"2025-04-08 17:02:36.5",11768,0.02351761,0.03225899,0.002815247,23.98116
"2025-04-08 17:02:36.55",11769,0.02321053,0.02975082,0.003293991,23.95836
"2025-04-08 17:02:36.6",11770,0.02307892,0.03170967,0.002614975,23.95963
"2025-04-08 17:02:36.65",11771,0.02235222,0.03257561,0.001838684,23.96099
"2025-04-08 17:02:36.7",11772,0.02176857,0.03027153,-0.0006465912,23.9576
"2025-04-08 17:02:36.75",11773,0.02218819,0.03228188,0.001873016,23.95624
"2025-04-08 17:02:36.8",11774,0.02470207,0.0324192,-0.0003795624,23.95781
"2025-04-08 17:02:36.85",11775,0.02170372,0.03263855,-0.0004501343,23.95666
"2025-04-08 17:02:36.9",11776,0.02151299,0.03057289,-0.0009613037,23.97769
"2025-04-08 17:02:36.95",11777,0.02120209,0.03255463,8.010864E-05,23.97733
"2025-04-08 17:02:37",11778,0.02184296,0.03048134,-0.0001792908,23.97807
"2025-04-08 17:02:37.05",11779,0.02164268,0.03295135,0.0002536774,23.94782
"2025-04-08 17:02:37.1",11780,0.02070236,0.03004837,0.0005493164,23.94502
"2025-04-08 17:02:37.15",11781,0.02182007,0.02991867,7.629395E-06,23.95483
"2025-04-08 17:02:37.2",11782,0.02145576,0.0327549,-0.002206802,23.95543
"2025-04-08 17:02:37.25",11783,0.02444077,0.03320122,0.0006027222,23.9541
"2025-04-08 17:02:37.3",11784,0.02182579,0.03365517,-0.001407623,23.97501
"2025-04-08 17:02:37.35",11785,0.0212059,0.03279495,-0.001544952,23.97807
"2025-04-08 17:02:37.4",11786,0.02176857,0.03264236,-0.0001277924,23.95591
"2025-04-08 17:02:37.45",11787,0.02174759,0.03050423,-0.002914429,23.97682
"2025-04-08 17:02:37.5",11788,0.02136993,0.03043938,-0.002054214,23.95337
"2025-04-08 17:02:37.55",11789,0.02472496,0.02946472,-0.002161026,23.95472
"2025-04-08 17:02:37.6",11790,0.02256203,0.03022003,-0.003175735,23.97654
"2025-04-08 17:02:37.65",11791,0.02458572,0.03047562,-0.003103256,23.95515
"2025-04-08 17:02:37.7",11792,0.02436256,0.03018188,-0.003166199,23.9548
"2025-04-08 17:02:37.75",11793,0.02464104,0.03112411,-0.003211975,23.95441
"2025-04-08 17:02:37.8",11794,0.02496529,0.03362083,-0.003814697,23.95708
"2025-04-08 17:02:37.85",11795,0.02571487,0.03178978,-0.006309509,23.94783
"2025-04-08 17:02:37.9",11796,0.02446747,0.03494072,-0.003898621,23.95489
"2025-04-08 17:02:37.95",11797,0.02447891,0.03421783,-0.003232956,23.95556
"2025-04-08 17:02:38",11798,0.02472305,0.03412437,-0.003602982,23.95446
"2025-04-08 17:02:38.05",11799,0.02556801,0.03454208,-0.003852844,23.94774
"2025-04-08 17:02:38.1",11800,0.02455139,0.03405762,-0.005781174,23.94618
"2025-04-08 17:02:38.15",11801,0.02442169,0.03307533,-0.002969742,23.95429
"2025-04-08 17:02:38.2",11802,0.02527237,0.03306389,-0.006036758,23.95663
"2025-04-08 17:02:38.25",11803,0.02441597,0.03351974,-0.003540039,23.95595
"2025-04-08 17:02:38.3",11804,0.02471542,0.03305244,-0.00576973,23.94648
"2025-04-08 17:02:38.35",11805,0.02489853,0.03271103,-0.005712509,23.94728
"2025-04-08 17:02:38.4",11806,0.02528954,0.03495598,-0.005712509,23.94786
"2025-04-08 17:02:38.45",11807,0.02617264,0.03229141,-0.005577087,23.94659
"2025-04-08 17:02:38.5",11808,0.02845955,0.03602409,-0.003105164,23.95526
"2025-04-08 17:02:38.55",11809,0.02599716,0.03467178,-0.004930496,23.97847
"2025-04-08 17:02:38.6",11810,0.02689171,0.03572083,-0.005533218,23.96102
"2025-04-08 17:02:38.65",11811,0.0265007,0.0351181,-0.005683899,23.95783
"2025-04-08 17:02:38.7",11812,0.0264492,0.0356884,-0.005041122,23.98016
"2025-04-08 17:02:38.75",11813,0.02593803,0.03239822,-0.005588531,23.95904
"2025-04-08 17:02:38.8",11814,0.02606583,0.03301239,-0.005613327,23.96098
"2025-04-08 17:02:38.85",11815,0.0249691,0.03487206,-0.006227493,23.95831
"2025-04-08 17:02:38.9",11816,0.02433777,0.03538704,-0.005254745,23.94909
"2025-04-08 17:02:38.95",11817,0.02593803,0.0367775,-0.00226593,23.96124
"2025-04-08 17:02:39",11818,0.02585983,0.03492928,-0.005695343,23.9501
"2025-04-08 17:02:39.05",11819,0.02462006,0.03492928,-0.006690979,23.95523
"2025-04-08 17:02:39.1",11820,0.02450562,0.03523636,-0.004974365,23.97721
"2025-04-08 17:02:39.15",11821,0.02679825,0.03507423,-0.004547119,23.95515
"2025-04-08 17:02:39.2",11822,0.02469635,0.03413391,-0.005962372,23.94793
"2025-04-08 17:02:39.25",11823,0.02723694,0.03559685,-0.004768372,23.95451
"2025-04-08 17:02:39.3",11824,0.02697372,0.03580475,-0.004533768,23.9527
"2025-04-08 17:02:39.35",11825,0.02663994,0.03498459,-0.004577637,23.95402
"2025-04-08 17:02:39.4",11826,0.02715492,0.031744,-0.004384995,23.95573
"2025-04-08 17:02:39.45",11827,0.02613068,0.03549767,-0.004350662,23.94666
"2025-04-08 17:02:39.5",11828,0.02656746,0.03534126,-0.003328323,23.94449
"2025-04-08 17:02:39.55",11829,0.02675629,0.03518677,-0.004487991,23.95441
"2025-04-08 17:02:39.6",11830,0.02719498,0.03522491,-0.005126953,23.95655
"2025-04-08 17:02:39.65",11831,0.02652359,0.03594971,-0.005104065,23.95425
"2025-04-08 17:02:39.7",11832,0.02630615,0.03538132,-0.004722595,23.94715
"2025-04-08 17:02:39.75",11833,0.03042603,0.03507805,-0.005149841,23.95557
"2025-04-08 17:02:39.8",11834,0.02738953,0.03521729,-0.005596161,23.9471
"2025-04-08 17:02:39.85",11835,0.0271492,0.03519058,-0.005624771,23.95266
"2025-04-08 17:02:39.9",11836,0.02685928,0.03525925,-0.005493164,23.95529
"2025-04-08 17:02:39.95",11837,0.02688789,0.03564262,-0.005931854,23.94762
"2025-04-08 17:02:40",11838,0.03037834,0.03627586,-0.006015778,23.95541
"2025-04-08 17:02:40.05",11839,0.03023148,0.03722382,-0.006790161,23.95471
"2025-04-08 17:02:40.1",11840,0.02687645,0.03491783,-0.005708694,23.9551
"2025-04-08 17:02:40.15",11841,0.02977943,0.03659821,-0.005636215,23.95695
"2025-04-08 17:02:40.2",11842,0.02799606,0.03422928,-0.006376266,23.95592
"2025-04-08 17:02:40.25",11843,0.02799606,0.03385162,-0.006875992,23.95574
"2025-04-08 17:02:40.3",11844,0.02709198,0.0372467,-0.005691528,23.94697
"2025-04-08 17:02:40.35",11845,0.02984238,0.03643608,-0.005578995,23.9493
"2025-04-08 17:02:40.4",11846,0.03017044,0.03622246,-0.006679535,23.95649
"2025-04-08 17:02:40.45",11847,0.03024101,0.03578758,-0.00636673,23.95477
"2025-04-08 17:02:40.5",11848,0.02952766,0.03573799,-0.00598526,23.95421
"2025-04-08 17:02:40.55",11849,0.03061295,0.03523064,-0.005752563,23.94621
"2025-04-08 17:02:40.6",11850,0.03233528,0.03491211,-0.005672455,23.95751
"2025-04-08 17:02:40.65",11851,0.03239822,0.03563118,-0.006412506,23.95509
"2025-04-08 17:02:40.7",11852,0.03301239,0.03572273,-0.005735397,23.94717
"2025-04-08 17:02:40.75",11853,0.03144836,0.03134346,-0.006071091,23.94785
"2025-04-08 17:02:40.8",11854,0.03300095,0.03431511,-0.006549835,23.96091
"2025-04-08 17:02:40.85",11855,0.03190804,0.03196907,-0.005851746,23.95147
"2025-04-08 17:02:40.9",11856,0.03124809,0.03495789,-0.005474091,23.95768
"2025-04-08 17:02:40.95",11857,0.0306263,0.03151131,-0.005567551,23.95238
"2025-04-08 17:02:41",11858,0.03120995,0.0320797,-0.005758286,23.95901
"2025-04-08 17:02:41.05",11859,0.03339958,0.03477097,-0.005903244,23.98085
"2025-04-08 17:02:41.1",11860,0.02943802,0.03487206,-0.00304985,23.95679
"2025-04-08 17:02:41.15",11861,0.03322601,0.03534889,-0.005588531,23.95509
"2025-04-08 17:02:41.2",11862,0.03187752,0.03192329,-0.002695084,23.95654
"2025-04-08 17:02:41.25",11863,0.03255463,0.03199196,-0.005750656,23.95869
"2025-04-08 17:02:41.3",11864,0.03191185,0.03548813,-0.002937317,23.9543
"2025-04-08 17:02:41.35",11865,0.02889061,0.03507423,-0.002664566,23.97741
"2025-04-08 17:02:41.4",11866,0.03165627,0.03524208,-0.005622864,23.95416
"2025-04-08 17:02:41.45",11867,0.03225899,0.03493309,-0.002958298,23.95513
"2025-04-08 17:02:41.5",11868,0.03167915,0.0355835,-0.004976273,23.95303
"2025-04-08 17:02:41.55",11869,0.03112602,0.03571701,-0.004680634,23.97373
"2025-04-08 17:02:41.6",11870,0.03233528,0.0347538,-0.002853394,23.95388
"2025-04-08 17:02:41.65",11871,0.03279877,0.03222084,-0.004577637,23.95468
"2025-04-08 17:02:41.7",11872,0.03249168,0.03582764,-0.005115509,23.97418
"2025-04-08 17:02:41.75",11873,0.03251457,0.03598404,-0.005277634,23.97348
"2025-04-08 17:02:41.8",11874,0.03198433,0.03250885,-0.004718781,23.95391
"2025-04-08 17:02:41.85",11875,0.02946663,0.03197289,-0.00513649,23.95459
"2025-04-08 17:02:41.9",11876,0.03331947,0.03553772,-0.00551796,23.95295
"2025-04-08 17:02:41.95",11877,0.03232765,0.03540993,-0.005495071,23.97672
"2025-04-08 17:02:42",11878,0.03269577,0.03569984,-0.005924225,23.97615
"2025-04-08 17:02:42.05",11879,0.03230476,0.03249168,-0.005786896,23.95526
"2025-04-08 17:02:42.1",11880,0.03066826,0.03590965,-0.006124496,23.97583
"2025-04-08 17:02:42.15",11881,0.03277397,0.0370121,-0.006483078,23.97528
"2025-04-08 17:02:42.2",11882,0.03248596,0.03624535,-0.006004333,23.95382
"2025-04-08 17:02:42.25",11883,0.03298378,0.03866005,-0.006528854,23.95547
"2025-04-08 17:02:42.3",11884,0.03321457,0.03634262,-0.006958008,23.95465
"2025-04-08 17:02:42.35",11885,0.03248787,0.03683662,-0.006902695,23.97546
"2025-04-08 17:02:42.4",11886,0.03230286,0.03736496,-0.006181717,23.95324
"2025-04-08 17:02:42.45",11887,0.03256989,0.03598213,-0.005624771,23.95381
"2025-04-08 17:02:42.5",11888,0.03349876,0.03633118,-0.006210327,23.9777
"2025-04-08 17:02:42.55",11889,0.03560448,0.03618431,-0.006299973,23.9758
"2025-04-08 17:02:42.6",11890,0.03204727,0.0360527,-0.005300522,23.97738
"2025-04-08 17:02:42.65",11891,0.03276825,0.03534889,-0.005729675,23.95418
"2025-04-08 17:02:42.7",11892,0.03282166,0.03580475,-0.006261826,23.97857
"2025-04-08 17:02:42.75",11893,0.03362656,0.03556061,-0.006616592,23.95386
"2025-04-08 17:02:42.8",11894,0.0364418,0.03526878,-0.005348206,23.97689
"2025-04-08 17:02:42.85",11895,0.03695488,0.0342598,-0.008707047,23.97826
"2025-04-08 17:02:42.9",11896,0.03720665,0.03185272,-0.009405136,23.97897
"2025-04-08 17:02:42.95",11897,0.03393364,0.03538132,-0.008031845,23.94972
"2025-04-08 17:02:43",11898,0.03647423,0.03185081,-0.00853157,23.97883
"2025-04-08 17:02:43.05",11899,0.03779221,0.0338459,-0.008243561,23.98054
"2025-04-08 17:02:43.1",11900,0.03747368,0.03444672,-0.008934021,23.98178
"2025-04-08 17:02:43.15",11901,0.03616905,0.03530121,-0.005775452,23.97943
"2025-04-08 17:02:43.2",11902,0.03652191,0.03604126,-0.006896973,23.95177
"2025-04-08 17:02:43.25",11903,0.03868675,0.03468895,-0.007974625,23.95959
"2025-04-08 17:02:43.3",11904,0.03659821,0.03489876,-0.009084702,23.98042
"2025-04-08 17:02:43.35",11905,0.03838158,0.03497696,-0.00843811,23.97886
"2025-04-08 17:02:43.4",11906,0.03796005,0.0347271,-0.008098602,23.97876
"2025-04-08 17:02:43.45",11907,0.0384903,0.03571129,-0.008337021,23.97976
"2025-04-08 17:02:43.5",11908,0.03830719,0.03260612,-0.008001328,23.95456
"2025-04-08 17:02:43.55",11909,0.0349884,0.03315926,-0.008684158,23.94528
"2025-04-08 17:02:43.6",11910,0.03916168,0.03479004,-0.00753212,23.97622
"2025-04-08 17:02:43.65",11911,0.03752708,0.03261566,-0.007762909,23.95425
"2025-04-08 17:02:43.7",11912,0.0371666,0.03554726,-0.007780075,23.97717
"2025-04-08 17:02:43.75",11913,0.03727913,0.03334236,-0.007070541,23.95164
"2025-04-08 17:02:43.8",11914,0.03733444,0.03474998,-0.007183075,23.95112
"2025-04-08 17:02:43.85",11915,0.04050255,0.03494453,-0.007511139,23.97686
"2025-04-08 17:02:43.9",11916,0.03796005,0.03302574,-0.007509232,23.97793
"2025-04-08 17:02:43.95",11917,0.04036713,0.0330143,-0.007064819,23.97397
"2025-04-08 17:02:44",11918,0.03779793,0.03226471,-0.007381439,23.95135
"2025-04-08 17:02:44.05",11919,0.03814125,0.03232193,-0.007844925,23.97831
"2025-04-08 17:02:44.1",11920,0.03804016,0.03268433,-0.008359909,23.94671
"2025-04-08 17:02:44.15",11921,0.0409832,0.03287315,-0.008079529,23.97589
"2025-04-08 17:02:44.2",11922,0.03754807,0.03185272,-0.007995605,23.95381
"2025-04-08 17:02:44.25",11923,0.0377655,0.029356,-0.008527756,23.9537
"2025-04-08 17:02:44.3",11924,0.03864098,0.03015709,-0.008916855,23.97855
"2025-04-08 17:02:44.35",11925,0.03582764,0.03103065,-0.008741379,23.97537
"2025-04-08 17:02:44.4",11926,0.03527641,0.03151131,-0.01153183,23.97695
"2025-04-08 17:02:44.45",11927,0.03873062,0.03384399,-0.008829117,23.95524
"2025-04-08 17:02:44.5",11928,0.03610039,0.0328331,-0.01189995,23.9766
"2025-04-08 17:02:44.55",11929,0.03549957,0.03161812,-0.0122757,23.95485
"2025-04-08 17:02:44.6",11930,0.03755379,0.03122711,-0.01112938,23.95368
"2025-04-08 17:02:44.65",11931,0.03425407,0.03025246,-0.01204491,23.95293
"2025-04-08 17:02:44.7",11932,0.03611183,0.03081703,-0.01130867,23.9776
"2025-04-08 17:02:44.75",11933,0.03575516,0.0310421,-0.01127625,23.95362
"2025-04-08 17:02:44.8",11934,0.03754807,0.03043938,-0.01159859,23.97657
"2025-04-08 17:02:44.85",11935,0.03479385,0.02990723,-0.01130867,23.97653
"2025-04-08 17:02:44.9",11936,0.0357151,0.02931023,-0.01152039,23.9544
"2025-04-08 17:02:44.95",11937,0.03558922,0.02968979,-0.01152229,23.92365
"2025-04-08 17:02:45",11938,0.03624535,0.02980804,-0.01119041,23.95329
"2025-04-08 17:02:45.05",11939,0.0371418,0.02952385,-0.01122093,23.97919
"2025-04-08 17:02:45.1",11940,0.03726959,0.02904701,-0.01134872,23.97897
"2025-04-08 17:02:45.15",11941,0.03785324,0.03037262,-0.01147652,23.95731
"2025-04-08 17:02:45.2",11942,0.03661537,0.02886772,-0.01063728,23.96523
"2025-04-08 17:02:45.25",11943,0.03664207,0.02805328,-0.01087189,23.95792
"2025-04-08 17:02:45.3",11944,0.03762627,0.02941704,-0.0114212,23.95938
"2025-04-08 17:02:45.35",11945,0.03384399,0.02954292,-0.01158714,23.95798
"2025-04-08 17:02:45.4",11946,0.03580666,0.02971649,-0.01075745,23.97804
"2025-04-08 17:02:45.45",11947,0.03645134,0.02851105,-0.01120758,23.95067
"2025-04-08 17:02:45.5",11948,0.03278923,0.02873039,-0.01120186,23.97992
"2025-04-08 17:02:45.55",11949,0.03288841,0.02997017,-0.01062584,23.97857
"2025-04-08 17:02:45.6",11950,0.03262901,0.02967834,-0.01108932,23.95435
"2025-04-08 17:02:45.65",11951,0.03296089,0.02907372,-0.01094437,23.95551
"2025-04-08 17:02:45.7",11952,0.03205681,0.02915382,-0.01186752,23.97622
"2025-04-08 17:02:45.75",11953,0.03470039,0.03165054,-0.009969711,23.96315
"2025-04-08 17:02:45.8",11954,0.03156471,0.03014755,-0.01019096,23.95313
"2025-04-08 17:02:45.85",11955,0.03180122,0.02909088,-0.01031876,23.9747
"2025-04-08 17:02:45.9",11956,0.03222084,0.0297184,-0.0105896,23.97816
"2025-04-08 17:02:45.95",11957,0.03032494,0.02962875,-0.009237289,23.9451
"2025-04-08 17:02:46",11958,0.03178978,0.0300808,-0.009147644,23.97517
"2025-04-08 17:02:46.05",11959,0.03171539,0.02989769,-0.00919342,23.95338
"2025-04-08 17:02:46.1",11960,0.03000641,0.03036499,-0.0105648,23.95403
"2025-04-08 17:02:46.15",11961,0.02969551,0.02962875,-0.010252,23.95165
"2025-04-08 17:02:46.2",11962,0.02962303,0.0292244,-0.0100174,23.95305
"2025-04-08 17:02:46.25",11963,0.02954865,0.02951241,-0.0104332,23.97761
"2025-04-08 17:02:46.3",11964,0.03403664,0.03289604,-0.008615494,23.96476
"2025-04-08 17:02:46.35",11965,0.03001213,0.03000641,-0.01099586,23.953
"2025-04-08 17:02:46.4",11966,0.02654648,0.03024292,-0.01046562,23.95153
"2025-04-08 17:02:46.45",11967,0.03066063,0.03359413,-0.008794785,23.96331
"2025-04-08 17:02:46.5",11968,0.02782822,0.03035545,-0.008220673,23.97702
"2025-04-08 17:02:46.55",11969,0.02728271,0.03056717,-0.01257706,23.97716
"2025-04-08 17:02:46.6",11970,0.02705765,0.03363228,-0.01116371,23.95316
"2025-04-08 17:02:46.65",11971,0.02780914,0.03122711,-0.01126289,23.9767
"2025-04-08 17:02:46.7",11972,0.03092575,0.03417587,-0.009235382,23.97781
"2025-04-08 17:02:46.75",11973,0.02768326,0.03142548,-0.009483337,23.97618
"2025-04-08 17:02:46.8",11974,0.02704811,0.03479004,-0.00800705,23.97612
"2025-04-08 17:02:46.85",11975,0.02656364,0.03438759,-0.009302139,23.95445
"2025-04-08 17:02:46.9",11976,0.02773666,0.03285599,-0.008506775,23.9754
"2025-04-08 17:02:46.95",11977,0.02627563,0.03381729,-0.008180618,23.97733
"2025-04-08 17:02:47",11978,0.0268364,0.03267288,-0.008331299,23.95394
"2025-04-08 17:02:47.05",11979,0.02417183,0.03272247,-0.008590698,23.95474
"2025-04-08 17:02:47.1",11980,0.0272789,0.03260612,-0.008968353,23.97695
"2025-04-08 17:02:47.15",11981,0.02720833,0.03214264,-0.009386063,23.95398
"2025-04-08 17:02:47.2",11982,0.02474022,0.03258324,-0.00809288,23.95244
"2025-04-08 17:02:47.25",11983,0.03252602,0.03604507,-0.006483078,23.98768
"2025-04-08 17:02:47.3",11984,0.02671814,0.03182983,-0.009191513,23.95714
"2025-04-08 17:02:47.35",11985,0.02646255,0.03188324,-0.009204865,23.95895
"2025-04-08 17:02:47.4",11986,0.02939224,0.03634262,-0.005222321,23.96577
"2025-04-08 17:02:47.45",11987,0.02612114,0.03385162,-0.008081436,23.95073
"2025-04-08 17:02:47.5",11988,0.02919769,0.03608894,-0.005426407,23.96579
"2025-04-08 17:02:47.55",11989,0.02544022,0.03173256,-0.007984161,23.98171
"2025-04-08 17:02:47.6",11990,0.02542305,0.0347271,-0.007917404,23.95573
"2025-04-08 17:02:47.65",11991,0.02516174,0.03194427,-0.008285522,23.95665
"2025-04-08 17:02:47.7",11992,0.02538872,0.03481293,-0.009521484,23.95712
"2025-04-08 17:02:47.75",11993,0.02208328,0.03544044,-0.009141922,23.95596
"2025-04-08 17:02:47.8",11994,0.02197075,0.03265953,-0.007995605,23.9545
"2025-04-08 17:02:47.85",11995,0.02167702,0.03443527,-0.008449554,23.95551
"2025-04-08 17:02:47.9",11996,0.02409935,0.0348053,-0.008504868,23.95547
"2025-04-08 17:02:47.95",11997,0.02085304,0.03254318,-0.007930756,23.95375
"2025-04-08 17:02:48",11998,0.02106094,0.03507996,-0.007867813,23.95556
"2025-04-08 17:02:48.05",11999,0.02129173,0.03536224,-0.005065918,23.9534
"2025-04-08 17:02:48.1",12000,0.02150154,0.03578186,-0.005222321,23.95409
"2025-04-08 17:02:48.15",12001,0.0232048,0.03783226,-0.007534027,23.94412
"2025-04-08 17:02:48.2",12002,0.02066612,0.03530121,-0.006280899,23.97517
"2025-04-08 17:02:48.25",12003,0.02140045,0.03468704,-0.006790161,23.95196
"2025-04-08 17:02:48.3",12004,0.0217762,0.03605652,-0.007688522,23.9533
"2025-04-08 17:02:48.35",12005,0.02117157,0.03593254,-0.007520676,23.95016
"2025-04-08 17:02:48.4",12006,0.01903915,0.03551102,-0.007444382,23.9536
"2025-04-08 17:02:48.45",12007,0.02298927,0.03801537,-0.006250381,23.96315
"2025-04-08 17:02:48.5",12008,0.02180862,0.03581047,-0.008472443,23.95388
"2025-04-08 17:02:48.55",12009,0.01814079,0.03528404,-0.008104324,23.95313
"2025-04-08 17:02:48.6",12010,0.0220623,0.03489876,-0.007936478,23.95411
"2025-04-08 17:02:48.65",12011,0.01960182,0.03527451,-0.008220673,23.9469
"2025-04-08 17:02:48.7",12012,0.01924706,0.03702736,-0.008579254,23.95583
"2025-04-08 17:02:48.75",12013,0.01923561,0.03672028,-0.009067535,23.95441
"2025-04-08 17:02:48.8",12014,0.0192852,0.036129,-0.006286621,23.95304
"2025-04-08 17:02:48.85",12015,0.01954269,0.03655434,-0.008325577,23.95562
"2025-04-08 17:02:48.9",12016,0.01978874,0.03688431,-0.009538651,23.95416
"2025-04-08 17:02:48.95",12017,0.02205086,0.03731155,-0.009504318,23.94559
"2025-04-08 17:02:49",12018,0.01869202,0.0372448,-0.008426666,23.953
"2025-04-08 17:02:49.05",12019,0.01969337,0.03604698,-0.008766174,23.95446
"2025-04-08 17:02:49.1",12020,0.02183151,0.03598404,-0.005661011,23.95543
"2025-04-08 17:02:49.15",12021,0.01831436,0.03642464,-0.00933075,23.95242
"2025-04-08 17:02:49.2",12022,0.01841927,0.03540421,-0.008975983,23.95239
"2025-04-08 17:02:49.25",12023,0.01878929,0.03502274,-0.008478165,23.95554
"2025-04-08 17:02:49.3",12024,0.01959801,0.03592873,-0.008817673,23.95457
"2025-04-08 17:02:49.35",12025,0.023983,0.03821182,-0.005878448,23.95317
"2025-04-08 17:02:49.4",12026,0.02443314,0.03867531,-0.006298065,23.92289
"2025-04-08 17:02:49.45",12027,0.02092552,0.03625679,-0.008594513,23.94771
"2025-04-08 17:02:49.5",12028,0.02097893,0.03397369,-0.008705139,23.95751
"2025-04-08 17:02:49.55",12029,0.02360153,0.03462219,-0.008766174,23.95693
"2025-04-08 17:02:49.6",12030,0.02114105,0.03399467,-0.008638382,23.95767
"2025-04-08 17:02:49.65",12031,0.02105713,0.03385162,-0.007583618,23.97997
"2025-04-08 17:02:49.7",12032,0.0206604,0.03492355,-0.009176254,23.98054
"2025-04-08 17:02:49.75",12033,0.02021599,0.0327549,-0.00881958,23.9577
"2025-04-08 17:02:49.8",12034,0.01921654,0.03164864,-0.008699417,23.95665
"2025-04-08 17:02:49.85",12035,0.02074814,0.03891754,-0.006280899,23.96163
"2025-04-08 17:02:49.9",12036,0.02007675,0.03160667,-0.009002686,23.97962
"2025-04-08 17:02:49.95",12037,0.01964951,0.03232193,-0.009269714,23.95632
"2025-04-08 17:02:50",12038,0.01908493,0.03515625,-0.008464813,23.94882
"2025-04-08 17:02:50.05",12039,0.01831818,0.03228188,-0.008590698,23.9544
"2025-04-08 17:02:50.1",12040,0.02364731,0.03922272,-0.005283356,23.96223
"2025-04-08 17:02:50.15",12041,0.0184536,0.03502274,-0.007997513,23.94522
"2025-04-08 17:02:50.2",12042,0.01829147,0.02987862,-0.008197784,23.94273
"2025-04-08 17:02:50.25",12043,0.01976585,0.03196335,-0.00705719,23.94449
"2025-04-08 17:02:50.3",12044,0.0184536,0.03236389,-0.007036209,23.94452
"2025-04-08 17:02:50.35",12045,0.01807785,0.03281021,-0.008029938,23.9516
"2025-04-08 17:02:50.4",12046,0.01826286,0.03287888,-0.004623413,23.95005
"2025-04-08 17:02:50.45",12047,0.02050781,0.03142548,-0.004396439,23.9516
"2025-04-08 17:02:50.5",12048,0.02319908,0.03509712,-0.00551033,23.95516
"2025-04-08 17:02:50.55",12049,0.02082062,0.0363121,-0.00604248,23.95562
"2025-04-08 17:02:50.6",12050,0.01813507,0.03272247,-0.003059387,23.95288
"2025-04-08 17:02:50.65",12051,0.01846886,0.03208733,-0.007259369,23.95299
"2025-04-08 17:02:50.7",12052,0.01907158,0.03189468,-0.00501442,23.94467
"2025-04-08 17:02:50.75",12053,0.0218544,0.03170967,-0.008550644,23.94492
"2025-04-08 17:02:50.8",12054,0.01927376,0.03249741,-0.0085392,23.94576
"2025-04-08 17:02:50.85",12055,0.02142525,0.02946472,-0.007850647,23.94564
"2025-04-08 17:02:50.9",12056,0.01938057,0.03053284,-0.008506775,23.92423
"2025-04-08 17:02:50.95",12057,0.02054214,0.03303528,-0.009096146,23.94687
"2025-04-08 17:02:51",12058,0.0196209,0.034338,-0.009550095,23.97466
"2025-04-08 17:02:51.05",12059,0.01879501,0.03584862,-0.009292603,23.94474
"2025-04-08 17:02:51.1",12060,0.02160454,0.03404045,-0.004919052,23.96201
"2025-04-08 17:02:51.15",12061,0.02435112,0.0331459,-0.005775452,23.95452
"2025-04-08 17:02:51.2",12062,0.02346992,0.03134346,-0.007141113,23.95347
"2025-04-08 17:02:51.25",12063,0.02467918,0.03297806,-0.006792068,23.9584
"2025-04-08 17:02:51.3",12064,0.02152634,0.0306797,-0.008014679,23.95422
"2025-04-08 17:02:51.35",12065,0.02140045,0.03001213,-0.01185226,23.9781
"2025-04-08 17:02:51.4",12066,0.02182007,0.03047562,-0.01184082,23.95452
"2025-04-08 17:02:51.45",12067,0.02085304,0.02969933,-0.01085663,23.94427
"2025-04-08 17:02:51.5",12068,0.02142334,0.02954292,-0.009181976,23.95287
"2025-04-08 17:02:51.55",12069,0.02224541,0.029562,-0.008934021,23.95545
"2025-04-08 17:02:51.6",12070,0.02214622,0.02983475,-0.01153946,23.94769
"2025-04-08 17:02:51.65",12071,0.02227402,0.02988434,-0.00841713,23.92326
"2025-04-08 17:02:51.7",12072,0.02329636,0.02901459,-0.01027679,23.9554
"2025-04-08 17:02:51.75",12073,0.02426147,0.02913094,-0.01115799,23.92728
"2025-04-08 17:02:51.8",12074,0.02279091,0.0291481,-0.01150894,23.94877
"2025-04-08 17:02:51.85",12075,0.02575302,0.03429604,-0.009159088,23.92674
"2025-04-08 17:02:51.9",12076,0.02260208,0.02933884,-0.0109272,23.94805
"2025-04-08 17:02:51.95",12077,0.02355576,0.02900314,-0.01120186,23.95021
"2025-04-08 17:02:52",12078,0.02295494,0.02978516,-0.01207924,23.93032
"2025-04-08 17:02:52.05",12079,0.02213287,0.02917671,-0.0115757,23.94706
"2025-04-08 17:02:52.1",12080,0.02157402,0.02909088,-0.01099014,23.94725
"2025-04-08 17:02:52.15",12081,0.02519798,0.02900696,-0.01176643,23.95745
"2025-04-08 17:02:52.2",12082,0.02184868,0.02945518,-0.01205254,23.94775
"2025-04-08 17:02:52.25",12083,0.02168655,0.02959061,-0.01104736,23.94766
"2025-04-08 17:02:52.3",12084,0.02002907,0.0294838,-0.01071739,23.94671
"2025-04-08 17:02:52.35",12085,0.02428818,0.02892303,-0.01014137,23.95561
"2025-04-08 17:02:52.4",12086,0.02157402,0.02988434,-0.01106453,23.9467
"2025-04-08 17:02:52.45",12087,0.02036476,0.03005791,-0.009819031,23.91979
"2025-04-08 17:02:52.5",12088,0.02069283,0.02941513,-0.008483887,23.94397
"2025-04-08 17:02:52.55",12089,0.02442741,0.02889824,-0.0100193,23.92113
"2025-04-08 17:02:52.6",12090,0.02090454,0.03029823,-0.01001167,23.94588
"2025-04-08 17:02:52.65",12091,0.02051544,0.02946472,-0.01045609,23.95127
"2025-04-08 17:02:52.7",12092,0.0204525,0.02983093,-0.01006889,23.95371
"2025-04-08 17:02:52.75",12093,0.02424049,0.03126907,-0.01016808,23.92357
"2025-04-08 17:02:52.8",12094,0.02453613,0.028862,-0.00976181,23.92309
"2025-04-08 17:02:52.85",12095,0.02348328,0.02914238,-0.01012421,23.944
"2025-04-08 17:02:52.9",12096,0.0236702,0.02898598,-0.01047707,23.94483
"2025-04-08 17:02:52.95",12097,0.02471542,0.02812195,-0.01107025,23.94698
"2025-04-08 17:02:53",12098,0.02751541,0.02974129,-0.01062584,23.94772
"2025-04-08 17:02:53.05",12099,0.02087593,0.02991295,-0.01165962,23.97476
"2025-04-08 17:02:53.1",12100,0.02381325,0.03046036,-0.01119804,23.92302
"2025-04-08 17:02:53.15",12101,0.02389336,0.03043938,-0.01119804,23.94651
"2025-04-08 17:02:53.2",12102,0.0246067,0.03128052,-0.01210022,23.9253
"2025-04-08 17:02:53.25",12103,0.0216465,0.03120995,-0.01218414,23.95362
"2025-04-08 17:02:53.3",12104,0.02356339,0.02877235,-0.01121902,23.95272
"2025-04-08 17:02:53.35",12105,0.02137947,0.03079414,-0.0111351,23.9549
"2025-04-08 17:02:53.4",12106,0.02469826,0.0318737,-0.01202393,23.9542
"2025-04-08 17:02:53.45",12107,0.02330589,0.03083992,-0.01152802,23.94621
"2025-04-08 17:02:53.5",12108,0.02374077,0.03095627,-0.01193047,23.94497
"2025-04-08 17:02:53.55",12109,0.02432251,0.0304718,-0.01158905,23.97622
"2025-04-08 17:02:53.6",12110,0.02212715,0.02727127,-0.0120163,23.94785
"2025-04-08 17:02:53.65",12111,0.02362633,0.03045082,-0.01404572,23.92384
"2025-04-08 17:02:53.7",12112,0.02409935,0.0293808,-0.01127625,23.97395
"2025-04-08 17:02:53.75",12113,0.02195549,0.02932167,-0.01129723,23.92475
"2025-04-08 17:02:53.8",12114,0.02501678,0.02884102,-0.01163673,23.9462
"2025-04-08 17:02:53.85",12115,0.02621078,0.02902031,-0.01172829,23.94768
"2025-04-08 17:02:53.9",12116,0.0249157,0.0278511,-0.01025391,23.95371
"2025-04-08 17:02:53.95",12117,0.02639389,0.02823639,-0.01132011,23.98326
"2025-04-08 17:02:54",12118,0.02352905,0.02948952,-0.01080132,23.95073
"2025-04-08 17:02:54.05",12119,0.0249691,0.02932167,-0.01130867,23.95654
"2025-04-08 17:02:54.1",12120,0.02243996,0.02820015,-0.01106453,23.94906
"2025-04-08 17:02:54.15",12121,0.02290535,0.02818108,-0.0139904,23.98096
"2025-04-08 17:02:54.2",12122,0.02791977,0.03317642,-0.008626938,23.96155
"2025-04-08 17:02:54.25",12123,0.02219582,0.03000069,-0.0112915,23.95563
"2025-04-08 17:02:54.3",12124,0.02176094,0.02880096,-0.01317406,23.95579
"2025-04-08 17:02:54.35",12125,0.02490997,0.02884102,-0.01160431,23.94959
"2025-04-08 17:02:54.4",12126,0.02677536,0.03005981,-0.0148716,23.95418
"2025-04-08 17:02:54.45",12127,0.02336884,0.02958298,-0.01370621,23.97647
"2025-04-08 17:02:54.5",12128,0.02332687,0.02653503,-0.0109787,23.94444
"2025-04-08 17:02:54.55",12129,0.02096558,0.03005409,-0.01375389,23.97482
"2025-04-08 17:02:54.6",12130,0.02671814,0.0306797,-0.008422852,23.95235
"2025-04-08 17:02:54.65",12131,0.02307701,0.02931595,-0.009269714,23.94391
"2025-04-08 17:02:54.7",12132,0.02358437,0.02684784,-0.01003456,23.93264
"2025-04-08 17:02:54.75",12133,0.02384186,0.02639961,-0.01241493,23.97681
"2025-04-08 17:02:54.8",12134,0.02399254,0.02955437,-0.009687424,23.95359
"2025-04-08 17:02:54.85",12135,0.02400589,0.0277462,-0.01086044,23.95985
"2025-04-08 17:02:54.9",12136,0.02395821,0.02587509,-0.01251602,23.95449
"2025-04-08 17:02:54.95",12137,0.02440071,0.0291996,-0.01046371,23.95477
"2025-04-08 17:02:55",12138,0.02438545,0.02694702,-0.01290131,23.9469
"2025-04-08 17:02:55.05",12139,0.02446747,0.02641296,-0.01292801,23.95274
"2025-04-08 17:02:55.1",12140,0.02365875,0.02622795,-0.01352501,23.95436
"2025-04-08 17:02:55.15",12141,0.02193069,0.02642441,-0.01391029,23.946
"2025-04-08 17:02:55.2",12142,0.02148438,0.0267868,-0.01371002,23.95366
"2025-04-08 17:02:55.25",12143,0.02422714,0.02695274,-0.01365471,23.94624
"2025-04-08 17:02:55.3",12144,0.02394676,0.03024292,-0.01129723,23.97545
"2025-04-08 17:02:55.35",12145,0.02461243,0.02830887,-0.01457024,23.9478
"2025-04-08 17:02:55.4",12146,0.02441597,0.02892303,-0.01499557,23.92329
"2025-04-08 17:02:55.45",12147,0.02389908,0.02814293,-0.01115227,23.94433
"2025-04-08 17:02:55.5",12148,0.0242157,0.02866173,-0.01473236,23.9549
"2025-04-08 17:02:55.55",12149,0.02432251,0.02836037,-0.01461411,23.95518
"2025-04-08 17:02:55.6",12150,0.02716064,0.03151512,-0.01119232,23.95283
"2025-04-08 17:02:55.65",12151,0.02089882,0.02794266,-0.01377678,23.94397
"2025-04-08 17:02:55.7",12152,0.02430725,0.02734375,-0.01429176,23.94638
"2025-04-08 17:02:55.75",12153,0.02234459,0.02755737,-0.0141468,23.95378
"2025-04-08 17:02:55.8",12154,0.02363014,0.02741051,-0.01413536,23.94403
"2025-04-08 17:02:55.85",12155,0.02378273,0.02658844,-0.01417542,23.94629
"2025-04-08 17:02:55.9",12156,0.02137375,0.02684212,-0.01373672,23.94698
"2025-04-08 17:02:55.95",12157,0.02551079,0.02649498,-0.01400566,23.92521
"2025-04-08 17:02:56",12158,0.02662468,0.02627182,-0.01396751,23.94514
"2025-04-08 17:02:56.05",12159,0.02488518,0.0258255,-0.01097298,23.94632
"2025-04-08 17:02:56.1",12160,0.02645111,0.02576447,-0.01364899,23.95663
"2025-04-08 17:02:56.15",12161,0.02675629,0.02575874,-0.0143528,23.94941
"2025-04-08 17:02:56.2",12162,0.02614212,0.02388763,-0.01410294,23.94833
"2025-04-08 17:02:56.25",12163,0.02538872,0.02617264,-0.01349258,23.95748
"2025-04-08 17:02:56.3",12164,0.02573586,0.02596855,-0.01406097,23.95378
"2025-04-08 17:02:56.35",12165,0.02596474,0.02624512,-0.0135746,23.95025
"2025-04-08 17:02:56.4",12166,0.02267647,0.02662277,-0.01364326,23.95575
"2025-04-08 17:02:56.45",12167,0.02486038,0.02627563,-0.01379013,23.94658
"2025-04-08 17:02:56.5",12168,0.02392197,0.02372551,-0.01450729,23.92619
"2025-04-08 17:02:56.55",12169,0.02509308,0.02441025,-0.01415253,23.94651
"2025-04-08 17:02:56.6",12170,0.02102852,0.02484131,-0.01338196,23.9542
"2025-04-08 17:02:56.65",12171,0.02305984,0.02447891,-0.01389313,23.94543
"2025-04-08 17:02:56.7",12172,0.02318192,0.02425957,-0.0142746,23.94467
"2025-04-08 17:02:56.75",12173,0.02120209,0.02415466,-0.01352692,23.94582
"2025-04-08 17:02:56.8",12174,0.0203476,0.02453613,-0.01283264,23.94368
"2025-04-08 17:02:56.85",12175,0.0266571,0.02528954,-0.009374619,23.94136
"2025-04-08 17:02:56.9",12176,0.02114105,0.02397537,-0.0149231,23.94578
"2025-04-08 17:02:56.95",12177,0.02635002,0.02791405,-0.0101738,23.98625
"2025-04-08 17:02:57",12178,0.02331161,0.02450752,-0.01338768,23.94321
"2025-04-08 17:02:57.05",12179,0.02105522,0.02415466,-0.01241302,23.9422
"2025-04-08 17:02:57.1",12180,0.02415657,0.02336311,-0.01308632,23.92292
"2025-04-08 17:02:57.15",12181,0.02424622,0.02456665,-0.01313972,23.95461
"2025-04-08 17:02:57.2",12182,0.02150726,0.02398682,-0.01248741,23.94462
"2025-04-08 17:02:57.25",12183,0.02212906,0.02322197,-0.01291084,23.94608
"2025-04-08 17:02:57.3",12184,0.02465248,0.02352524,-0.01313019,23.95509
"2025-04-08 17:02:57.35",12185,0.02542877,0.02406693,-0.01373291,23.94683
"2025-04-08 17:02:57.4",12186,0.02153587,0.02518654,-0.01447105,23.95471
"2025-04-08 17:02:57.45",12187,0.02122307,0.02699661,-0.01306915,23.95329
"2025-04-08 17:02:57.5",12188,0.02433968,0.02488136,-0.01640892,23.95429
"2025-04-08 17:02:57.55",12189,0.02429962,0.02521515,-0.01456451,23.95591
"2025-04-08 17:02:57.6",12190,0.02528191,0.02584648,-0.01593208,23.92299
"2025-04-08 17:02:57.65",12191,0.02119064,0.02624512,-0.01461411,23.94388
"2025-04-08 17:02:57.7",12192,0.02427864,0.02581406,-0.01428986,23.95304
"2025-04-08 17:02:57.75",12193,0.02465057,0.02552223,-0.01495171,23.92371
"2025-04-08 17:02:57.8",12194,0.02452469,0.02614212,-0.0147171,23.92388
"2025-04-08 17:02:57.85",12195,0.02455139,0.02575874,-0.01635361,23.94479
"2025-04-08 17:02:57.9",12196,0.02403069,0.02516174,-0.01412773,23.9227
"2025-04-08 17:02:57.95",12197,0.02152443,0.02460098,-0.01702118,23.95485
"2025-04-08 17:02:58",12198,0.02472305,0.02477455,-0.01448822,23.94664
"2025-04-08 17:02:58.05",12199,0.02395821,0.02467537,-0.01373672,23.95391
"2025-04-08 17:02:58.1",12200,0.02380371,0.02330208,-0.01638985,23.94415
"2025-04-08 17:02:58.15",12201,0.02529335,0.02279282,-0.01347542,23.94693
"2025-04-08 17:02:58.2",12202,0.02672005,0.02212715,-0.0140667,23.96572
"2025-04-08 17:02:58.25",12203,0.022995,0.02356911,-0.01428604,23.94726
"2025-04-08 17:02:58.3",12204,0.02595329,0.02379608,-0.01361465,23.94839
"2025-04-08 17:02:58.35",12205,0.02432442,0.02250862,-0.01339722,23.94879
"2025-04-08 17:02:58.4",12206,0.02611923,0.02284431,-0.01432419,23.93138
"2025-04-08 17:02:58.45",12207,0.02610397,0.02392006,-0.01431465,23.95723
"2025-04-08 17:02:58.5",12208,0.02241898,0.02400398,-0.0145874,23.94928
"2025-04-08 17:02:58.55",12209,0.02572823,0.02311134,-0.01676559,23.94836
"2025-04-08 17:02:58.6",12210,0.02290535,0.02353668,-0.01678085,23.95073
"2025-04-08 17:02:58.65",12211,0.02632332,0.02594185,-0.0110054,23.96037
"2025-04-08 17:02:58.7",12212,0.02475166,0.02428246,-0.01691628,23.92572
"2025-04-08 17:02:58.75",12213,0.02262878,0.02442169,-0.01420021,23.95383
"2025-04-08 17:02:58.8",12214,0.02351761,0.0239315,-0.0136261,23.94871
"2025-04-08 17:02:58.85",12215,0.02180481,0.02338028,-0.01444054,23.95639
"2025-04-08 17:02:58.9",12216,0.02074814,0.02412605,-0.01585579,23.94594
"2025-04-08 17:02:58.95",12217,0.02748489,0.0284214,-0.009309769,23.95391
"2025-04-08 17:02:59",12218,0.0226078,0.02144814,-0.01555443,23.94388
"2025-04-08 17:02:59.05",12219,0.02402115,0.02158546,-0.01527405,23.94666
"2025-04-08 17:02:59.1",12220,0.02363396,0.0212059,-0.01576424,23.94611
"2025-04-08 17:02:59.15",12221,0.02409363,0.02129745,-0.01551819,23.95395
"2025-04-08 17:02:59.2",12222,0.02043533,0.02436829,-0.01591492,23.92238
"2025-04-08 17:02:59.25",12223,0.02168655,0.02112961,-0.01518631,23.94712
"2025-04-08 17:02:59.3",12224,0.02177429,0.02643776,-0.01152039,23.93413
"2025-04-08 17:02:59.35",12225,0.02131653,0.02448082,-0.0161438,23.95623
"2025-04-08 17:02:59.4",12226,0.02190971,0.02407837,-0.015028,23.94614
"2025-04-08 17:02:59.45",12227,0.02417755,0.02354622,-0.01565552,23.92313
"2025-04-08 17:02:59.5",12228,0.02441025,0.02398682,-0.01315689,23.94867
"2025-04-08 17:02:59.55",12229,0.02528191,0.02415657,-0.01679993,23.92412
"2025-04-08 17:02:59.6",12230,0.02078629,0.0244236,-0.01718903,23.9761
"2025-04-08 17:02:59.65",12231,0.02140808,0.02567482,-0.01690483,23.94564
"2025-04-08 17:02:59.7",12232,0.02187729,0.02462959,-0.01749229,23.94733
"2025-04-08 17:02:59.75",12233,0.02169228,0.02417755,-0.01680946,23.94542
"2025-04-08 17:02:59.8",12234,0.02450752,0.02727127,-0.0177803,23.94534
"2025-04-08 17:02:59.85",12235,0.02366829,0.02607155,-0.0171051,23.94641
"2025-04-08 17:02:59.9",12236,0.02178001,0.02579308,-0.01622772,23.94693
"2025-04-08 17:02:59.95",12237,0.0247097,0.02571487,-0.01706123,23.94642
"2025-04-08 17:03:00",12238,0.02460289,0.02556229,-0.0175457,23.92567
"2025-04-08 17:03:00.05",12239,0.02132797,0.02534103,-0.01637077,23.94855
"2025-04-08 17:03:00.1",12240,0.02259445,0.02501297,-0.01352119,23.95488
"2025-04-08 17:03:00.15",12241,0.02187347,0.02182388,-0.01693344,23.94736
"2025-04-08 17:03:00.2",12242,0.02449989,0.02246666,-0.01682472,23.9519
"2025-04-08 17:03:00.25",12243,0.02772903,0.02560616,-0.0141964,23.96832
"2025-04-08 17:03:00.3",12244,0.02727509,0.02366257,-0.01409912,23.96589
"2025-04-08 17:03:00.35",12245,0.02744865,0.02739143,-0.01355553,23.97057
"2025-04-08 17:03:00.4",12246,0.02328682,0.02266312,-0.01635933,23.96689
"2025-04-08 17:03:00.45",12247,0.03033066,0.02937126,-0.0153923,23.97057
"2025-04-08 17:03:00.5",12248,0.02235603,0.02354622,-0.01641464,23.9693
"2025-04-08 17:03:00.55",12249,0.02571297,0.02293396,-0.01661682,23.98809
"2025-04-08 17:03:00.6",12250,0.02387238,0.02062225,-0.01706696,23.99105
"2025-04-08 17:03:00.65",12251,0.02332115,0.02405357,-0.01690292,23.99344
"2025-04-08 17:03:00.7",12252,0.0224514,0.02160072,-0.01697922,23.98425
"2025-04-08 17:03:00.75",12253,0.02262688,0.02398109,-0.0166626,23.99514
"2025-04-08 17:03:00.8",12254,0.02534294,0.02065659,-0.01660347,23.9887
"2025-04-08 17:03:00.85",12255,0.02304268,0.02436447,-0.01611519,23.98978
"2025-04-08 17:03:00.9",12256,0.02219772,0.02162743,-0.01642036,23.99694
"2025-04-08 17:03:00.95",12257,0.02133179,0.02226448,-0.01577187,23.9875
"2025-04-08 17:03:01",12258,0.02124786,0.02101517,-0.01580811,23.99458
"2025-04-08 17:03:01.05",12259,0.02124786,0.02119255,-0.01639175,23.98956
"2025-04-08 17:03:01.1",12260,0.02074814,0.02177238,-0.01561165,23.9662
"2025-04-08 17:03:01.15",12261,0.02005959,0.02451706,-0.01527023,23.99784
"2025-04-08 17:03:01.2",12262,0.02085686,0.0212822,-0.01365471,24.00062
"2025-04-08 17:03:01.25",12263,0.02127266,0.02009201,-0.01475525,24.00503
"2025-04-08 17:03:01.3",12264,0.02169609,0.02401924,-0.01578903,24.01197
"2025-04-08 17:03:01.35",12265,0.02514076,0.02839661,-0.01329994,24.02133
"2025-04-08 17:03:01.4",12266,0.02070618,0.02379036,-0.01369476,24.005
"2025-04-08 17:03:01.45",12267,0.02108574,0.02118683,-0.01508713,24.01653
"2025-04-08 17:03:01.5",12268,0.02206421,0.02335358,-0.01534462,24.01942
"2025-04-08 17:03:01.55",12269,0.02127838,0.02384758,-0.01570702,24.01714
"2025-04-08 17:03:01.6",12270,0.02160835,0.02391243,-0.01562881,24.01601
"2025-04-08 17:03:01.65",12271,0.02092361,0.02326393,-0.01588631,24.00968
"2025-04-08 17:03:01.7",12272,0.02529716,0.02467346,-0.01379967,24.02274
"2025-04-08 17:03:01.75",12273,0.02180862,0.02440071,-0.01662636,24.01891
"2025-04-08 17:03:01.8",12274,0.02131653,0.02490807,-0.016325,24.01573
"2025-04-08 17:03:01.85",12275,0.02168083,0.02464485,-0.01606369,24.01746
"2025-04-08 17:03:01.9",12276,0.02201462,0.02228928,-0.01636314,24.01163
"2025-04-08 17:03:01.95",12277,0.02202988,0.02209282,-0.01699066,24.01283
"2025-04-08 17:03:02",12278,0.02170563,0.02584076,-0.01742172,24.00976
"2025-04-08 17:03:02.05",12279,0.0212307,0.02534294,-0.01668358,24.04077
"2025-04-08 17:03:02.1",12280,0.02087402,0.02235603,-0.01608086,24.02047
"2025-04-08 17:03:02.15",12281,0.02126503,0.0256958,-0.01698494,24.01282
"2025-04-08 17:03:02.2",12282,0.02539444,0.0263195,-0.01607513,24.00882
"2025-04-08 17:03:02.25",12283,0.0247345,0.02747536,-0.01654434,24.02013
"2025-04-08 17:03:02.3",12284,0.02418137,0.0243721,-0.02222252,24.01138
"2025-04-08 17:03:02.35",12285,0.02179527,0.0248394,-0.02128983,24.01964
"2025-04-08 17:03:02.4",12286,0.02160263,0.0226059,-0.01984596,24.01886
"2025-04-08 17:03:02.45",12287,0.02133751,0.02292633,-0.01491928,24.0073
"2025-04-08 17:03:02.5",12288,0.0223999,0.02503014,-0.009399414,24.01806
"2025-04-08 17:03:02.55",12289,0.02265167,0.0194664,-0.01011658,24.01038
"2025-04-08 17:03:02.6",12290,0.02346039,0.02352142,-0.0112381,24.01617
"2025-04-08 17:03:02.65",12291,0.02298737,0.02376747,-0.008787155,24.01445
"2025-04-08 17:03:02.7",12292,0.02796173,0.02394676,-0.01302338,24.02488
"2025-04-08 17:03:02.75",12293,0.02318001,0.02317047,-0.01164436,24.00997
"2025-04-08 17:03:02.8",12294,0.02282906,0.02347374,-0.003211975,24.0181
"2025-04-08 17:03:02.85",12295,0.02301216,0.0209465,-1.907349E-06,24.01682
"2025-04-08 17:03:02.9",12296,0.02309608,0.02298546,0.0006141663,24.01706
"2025-04-08 17:03:02.95",12297,0.02264977,0.02036095,-8.010864E-05,24.01465
"2025-04-08 17:03:03",12298,0.024786,0.02192497,-0.001672745,23.98228
"2025-04-08 17:03:03.05",12299,0.02202034,0.0247612,-0.0002574921,24.00304
"2025-04-08 17:03:03.1",12300,0.02408028,0.02671623,0.003713608,24.01051
"2025-04-08 17:03:03.15",12301,0.02196312,0.02446175,0.001791,24.00666
"2025-04-08 17:03:03.2",12302,0.02145195,0.02505875,-0.001106262,24.01414
"2025-04-08 17:03:03.25",12303,0.02076912,0.02223206,0.005990982,24.01403
"2025-04-08 17:03:03.3",12304,0.02542496,0.02840805,0.00812912,24.0172
"2025-04-08 17:03:03.35",12305,0.02049065,0.02119255,0.007360458,24.00928
"2025-04-08 17:03:03.4",12306,0.02099228,0.0243988,0.009096146,24.03193
"2025-04-08 17:03:03.45",12307,0.02052689,0.02469444,0.00750351,24.03802
"2025-04-08 17:03:03.5",12308,0.02499199,0.0250988,0.007705688,24.04155
"2025-04-08 17:03:03.55",12309,0.02141571,0.02385902,0.0072155,24.04034
"2025-04-08 17:03:03.6",12310,0.02165604,0.02861595,0.006008148,24.0479
"2025-04-08 17:03:03.65",12311,0.0210743,0.02457237,0.008802414,24.03738
"2025-04-08 17:03:03.7",12312,0.02031517,0.02299309,0.007667542,24.03934
"2025-04-08 17:03:03.75",12313,0.02209282,0.02537155,0.006456375,24.03974
"2025-04-08 17:03:03.8",12314,0.02116013,0.02541161,0.007427216,24.03537
"2025-04-08 17:03:03.85",12315,0.02038765,0.03232384,0.01203346,24.05022
"2025-04-08 17:03:03.9",12316,0.02164459,0.02691269,0.009664536,24.04327
"2025-04-08 17:03:03.95",12317,0.02186203,0.02907181,0.006397247,24.04529
"2025-04-08 17:03:04",12318,0.02145195,0.0338707,0.003311157,24.04469
"2025-04-08 17:03:04.05",12319,0.0206356,0.03989029,0.008939743,24.04049
"2025-04-08 17:03:04.1",12320,0.02251053,0.04428673,0.006065369,24.02153
"2025-04-08 17:03:04.15",12321,0.02157211,0.04707527,0.004688263,24.03159
"2025-04-08 17:03:04.2",12322,0.02238846,0.05243111,-0.001661301,24.02279
"2025-04-08 17:03:04.25",12323,0.02137756,0.05845642,0.001848221,24.03075
"2025-04-08 17:03:04.3",12324,0.0249691,0.06132507,0.01683044,24.03468
"2025-04-08 17:03:04.35",12325,0.02191925,0.05783463,0.01647568,24.02444
"2025-04-08 17:03:04.4",12326,0.02529716,0.05782318,0.01328659,24.06858
"2025-04-08 17:03:04.45",12327,0.02404022,0.05767441,0.01567078,24.05545
"2025-04-08 17:03:04.5",12328,0.02757263,0.05740738,0.01745796,24.06554
"2025-04-08 17:03:04.55",12329,0.0333004,0.05770874,0.01034164,24.06372
"2025-04-08 17:03:04.6",12330,0.04039383,0.05501556,0.006299973,24.0507
"2025-04-08 17:03:04.65",12331,0.04158211,0.05653954,0.009080887,24.05903
"2025-04-08 17:03:04.7",12332,0.05231285,0.05615044,0.01283264,24.05338
"2025-04-08 17:03:04.75",12333,0.05020142,0.06335449,0.008264542,24.05199
"2025-04-08 17:03:04.8",12334,0.05519295,0.06807327,0.00818634,24.04535
"2025-04-08 17:03:04.85",12335,0.05303383,0.07232475,0.008789063,24.0556
"2025-04-08 17:03:04.9",12336,0.05205536,0.07169914,0.01426315,24.04153
"2025-04-08 17:03:04.95",12337,0.0517025,0.06885529,0.01894951,24.0216
"2025-04-08 17:03:05",12338,0.04759216,0.07063103,0.02382278,24.04362
"2025-04-08 17:03:05.05",12339,0.05167961,0.07151413,0.02059555,24.04796
"2025-04-08 17:03:05.1",12340,0.05445671,0.07093239,0.01793671,24.04215
"2025-04-08 17:03:05.15",12341,0.05457306,0.06191444,0.02438736,24.08705
"2025-04-08 17:03:05.2",12342,0.04948616,0.06261063,0.01891518,24.0798
"2025-04-08 17:03:05.25",12343,0.05568123,0.06524658,0.01491737,24.06834
"2025-04-08 17:03:05.3",12344,0.0583992,0.06143761,0.01719284,24.04558
"2025-04-08 17:03:05.35",12345,0.06651306,0.06357193,0.02135468,24.08313
"2025-04-08 17:03:05.4",12346,0.06896591,0.06085014,0.01887512,24.06026
"2025-04-08 17:03:05.45",12347,0.07097244,0.06636238,0.01228142,24.07426
"2025-04-08 17:03:05.5",12348,0.06571007,0.06990051,0.01341438,24.05301
"2025-04-08 17:03:05.55",12349,0.06474304,0.07709122,0.01700592,24.05932
"2025-04-08 17:03:05.6",12350,0.06428528,0.0771656,0.009796143,24.06056
"2025-04-08 17:03:05.65",12351,0.06441879,0.07780647,0.01162148,24.05999
"2025-04-08 17:03:05.7",12352,0.06740761,0.07673454,0.01488686,24.05393
"2025-04-08 17:03:05.75",12353,0.0617466,0.07608604,0.02674866,24.0765
"2025-04-08 17:03:05.8",12354,0.05850983,0.07759094,0.02641487,24.05901
"2025-04-08 17:03:05.85",12355,0.06108093,0.07627869,0.02681923,24.0556
"2025-04-08 17:03:05.9",12356,0.06040382,0.0753212,0.02402878,24.07952
"2025-04-08 17:03:05.95",12357,0.07465172,0.06269073,0.01596069,24.08492
"2025-04-08 17:03:06",12358,0.07857132,0.06539154,0.01914215,24.07526
"2025-04-08 17:03:06.05",12359,0.08283997,0.07150841,0.02383995,24.11448
"2025-04-08 17:03:06.1",12360,0.07371902,0.07115746,0.01548576,24.08029
"2025-04-08 17:03:06.15",12361,0.07270813,0.0848732,0.01571083,24.05827
"2025-04-08 17:03:06.2",12362,0.07609177,0.08383369,0.01379395,24.05886
"2025-04-08 17:03:06.25",12363,0.07732582,0.08436394,0.0194416,24.06174
"2025-04-08 17:03:06.3",12364,0.07778931,0.08620071,0.01588631,24.05582
"2025-04-08 17:03:06.35",12365,0.07723618,0.08822823,0.02643585,24.06172
"2025-04-08 17:03:06.4",12366,0.07693481,0.08257866,0.02863693,24.06466
"2025-04-08 17:03:06.45",12367,0.07318306,0.08394432,0.02911758,24.08886
"2025-04-08 17:03:06.5",12368,0.06276131,0.08172226,0.02660561,24.06915
"2025-04-08 17:03:06.55",12369,0.0675106,0.07706451,0.02791786,24.1164
"2025-04-08 17:03:06.6",12370,0.06639862,0.07421112,0.02791214,24.1006
"2025-04-08 17:03:06.65",12371,0.07205009,0.07609177,0.02916336,24.10665
"2025-04-08 17:03:06.7",12372,0.07044601,0.07485199,0.02595901,24.0981
"2025-04-08 17:03:06.75",12373,0.0671978,0.07512665,0.02502441,24.11707
"2025-04-08 17:03:06.8",12374,0.06532478,0.07419777,0.02737617,24.09509
"2025-04-08 17:03:06.85",12375,0.06638145,0.07440567,0.02498055,24.09467
"2025-04-08 17:03:06.9",12376,0.07851219,0.07329941,0.02197456,24.09415
"2025-04-08 17:03:06.95",12377,0.08051682,0.07629395,0.0255928,24.08678
"2025-04-08 17:03:07",12378,0.08724594,0.07294273,0.02210426,24.10719
"2025-04-08 17:03:07.05",12379,0.08366966,0.07251167,0.02003098,24.07848
"2025-04-08 17:03:07.1",12380,0.08749199,0.07800865,0.02066803,24.07342
"2025-04-08 17:03:07.15",12381,0.08519745,0.07894516,0.02408218,24.07129
"2025-04-08 17:03:07.2",12382,0.08587074,0.08448029,0.02361298,24.07608
"2025-04-08 17:03:07.25",12383,0.08507156,0.08536339,0.01822662,24.07476
"2025-04-08 17:03:07.3",12384,0.08219719,0.08672714,0.02041626,24.06619
"2025-04-08 17:03:07.35",12385,0.0886879,0.09500885,0.02304649,24.07353
"2025-04-08 17:03:07.4",12386,0.08366203,0.08932304,0.01878166,24.06615
"2025-04-08 17:03:07.45",12387,0.08448792,0.09150124,0.02359009,24.08007
"2025-04-08 17:03:07.5",12388,0.08431244,0.08686447,0.02186966,24.07503
"2025-04-08 17:03:07.55",12389,0.08153343,0.0900116,0.02314377,24.04251
"2025-04-08 17:03:07.6",12390,0.08297157,0.09334946,0.02730942,24.06931
"2025-04-08 17:03:07.65",12391,0.07394791,0.08782196,0.03102303,24.06776
"2025-04-08 17:03:07.7",12392,0.07379723,0.08750343,0.03157997,24.06939
"2025-04-08 17:03:07.75",12393,0.07956123,0.08840752,0.03800964,24.07838
"2025-04-08 17:03:07.8",12394,0.07917404,0.08919907,0.03489304,24.0675
"2025-04-08 17:03:07.85",12395,0.07423401,0.08688354,0.03109169,24.08836
"2025-04-08 17:03:07.9",12396,0.07677269,0.08860779,0.03483582,24.07679
"2025-04-08 17:03:07.95",12397,0.07648277,0.08739281,0.03544044,24.09725
"2025-04-08 17:03:08",12398,0.07872772,0.08367538,0.03238487,24.09252
"2025-04-08 17:03:08.05",12399,0.07767868,0.08100319,0.03232002,24.09206
"2025-04-08 17:03:08.1",12400,0.07370186,0.07792282,0.03158188,24.09274
"2025-04-08 17:03:08.15",12401,0.07423782,0.07751656,0.03097153,24.07216
"2025-04-08 17:03:08.2",12402,0.07008362,0.07729912,0.03334236,24.09358
"2025-04-08 17:03:08.25",12403,0.07182503,0.07533455,0.03218842,24.08862
"2025-04-08 17:03:08.3",12404,0.07525063,0.07541275,0.02745438,24.05693
"2025-04-08 17:03:08.35",12405,0.07324028,0.0755806,0.02912903,24.06671
"2025-04-08 17:03:08.4",12406,0.07056999,0.07655525,0.02980423,24.06573
"2025-04-08 17:03:08.45",12407,0.07511711,0.07653809,0.02511406,24.06564
"2025-04-08 17:03:08.5",12408,0.07923698,0.0747242,0.02492332,24.06538
"2025-04-08 17:03:08.55",12409,0.08394432,0.07391357,0.02381134,24.05661
"2025-04-08 17:03:08.6",12410,0.09618568,0.07832146,0.02817917,24.06632
"2025-04-08 17:03:08.65",12411,0.08917999,0.07426834,0.02383995,24.05593
"2025-04-08 17:03:08.7",12412,0.09064293,0.07347298,0.02359962,24.07817
"2025-04-08 17:03:08.75",12413,0.093153,0.07394409,0.02290154,24.0472
"2025-04-08 17:03:08.8",12414,0.09057999,0.07356453,0.02092934,24.0424
"2025-04-08 17:03:08.85",12415,0.08958626,0.07426071,0.02642632,24.04078
"2025-04-08 17:03:08.9",12416,0.09302521,0.08697128,0.02478409,24.05642
"2025-04-08 17:03:08.95",12417,0.0914402,0.08273697,0.02004433,24.04025
"2025-04-08 17:03:09",12418,0.08763695,0.08937454,0.02233315,24.04022
"2025-04-08 17:03:09.05",12419,0.0848732,0.09169197,0.02385902,24.04068
"2025-04-08 17:03:09.1",12420,0.08609009,0.08964157,0.0241909,24.04556
"2025-04-08 17:03:09.15",12421,0.08407402,0.08865166,0.02382278,24.06895
"2025-04-08 17:03:09.2",12422,0.08370972,0.08862686,0.02296448,24.04766
"2025-04-08 17:03:09.25",12423,0.07984734,0.08875465,0.02619362,24.04531
"2025-04-08 17:03:09.3",12424,0.08266449,0.08429527,0.02894974,24.04967
"2025-04-08 17:03:09.35",12425,0.07850647,0.08805466,0.0232811,24.04838
"2025-04-08 17:03:09.4",12426,0.07839203,0.08599663,0.02132797,24.04719
"2025-04-08 17:03:09.45",12427,0.07825279,0.08774185,0.02054405,24.0504
"2025-04-08 17:03:09.5",12428,0.07897949,0.08346939,0.02509117,24.05365
"2025-04-08 17:03:09.55",12429,0.0805378,0.08280563,0.01812744,24.05909
"2025-04-08 17:03:09.6",12430,0.08137131,0.0822258,0.02332306,24.08147
"2025-04-08 17:03:09.65",12431,0.08161163,0.08511162,0.02844429,24.08642
"2025-04-08 17:03:09.7",12432,0.07583618,0.0766468,0.02033234,24.07796
"2025-04-08 17:03:09.75",12433,0.07632065,0.07296371,0.01445389,24.02958
"2025-04-08 17:03:09.8",12434,0.07769012,0.07401085,0.01210213,24.01482
"2025-04-08 17:03:09.85",12435,0.0862236,0.07531548,0.01604271,24.03356
"2025-04-08 17:03:09.9",12436,0.09293556,0.07628822,0.02315331,24.03544
"2025-04-08 17:03:09.95",12437,0.0953598,0.07278252,0.01553535,24.02791
"2025-04-08 17:03:10",12438,0.09358597,0.07586479,0.02105331,24.05893
"2025-04-08 17:03:10.05",12439,0.09854507,0.07659531,0.02528,24.0316
"2025-04-08 17:03:10.1",12440,0.09477997,0.07162476,0.02083778,24.0247
"2025-04-08 17:03:10.15",12441,0.0934906,0.07518768,0.02515411,24.03323
"2025-04-08 17:03:10.2",12442,0.09549904,0.07732773,0.03017998,24.03239
"2025-04-08 17:03:10.25",12443,0.08931732,0.07489204,0.01827812,24.02873
"2025-04-08 17:03:10.3",12444,0.0881691,0.07372093,0.01890945,24.02982
"2025-04-08 17:03:10.35",12445,0.08898163,0.07268143,0.01089668,24.02332
"2025-04-08 17:03:10.4",12446,0.09298134,0.07621956,0.01994133,24.0273
"2025-04-08 17:03:10.45",12447,0.09018517,0.07444382,0.01546478,24.0205
"2025-04-08 17:03:10.5",12448,0.09067345,0.07437325,0.01854515,24.02894
"2025-04-08 17:03:10.55",12449,0.0859623,0.0757618,0.01704407,24.02908
"2025-04-08 17:03:10.6",12450,0.08454704,0.07859421,0.01502037,24.03122
"2025-04-08 17:03:10.65",12451,0.08366013,0.08025932,0.01472664,24.02715
"2025-04-08 17:03:10.7",12452,0.07925415,0.08101463,0.01413536,24.02872
"2025-04-08 17:03:10.75",12453,0.07740593,0.07647133,0.008375168,24.03142
"2025-04-08 17:03:10.8",12454,0.08325958,0.07634544,0.01209068,24.03162
"2025-04-08 17:03:10.85",12455,0.08295631,0.06438255,0.009309769,24.0284
"2025-04-08 17:03:10.9",12456,0.08542061,0.06655884,0.01574135,24.05437
"2025-04-08 17:03:10.95",12457,0.07915306,0.06482315,0.01469231,24.02568
"2025-04-08 17:03:11",12458,0.08127975,0.06474876,0.01678848,24.05159
"2025-04-08 17:03:11.05",12459,0.0829277,0.06405258,0.01040459,24.03527
"2025-04-08 17:03:11.1",12460,0.08510208,0.06751823,0.009500504,24.04775
"2025-04-08 17:03:11.15",12461,0.08281708,0.06707382,0.01645088,24.02493
"2025-04-08 17:03:11.2",12462,0.08802223,0.06505013,0.0143795,24.02497
"2025-04-08 17:03:11.25",12463,0.09179688,0.06865311,0.01621628,24.00121
"2025-04-08 17:03:11.3",12464,0.08542061,0.06522369,0.01189423,24.01998
"2025-04-08 17:03:11.35",12465,0.08417892,0.0666256,0.01273918,24.02183
"2025-04-08 17:03:11.4",12466,0.07638741,0.06628036,0.01200676,24.02921
"2025-04-08 17:03:11.45",12467,0.07755089,0.06441879,0.01198578,24.02924
"2025-04-08 17:03:11.5",12468,0.07748413,0.06476784,0.01128006,24.0038
"2025-04-08 17:03:11.55",12469,0.07919693,0.06157112,0.01103592,23.97786
"2025-04-08 17:03:11.6",12470,0.07829857,0.06089592,0.01070595,23.98591
"2025-04-08 17:03:11.65",12471,0.08008575,0.06005287,0.01297188,23.98392
"2025-04-08 17:03:11.7",12472,0.07748413,0.06295204,0.01364899,23.98168
"2025-04-08 17:03:11.75",12473,0.07871819,0.0635643,0.01490593,23.99223
"2025-04-08 17:03:11.8",12474,0.07172966,0.06238365,0.009700775,23.98529
"2025-04-08 17:03:11.85",12475,0.07193184,0.05867195,0.01081085,23.98319
"2025-04-08 17:03:11.9",12476,0.07176399,0.06075668,0.007381439,23.98326
"2025-04-08 17:03:11.95",12477,0.06721115,0.05950546,0.01063919,23.98267
"2025-04-08 17:03:12",12478,0.07549477,0.05871964,0.01027107,23.98492
"2025-04-08 17:03:12.05",12479,0.07351875,0.06154442,0.009008408,23.98493
"2025-04-08 17:03:12.1",12480,0.07150078,0.05907059,0.007400513,24.00616
"2025-04-08 17:03:12.15",12481,0.06681633,0.06128311,0.009796143,23.98143
"2025-04-08 17:03:12.2",12482,0.07027245,0.0573349,0.009689331,23.98155
"2025-04-08 17:03:12.25",12483,0.07117653,0.06026459,0.01176071,23.98166
"2025-04-08 17:03:12.3",12484,0.07306671,0.05910301,0.009281158,23.98249
"2025-04-08 17:03:12.35",12485,0.07244682,0.06205368,0.01297379,23.988
"2025-04-08 17:03:12.4",12486,0.06905746,0.05781746,0.01215172,23.98102
"2025-04-08 17:03:12.45",12487,0.07135773,0.05636024,0.00610733,23.98285
"2025-04-08 17:03:12.5",12488,0.07156181,0.0573101,0.007595062,23.97603
"2025-04-08 17:03:12.55",12489,0.06524277,0.05898666,0.006744385,24.00339
"2025-04-08 17:03:12.6",12490,0.06654358,0.05914688,0.009634018,23.98225
"2025-04-08 17:03:12.65",12491,0.06768227,0.0584507,0.01205826,23.98216
"2025-04-08 17:03:12.7",12492,0.06948662,0.05565834,0.01101112,23.98258
"2025-04-08 17:03:12.75",12493,0.06564903,0.05628395,0.01027489,23.98075
"2025-04-08 17:03:12.8",12494,0.06451035,0.05558968,0.0114994,23.98006
"2025-04-08 17:03:12.85",12495,0.06629562,0.05560684,0.0111866,23.97234
"2025-04-08 17:03:12.9",12496,0.06916046,0.05809402,0.01063728,23.98191
"2025-04-08 17:03:12.95",12497,0.06790543,0.05950737,0.00693512,23.97449
"2025-04-08 17:03:13",12498,0.06569481,0.05719376,0.0001049042,23.97062
"2025-04-08 17:03:13.05",12499,0.06668854,0.05425072,-0.002809525,23.97916
"2025-04-08 17:03:13.1",12500,0.06227684,0.05692101,-0.00460434,23.97298
"2025-04-08 17:03:13.15",12501,0.06578445,0.06259918,-0.003736496,23.9852
"2025-04-08 17:03:13.2",12502,0.06198692,0.05986214,-0.004709244,23.97901
"2025-04-08 17:03:13.25",12503,0.0617466,0.05701447,-0.004718781,23.94955
"2025-04-08 17:03:13.3",12504,0.06538582,0.05342865,-0.009490967,23.97924
"2025-04-08 17:03:13.35",12505,0.06291962,0.05596352,-0.009908676,23.97672
"2025-04-08 17:03:13.4",12506,0.05877304,0.05598831,-0.006351471,23.97623
"2025-04-08 17:03:13.45",12507,0.0604496,0.05592537,-0.007183075,23.97815
"2025-04-08 17:03:13.5",12508,0.06291771,0.05529976,-0.01016426,23.97966
"2025-04-08 17:03:13.55",12509,0.06684494,0.06026077,-0.001613617,23.98613
"2025-04-08 17:03:13.6",12510,0.05889511,0.05323792,-0.008136749,23.98891
"2025-04-08 17:03:13.65",12511,0.06258774,0.05451202,-0.008031845,23.98304
"2025-04-08 17:03:13.7",12512,0.06240463,0.05787086,-0.004318237,23.99125
"2025-04-08 17:03:13.75",12513,0.06108093,0.05770874,-0.004999161,23.98264
"2025-04-08 17:03:13.8",12514,0.06148148,0.05846214,0.0001831055,23.98244
"2025-04-08 17:03:13.85",12515,0.0594368,0.0550251,-0.005283356,23.96421
"2025-04-08 17:03:13.9",12516,0.05805779,0.0550251,-0.003917694,23.9793
"2025-04-08 17:03:13.95",12517,0.05768585,0.05699158,-0.008703232,23.96767
"2025-04-08 17:03:14",12518,0.05781364,0.05954933,-0.007120132,23.99413
"2025-04-08 17:03:14.05",12519,0.05695152,0.0576458,-0.009807587,23.98008
"2025-04-08 17:03:14.1",12520,0.06085014,0.05804825,-0.007234573,23.97266
"2025-04-08 17:03:14.15",12521,0.05426788,0.05976677,-0.007249832,23.9646
"2025-04-08 17:03:14.2",12522,0.05619431,0.05929947,-0.006523132,23.97175
"2025-04-08 17:03:14.25",12523,0.06385612,0.06228065,-0.001186371,23.9826
"2025-04-08 17:03:14.3",12524,0.0581665,0.0586071,-0.002281189,23.9805
"2025-04-08 17:03:14.35",12525,0.05662537,0.05862427,-0.005809784,23.98264
"2025-04-08 17:03:14.4",12526,0.05919266,0.05890083,-0.004138947,24.00635
"2025-04-08 17:03:14.45",12527,0.05715942,0.05237198,-0.002855301,23.98069
"2025-04-08 17:03:14.5",12528,0.05547333,0.04665947,-0.0026474,23.99076
"2025-04-08 17:03:14.55",12529,0.05693817,0.0381546,-0.002605438,23.98643
"2025-04-08 17:03:14.6",12530,0.05904198,0.03458023,-0.004587173,23.96447
"2025-04-08 17:03:14.65",12531,0.05563545,0.03185654,-0.008544922,23.97466
"2025-04-08 17:03:14.7",12532,0.0546627,0.02862167,-0.006156921,23.99863
"2025-04-08 17:03:14.75",12533,0.0542717,0.02935219,-0.003576279,23.96627
"2025-04-08 17:03:14.8",12534,0.0568924,0.02942657,-0.0006370544,23.97406
"2025-04-08 17:03:14.85",12535,0.05326653,0.02997398,-0.002876282,23.96753
"2025-04-08 17:03:14.9",12536,0.0592556,0.03230095,0.0005569458,23.97665
"2025-04-08 17:03:14.95",12537,0.05575752,0.03333473,0.004829407,23.97404
"2025-04-08 17:03:15",12538,0.05634499,0.03370857,0.00358963,23.97388
"2025-04-08 17:03:15.05",12539,0.0623703,0.03528214,0.003679276,23.99679
"2025-04-08 17:03:15.1",12540,0.05524445,0.03173828,-0.01117134,23.99774
"2025-04-08 17:03:15.15",12541,0.05321693,0.03440857,-0.005411148,23.97398
"2025-04-08 17:03:15.2",12542,0.0508728,0.03320694,-0.001771927,23.97393
"2025-04-08 17:03:15.25",12543,0.05500031,0.03202248,-0.002468109,23.97635
"2025-04-08 17:03:15.3",12544,0.05181122,0.03471375,-0.002475739,23.97242
"2025-04-08 17:03:15.35",12545,0.05062103,0.03575325,0.0006408691,23.9938
"2025-04-08 17:03:15.4",12546,0.05115509,0.03341293,0.0005226135,23.97546
"2025-04-08 17:03:15.45",12547,0.05055237,0.03842926,-0.0004043579,23.99752
"2025-04-08 17:03:15.5",12548,0.04919434,0.03718185,-0.0002918243,23.99754
"2025-04-08 17:03:15.55",12549,0.04834747,0.03803062,0.0006847382,23.97139
"2025-04-08 17:03:15.6",12550,0.04852104,0.03304863,0.003448486,23.99424
"2025-04-08 17:03:15.65",12551,0.04951286,0.02142715,0.0008411407,23.97614
"2025-04-08 17:03:15.7",12552,0.05063629,0.032341,-0.0004405975,23.99526
"2025-04-08 17:03:15.75",12553,0.0464077,0.03050804,-0.0005531311,23.99262
"2025-04-08 17:03:15.8",12554,0.04987907,0.02983475,0.001005173,23.99588
"2025-04-08 17:03:15.85",12555,0.05435181,0.02921867,-0.0006275177,23.97666
"2025-04-08 17:03:15.9",12556,0.05495453,0.03021431,0.0005340576,23.97838
"2025-04-08 17:03:15.95",12557,0.0568428,0.03255272,0.003087997,23.97544
"2025-04-08 17:03:16",12558,0.05595398,0.02915573,0.002473831,23.97581
"2025-04-08 17:03:16.05",12559,0.05704117,0.02948189,0.003278732,23.97543
"2025-04-08 17:03:16.1",12560,0.05813217,0.02940941,0.004276276,23.97321
"2025-04-08 17:03:16.15",12561,0.05374718,0.02869987,0.004270554,23.99402
"2025-04-08 17:03:16.2",12562,0.04580116,0.02869225,-0.0003471375,23.97275
"2025-04-08 17:03:16.25",12563,0.04979897,0.02942085,-0.0003070831,23.97356
"2025-04-08 17:03:16.3",12564,0.05419922,0.0288105,-0.001274109,23.97113
"2025-04-08 17:03:16.35",12565,0.05251312,0.02898026,-0.001234055,23.99348
"2025-04-08 17:03:16.4",12566,0.05263519,0.02753258,-0.0004196167,23.96497
"2025-04-08 17:03:16.45",12567,0.05394745,0.03144073,0.002132416,23.98073
"2025-04-08 17:03:16.5",12568,0.05253029,0.03003311,0.001504898,23.96556
"2025-04-08 17:03:16.55",12569,0.04657745,0.02887726,0.0002403259,23.97183
"2025-04-08 17:03:16.6",12570,0.04439926,0.0281086,0.001087189,23.99254
"2025-04-08 17:03:16.65",12571,0.03751755,0.02739143,-0.0004768372,23.96505
"2025-04-08 17:03:16.7",12572,0.03126907,0.02857208,-0.002340317,24.01608
"2025-04-08 17:03:16.75",12573,0.02544212,0.02847481,-0.003261566,23.96221
"2025-04-08 17:03:16.8",12574,0.02737617,0.02867317,-0.001123428,23.97088
"2025-04-08 17:03:16.85",12575,0.02929115,0.02811241,-0.0007209778,23.97162
"2025-04-08 17:03:16.9",12576,0.03234482,0.02848816,-0.001783371,23.96992
"2025-04-08 17:03:16.95",12577,0.02993202,0.02839851,-0.001913071,23.99297
"2025-04-08 17:03:17",12578,0.03295898,0.02835274,0.00226593,23.97224
"2025-04-08 17:03:17.05",12579,0.03369331,0.02907944,-1.716614E-05,23.96566
"2025-04-08 17:03:17.1",12580,0.03237534,0.02912903,-0.00365448,23.99403
"2025-04-08 17:03:17.15",12581,0.02916336,0.02861977,-0.002368927,23.99118
"2025-04-08 17:03:17.2",12582,0.02902222,0.02853584,-0.001325607,23.99266
"2025-04-08 17:03:17.25",12583,0.03057671,0.02993965,-0.001665115,23.97187
"2025-04-08 17:03:17.3",12584,0.03230095,0.03106689,-0.004104614,23.99028
"2025-04-08 17:03:17.35",12585,0.02874947,0.02640343,-0.004676819,23.96193
"2025-04-08 17:03:17.4",12586,0.03260422,0.03102684,-0.0009326935,23.97184
"2025-04-08 17:03:17.45",12587,0.03022575,0.02781677,-0.005523682,23.97165
"2025-04-08 17:03:17.5",12588,0.03119659,0.02539825,-0.00213623,23.99137
"2025-04-08 17:03:17.55",12589,0.02826881,0.02784538,-0.002759933,23.99171
"2025-04-08 17:03:17.6",12590,0.02812386,0.02655602,-0.00692749,23.99312
"2025-04-08 17:03:17.65",12591,0.02935982,0.02711487,-0.008382797,23.97203
"2025-04-08 17:03:17.7",12592,0.02950287,0.02673912,-0.004333496,23.97064
"2025-04-08 17:03:17.75",12593,0.0304966,0.02644348,-0.004068375,23.96353
"2025-04-08 17:03:17.8",12594,0.02955818,0.02715683,-0.005970001,23.97012
"2025-04-08 17:03:17.85",12595,0.03169823,0.02800179,-0.007478714,23.99252
"2025-04-08 17:03:17.9",12596,0.03079987,0.03025246,-0.007081985,23.96917
"2025-04-08 17:03:17.95",12597,0.03261375,0.03038979,-0.008167267,23.96444
"2025-04-08 17:03:18",12598,0.0381546,0.0295887,-0.008052826,23.97359
"2025-04-08 17:03:18.05",12599,0.03426933,0.03079414,-0.007581711,23.96408
"2025-04-08 17:03:18.1",12600,0.0399971,0.02991295,-0.006313324,23.96627
"2025-04-08 17:03:18.15",12601,0.03356361,0.03105545,-0.01173019,23.97508
"2025-04-08 17:03:18.2",12602,0.03513145,0.03138542,-0.01332664,23.97474
"2025-04-08 17:03:18.25",12603,0.03422928,0.03425598,-0.009511948,23.96658
"2025-04-08 17:03:18.3",12604,0.0373497,0.03560638,-0.01148415,23.96594
"2025-04-08 17:03:18.35",12605,0.03910255,0.03290939,-0.008216858,23.96009
"2025-04-08 17:03:18.4",12606,0.03720093,0.03471375,-0.01049614,23.9675
"2025-04-08 17:03:18.45",12607,0.03655815,0.03540039,-0.007263184,23.98642
"2025-04-08 17:03:18.5",12608,0.03331375,0.03191757,-0.01255989,23.96307
"2025-04-08 17:03:18.55",12609,0.03559685,0.0315876,-0.01214981,23.98927
"2025-04-08 17:03:18.6",12610,0.03422356,0.03269768,-0.01434708,23.9882
"2025-04-08 17:03:18.65",12611,0.02887726,0.03247452,-0.01115417,23.95528
"2025-04-08 17:03:18.7",12612,0.03079224,0.0318718,-0.01029015,23.96432
"2025-04-08 17:03:18.75",12613,0.03239822,0.02891731,-0.01074219,23.96632
"2025-04-08 17:03:18.8",12614,0.03594398,0.03170967,-0.00894928,23.98745
"2025-04-08 17:03:18.85",12615,0.02763748,0.02885437,-0.0052948,23.96533
"2025-04-08 17:03:18.9",12616,0.03260994,0.02859879,-0.007976532,23.96015
"2025-04-08 17:03:18.95",12617,0.03128052,0.02826309,-0.01137924,23.97106
"2025-04-08 17:03:19",12618,0.03086472,0.02615356,-0.01033783,23.97129
"2025-04-08 17:03:19.05",12619,0.03318977,0.02669907,-0.01314354,23.99638
"2025-04-08 17:03:19.1",12620,0.03440094,0.02494812,-0.009187698,23.9792
"2025-04-08 17:03:19.15",12621,0.03541946,0.02428246,-0.01009178,24.00707
"2025-04-08 17:03:19.2",12622,0.0335598,0.02165604,-0.01469612,23.98551
"2025-04-08 17:03:19.25",12623,0.0324192,0.02398682,-0.01199341,23.98605
"2025-04-08 17:03:19.3",12624,0.03307915,0.02332687,-0.007825851,24.01147
"2025-04-08 17:03:19.35",12625,0.03212166,0.0212059,-0.01087952,23.98878
"2025-04-08 17:03:19.4",12626,0.03047943,0.02310181,-0.01350021,23.98331
"2025-04-08 17:03:19.45",12627,0.03045273,0.0265789,-0.01050758,23.97165
"2025-04-08 17:03:19.5",12628,0.02732468,0.02574539,-0.0117836,23.96697
"2025-04-08 17:03:19.55",12629,0.03218842,0.02567291,-0.005989075,23.99222
"2025-04-08 17:03:19.6",12630,0.03226662,0.02838707,-0.005407333,23.96929
"2025-04-08 17:03:19.65",12631,0.0323925,0.02565575,-0.003671646,23.96827
"2025-04-08 17:03:19.7",12632,0.03001785,0.02407646,-0.005378723,23.96862
"2025-04-08 17:03:19.75",12633,0.02868652,0.02718163,-0.002508163,23.96967
"2025-04-08 17:03:19.8",12634,0.02793884,0.02709198,-0.0008182526,23.96843
"2025-04-08 17:03:19.85",12635,0.03350067,0.03350067,0.0008029938,23.99408
"2025-04-08 17:03:19.9",12636,0.03317451,0.02673912,-0.005462646,24.01318
"2025-04-08 17:03:19.95",12637,0.02915192,0.02765656,-0.01755524,23.98978
"2025-04-08 17:03:20",12638,0.02869797,0.03186417,-0.01554871,23.95773
"2025-04-08 17:03:20.05",12639,0.03466988,0.03730583,-0.0109539,23.99236
"2025-04-08 17:03:20.1",12640,0.03442001,0.0350399,-0.01067543,23.96794
"2025-04-08 17:03:20.15",12641,0.03052139,0.03693008,-0.01367378,23.9902
"2025-04-08 17:03:20.2",12642,0.03112411,0.0388298,-0.01294708,23.96891
"2025-04-08 17:03:20.25",12643,0.03873634,0.0465374,-0.009819031,23.97857
"2025-04-08 17:03:20.3",12644,0.03487587,0.03998184,-0.01072311,23.9763
"2025-04-08 17:03:20.35",12645,0.03488731,0.04297256,-0.01418304,23.97094
"2025-04-08 17:03:20.4",12646,0.0308342,0.04333305,-0.008703232,23.99291
"2025-04-08 17:03:20.45",12647,0.02885056,0.04163361,-0.008892059,23.96957
"2025-04-08 17:03:20.5",12648,0.03730965,0.03176117,-0.01253891,23.97591
"2025-04-08 17:03:20.55",12649,0.03415489,0.02742577,-0.01371193,23.98699
"2025-04-08 17:03:20.6",12650,0.03837967,0.03290939,-0.009389877,23.96469
"2025-04-08 17:03:20.65",12651,0.03738213,0.02936363,-0.009836197,23.9937
"2025-04-08 17:03:20.7",12652,0.04015541,0.02882767,-0.01133156,23.98792
"2025-04-08 17:03:20.75",12653,0.04080772,0.03243637,-0.01322746,23.98646
"2025-04-08 17:03:20.8",12654,0.03941727,0.03077698,-0.01265144,23.98684
"2025-04-08 17:03:20.85",12655,0.04010201,0.03214455,-0.008579254,23.96608
"2025-04-08 17:03:20.9",12656,0.04143333,0.02874565,-0.01040649,23.98957
"2025-04-08 17:03:20.95",12657,0.04198074,0.03163528,-0.009262085,23.96944
"2025-04-08 17:03:21",12658,0.03591537,0.03161621,-0.009410858,23.96493
"2025-04-08 17:03:21.05",12659,0.0228138,0.03221893,-0.01019859,23.98786
"2025-04-08 17:03:21.1",12660,0.03151512,0.03104401,-0.008787155,23.964
"2025-04-08 17:03:21.15",12661,0.03208542,0.03244019,-0.008937836,23.96662
"2025-04-08 17:03:21.2",12662,0.03143692,0.02942085,-0.01373482,23.95367
"2025-04-08 17:03:21.25",12663,0.0295887,0.03159714,-0.01075172,23.95494
"2025-04-08 17:03:21.3",12664,0.03177261,0.03373146,-0.007762909,23.97583
"2025-04-08 17:03:21.35",12665,0.03250122,0.03064346,-0.01117516,23.96581
"2025-04-08 17:03:21.4",12666,0.02658272,0.03154945,-0.009725571,23.98502
"2025-04-08 17:03:21.45",12667,0.02949142,0.03355217,-0.005567551,23.9695
"2025-04-08 17:03:21.5",12668,0.02780533,0.03103828,-0.01276779,24.00858
"2025-04-08 17:03:21.55",12669,0.03058815,0.03183174,-0.009904861,23.9833
"2025-04-08 17:03:21.6",12670,0.03017998,0.03215218,-0.01470184,23.96147
"2025-04-08 17:03:21.65",12671,0.03327942,0.03257942,-0.01410866,23.98554
"2025-04-08 17:03:21.7",12672,0.02827072,0.0329895,-0.0124836,23.96329
"2025-04-08 17:03:21.75",12673,0.0283432,0.03334427,-0.009784698,23.96338
"2025-04-08 17:03:21.8",12674,0.03116608,0.03287506,-0.009700775,23.96288
"2025-04-08 17:03:21.85",12675,0.03430557,0.03201294,-0.0155201,24.01322
"2025-04-08 17:03:21.9",12676,0.03411102,0.03054619,-0.01521301,23.96326
"2025-04-08 17:03:21.95",12677,0.02972221,0.03134537,-0.01132584,23.96218
"2025-04-08 17:03:22",12678,0.0300827,0.03104591,-0.01079178,23.98456
"2025-04-08 17:03:22.05",12679,0.02929878,0.02996635,-0.01382256,23.96165
"2025-04-08 17:03:22.1",12680,0.034132,0.0296154,-0.01500702,23.96201
"2025-04-08 17:03:22.15",12681,0.02854156,0.031147,-0.01350975,23.95325
"2025-04-08 17:03:22.2",12682,0.03126335,0.03432274,-0.01046181,23.96817
"2025-04-08 17:03:22.25",12683,0.03208542,0.02962112,-0.01257706,23.98354
"2025-04-08 17:03:22.3",12684,0.03301048,0.02993202,-0.0157795,23.95854
"2025-04-08 17:03:22.35",12685,0.03294945,0.02995491,-0.01570129,23.96538
"2025-04-08 17:03:22.4",12686,0.03198814,0.03013039,-0.01118851,23.95788
"2025-04-08 17:03:22.45",12687,0.0383606,0.03346443,-0.007413864,23.99564
"2025-04-08 17:03:22.5",12688,0.03401756,0.03015137,-0.01527023,23.98995
"2025-04-08 17:03:22.55",12689,0.0324688,0.03096008,-0.01596451,23.98725
"2025-04-08 17:03:22.6",12690,0.02776146,0.02962685,-0.01133728,23.96754
"2025-04-08 17:03:22.65",12691,0.02746582,0.02962112,-0.01501465,23.96448
"2025-04-08 17:03:22.7",12692,0.02994347,0.03000641,-0.01614761,23.9563
"2025-04-08 17:03:22.75",12693,0.03238106,0.03400993,-0.01329231,23.96087
"2025-04-08 17:03:22.8",12694,0.02947426,0.03035355,-0.01213074,23.96062
"2025-04-08 17:03:22.85",12695,0.03174973,0.02979279,-0.01041603,23.95432
"2025-04-08 17:03:22.9",12696,0.03287125,0.03087807,-0.007757187,23.96114
"2025-04-08 17:03:22.95",12697,0.0355854,0.0301857,-0.01378441,23.98333
"2025-04-08 17:03:23",12698,0.02773857,0.02994347,-0.00976944,23.95925
"2025-04-08 17:03:23.05",12699,0.02969933,0.02978897,-0.01396179,23.96131
"2025-04-08 17:03:23.1",12700,0.02889442,0.03053284,-0.01184654,23.96211
"2025-04-08 17:03:23.15",12701,0.03022957,0.03097153,-0.01080322,23.95125
"2025-04-08 17:03:23.2",12702,0.03005219,0.03047371,-0.01338196,23.98452
"2025-04-08 17:03:23.25",12703,0.03179169,0.02926826,-0.01153946,23.98255
"2025-04-08 17:03:23.3",12704,0.03120041,0.0300827,-0.01357651,23.9526
"2025-04-08 17:03:23.35",12705,0.0279789,0.03039169,-0.01237297,24.01261
"2025-04-08 17:03:23.4",12706,0.0307312,0.02963638,-0.009796143,23.95993
"2025-04-08 17:03:23.45",12707,0.03337479,0.02727699,-0.01074028,23.95559
"2025-04-08 17:03:23.5",12708,0.02950287,0.02961349,-0.01209641,23.96381
"2025-04-08 17:03:23.55",12709,0.0312748,0.02934074,-0.01102066,23.95468
"2025-04-08 17:03:23.6",12710,0.03318787,0.02615356,-0.01151657,23.95266
"2025-04-08 17:03:23.65",12711,0.0310173,0.02616501,-0.01589966,23.95309
"2025-04-08 17:03:23.7",12712,0.02954292,0.02684975,-0.01208687,23.95221
"2025-04-08 17:03:23.75",12713,0.03109932,0.02852631,-0.01509094,23.95561
"2025-04-08 17:03:23.8",12714,0.02873802,0.02750015,-0.01719666,23.96898
"2025-04-08 17:03:23.85",12715,0.02970886,0.02812958,-0.01666641,23.97267
"2025-04-08 17:03:23.9",12716,0.0268631,0.03016281,-0.01396751,23.95469
"2025-04-08 17:03:23.95",12717,0.03021431,0.02935982,-0.01124382,23.95778
"2025-04-08 17:03:24",12718,0.03056908,0.028759,-0.01302528,23.96177
"2025-04-08 17:03:24.05",12719,0.03129768,0.02824211,-0.01120377,23.96231
"2025-04-08 17:03:24.1",12720,0.02798462,0.02873802,-0.01233864,23.96078
"2025-04-08 17:03:24.15",12721,0.0285778,0.02647209,-0.01228333,23.96087
"2025-04-08 17:03:24.2",12722,0.03268623,0.02615356,-0.009918213,23.9525
"2025-04-08 17:03:24.25",12723,0.03626251,0.02957726,-0.008619308,23.96184
"2025-04-08 17:03:24.3",12724,0.03036499,0.02698326,-0.01280022,23.95243
"2025-04-08 17:03:24.35",12725,0.02770424,0.02585793,-0.01226997,23.95188
"2025-04-08 17:03:24.4",12726,0.03258514,0.02680779,-0.008491516,23.95291
"2025-04-08 17:03:24.45",12727,0.03326607,0.02861023,-0.01543617,23.96212
"2025-04-08 17:03:24.5",12728,0.02965927,0.02744675,-0.01138878,23.95954
"2025-04-08 17:03:24.55",12729,0.03200722,0.02340889,-0.0136013,23.95187
"2025-04-08 17:03:24.6",12730,0.03266525,0.02414703,-0.01543236,23.95516
"2025-04-08 17:03:24.65",12731,0.03891563,0.02572441,-0.007944107,23.96533
"2025-04-08 17:03:24.7",12732,0.03357506,0.02704048,-0.01299667,23.95644
"2025-04-08 17:03:24.75",12733,0.0326519,0.03053284,-0.01018333,23.96315
"2025-04-08 17:03:24.8",12734,0.02582359,0.02674294,-0.01430893,23.95666
"2025-04-08 17:03:24.85",12735,0.03442764,0.032547,-0.01021194,23.99348
"2025-04-08 17:03:24.9",12736,0.03395081,0.03072548,-0.008075714,23.96605
"2025-04-08 17:03:24.95",12737,0.03169441,0.02134323,-0.01205254,23.98442
"2025-04-08 17:03:25",12738,0.02921486,0.02291489,-0.01294708,23.96078
"2025-04-08 17:03:25.05",12739,0.02762032,0.02338219,-0.01618576,23.95483
"2025-04-08 17:03:25.1",12740,0.02764893,0.02426338,-0.01342201,23.95731
"2025-04-08 17:03:25.15",12741,0.02309608,0.02308273,-0.0151825,23.9533
"2025-04-08 17:03:25.2",12742,0.02924728,0.02261353,-0.01352119,23.98436
"2025-04-08 17:03:25.25",12743,0.03258133,0.02322006,-0.01769829,23.96162
"2025-04-08 17:03:25.3",12744,0.03467941,0.02412605,-0.01004219,23.95894
"2025-04-08 17:03:25.35",12745,0.03669167,0.02395248,-0.01248932,23.98714
"2025-04-08 17:03:25.4",12746,0.02469635,0.02219963,-0.01607513,23.98593
"2025-04-08 17:03:25.45",12747,0.02400398,0.02330399,-0.009344101,23.96906
"2025-04-08 17:03:25.5",12748,0.02382278,0.02038383,-0.01421356,23.98241
"2025-04-08 17:03:25.55",12749,0.02554512,0.01973152,-0.01495361,23.96116
"2025-04-08 17:03:25.6",12750,0.02494621,0.01952744,-0.01589584,23.96424
"2025-04-08 17:03:25.65",12751,0.0272541,0.020401,-0.0164032,23.96061
"2025-04-08 17:03:25.7",12752,0.0222435,0.02077866,-0.01633072,23.95869
"2025-04-08 17:03:25.75",12753,0.02714539,0.0207901,-0.01334763,23.98323
"2025-04-08 17:03:25.8",12754,0.025383,0.02011108,-0.01547241,23.98162
"2025-04-08 17:03:25.85",12755,0.02642632,0.02086258,-0.02015877,24.00321
"2025-04-08 17:03:25.9",12756,0.02812386,0.02361298,-0.01323128,23.98554
"2025-04-08 17:03:25.95",12757,0.02830696,0.02042961,-0.01631546,23.98077
"2025-04-08 17:03:26",12758,0.02451706,0.02075386,-0.01783371,23.98282
"2025-04-08 17:03:26.05",12759,0.02418518,0.02158546,-0.01959801,24.00426
"2025-04-08 17:03:26.1",12760,0.02396774,0.02150726,-0.01424789,24.0053
"2025-04-08 17:03:26.15",12761,0.02516556,0.02201271,-0.01924515,23.98231
"2025-04-08 17:03:26.2",12762,0.02178383,0.02189636,-0.02212334,23.96106
"2025-04-08 17:03:26.25",12763,0.01886559,0.02135658,-0.02033997,23.96155
"2025-04-08 17:03:26.3",12764,0.02355385,0.02090454,-0.01976585,23.98107
"2025-04-08 17:03:26.35",12765,0.02479935,0.01976776,-0.02188683,24.00584
"2025-04-08 17:03:26.4",12766,0.02285194,0.01924324,-0.02010727,23.95456
"2025-04-08 17:03:26.45",12767,0.02290344,0.01933479,-0.021101,23.98166
"2025-04-08 17:03:26.5",12768,0.02001381,0.01899147,-0.01944733,23.98237
"2025-04-08 17:03:26.55",12769,0.02191925,0.01868057,-0.01960945,23.98184
"2025-04-08 17:03:26.6",12770,0.02399826,0.0189209,-0.02006721,23.95992
"2025-04-08 17:03:26.65",12771,0.02248192,0.01952171,-0.0224762,23.95983
"2025-04-08 17:03:26.7",12772,0.02268982,0.01860046,-0.01682472,23.95942
"2025-04-08 17:03:26.75",12773,0.02147293,0.01915359,-0.02285385,23.98478
"2025-04-08 17:03:26.8",12774,0.02375031,0.02222633,-0.02139091,23.98637
"2025-04-08 17:03:26.85",12775,0.02131653,0.02313232,-0.01721954,23.98687
"2025-04-08 17:03:26.9",12776,0.02418137,0.01955605,-0.02219963,23.97977
"2025-04-08 17:03:26.95",12777,0.02248955,0.01856232,-0.02465439,24.01109
"2025-04-08 17:03:27",12778,0.02362823,0.02262878,-0.02269363,23.98761
"2025-04-08 17:03:27.05",12779,0.02300262,0.02243996,-0.02077103,23.98389
"2025-04-08 17:03:27.1",12780,0.02435875,0.02166367,-0.02068329,24.00297
"2025-04-08 17:03:27.15",12781,0.02424812,0.02126503,-0.02564049,23.98783
"2025-04-08 17:03:27.2",12782,0.02266693,0.02280235,-0.01803398,23.98413
"2025-04-08 17:03:27.25",12783,0.02175713,0.02148438,-0.02003479,24.00196
"2025-04-08 17:03:27.3",12784,0.02390862,0.02145004,-0.02139282,23.98244
"2025-04-08 17:03:27.35",12785,0.02496719,0.02428246,-0.02178192,24.00348
"2025-04-08 17:03:27.4",12786,0.02622604,0.02433014,-0.01738167,23.98241
"2025-04-08 17:03:27.45",12787,0.02465439,0.02437592,-0.02158737,23.97976
"2025-04-08 17:03:27.5",12788,0.02907372,0.02799606,-0.01355553,24.00683
"2025-04-08 17:03:27.55",12789,0.02744675,0.02696419,-0.0181427,24.00459
"2025-04-08 17:03:27.6",12790,0.02553368,0.02817917,-0.01602364,24.00573
"2025-04-08 17:03:27.65",12791,0.02796364,0.03145981,-0.009433746,23.98044
"2025-04-08 17:03:27.7",12792,0.02682304,0.02658653,-0.01514816,23.95894
"2025-04-08 17:03:27.75",12793,0.03021812,0.02674484,-0.01401901,24.00491
"2025-04-08 17:03:27.8",12794,0.03159332,0.027771,-0.01514816,24.00169
"2025-04-08 17:03:27.85",12795,0.02910233,0.02712059,-0.01565742,24.00967
"2025-04-08 17:03:27.9",12796,0.03341484,0.02658272,-0.01437759,23.96198
"2025-04-08 17:03:27.95",12797,0.02962112,0.02878952,-0.02083397,24.00412
"2025-04-08 17:03:28",12798,0.02822304,0.02854156,-0.01525497,23.98059
"2025-04-08 17:03:28.05",12799,0.03160286,0.03046036,-0.01686287,23.98129
"2025-04-08 17:03:28.1",12800,0.0357914,0.0298214,-0.01905251,24.00387
"2025-04-08 17:03:28.15",12801,0.03417969,0.03021431,-0.01529884,24.01205
"2025-04-08 17:03:28.2",12802,0.03521538,0.03095627,-0.0194416,23.97909
"2025-04-08 17:03:28.25",12803,0.03013611,0.03126335,-0.02029228,23.97856
"2025-04-08 17:03:28.3",12804,0.03115845,0.03397179,-0.01481247,24.00993
"2025-04-08 17:03:28.35",12805,0.03240395,0.03290939,-0.02030754,23.98378
"2025-04-08 17:03:28.4",12806,0.03133392,0.03201294,-0.01701927,24.00317
"2025-04-08 17:03:28.45",12807,0.03404427,0.03446198,-0.01715851,23.98081
"2025-04-08 17:03:28.5",12808,0.03554535,0.03094482,-0.01859474,24.00418
"2025-04-08 17:03:28.55",12809,0.03298378,0.03061485,-0.01679993,23.98209
"2025-04-08 17:03:28.6",12810,0.03163528,0.03068924,-0.01487541,24.00181
"2025-04-08 17:03:28.65",12811,0.03137589,0.02952576,-0.01571083,23.97945
"2025-04-08 17:03:28.7",12812,0.03222466,0.03135681,-0.01726913,23.98085
"2025-04-08 17:03:28.75",12813,0.03365135,0.03249168,-0.01899147,23.98066
"2025-04-08 17:03:28.8",12814,0.03032494,0.03249168,-0.01799965,23.97966
"2025-04-08 17:03:28.85",12815,0.03123665,0.03172684,-0.01918983,24.00235
"2025-04-08 17:03:28.9",12816,0.03350639,0.03171539,-0.01997185,24.00261
"2025-04-08 17:03:28.95",12817,0.03426743,0.03209877,-0.02120209,24.00298
"2025-04-08 17:03:29",12818,0.03482056,0.03252029,-0.02106857,23.98047
"2025-04-08 17:03:29.05",12819,0.03323936,0.03387642,-0.01785469,23.98056
"2025-04-08 17:03:29.1",12820,0.03422356,0.03513145,-0.01709175,24.00999
"2025-04-08 17:03:29.15",12821,0.03376007,0.03224182,-0.01877594,23.98594
"2025-04-08 17:03:29.2",12822,0.03034782,0.03325272,-0.02425194,24.00721
"2025-04-08 17:03:29.25",12823,0.02905655,0.03277588,-0.02365303,24.00516
"2025-04-08 17:03:29.3",12824,0.02799034,0.03333664,-0.02340317,23.98419
"2025-04-08 17:03:29.35",12825,0.03070259,0.03303146,-0.02349663,24.00697
"2025-04-08 17:03:29.4",12826,0.02719688,0.03312874,-0.0206604,24.00235
"2025-04-08 17:03:29.45",12827,0.02768326,0.03288651,-0.02272034,24.00423
"2025-04-08 17:03:29.5",12828,0.02927399,0.03243446,-0.02239227,24.00138
"2025-04-08 17:03:29.55",12829,0.03040123,0.03250885,-0.02070618,23.97932
"2025-04-08 17:03:29.6",12830,0.02509689,0.03251457,-0.02061462,24.00156
"2025-04-08 17:03:29.65",12831,0.02534294,0.03181076,-0.0208931,24.00748
"2025-04-08 17:03:29.7",12832,0.02523613,0.03154373,-0.0230217,23.9797
"2025-04-08 17:03:29.75",12833,0.02487946,0.03217316,-0.02036476,23.97898
"2025-04-08 17:03:29.8",12834,0.02669334,0.0322113,-0.01968765,24.00932
"2025-04-08 17:03:29.85",12835,0.02388954,0.032341,-0.01903915,23.98021
"2025-04-08 17:03:29.9",12836,0.02576065,0.0314312,-0.02125549,23.99957
"2025-04-08 17:03:29.95",12837,0.02450371,0.03171921,-0.02117538,24.00864
"2025-04-08 17:03:30",12838,0.02349281,0.03191757,-0.01974869,24.00175
"2025-04-08 17:03:30.05",12839,0.01953506,0.02868652,-0.02298927,24.00715
"2025-04-08 17:03:30.1",12840,0.02004814,0.02868652,-0.02244759,24.00705
"2025-04-08 17:03:30.15",12841,0.02309227,0.02895546,-0.02293396,23.97924
"2025-04-08 17:03:30.2",12842,0.02215004,0.02851486,-0.02363014,24.00863
"2025-04-08 17:03:30.25",12843,0.02112579,0.03236389,-0.02374077,24.00102
"2025-04-08 17:03:30.3",12844,0.0207901,0.03265381,-0.02041817,24.00055
"2025-04-08 17:03:30.35",12845,0.02206421,0.02858162,-0.0237999,24.0005
"2025-04-08 17:03:30.4",12846,0.02212715,0.02860451,-0.02407265,23.98107
"2025-04-08 17:03:30.45",12847,0.0214119,0.02938652,-0.02464867,23.97944
"2025-04-08 17:03:30.5",12848,0.02116394,0.03088951,-0.02425194,24.001
"2025-04-08 17:03:30.55",12849,0.02087975,0.0315876,-0.0236187,24.03152
"2025-04-08 17:03:30.6",12850,0.02080154,0.0322361,-0.0236187,24.00236
"2025-04-08 17:03:30.65",12851,0.02426529,0.03392601,-0.02349854,24.00409
"2025-04-08 17:03:30.7",12852,0.02121735,0.03105164,-0.02354813,24.00233
"2025-04-08 17:03:30.75",12853,0.0232811,0.03227234,-0.02353096,24.00036
"2025-04-08 17:03:30.8",12854,0.02132034,0.03137398,-0.02385521,24.00321
"2025-04-08 17:03:30.85",12855,0.02459526,0.03264809,-0.0240612,24.00323
"2025-04-08 17:03:30.9",12856,0.0229454,0.02906799,-0.02325249,23.97887
"2025-04-08 17:03:30.95",12857,0.02274704,0.030756,-0.02336121,24.00044
"2025-04-08 17:03:31",12858,0.0232811,0.03074265,-0.02342987,23.97962
"2025-04-08 17:03:31.05",12859,0.0245266,0.02863121,-0.0240345,23.98146
"2025-04-08 17:03:31.1",12860,0.02640343,0.03121376,-0.02315521,24.00017
"2025-04-08 17:03:31.15",12861,0.0235939,0.03075981,-0.02355385,24.02882
"2025-04-08 17:03:31.2",12862,0.02768326,0.0305748,-0.02383614,24.00141
"2025-04-08 17:03:31.25",12863,0.02969742,0.03082085,-0.02365303,24.0098
"2025-04-08 17:03:31.3",12864,0.02662849,0.03121185,-0.02367592,24.00323
"2025-04-08 17:03:31.35",12865,0.03023529,0.03118515,-0.02591896,23.98034
"2025-04-08 17:03:31.4",12866,0.03079224,0.03069305,-0.02327919,23.98117
"2025-04-08 17:03:31.45",12867,0.03401184,0.03443336,-0.02134132,24.01318
"2025-04-08 17:03:31.5",12868,0.02934647,0.03112221,-0.02597618,24.00308
"2025-04-08 17:03:31.55",12869,0.02839851,0.03468704,-0.02585983,23.98206
"2025-04-08 17:03:31.6",12870,0.02921486,0.0338707,-0.02615356,24.00364
"2025-04-08 17:03:31.65",12871,0.03195953,0.03447914,-0.02642822,24.00405
"2025-04-08 17:03:31.7",12872,0.03110123,0.03454208,-0.0261898,24.00172
"2025-04-08 17:03:31.75",12873,0.03033447,0.03718948,-0.02608681,24.00144
"2025-04-08 17:03:31.8",12874,0.03047371,0.03379822,-0.02617264,23.97954
"2025-04-08 17:03:31.85",12875,0.03053093,0.0371666,-0.02643013,23.9573
"2025-04-08 17:03:31.9",12876,0.02989006,0.03476334,-0.02642822,23.97837
"2025-04-08 17:03:31.95",12877,0.03330612,0.03682137,-0.02570343,23.97861
"2025-04-08 17:03:32",12878,0.03377533,0.0331955,-0.02533913,24.00106
"2025-04-08 17:03:32.05",12879,0.0344677,0.03722572,-0.02550697,24.02905
"2025-04-08 17:03:32.1",12880,0.03630447,0.03714752,-0.02451515,23.97701
"2025-04-08 17:03:32.15",12881,0.03645134,0.03678703,-0.02265358,24.00793
"2025-04-08 17:03:32.2",12882,0.03701401,0.03651428,-0.02373314,23.97802
"2025-04-08 17:03:32.25",12883,0.0366478,0.03709984,-0.02794075,23.95682
"2025-04-08 17:03:32.3",12884,0.03593826,0.0364418,-0.02503967,23.99875
"2025-04-08 17:03:32.35",12885,0.03899193,0.03645134,-0.02798271,24.00669
"2025-04-08 17:03:32.4",12886,0.04006386,0.03625107,-0.0275631,24.009
"2025-04-08 17:03:32.45",12887,0.04022026,0.03621101,-0.02590561,24.0004
"2025-04-08 17:03:32.5",12888,0.03958893,0.0365448,-0.02653503,23.95623
"2025-04-08 17:03:32.55",12889,0.03909111,0.0370369,-0.02883148,23.97715
"2025-04-08 17:03:32.6",12890,0.04248428,0.03567314,-0.02626038,24.00122
"2025-04-08 17:03:32.65",12891,0.04340553,0.03648567,-0.02898216,23.97935
"2025-04-08 17:03:32.7",12892,0.03917694,0.03725624,-0.02898026,23.97798
"2025-04-08 17:03:32.75",12893,0.04217148,0.03757477,-0.02929878,24.00788
"2025-04-08 17:03:32.8",12894,0.04187393,0.03767014,-0.02622223,24.00804
"2025-04-08 17:03:32.85",12895,0.0425663,0.03843307,-0.02950096,23.9793
"2025-04-08 17:03:32.9",12896,0.04144478,0.0400753,-0.02901649,23.95568
"2025-04-08 17:03:32.95",12897,0.04128265,0.03860283,-0.025774,23.97737
"2025-04-08 17:03:33",12898,0.04245377,0.03463745,-0.02881813,23.979
"2025-04-08 17:03:33.05",12899,0.04494667,0.03770065,-0.02907181,24.00318
"2025-04-08 17:03:33.1",12900,0.04382896,0.03736305,-0.02650642,24.00109
"2025-04-08 17:03:33.15",12901,0.04147911,0.03710365,-0.02641106,23.97916
"2025-04-08 17:03:33.2",12902,0.04493332,0.03640175,-0.02886391,24.00108
"2025-04-08 17:03:33.25",12903,0.04253769,0.03343964,-0.02854729,24.0081
"2025-04-08 17:03:33.3",12904,0.04436111,0.03661346,-0.02641106,23.97809
"2025-04-08 17:03:33.35",12905,0.04448891,0.03591919,-0.02601433,24.00008
"2025-04-08 17:03:33.4",12906,0.04515648,0.03321838,-0.02621841,24.00135
"2025-04-08 17:03:33.45",12907,0.04400826,0.03412628,-0.02591133,24.00188
"2025-04-08 17:03:33.5",12908,0.04597282,0.03627968,-0.0264225,23.99882
"2025-04-08 17:03:33.55",12909,0.04387856,0.03339577,-0.02628517,23.99984
"2025-04-08 17:03:33.6",12910,0.04347038,0.0327301,-0.02610397,24.00211
"2025-04-08 17:03:33.65",12911,0.04410934,0.0334816,-0.02639961,24.00771
"2025-04-08 17:03:33.7",12912,0.04384422,0.03625107,-0.02646065,24.00217
"2025-04-08 17:03:33.75",12913,0.04185104,0.03320694,-0.02581978,24.01106
"2025-04-08 17:03:33.8",12914,0.04296303,0.0330658,-0.02584839,24.00427
"2025-04-08 17:03:33.85",12915,0.04236412,0.03251839,-0.02604866,24.00526
"2025-04-08 17:03:33.9",12916,0.0424366,0.03420639,-0.02704239,23.97943
"2025-04-08 17:03:33.95",12917,0.0418644,0.03400993,-0.02632332,23.99991
"2025-04-08 17:03:34",12918,0.04161644,0.03301239,-0.02537727,24.00121
"2025-04-08 17:03:34.05",12919,0.04148865,0.03391075,-0.0293293,24.00092
"2025-04-08 17:03:34.1",12920,0.04165077,0.03059196,-0.02596474,24.00758
"2025-04-08 17:03:34.15",12921,0.04132652,0.03348732,-0.02624321,24.00649
"2025-04-08 17:03:34.2",12922,0.04115486,0.03382111,-0.02576256,23.99979
"2025-04-08 17:03:34.25",12923,0.03873062,0.03035736,-0.02565765,23.97876
"2025-04-08 17:03:34.3",12924,0.03940392,0.03080559,-0.02572441,24.00761
"2025-04-08 17:03:34.35",12925,0.03801537,0.03105164,-0.02740669,23.99889
"2025-04-08 17:03:34.4",12926,0.03891945,0.03022003,-0.02504349,23.99826
"2025-04-08 17:03:34.45",12927,0.03898048,0.03029251,-0.02488708,23.99969
"2025-04-08 17:03:34.5",12928,0.03655624,0.0315361,-0.02767944,23.9994
"2025-04-08 17:03:34.55",12929,0.0357933,0.03162766,-0.02669525,24.00598
"2025-04-08 17:03:34.6",12930,0.03643036,0.03078842,-0.02785492,23.99836
"2025-04-08 17:03:34.65",12931,0.03363228,0.0310173,-0.02876282,24.00809
"2025-04-08 17:03:34.7",12932,0.03379822,0.03134537,-0.02930069,24.00648
"2025-04-08 17:03:34.75",12933,0.03309059,0.031353,-0.02858925,23.99847
"2025-04-08 17:03:34.8",12934,0.03300667,0.02998543,-0.02835464,23.99955
"2025-04-08 17:03:34.85",12935,0.03369713,0.03070259,-0.02892113,24.03143
"2025-04-08 17:03:34.9",12936,0.03395081,0.03140068,-0.02963638,24.00093
"2025-04-08 17:03:34.95",12937,0.03297234,0.03188324,-0.03218651,24.00635
"2025-04-08 17:03:35",12938,0.03080368,0.03197861,-0.03195953,24.00681
"2025-04-08 17:03:35.05",12939,0.03159904,0.03203392,-0.03216553,24.03191
"2025-04-08 17:03:35.1",12940,0.03145409,0.03232956,-0.03248215,24.02902
"2025-04-08 17:03:35.15",12941,0.02991867,0.03321648,-0.03157425,24.0282
"2025-04-08 17:03:35.2",12942,0.03347588,0.03360748,-0.0320034,24.04384
"2025-04-08 17:03:35.25",12943,0.03138733,0.03186417,-0.03221512,24.00128
"2025-04-08 17:03:35.3",12944,0.02849197,0.03215599,-0.03206253,24.00743
"2025-04-08 17:03:35.35",12945,0.02999496,0.02874947,-0.03144836,23.99913
"2025-04-08 17:03:35.4",12946,0.03079987,0.03077316,-0.03137589,24.00803
"2025-04-08 17:03:35.45",12947,0.03137398,0.0309391,-0.03225899,24.00902
"2025-04-08 17:03:35.5",12948,0.03112984,0.03194809,-0.03227234,23.97761
"2025-04-08 17:03:35.55",12949,0.03009415,0.03071594,-0.02882385,23.99893
"2025-04-08 17:03:35.6",12950,0.03360939,0.0299778,-0.03111076,23.99912
"2025-04-08 17:03:35.65",12951,0.03382492,0.04109383,-0.03760529,24.03021
"2025-04-08 17:03:35.7",12952,0.03441429,0.02970886,-0.02928162,24.00173
"2025-04-08 17:03:35.75",12953,0.03504562,0.03052139,-0.0287075,24.00851
"2025-04-08 17:03:35.8",12954,0.03468132,0.02986526,-0.02906036,24.03111
"2025-04-08 17:03:35.85",12955,0.03523827,0.02945709,-0.02865219,24.01065
"2025-04-08 17:03:35.9",12956,0.0359993,0.03068352,-0.02926064,24.03321
"2025-04-08 17:03:35.95",12957,0.03433609,0.0306778,-0.02922058,24.03235
"2025-04-08 17:03:36",12958,0.0344677,0.03016281,-0.02630615,24.01182
"2025-04-08 17:03:36.05",12959,0.03474045,0.02976227,-0.02637291,24.00347
"2025-04-08 17:03:36.1",12960,0.03437996,0.03011703,-0.02861214,24.00372
"2025-04-08 17:03:36.15",12961,0.03360367,0.03061485,-0.0290699,24.04446
"2025-04-08 17:03:36.2",12962,0.0333252,0.03021812,-0.02627754,24.00864
"2025-04-08 17:03:36.25",12963,0.03376579,0.03044128,-0.02609253,24.00252
"2025-04-08 17:03:36.3",12964,0.03673553,0.02995491,-0.02678108,24.00205
"2025-04-08 17:03:36.35",12965,0.03327179,0.0308342,-0.02671242,24.00852
"2025-04-08 17:03:36.4",12966,0.03584671,0.03038216,-0.02600288,23.99929
"2025-04-08 17:03:36.45",12967,0.03569794,0.03026199,-0.02651405,24.03039
"2025-04-08 17:03:36.5",12968,0.03304863,0.03054237,-0.02331734,24.00771
"2025-04-08 17:03:36.55",12969,0.03234482,0.03068924,-0.02272606,24.005
"2025-04-08 17:03:36.6",12970,0.03205681,0.02997398,-0.02260971,24.00469
"2025-04-08 17:03:36.65",12971,0.03246498,0.03043747,-0.02124023,24.02794
"2025-04-08 17:03:36.7",12972,0.03596497,0.03083992,-0.02508736,24.02882
"2025-04-08 17:03:36.75",12973,0.03559113,0.03100586,-0.02289391,24.00737
"2025-04-08 17:03:36.8",12974,0.03516197,0.03027916,-0.0216217,24.02746
"2025-04-08 17:03:36.85",12975,0.03203773,0.03027344,-0.0260334,23.97917
"2025-04-08 17:03:36.9",12976,0.03575706,0.03074265,-0.02340698,24.00663
"2025-04-08 17:03:36.95",12977,0.03570175,0.03110504,-0.02320671,23.97614
"2025-04-08 17:03:37",12978,0.03593063,0.03029823,-0.02305412,23.9973
"2025-04-08 17:03:37.05",12979,0.03623962,0.03066635,-0.02330589,23.99971
"2025-04-08 17:03:37.1",12980,0.03551292,0.03111267,-0.023983,24.00732
"2025-04-08 17:03:37.15",12981,0.03590775,0.03152466,-0.02439117,23.99755
"2025-04-08 17:03:37.2",12982,0.03552818,0.03153038,-0.02435112,23.97665
"2025-04-08 17:03:37.25",12983,0.03596115,0.03190613,-0.02412796,24.00621
"2025-04-08 17:03:37.3",12984,0.03608131,0.03202248,-0.02449799,24.04425
"2025-04-08 17:03:37.35",12985,0.03634644,0.03226089,-0.02408791,23.99877
"2025-04-08 17:03:37.4",12986,0.03591919,0.03256798,-0.02391052,23.9995
"2025-04-08 17:03:37.45",12987,0.03574181,0.03224754,-0.02461243,23.99952
"2025-04-08 17:03:37.5",12988,0.03644943,0.03192902,-0.0243721,23.97853
"2025-04-08 17:03:37.55",12989,0.03553391,0.03273582,-0.02417946,24.02859
"2025-04-08 17:03:37.6",12990,0.0361042,0.03053856,-0.02709198,23.9969
"2025-04-08 17:03:37.65",12991,0.0363121,0.03076172,-0.02329445,23.99821
"2025-04-08 17:03:37.7",12992,0.03606987,0.03141975,-0.02711105,24.00131
"2025-04-08 17:03:37.75",12993,0.03859138,0.03044128,-0.02739525,24.02819
"2025-04-08 17:03:37.8",12994,0.03556824,0.03055954,-0.02580833,23.97442
"2025-04-08 17:03:37.85",12995,0.03571892,0.0304985,-0.02368736,24.00826
"2025-04-08 17:03:37.9",12996,0.03655243,0.03011322,-0.02715874,23.99975
"2025-04-08 17:03:37.95",12997,0.03724289,0.03046036,-0.02629471,24.00748
"2025-04-08 17:03:38",12998,0.04016113,0.03315163,-0.02656746,24.02973
"2025-04-08 17:03:38.05",12999,0.03755188,0.02882957,-0.02685165,24.0093
"2025-04-08 17:03:38.1",13000,0.03824806,0.02992821,-0.02737236,23.98354
"2025-04-08 17:03:38.15",13001,0.03743553,0.03011322,-0.02396202,24.0089
"2025-04-08 17:03:38.2",13002,0.03661346,0.02946854,-0.02612114,24.031
"2025-04-08 17:03:38.25",13003,0.03706551,0.02919579,-0.02676964,23.9815
"2025-04-08 17:03:38.3",13004,0.03650665,0.03044891,-0.02622604,24.01112
"2025-04-08 17:03:38.35",13005,0.03668594,0.03005028,-0.02636147,24.00801
"2025-04-08 17:03:38.4",13006,0.03858566,0.02950287,-0.02624893,24.00114
"2025-04-08 17:03:38.45",13007,0.038517,0.03028679,-0.02674866,24.04572
"2025-04-08 17:03:38.5",13008,0.03685951,0.03025246,-0.02691078,24.00082
"2025-04-08 17:03:38.55",13009,0.03590965,0.02790642,-0.02650642,24.00599
"2025-04-08 17:03:38.6",13010,0.03804207,0.0301609,-0.02655029,24.00006
"2025-04-08 17:03:38.65",13011,0.03568649,0.03000069,-0.02664566,23.99986
"2025-04-08 17:03:38.7",13012,0.03558159,0.03037071,-0.02666473,24.00513
"2025-04-08 17:03:38.75",13013,0.0347271,0.03034782,-0.02644539,23.95176
"2025-04-08 17:03:38.8",13014,0.03561974,0.02679634,-0.02545547,23.97643
"2025-04-08 17:03:38.85",13015,0.03591537,0.02982712,-0.02601624,24.00383
"2025-04-08 17:03:38.9",13016,0.03574753,0.03056526,-0.0260601,24.0037
"2025-04-08 17:03:38.95",13017,0.03466988,0.03018379,-0.02458572,24.02494
"2025-04-08 17:03:39",13018,0.03549767,0.03025246,-0.02420998,23.99714
"2025-04-08 17:03:39.05",13019,0.04066658,0.03416634,-0.0244751,24.03832
"2025-04-08 17:03:39.1",13020,0.03570747,0.03075027,-0.02632904,24.00443
"2025-04-08 17:03:39.15",13021,0.03452492,0.03028679,-0.02594757,23.99709
"2025-04-08 17:03:39.2",13022,0.03533554,0.02912331,-0.02627945,23.9539
"2025-04-08 17:03:39.25",13023,0.03577995,0.02996635,-0.02387238,23.97735
"2025-04-08 17:03:39.3",13024,0.03555107,0.03028488,-0.02661324,23.97617
"2025-04-08 17:03:39.35",13025,0.03516197,0.03022003,-0.02386093,23.99719
"2025-04-08 17:03:39.4",13026,0.03543472,0.02781105,-0.02374077,24.02982
"2025-04-08 17:03:39.45",13027,0.03626251,0.03090096,-0.02429008,23.99914
"2025-04-08 17:03:39.5",13028,0.03595543,0.02887154,-0.023983,24.00513
"2025-04-08 17:03:39.55",13029,0.03549767,0.02919769,-0.02391434,24.02663
"2025-04-08 17:03:39.6",13030,0.03603745,0.03074265,-0.02497673,23.99873
"2025-04-08 17:03:39.65",13031,0.03569794,0.031147,-0.02518272,24.00742
"2025-04-08 17:03:39.7",13032,0.03586006,0.03164673,-0.02479935,23.99768
"2025-04-08 17:03:39.75",13033,0.03829002,0.03071594,-0.02408791,23.99852
"2025-04-08 17:03:39.8",13034,0.03590775,0.03049278,-0.02480888,23.99987
"2025-04-08 17:03:39.85",13035,0.03856087,0.03078079,-0.02482224,24.00018
"2025-04-08 17:03:39.9",13036,0.03529549,0.03117752,-0.02423286,24.00469
"2025-04-08 17:03:39.95",13037,0.03603745,0.02971458,-0.02374077,23.99989
"2025-04-08 17:03:40",13038,0.03600311,0.03034592,-0.02443504,24.00577
"2025-04-08 17:03:40.05",13039,0.03551292,0.02999496,-0.02215195,24.00636
"2025-04-08 17:03:40.1",13040,0.0350647,0.03048134,-0.02368736,23.99872
"2025-04-08 17:03:40.15",13041,0.03721809,0.03023338,-0.02380943,23.99966
"2025-04-08 17:03:40.2",13042,0.03670311,0.02919006,-0.02471542,23.9789
"2025-04-08 17:03:40.25",13043,0.03716087,0.0303688,-0.02436638,23.9993
"2025-04-08 17:03:40.3",13044,0.03746033,0.02960587,-0.0239563,23.9991
"2025-04-08 17:03:40.35",13045,0.03704453,0.02901649,-0.02407646,24.00903
"2025-04-08 17:03:40.4",13046,0.03837204,0.02932358,-0.02401161,23.97993
"2025-04-08 17:03:40.45",13047,0.03718185,0.02915573,-0.02169991,23.98135
"2025-04-08 17:03:40.5",13048,0.03653336,0.02976227,-0.0240593,24.00181
"2025-04-08 17:03:40.55",13049,0.03738976,0.0293293,-0.02341461,24.03146
"2025-04-08 17:03:40.6",13050,0.036726,0.02979279,-0.02399445,24.04694
"2025-04-08 17:03:40.65",13051,0.03583717,0.02983856,-0.02137566,24.00699
"2025-04-08 17:03:40.7",13052,0.03545761,0.02939796,-0.02124786,23.97737
"2025-04-08 17:03:40.75",13053,0.03597641,0.02927399,-0.02170563,24.00052
"2025-04-08 17:03:40.8",13054,0.036026,0.02933502,-0.02214622,23.99978
"2025-04-08 17:03:40.85",13055,0.03497124,0.02985382,-0.02116966,24.00671
"2025-04-08 17:03:40.9",13056,0.03508377,0.02998924,-0.02103424,24.00385
"2025-04-08 17:03:40.95",13057,0.03486443,0.02963829,-0.0207386,24.00742
"2025-04-08 17:03:41",13058,0.03541946,0.0299015,-0.02150917,24.02846
"2025-04-08 17:03:41.05",13059,0.03443527,0.02985573,-0.02046013,24.00159
"2025-04-08 17:03:41.1",13060,0.03492546,0.02999496,-0.01888275,23.99724
"2025-04-08 17:03:41.15",13061,0.03522682,0.03006363,-0.02044106,24.00598
"2025-04-08 17:03:41.2",13062,0.0348835,0.03027534,-0.02086067,24.00579
"2025-04-08 17:03:41.25",13063,0.03454208,0.02990532,-0.02018356,24.02486
"2025-04-08 17:03:41.3",13064,0.0353775,0.02979851,-0.0204258,24.02766
"2025-04-08 17:03:41.35",13065,0.03806496,0.02964973,-0.0210495,24.00771
"2025-04-08 17:03:41.4",13066,0.03561974,0.03034019,-0.02115059,23.99842
"2025-04-08 17:03:41.45",13067,0.03477669,0.0302906,-0.02069855,24.00589
"2025-04-08 17:03:41.5",13068,0.03573036,0.0293293,-0.02106285,24.03052
"2025-04-08 17:03:41.55",13069,0.03648567,0.0299015,-0.02187347,24.00591
"2025-04-08 17:03:41.6",13070,0.03568649,0.03034782,-0.02220535,24.00436
"2025-04-08 17:03:41.65",13071,0.03518867,0.03043747,-0.02132607,24.02896
"2025-04-08 17:03:41.7",13072,0.03588867,0.03006935,-0.02173615,24.02854
"2025-04-08 17:03:41.75",13073,0.03573036,0.03113937,-0.02248573,24.02693
"2025-04-08 17:03:41.8",13074,0.03785896,0.0313797,-0.02234459,24.02831
"2025-04-08 17:03:41.85",13075,0.03544044,0.03142548,-0.02227402,24.0275
"2025-04-08 17:03:41.9",13076,0.03824997,0.03128624,-0.02221107,24.00487
"2025-04-08 17:03:41.95",13077,0.03833771,0.02832603,-0.02258682,24.00049
"2025-04-08 17:03:42",13078,0.03862953,0.03220749,-0.02235603,24.00592
"2025-04-08 17:03:42.05",13079,0.03559685,0.03161621,-0.0212059,24.00491
"2025-04-08 17:03:42.1",13080,0.03832817,0.03055382,-0.02144814,24.00705
"2025-04-08 17:03:42.15",13081,0.03614998,0.02801895,-0.02189827,23.99921
"2025-04-08 17:03:42.2",13082,0.03805542,0.03091621,-0.02153206,23.9972
"2025-04-08 17:03:42.25",13083,0.03801537,0.03056908,-0.02169991,24.00484
"2025-04-08 17:03:42.3",13084,0.03544426,0.02964211,-0.02203941,24.00632
"2025-04-08 17:03:42.35",13085,0.03906631,0.0298233,-0.02201653,24.00484
"2025-04-08 17:03:42.4",13086,0.03565407,0.02734184,-0.02127838,24.00587
"2025-04-08 17:03:42.45",13087,0.03652382,0.028759,-0.02170944,24.00732
"2025-04-08 17:03:42.5",13088,0.03775215,0.0283432,-0.02194023,24.04548
"2025-04-08 17:03:42.55",13089,0.03721619,0.02990532,-0.02175903,24.00301
"2025-04-08 17:03:42.6",13090,0.03674698,0.0270977,-0.02114487,24.04447
"2025-04-08 17:03:42.65",13091,0.03697014,0.02891159,-0.02118492,24.01062
"2025-04-08 17:03:42.7",13092,0.03680992,0.02886009,-0.02171707,24.01188
"2025-04-08 17:03:42.75",13093,0.03604317,0.02978325,-0.02182007,24.0094
"2025-04-08 17:03:42.8",13094,0.03617668,0.02895546,-0.02145195,24.00125
"2025-04-08 17:03:42.85",13095,0.03688812,0.02684593,-0.02191544,24.0117
"2025-04-08 17:03:42.9",13096,0.0325737,0.02960014,-0.02271461,24.00737
"2025-04-08 17:03:42.95",13097,0.03304291,0.03081131,-0.02007866,24.01132
"2025-04-08 17:03:43",13098,0.03165245,0.03041458,-0.02170372,24.00699
"2025-04-08 17:03:43.05",13099,0.03566551,0.02633858,-0.02177048,24.03084
"2025-04-08 17:03:43.1",13100,0.0325737,0.02744865,-0.02219009,24.02824
"2025-04-08 17:03:43.15",13101,0.03168869,0.02772331,-0.02123642,24.02725
"2025-04-08 17:03:43.2",13102,0.03145981,0.02682304,-0.02127457,24.02486
"2025-04-08 17:03:43.25",13103,0.03218842,0.02693558,-0.0212841,24.02832
"2025-04-08 17:03:43.3",13104,0.03195953,0.03000069,-0.02138138,24.005
"2025-04-08 17:03:43.35",13105,0.03144646,0.02722549,-0.02046013,24.02457
"2025-04-08 17:03:43.4",13106,0.03195572,0.02635384,-0.02016449,23.99606
"2025-04-08 17:03:43.45",13107,0.03217888,0.0267067,-0.0230732,24.02826
"2025-04-08 17:03:43.5",13108,0.028759,0.02773476,-0.02104378,24.02599
"2025-04-08 17:03:43.55",13109,0.02935982,0.02685165,-0.02085686,24.00397
"2025-04-08 17:03:43.6",13110,0.02952194,0.0267067,-0.02037621,24.02782
"2025-04-08 17:03:43.65",13111,0.02956963,0.02663803,-0.02388191,24.0285
"2025-04-08 17:03:43.7",13112,0.02962685,0.02679634,-0.02121353,24.02542
"2025-04-08 17:03:43.75",13113,0.02944374,0.0269413,-0.02105522,24.04189
"2025-04-08 17:03:43.8",13114,0.02954674,0.02671242,-0.02184296,24.02911
"2025-04-08 17:03:43.85",13115,0.02766037,0.02757835,-0.02183342,24.02831
"2025-04-08 17:03:43.9",13116,0.02686119,0.02500725,-0.02414513,24.02757
"2025-04-08 17:03:43.95",13117,0.02690125,0.03624535,-0.02955627,24.00513
"2025-04-08 17:03:44",13118,0.02699661,0.02779579,-0.02479362,24.04391
"2025-04-08 17:03:44.05",13119,0.02743721,0.03707695,-0.03372192,24.02803
"2025-04-08 17:03:44.1",13120,0.02655411,0.02665138,-0.02488708,24.02715
"2025-04-08 17:03:44.15",13121,0.02655411,0.02583504,-0.02457428,24.04264
"2025-04-08 17:03:44.2",13122,0.02744102,0.03571892,-0.02982521,24.04356
"2025-04-08 17:03:44.25",13123,0.02726936,0.02625847,-0.02496719,24.02846
"2025-04-08 17:03:44.3",13124,0.02701378,0.02523232,-0.02449226,24.02769
"2025-04-08 17:03:44.35",13125,0.02366829,0.024683,-0.02452278,24.0276
"2025-04-08 17:03:44.4",13126,0.02709198,0.02530289,-0.0250206,24.02689
"2025-04-08 17:03:44.45",13127,0.02423096,0.02485657,-0.02476501,24.00685
"2025-04-08 17:03:44.5",13128,0.02371597,0.02466583,-0.02393723,24.02852
"2025-04-08 17:03:44.55",13129,0.02466583,0.02402306,-0.02379799,24.04203
"2025-04-08 17:03:44.6",13130,0.02574539,0.02367401,-0.02446938,24.02816
"2025-04-08 17:03:44.65",13131,0.02492523,0.03242493,-0.03319931,24.0302
"2025-04-08 17:03:44.7",13132,0.02615738,0.02391243,-0.02466583,24.02875
"2025-04-08 17:03:44.75",13133,0.02952576,0.02823448,-0.02103424,24.03891
"2025-04-08 17:03:44.8",13134,0.02627373,0.02342033,-0.02480888,24.0325
"2025-04-08 17:03:44.85",13135,0.02629089,0.02460098,-0.0250206,24.02989
"2025-04-08 17:03:44.9",13136,0.02283669,0.0213623,-0.02449226,24.07028
"2025-04-08 17:03:44.95",13137,0.02566147,0.02327538,-0.0240345,24.04711
"2025-04-08 17:03:45",13138,0.02308273,0.02080727,-0.02497864,24.00968
"2025-04-08 17:03:45.05",13139,0.02233696,0.02435303,-0.02495956,24.00813
"2025-04-08 17:03:45.1",13140,0.02392387,0.02396774,-0.02481079,24.02884
"2025-04-08 17:03:45.15",13141,0.02241707,0.03201675,-0.03206825,24.00921
"2025-04-08 17:03:45.2",13142,0.02144432,0.02117157,-0.02477074,24.0312
"2025-04-08 17:03:45.25",13143,0.0210762,0.0213623,-0.02465439,24.0294
"2025-04-08 17:03:45.3",13144,0.02280045,0.02185249,-0.02438545,24.02941
"2025-04-08 17:03:45.35",13145,0.02070808,0.02125359,-0.02397537,24.02886
"2025-04-08 17:03:45.4",13146,0.02136612,0.02246094,-0.02444649,24.02773
"2025-04-08 17:03:45.45",13147,0.02005959,0.02218628,-0.02457619,24.0273
"2025-04-08 17:03:45.5",13148,0.02050591,0.02169991,-0.02322197,24.02654
"2025-04-08 17:03:45.55",13149,0.0213623,0.02149582,-0.02145767,24.02582
"2025-04-08 17:03:45.6",13150,0.02135468,0.02152443,-0.02340698,24.02832
"2025-04-08 17:03:45.65",13151,0.02118111,0.02183151,-0.02334023,24.02645
"2025-04-08 17:03:45.7",13152,0.02127075,0.02161789,-0.02323532,24.0253
"2025-04-08 17:03:45.75",13153,0.02115822,0.02097511,-0.02305984,24.02744
"2025-04-08 17:03:45.8",13154,0.02175713,0.02074814,-0.02402115,24.02738
"2025-04-08 17:03:45.85",13155,0.02118301,0.02210999,-0.02414513,24.02616
"2025-04-08 17:03:45.9",13156,0.02102089,0.01861382,-0.02339745,24.04227
"2025-04-08 17:03:45.95",13157,0.02189636,0.02069092,-0.02361488,24.02905
"2025-04-08 17:03:46",13158,0.02597427,0.0258007,-0.0218544,24.01475
"2025-04-08 17:03:46.05",13159,0.01821136,0.02202415,-0.02462006,24.02889
"2025-04-08 17:03:46.1",13160,0.02157402,0.02171326,-0.02169228,24.0283
"2025-04-08 17:03:46.15",13161,0.02132607,0.02257919,-0.02222252,24.02936
"2025-04-08 17:03:46.2",13162,0.01910591,0.02007103,-0.02569771,24.00676
"2025-04-08 17:03:46.25",13163,0.02157784,0.0240097,-0.02285957,24.02745
"2025-04-08 17:03:46.3",13164,0.02109718,0.0238018,-0.02474785,24.03636
"2025-04-08 17:03:46.35",13165,0.02249908,0.02573967,-0.0212841,24.03716
"2025-04-08 17:03:46.4",13166,0.02185249,0.02343941,-0.02251434,24.0657
"2025-04-08 17:03:46.45",13167,0.01902199,0.02103233,-0.02536392,24.02855
"2025-04-08 17:03:46.5",13168,0.02458954,0.02589607,-0.01916885,24.01405
"2025-04-08 17:03:46.55",13169,0.02106094,0.02248764,-0.02186203,24.02654
"2025-04-08 17:03:46.6",13170,0.02127266,0.0221386,-0.02194977,24.04211
"2025-04-08 17:03:46.65",13171,0.02173424,0.02243423,-0.02264404,24.02929
"2025-04-08 17:03:46.7",13172,0.0180378,0.02158928,-0.0188179,24.03693
"2025-04-08 17:03:46.75",13173,0.02565002,0.02481651,-0.01867867,24.07258
"2025-04-08 17:03:46.8",13174,0.02352905,0.02430916,-0.01854897,24.01466
"2025-04-08 17:03:46.85",13175,0.02045441,0.02114868,-0.02214432,24.02995
"2025-04-08 17:03:46.9",13176,0.02257919,0.02130508,-0.02239609,24.04378
"2025-04-08 17:03:46.95",13177,0.02017212,0.02116966,-0.02170563,24.02824
"2025-04-08 17:03:47",13178,0.02330017,0.01971245,-0.02145958,24.00948
"2025-04-08 17:03:47.05",13179,0.02046013,0.02062798,-0.02208328,24.03432
"2025-04-08 17:03:47.1",13180,0.02452087,0.02039909,-0.02261925,24.01073
"2025-04-08 17:03:47.15",13181,0.02262688,0.02092361,-0.02142525,24.01016
"2025-04-08 17:03:47.2",13182,0.0201416,0.02076149,-0.01906967,24.03251
"2025-04-08 17:03:47.25",13183,0.01974106,0.02341652,-0.02169228,24.01109
"2025-04-08 17:03:47.3",13184,0.0242157,0.02794647,-0.0192852,24.01189
"2025-04-08 17:03:47.35",13185,0.01953316,0.02168655,-0.01926804,23.99936
"2025-04-08 17:03:47.4",13186,0.01862907,0.02109337,-0.01911926,24.00997
"2025-04-08 17:03:47.45",13187,0.02220917,0.02396965,-0.01988792,24.01299
"2025-04-08 17:03:47.5",13188,0.01894951,0.02481651,-0.01914024,24.01115
"2025-04-08 17:03:47.55",13189,0.01797485,0.02142143,-0.01819229,24.04765
"2025-04-08 17:03:47.6",13190,0.01764679,0.02385902,-0.01859474,24.04594
"2025-04-08 17:03:47.65",13191,0.02049065,0.02417183,-0.01719093,24.04122
"2025-04-08 17:03:47.7",13192,0.02124977,0.02358818,-0.01827049,24.04734
"2025-04-08 17:03:47.75",13193,0.0173912,0.0241127,-0.01730919,24.09959
"2025-04-08 17:03:47.8",13194,0.01751709,0.02425385,-0.01677895,24.09028
"2025-04-08 17:03:47.85",13195,0.02178574,0.02332115,-0.0202961,24.07146
"2025-04-08 17:03:47.9",13196,0.02103233,0.02405357,-0.0256176,24.04464
"2025-04-08 17:03:47.95",13197,0.02131653,0.02405739,-0.009628296,24.06915
"2025-04-08 17:03:48",13198,0.0188427,0.02381897,-0.005016327,24.06216
"2025-04-08 17:03:48.05",13199,0.02118111,0.02318764,-0.003004074,24.07056
"2025-04-08 17:03:48.1",13200,0.01922607,0.02372742,-0.0007228851,24.0666
"2025-04-08 17:03:48.15",13201,0.01909447,0.02521515,0.003713608,24.06606
"2025-04-08 17:03:48.2",13202,0.01895523,0.0247612,0.00343895,24.08614
"2025-04-08 17:03:48.25",13203,0.02255058,0.03168869,0.007051468,24.07363
"2025-04-08 17:03:48.3",13204,0.02241135,0.02545547,0.006729126,24.08283
"2025-04-08 17:03:48.35",13205,0.01916504,0.02551651,0.001125336,24.12366
"2025-04-08 17:03:48.4",13206,0.01802063,0.02682686,0.006914139,24.09668
"2025-04-08 17:03:48.45",13207,0.01913834,0.04589653,0.002044678,24.0876
"2025-04-08 17:03:48.5",13208,0.02167511,0.04748535,0.005840302,24.11322
"2025-04-08 17:03:48.55",13209,0.02318192,0.05770111,0.004806519,24.10554
"2025-04-08 17:03:48.6",13210,0.01836205,0.05783653,0.007450104,24.08318
"2025-04-08 17:03:48.65",13211,0.02212143,0.05866623,0.01343536,24.07378
"2025-04-08 17:03:48.7",13212,0.0192318,0.05506134,0.01722717,24.07597
"2025-04-08 17:03:48.75",13213,0.01950073,0.05575371,0.01884651,24.07613
"2025-04-08 17:03:48.8",13214,0.02797318,0.05888557,0.01880264,24.11974
"2025-04-08 17:03:48.85",13215,0.0381546,0.05548286,0.01438522,24.11433
"2025-04-08 17:03:48.9",13216,0.04293633,0.05307579,0.01182938,24.10738
"2025-04-08 17:03:48.95",13217,0.04421806,0.05521202,0.01182747,24.10603
"2025-04-08 17:03:49",13218,0.04751587,0.064888,0.004621506,24.06867
"2025-04-08 17:03:49.05",13219,0.04945374,0.06732941,0.01503372,24.08946
"2025-04-08 17:03:49.1",13220,0.04938126,0.06990433,0.0148201,24.09205
"2025-04-08 17:03:49.15",13221,0.05232811,0.06832886,0.008676529,24.09228
"2025-04-08 17:03:49.2",13222,0.0500679,0.07243538,0.009494781,24.13535
"2025-04-08 17:03:49.25",13223,0.04884911,0.07221794,0.01144218,24.11942
"2025-04-08 17:03:49.3",13224,0.05131912,0.07124901,0.01008034,24.0901
"2025-04-08 17:03:49.35",13225,0.04676628,0.07155609,0.01127052,24.09192
"2025-04-08 17:03:49.4",13226,0.04856873,0.07269287,0.01452637,24.09052
"2025-04-08 17:03:49.45",13227,0.05088806,0.07228279,0.01202393,24.12032
"2025-04-08 17:03:49.5",13228,0.0532608,0.07517242,0.01873779,24.10298
"2025-04-08 17:03:49.55",13229,0.05051994,0.07084465,0.02012062,24.09559
"2025-04-08 17:03:49.6",13230,0.04801178,0.07003212,0.0241642,24.08854
"2025-04-08 17:03:49.65",13231,0.04465103,0.06987762,0.0263443,24.0882
"2025-04-08 17:03:49.7",13232,0.04740906,0.07065201,0.02661705,24.1181
"2025-04-08 17:03:49.75",13233,0.04708481,0.06725693,0.02717972,24.11841
"2025-04-08 17:03:49.8",13234,0.04906845,0.07176399,0.0261364,24.10222
"2025-04-08 17:03:49.85",13235,0.04945374,0.06904602,0.02161789,24.09515
"2025-04-08 17:03:49.9",13236,0.051157,0.07143021,0.02074623,24.09488
"2025-04-08 17:03:49.95",13237,0.05174828,0.07013321,0.02188683,24.09776
"2025-04-08 17:03:50",13238,0.04935646,0.07003403,0.02340508,24.09657
"2025-04-08 17:03:50.05",13239,0.0511055,0.07027817,0.02198792,24.09544
"2025-04-08 17:03:50.1",13240,0.04767036,0.06946754,0.0247612,24.09786
"2025-04-08 17:03:50.15",13241,0.04844666,0.06963539,0.02663231,24.10165
"2025-04-08 17:03:50.2",13242,0.0489502,0.07225037,0.02838707,24.13425
"2025-04-08 17:03:50.25",13243,0.05134201,0.06895447,0.02183533,24.10986
"2025-04-08 17:03:50.3",13244,0.04842567,0.06803322,0.02143478,24.1082
"2025-04-08 17:03:50.35",13245,0.04629707,0.06669426,0.02237129,24.14407
"2025-04-08 17:03:50.4",13246,0.04784393,0.06609726,0.02002716,24.12384
"2025-04-08 17:03:50.45",13247,0.05074692,0.06970787,0.02766228,24.13111
"2025-04-08 17:03:50.5",13248,0.04537582,0.0653038,0.02544785,24.12444
"2025-04-08 17:03:50.55",13249,0.04808617,0.06612206,0.02603149,24.11965
"2025-04-08 17:03:50.6",13250,0.05004311,0.06262779,0.02487564,24.12508
"2025-04-08 17:03:50.65",13251,0.05087852,0.06794548,0.02443314,24.13885
"2025-04-08 17:03:50.7",13252,0.05021667,0.06751442,0.0249691,24.11556
"2025-04-08 17:03:50.75",13253,0.05112839,0.06775284,0.0250473,24.15073
"2025-04-08 17:03:50.8",13254,0.04637718,0.06383324,0.0189724,24.13821
"2025-04-08 17:03:50.85",13255,0.04980087,0.06370163,0.01919556,24.14421
"2025-04-08 17:03:50.9",13256,0.04771614,0.0651741,0.02398491,24.13804
"2025-04-08 17:03:50.95",13257,0.04655457,0.06460571,0.02213669,24.1272
"2025-04-08 17:03:51",13258,0.0500164,0.06463814,0.01707268,24.13074
"2025-04-08 17:03:51.05",13259,0.05225754,0.06461143,0.01597214,24.12761
"2025-04-08 17:03:51.1",13260,0.0520668,0.0656662,0.01623917,24.12561
"2025-04-08 17:03:51.15",13261,0.06018829,0.06697845,0.01963043,24.11801
"2025-04-08 17:03:51.2",13262,0.05482483,0.06336594,0.01844597,24.16552
"2025-04-08 17:03:51.25",13263,0.05602074,0.0607357,0.02150726,24.15083
"2025-04-08 17:03:51.3",13264,0.06203079,0.06398392,0.02228737,24.14959
"2025-04-08 17:03:51.35",13265,0.06395721,0.06301117,0.02090836,24.12801
"2025-04-08 17:03:51.4",13266,0.0644989,0.06350899,0.01217461,24.14884
"2025-04-08 17:03:51.45",13267,0.06270981,0.06455612,0.01062584,24.11955
"2025-04-08 17:03:51.5",13268,0.05820274,0.0622139,0.01709557,24.12236
"2025-04-08 17:03:51.55",13269,0.06282425,0.06446648,0.01786041,24.1441
"2025-04-08 17:03:51.6",13270,0.06634331,0.06343651,0.016819,24.14744
"2025-04-08 17:03:51.65",13271,0.061203,0.06120491,0.01709557,24.15392
"2025-04-08 17:03:51.7",13272,0.06169891,0.06098175,0.01754189,24.11945
"2025-04-08 17:03:51.75",13273,0.06480026,0.06564522,0.01803398,24.11329
"2025-04-08 17:03:51.8",13274,0.06311226,0.07196045,0.01875877,24.12173
"2025-04-08 17:03:51.85",13275,0.06306267,0.07831573,0.01810455,24.1345
"2025-04-08 17:03:51.9",13276,0.06484032,0.08382607,0.02059555,24.11532
"2025-04-08 17:03:51.95",13277,0.0605545,0.07703018,0.0163517,24.10726
"2025-04-08 17:03:52",13278,0.05920792,0.0770359,0.01368332,24.13403
"2025-04-08 17:03:52.05",13279,0.06438255,0.09004211,0.01068306,24.11697
"2025-04-08 17:03:52.1",13280,0.05870056,0.0786171,0.01614571,24.108
"2025-04-08 17:03:52.15",13281,0.05845642,0.07780266,0.01372719,24.10339
"2025-04-08 17:03:52.2",13282,0.06240845,0.08044243,0.01678658,24.11153
"2025-04-08 17:03:52.25",13283,0.05903625,0.07782936,0.01821518,24.11285
"2025-04-08 17:03:52.3",13284,0.061409,0.07889175,0.01925087,24.10248
"2025-04-08 17:03:52.35",13285,0.06498337,0.07802963,0.01784325,24.10901
"2025-04-08 17:03:52.4",13286,0.06336594,0.07998466,0.01529121,24.11141
"2025-04-08 17:03:52.45",13287,0.0687809,0.08089638,0.02134323,24.13747
"2025-04-08 17:03:52.5",13288,0.0557766,0.07829285,0.02119446,24.10643
"2025-04-08 17:03:52.55",13289,0.05400848,0.07759666,0.02839851,24.10301
"2025-04-08 17:03:52.6",13290,0.05708694,0.0762043,0.02861023,24.10541
"2025-04-08 17:03:52.65",13291,0.06051826,0.07522202,0.02836037,24.10731
"2025-04-08 17:03:52.7",13292,0.05410004,0.07747078,0.03020287,24.12981
"2025-04-08 17:03:52.75",13293,0.05218506,0.0763092,0.03002167,24.10615
"2025-04-08 17:03:52.8",13294,0.05290031,0.07691193,0.0312252,24.10648
"2025-04-08 17:03:52.85",13295,0.05597496,0.07107353,0.0307045,24.14287
"2025-04-08 17:03:52.9",13296,0.05605888,0.07079124,0.02823067,24.16614
"2025-04-08 17:03:52.95",13297,0.055439,0.07094193,0.03033066,24.14218
"2025-04-08 17:03:53",13298,0.05435562,0.06867218,0.02926445,24.16544
"2025-04-08 17:03:53.05",13299,0.05117226,0.06864738,0.0279808,24.16936
"2025-04-08 17:03:53.1",13300,0.05096626,0.0686245,0.02765656,24.16765
"2025-04-08 17:03:53.15",13301,0.05496979,0.06962013,0.02368927,24.16512
"2025-04-08 17:03:53.2",13302,0.05448532,0.06925011,0.02534866,24.14008
"2025-04-08 17:03:53.25",13303,0.05420113,0.06615067,0.02693558,24.14309
"2025-04-08 17:03:53.3",13304,0.05497551,0.06948662,0.0252533,24.16489
"2025-04-08 17:03:53.35",13305,0.05293655,0.06951904,0.02258301,24.17591
"2025-04-08 17:03:53.4",13306,0.0555191,0.06817245,0.02646446,24.13811
"2025-04-08 17:03:53.45",13307,0.06478882,0.06733131,0.0204792,24.13713
"2025-04-08 17:03:53.5",13308,0.06626511,0.06789589,0.01703262,24.15981
"2025-04-08 17:03:53.55",13309,0.07151413,0.06883621,0.01765442,24.15679
"2025-04-08 17:03:53.6",13310,0.07131386,0.06616783,0.02444839,24.13179
"2025-04-08 17:03:53.65",13311,0.07230186,0.06472778,0.02250099,24.12747
"2025-04-08 17:03:53.7",13312,0.07065392,0.06427956,0.01860237,24.1563
"2025-04-08 17:03:53.75",13313,0.06695175,0.08264542,0.01642418,24.14262
"2025-04-08 17:03:53.8",13314,0.06825638,0.08654213,0.02328873,24.14196
"2025-04-08 17:03:53.85",13315,0.06801796,0.08177948,0.02220535,24.14192
"2025-04-08 17:03:53.9",13316,0.07040215,0.08267593,0.01445198,24.1425
"2025-04-08 17:03:53.95",13317,0.06612778,0.0821743,0.0246563,24.11749
"2025-04-08 17:03:54",13318,0.06587982,0.08410645,0.03276062,24.13606
"2025-04-08 17:03:54.05",13319,0.06352043,0.07972336,0.03142548,24.15275
"2025-04-08 17:03:54.1",13320,0.06221962,0.078825,0.03207779,24.14014
"2025-04-08 17:03:54.15",13321,0.06160736,0.0804882,0.03065872,24.1506
"2025-04-08 17:03:54.2",13322,0.06285667,0.08088303,0.03439522,24.17229
"2025-04-08 17:03:54.25",13323,0.06522369,0.08243561,0.03946304,24.14088
"2025-04-08 17:03:54.3",13324,0.06105995,0.07838821,0.03471947,24.14105
"2025-04-08 17:03:54.35",13325,0.06147575,0.0774231,0.02828217,24.13609
"2025-04-08 17:03:54.4",13326,0.06022072,0.07475853,0.03523445,24.15384
"2025-04-08 17:03:54.45",13327,0.05672455,0.07254219,0.02620697,24.18767
"2025-04-08 17:03:54.5",13328,0.05780602,0.07113457,0.03096008,24.15018
"2025-04-08 17:03:54.55",13329,0.06263351,0.07168198,0.02923393,24.17433
"2025-04-08 17:03:54.6",13330,0.06132507,0.0730381,0.02728271,24.17335
"2025-04-08 17:03:54.65",13331,0.06085205,0.07687378,0.03226662,24.17703
"2025-04-08 17:03:54.7",13332,0.06318092,0.07123375,0.02807999,24.16596
"2025-04-08 17:03:54.75",13333,0.07156944,0.06927872,0.02224922,24.14304
"2025-04-08 17:03:54.8",13334,0.07597542,0.07245827,0.02415466,24.13669
"2025-04-08 17:03:54.85",13335,0.07295418,0.07307243,0.02481842,24.17966
"2025-04-08 17:03:54.9",13336,0.07609749,0.07172012,0.02465439,24.16531
"2025-04-08 17:03:54.95",13337,0.07563972,0.07162476,0.02573013,24.16861
"2025-04-08 17:03:55",13338,0.07959938,0.07541847,0.02628517,24.15535
"2025-04-08 17:03:55.05",13339,0.0736351,0.08905602,0.02359009,24.14816
"2025-04-08 17:03:55.1",13340,0.07469749,0.09044456,0.0230751,24.14706
"2025-04-08 17:03:55.15",13341,0.07565117,0.08730698,0.02729225,24.12158
"2025-04-08 17:03:55.2",13342,0.07657433,0.09203339,0.02935982,24.12072
"2025-04-08 17:03:55.25",13343,0.06775284,0.08576012,0.03097725,24.11663
"2025-04-08 17:03:55.3",13344,0.06685448,0.08864021,0.03297043,24.1156
"2025-04-08 17:03:55.35",13345,0.06733704,0.08509445,0.03725624,24.11722
"2025-04-08 17:03:55.4",13346,0.06692696,0.08745193,0.0384388,24.14326
"2025-04-08 17:03:55.45",13347,0.06831741,0.08593369,0.03942871,24.14205
"2025-04-08 17:03:55.5",13348,0.0646534,0.0846138,0.03531265,24.11584
"2025-04-08 17:03:55.55",13349,0.06534767,0.07612038,0.03429985,24.14388
"2025-04-08 17:03:55.6",13350,0.06446457,0.07811356,0.03541374,24.12124
"2025-04-08 17:03:55.65",13351,0.06169891,0.07569122,0.03574181,24.12541
"2025-04-08 17:03:55.7",13352,0.06238174,0.07798004,0.03416824,24.12488
"2025-04-08 17:03:55.75",13353,0.06498909,0.07819939,0.03147507,24.15334
"2025-04-08 17:03:55.8",13354,0.06653786,0.07858276,0.02844429,24.13487
"2025-04-08 17:03:55.85",13355,0.06508446,0.07672501,0.02950859,24.17003
"2025-04-08 17:03:55.9",13356,0.06664276,0.07948303,0.02903366,24.13454
"2025-04-08 17:03:55.95",13357,0.06744576,0.07629967,0.02916908,24.15951
"2025-04-08 17:03:56",13358,0.06542015,0.07970047,0.03074837,24.15491
"2025-04-08 17:03:56.05",13359,0.06617928,0.08026886,0.03590393,24.13265
"2025-04-08 17:03:56.1",13360,0.06666565,0.07903481,0.03502083,24.10901
"2025-04-08 17:03:56.15",13361,0.06340408,0.07876778,0.03413391,24.11877
"2025-04-08 17:03:56.2",13362,0.06970215,0.0760746,0.0334816,24.14326
"2025-04-08 17:03:56.25",13363,0.06957436,0.07869148,0.03090668,24.11766
"2025-04-08 17:03:56.3",13364,0.07246208,0.07458496,0.03205109,24.11581
"2025-04-08 17:03:56.35",13365,0.07680893,0.07241821,0.03199005,24.11697
"2025-04-08 17:03:56.4",13366,0.07940483,0.0721817,0.03318977,24.11707
"2025-04-08 17:03:56.45",13367,0.08348274,0.07309341,0.03610992,24.11554
"2025-04-08 17:03:56.5",13368,0.08739662,0.07894135,0.03952789,24.14252
"2025-04-08 17:03:56.55",13369,0.0866375,0.07846642,0.03499222,24.14243
"2025-04-08 17:03:56.6",13370,0.08213997,0.07557297,0.02189636,24.13267
"2025-04-08 17:03:56.65",13371,0.08543015,0.08030891,0.0288105,24.13697
"2025-04-08 17:03:56.7",13372,0.0808506,0.0759182,0.02680779,24.10329
"2025-04-08 17:03:56.75",13373,0.08106422,0.07615852,0.02409935,24.14223
"2025-04-08 17:03:56.8",13374,0.08296204,0.07632828,0.02406502,24.12475
"2025-04-08 17:03:56.85",13375,0.08063316,0.08049393,0.02438354,24.10114
"2025-04-08 17:03:56.9",13376,0.08086967,0.08603477,0.02666092,24.10049
"2025-04-08 17:03:56.95",13377,0.08167267,0.08732986,0.02958679,24.12656
"2025-04-08 17:03:57",13378,0.08094025,0.09400177,0.02381897,24.09923
"2025-04-08 17:03:57.05",13379,0.08324814,0.09778023,0.02471924,24.13106
"2025-04-08 17:03:57.1",13380,0.07766342,0.08400536,0.02595329,24.12733
"2025-04-08 17:03:57.15",13381,0.07910156,0.09093094,0.02820778,24.12899
"2025-04-08 17:03:57.2",13382,0.08593941,0.09781265,0.03079987,24.13657
"2025-04-08 17:03:57.25",13383,0.08094215,0.09554482,0.02588463,24.12875
"2025-04-08 17:03:57.3",13384,0.08339691,0.09218979,0.02412033,24.12914
"2025-04-08 17:03:57.35",13385,0.08722496,0.09699249,0.02682877,24.13501
"2025-04-08 17:03:57.4",13386,0.08384514,0.09184837,0.02547646,24.14432
"2025-04-08 17:03:57.45",13387,0.08547401,0.09370613,0.02521324,24.12328
"2025-04-08 17:03:57.5",13388,0.08847046,0.09088326,0.02584648,24.13828
"2025-04-08 17:03:57.55",13389,0.09108734,0.09241104,0.02799034,24.14079
"2025-04-08 17:03:57.6",13390,0.09440994,0.0942421,0.02767754,24.13366
"2025-04-08 17:03:57.65",13391,0.07374763,0.09335518,0.02598381,24.12183
"2025-04-08 17:03:57.7",13392,0.08003998,0.09179688,0.0267067,24.12445
"2025-04-08 17:03:57.75",13393,0.07902336,0.08814621,0.02905273,24.12366
"2025-04-08 17:03:57.8",13394,0.07398796,0.09119415,0.02930832,24.09977
"2025-04-08 17:03:57.85",13395,0.07406998,0.08953094,0.02615738,24.12095
"2025-04-08 17:03:57.9",13396,0.07422638,0.09072495,0.03252411,24.12238
"2025-04-08 17:03:57.95",13397,0.07165337,0.08818245,0.03179359,24.1381
"2025-04-08 17:03:58",13398,0.07328796,0.09082031,0.02719879,24.12347
"2025-04-08 17:03:58.05",13399,0.07267952,0.08865929,0.02835846,24.09804
"2025-04-08 17:03:58.1",13400,0.07126617,0.09103203,0.0229969,24.12245
"2025-04-08 17:03:58.15",13401,0.07079124,0.09051704,0.02215385,24.13713
"2025-04-08 17:03:58.2",13402,0.07192039,0.08818245,0.02558899,24.12303
"2025-04-08 17:03:58.25",13403,0.07095528,0.09477425,0.02311516,24.12557
"2025-04-08 17:03:58.3",13404,0.07113838,0.08698273,0.02627182,24.12148
"2025-04-08 17:03:58.35",13405,0.07435989,0.08920097,0.02801704,24.12209
"2025-04-08 17:03:58.4",13406,0.07965088,0.08999252,0.03197289,24.16266
"2025-04-08 17:03:58.45",13407,0.07525444,0.08708763,0.02855492,24.12082
"2025-04-08 17:03:58.5",13408,0.0770359,0.0925808,0.02833748,24.10295
"2025-04-08 17:03:58.55",13409,0.07628822,0.08561897,0.02861977,24.15636
"2025-04-08 17:03:58.6",13410,0.07546043,0.08493233,0.02471352,24.12141
"2025-04-08 17:03:58.65",13411,0.07264519,0.08469391,0.02557182,24.11895
"2025-04-08 17:03:58.7",13412,0.0703392,0.08423424,0.02782822,24.11449
"2025-04-08 17:03:58.75",13413,0.0718441,0.08568382,0.0277729,24.11586
"2025-04-08 17:03:58.8",13414,0.07029152,0.08026886,0.02697945,24.11647
"2025-04-08 17:03:58.85",13415,0.0707798,0.08065605,0.02687836,24.09242
"2025-04-08 17:03:58.9",13416,0.07282066,0.08270454,0.02656555,24.11213
"2025-04-08 17:03:58.95",13417,0.07273102,0.07957268,0.02640533,24.09087
"2025-04-08 17:03:59",13418,0.07231331,0.0780983,0.02579689,24.09406
"2025-04-08 17:03:59.05",13419,0.0716095,0.08010864,0.02614784,24.11408
"2025-04-08 17:03:59.1",13420,0.07144547,0.08234787,0.02536583,24.09045
"2025-04-08 17:03:59.15",13421,0.07052612,0.07889175,0.02549553,24.1132
"2025-04-08 17:03:59.2",13422,0.07169724,0.07853508,0.02614021,24.09208
"2025-04-08 17:03:59.25",13423,0.07398796,0.08244133,0.0252552,24.11453
"2025-04-08 17:03:59.3",13424,0.07358551,0.08389664,0.02490044,24.11624
"2025-04-08 17:03:59.35",13425,0.06976128,0.07965469,0.02050018,24.12832
"2025-04-08 17:03:59.4",13426,0.06961823,0.07999039,0.01855087,24.09231
"2025-04-08 17:03:59.45",13427,0.07134056,0.07857132,0.01819611,24.11299
"2025-04-08 17:03:59.5",13428,0.07101631,0.07924271,0.01711273,24.11136
"2025-04-08 17:03:59.55",13429,0.07279205,0.08237076,0.02094269,24.11837
"2025-04-08 17:03:59.6",13430,0.07768059,0.07806969,0.02110863,24.11241
"2025-04-08 17:03:59.65",13431,0.08289337,0.07733345,0.02350426,24.11398
"2025-04-08 17:03:59.7",13432,0.09289742,0.08458328,0.02811241,24.08752
"2025-04-08 17:03:59.75",13433,0.08837318,0.08031464,0.02551079,24.111
"2025-04-08 17:03:59.8",13434,0.08908463,0.0789299,0.02067947,24.12617
"2025-04-08 17:03:59.85",13435,0.09412766,0.07994461,0.02468491,24.08081
"2025-04-08 17:03:59.9",13436,0.08965302,0.0771389,0.02081871,24.10989
"2025-04-08 17:03:59.95",13437,0.08788109,0.08081627,0.02189827,24.08614
"2025-04-08 17:04:00",13438,0.09014511,0.0796833,0.02280235,24.0881
"2025-04-08 17:04:00.05",13439,0.09335136,0.08097267,0.025383,24.11317
"2025-04-08 17:04:00.1",13440,0.09267426,0.07818604,0.01977921,24.12145
"2025-04-08 17:04:00.15",13441,0.09127045,0.08065033,0.0252552,24.07542
"2025-04-08 17:04:00.2",13442,0.09355736,0.07975006,0.02680588,24.08804
"2025-04-08 17:04:00.25",13443,0.09381485,0.07665253,0.02409363,24.07787
"2025-04-08 17:04:00.3",13444,0.09071541,0.0774765,0.0253334,24.07607
"2025-04-08 17:04:00.35",13445,0.08773232,0.07684708,0.02731895,24.10343
"2025-04-08 17:04:00.4",13446,0.08999252,0.07960129,0.02335548,24.10426
"2025-04-08 17:04:00.45",13447,0.09065819,0.07732582,0.02688408,24.0847
"2025-04-08 17:04:00.5",13448,0.09197426,0.08245468,0.02446747,24.08539
"2025-04-08 17:04:00.55",13449,0.09156799,0.08428574,0.02282906,24.13322
"2025-04-08 17:04:00.6",13450,0.08841133,0.08071518,0.02261353,24.11555
"2025-04-08 17:04:00.65",13451,0.08821297,0.07793999,0.02105522,24.12005
"2025-04-08 17:04:00.7",13452,0.08756447,0.07906532,0.02186203,24.11823
"2025-04-08 17:04:00.75",13453,0.08693123,0.07827759,0.02179146,24.09798
"2025-04-08 17:04:00.8",13454,0.08652687,0.08078003,0.02021408,24.12138
"2025-04-08 17:04:00.85",13455,0.09114838,0.08192444,0.0214653,24.10018
"2025-04-08 17:04:00.9",13456,0.08808899,0.0776825,0.02113342,24.07132
"2025-04-08 17:04:00.95",13457,0.0879364,0.08009148,0.0216465,24.08277
"2025-04-08 17:04:01",13458,0.09004402,0.07886887,0.02707481,24.1058
"2025-04-08 17:04:01.05",13459,0.08910561,0.0777626,0.02562332,24.10574
"2025-04-08 17:04:01.1",13460,0.08972931,0.07564735,0.02858734,24.08358
"2025-04-08 17:04:01.15",13461,0.08821869,0.07437325,0.02849388,24.11843
"2025-04-08 17:04:01.2",13462,0.08707237,0.07651711,0.02571678,24.08176
"2025-04-08 17:04:01.25",13463,0.08600616,0.07685852,0.02545357,24.08362
"2025-04-08 17:04:01.3",13464,0.08483696,0.07472038,0.02943802,24.07858
"2025-04-08 17:04:01.35",13465,0.08292961,0.07776833,0.01885414,24.07353
"2025-04-08 17:04:01.4",13466,0.08236885,0.07463455,0.01868057,24.08121
"2025-04-08 17:04:01.45",13467,0.08492851,0.07478714,0.02090454,24.1029
"2025-04-08 17:04:01.5",13468,0.08509636,0.07639885,0.02121735,24.07874
"2025-04-08 17:04:01.55",13469,0.08077431,0.07878304,0.02066231,24.10157
"2025-04-08 17:04:01.6",13470,0.07954979,0.0789814,0.01969719,24.11964
"2025-04-08 17:04:01.65",13471,0.07609367,0.08084488,0.02001381,24.08385
"2025-04-08 17:04:01.7",13472,0.07552719,0.08321381,0.01593971,24.08425
"2025-04-08 17:04:01.75",13473,0.07573509,0.08113098,0.01727104,24.105
"2025-04-08 17:04:01.8",13474,0.07831955,0.08291817,0.01917267,24.10548
"2025-04-08 17:04:01.85",13475,0.0788784,0.0831337,0.02172279,24.10754
"2025-04-08 17:04:01.9",13476,0.07852936,0.06451988,0.01796341,24.10238
"2025-04-08 17:04:01.95",13477,0.0773983,0.07139397,0.02238274,24.11385
"2025-04-08 17:04:02",13478,0.07948303,0.06877136,0.02000809,24.09963
"2025-04-08 17:04:02.05",13479,0.08246613,0.07094383,0.01769638,24.11577
"2025-04-08 17:04:02.1",13480,0.07852936,0.06789017,0.01602173,24.07859
"2025-04-08 17:04:02.15",13481,0.08433151,0.07125092,0.02090454,24.09874
"2025-04-08 17:04:02.2",13482,0.08211327,0.06968117,0.02328682,24.11174
"2025-04-08 17:04:02.25",13483,0.08395195,0.06996155,0.02054596,24.07969
"2025-04-08 17:04:02.3",13484,0.08656502,0.07156754,0.02155685,24.10139
"2025-04-08 17:04:02.35",13485,0.08734512,0.07179642,0.02062988,24.06784
"2025-04-08 17:04:02.4",13486,0.07060814,0.07142448,0.01742935,24.09781
"2025-04-08 17:04:02.45",13487,0.0759964,0.07281876,0.01927757,24.07873
"2025-04-08 17:04:02.5",13488,0.07504654,0.07278633,0.01513481,24.10098
"2025-04-08 17:04:02.55",13489,0.07532883,0.07341766,0.01947403,24.07714
"2025-04-08 17:04:02.6",13490,0.07448578,0.07247925,0.0214386,24.11526
"2025-04-08 17:04:02.65",13491,0.07351685,0.07196426,0.01993561,24.1011
"2025-04-08 17:04:02.7",13492,0.07970428,0.0725174,0.01519394,24.07807
"2025-04-08 17:04:02.75",13493,0.0790062,0.07254219,0.01546478,24.07635
"2025-04-08 17:04:02.8",13494,0.0744381,0.07228279,0.01694489,24.0759
"2025-04-08 17:04:02.85",13495,0.07500839,0.07135582,0.02047729,24.07541
"2025-04-08 17:04:02.9",13496,0.0782299,0.07076454,0.01688004,24.07675
"2025-04-08 17:04:02.95",13497,0.07642365,0.07226563,0.02073669,24.09719
"2025-04-08 17:04:03",13498,0.0753231,0.07044792,0.01875877,24.0752
"2025-04-08 17:04:03.05",13499,0.07382584,0.07023239,0.01558113,24.07645
"2025-04-08 17:04:03.1",13500,0.07390976,0.07077026,0.01653671,24.0764
"2025-04-08 17:04:03.15",13501,0.07665825,0.07388115,0.01501083,24.06576
"2025-04-08 17:04:03.2",13502,0.07791901,0.07299805,0.0185585,24.09741
"2025-04-08 17:04:03.25",13503,0.07495308,0.07045746,0.02030373,24.09861
"2025-04-08 17:04:03.3",13504,0.07450676,0.07079315,0.01556778,24.06994
"2025-04-08 17:04:03.35",13505,0.07389832,0.0729599,0.01232338,24.10012
"2025-04-08 17:04:03.4",13506,0.07648849,0.07005119,0.01651764,24.07865
"2025-04-08 17:04:03.45",13507,0.07866096,0.06938553,0.01883507,24.07568
"2025-04-08 17:04:03.5",13508,0.07742691,0.07206726,0.01320648,24.08342
"2025-04-08 17:04:03.55",13509,0.0779705,0.07298088,0.01852989,24.1047
"2025-04-08 17:04:03.6",13510,0.07859612,0.0721035,0.02013397,24.08289
"2025-04-08 17:04:03.65",13511,0.07573128,0.07121849,0.0157547,24.12018
"2025-04-08 17:04:03.7",13512,0.07460594,0.07149696,0.01440811,24.1199
"2025-04-08 17:04:03.75",13513,0.07178497,0.07198143,0.01840591,24.07832
"2025-04-08 17:04:03.8",13514,0.07320404,0.07287979,0.01751328,24.1012
"2025-04-08 17:04:03.85",13515,0.07213783,0.07197189,0.01730156,24.1064
"2025-04-08 17:04:03.9",13516,0.07877731,0.07278633,0.0163517,24.1038
"2025-04-08 17:04:03.95",13517,0.07463455,0.07172966,0.01608467,24.06867
"2025-04-08 17:04:04",13518,0.07567978,0.06785011,0.01417732,24.04336
"2025-04-08 17:04:04.05",13519,0.07530403,0.06932831,0.01577759,24.03448
"2025-04-08 17:04:04.1",13520,0.07390785,0.06905174,0.01552963,24.05488
"2025-04-08 17:04:04.15",13521,0.07511902,0.07014465,0.01618958,24.05241
"2025-04-08 17:04:04.2",13522,0.07102585,0.06831932,0.01845551,24.03023
"2025-04-08 17:04:04.25",13523,0.07198143,0.06810188,0.01811981,24.05608
"2025-04-08 17:04:04.3",13524,0.07498169,0.068367,0.01517296,24.05676
"2025-04-08 17:04:04.35",13525,0.07161331,0.07094765,0.014431,24.03489
"2025-04-08 17:04:04.4",13526,0.07285309,0.0674572,0.01346207,24.03445
"2025-04-08 17:04:04.45",13527,0.07309341,0.06713867,0.01678658,24.06174
"2025-04-08 17:04:04.5",13528,0.07049751,0.06694031,0.01298332,24.03428
"2025-04-08 17:04:04.55",13529,0.06567192,0.06798935,0.01340866,24.07252
"2025-04-08 17:04:04.6",13530,0.06544685,0.07083321,0.01720047,24.0582
"2025-04-08 17:04:04.65",13531,0.06715012,0.0674572,0.01607704,24.032
"2025-04-08 17:04:04.7",13532,0.06607819,0.06781006,0.0124073,24.04025
"2025-04-08 17:04:04.75",13533,0.06771088,0.07166862,0.01393127,24.03693
"2025-04-08 17:04:04.8",13534,0.06900597,0.06741524,0.01593971,24.04065
"2025-04-08 17:04:04.85",13535,0.06979179,0.06725311,0.01588058,24.06402
"2025-04-08 17:04:04.9",13536,0.06855774,0.06744576,0.009191513,24.07529
"2025-04-08 17:04:04.95",13537,0.06967545,0.06801605,0.01380539,24.02516
"2025-04-08 17:04:05",13538,0.0687027,0.06681442,0.01525497,24.03149
"2025-04-08 17:04:05.05",13539,0.06706238,0.06578445,0.0148716,24.03257
"2025-04-08 17:04:05.1",13540,0.06816864,0.06686783,0.0116806,24.03265
"2025-04-08 17:04:05.15",13541,0.0698204,0.06738663,0.01226807,24.05308
"2025-04-08 17:04:05.2",13542,0.06811142,0.06625748,0.01207161,24.05325
"2025-04-08 17:04:05.25",13543,0.07089424,0.06500626,0.009075165,24.03355
"2025-04-08 17:04:05.3",13544,0.0721817,0.0667038,0.01211166,24.05758
"2025-04-08 17:04:05.35",13545,0.07139015,0.06657028,0.01215172,24.03999
"2025-04-08 17:04:05.4",13546,0.06740379,0.06849861,0.01125908,24.04359
"2025-04-08 17:04:05.45",13547,0.0678215,0.0680542,0.01047134,24.04197
"2025-04-08 17:04:05.5",13548,0.06875992,0.06640816,0.01264381,24.07436
"2025-04-08 17:04:05.55",13549,0.06999397,0.06687355,0.01307297,24.02822
"2025-04-08 17:04:05.6",13550,0.06638145,0.06585121,0.01145363,24.02328
"2025-04-08 17:04:05.65",13551,0.06850243,0.06798744,0.009979248,24.07221
"2025-04-08 17:04:05.7",13552,0.07021141,0.0676651,0.00945282,24.03498
"2025-04-08 17:04:05.75",13553,0.06889343,0.06522369,0.01140404,24.03179
"2025-04-08 17:04:05.8",13554,0.06924629,0.06477356,0.009553909,24.05613
"2025-04-08 17:04:05.85",13555,0.06574821,0.06359482,0.01369286,24.03412
"2025-04-08 17:04:05.9",13556,0.06569481,0.06371498,0.01335144,24.06816
"2025-04-08 17:04:05.95",13557,0.06671524,0.06311989,0.01839638,24.03247
"2025-04-08 17:04:06",13558,0.06907845,0.06211472,0.02216339,24.05462
"2025-04-08 17:04:06.05",13559,0.06996536,0.06200027,0.02102089,24.03182
"2025-04-08 17:04:06.1",13560,0.0673008,0.06337738,0.01724434,24.06902
"2025-04-08 17:04:06.15",13561,0.06850433,0.06321907,0.009531021,24.02447
"2025-04-08 17:04:06.2",13562,0.06721115,0.0625267,0.014328,24.06898
"2025-04-08 17:04:06.25",13563,0.06612396,0.06305313,0.01241302,24.07101
"2025-04-08 17:04:06.3",13564,0.06389618,0.06519508,0.01424599,24.05206
"2025-04-08 17:04:06.35",13565,0.06504059,0.0648613,0.01568222,24.068
"2025-04-08 17:04:06.4",13566,0.06259346,0.0658989,0.01249313,24.0547
"2025-04-08 17:04:06.45",13567,0.06433678,0.06875992,0.009336472,24.02604
"2025-04-08 17:04:06.5",13568,0.06679535,0.06965828,0.01181602,24.05337
"2025-04-08 17:04:06.55",13569,0.06497192,0.06988907,0.008605957,24.06617
"2025-04-08 17:04:06.6",13570,0.06736374,0.07269287,0.006017685,24.0318
"2025-04-08 17:04:06.65",13571,0.06410217,0.07070923,-0.00393486,24.03125
"2025-04-08 17:04:06.7",13572,0.06181908,0.05888939,-0.002256393,24.03183
"2025-04-08 17:04:06.75",13573,0.05935287,0.05996895,-0.004217148,24.03039
"2025-04-08 17:04:06.8",13574,0.06240463,0.06193542,-0.007406235,24.09148
"2025-04-08 17:04:06.85",13575,0.06380653,0.06252861,-0.006679535,24.07151
"2025-04-08 17:04:06.9",13576,0.06403923,0.06379509,-0.00715065,24.07033
"2025-04-08 17:04:06.95",13577,0.06469536,0.06350327,-0.006299973,24.0555
"2025-04-08 17:04:07",13578,0.06928444,0.06283951,-0.008663177,24.05935
"2025-04-08 17:04:07.05",13579,0.07351303,0.06877518,-0.004140854,24.03522
"2025-04-08 17:04:07.1",13580,0.06904602,0.06395149,-0.005905151,24.07092
"2025-04-08 17:04:07.15",13581,0.06768608,0.06360435,-0.0006389618,24.0315
"2025-04-08 17:04:07.2",13582,0.07141876,0.0625267,-0.002368927,24.03381
"2025-04-08 17:04:07.25",13583,0.06086922,0.06257248,-0.005580902,24.05525
"2025-04-08 17:04:07.3",13584,0.0557251,0.06280136,-0.005151749,24.05101
"2025-04-08 17:04:07.35",13585,0.05995941,0.06134415,-0.003129959,24.0526
"2025-04-08 17:04:07.4",13586,0.06327438,0.060606,-0.008935928,24.02996
"2025-04-08 17:04:07.45",13587,0.0641861,0.06132698,-0.007534027,24.05018
"2025-04-08 17:04:07.5",13588,0.05909729,0.06159973,-0.005344391,24.04958
"2025-04-08 17:04:07.55",13589,0.06076622,0.0614109,-0.001926422,24.05186
"2025-04-08 17:04:07.6",13590,0.06186295,0.0602932,-0.006362915,24.0548
"2025-04-08 17:04:07.65",13591,0.06229401,0.06226349,-0.007228851,24.03017
"2025-04-08 17:04:07.7",13592,0.06230164,0.06206512,-0.0006217957,24.04862
"2025-04-08 17:04:07.75",13593,0.06140327,0.06105804,-0.002809525,24.06618
"2025-04-08 17:04:07.8",13594,0.06005859,0.0616951,-0.005256653,24.03097
"2025-04-08 17:04:07.85",13595,0.06024361,0.06118202,-0.006490707,24.0519
"2025-04-08 17:04:07.9",13596,0.06050682,0.06135559,-0.007787704,24.02757
"2025-04-08 17:04:07.95",13597,0.06480026,0.06051636,-0.00881958,24.06618
"2025-04-08 17:04:08",13598,0.06217957,0.06122398,-0.006004333,24.05402
"2025-04-08 17:04:08.05",13599,0.05943871,0.05818748,-0.003816605,24.02804
"2025-04-08 17:04:08.1",13600,0.05851746,0.0611248,-0.007249832,24.0493
"2025-04-08 17:04:08.15",13601,0.05876732,0.05721474,-0.003944397,24.03037
"2025-04-08 17:04:08.2",13602,0.06266594,0.06007004,-0.00819397,24.02858
"2025-04-08 17:04:08.25",13603,0.06349945,0.06063843,-0.008647919,24.04556
"2025-04-08 17:04:08.3",13604,0.05887604,0.05710411,-0.006380081,24.06128
"2025-04-08 17:04:08.35",13605,0.06059456,0.05750656,-0.004720688,24.04778
"2025-04-08 17:04:08.4",13606,0.06033134,0.05760765,-0.004323959,24.03098
"2025-04-08 17:04:08.45",13607,0.05700302,0.05861855,-0.006654739,24.04866
"2025-04-08 17:04:08.5",13608,0.06007004,0.05851746,-0.006305695,24.0509
"2025-04-08 17:04:08.55",13609,0.06101227,0.05870628,-0.006835938,24.0539
"2025-04-08 17:04:08.6",13610,0.05866241,0.06314278,-0.008892059,24.05181
"2025-04-08 17:04:08.65",13611,0.05657196,0.06122971,-0.007190704,24.02741
"2025-04-08 17:04:08.7",13612,0.06335831,0.06100655,-0.009563446,24.06636
"2025-04-08 17:04:08.75",13613,0.06242752,0.06144333,-0.004705429,24.0505
"2025-04-08 17:04:08.8",13614,0.05914879,0.06191826,-0.00494957,24.02759
"2025-04-08 17:04:08.85",13615,0.05829239,0.06121445,-0.005794525,24.04883
"2025-04-08 17:04:08.9",13616,0.06393814,0.0598793,-0.00676918,24.02833
"2025-04-08 17:04:08.95",13617,0.06146431,0.06101227,-0.007501602,24.06503
"2025-04-08 17:04:09",13618,0.05819893,0.05944443,-0.00585556,24.02522
"2025-04-08 17:04:09.05",13619,0.06004143,0.05431557,-0.006340027,24.04801
"2025-04-08 17:04:09.1",13620,0.06053925,0.04730225,-0.005065918,24.05169
"2025-04-08 17:04:09.15",13621,0.0570488,0.0406189,-0.004787445,24.05103
"2025-04-08 17:04:09.2",13622,0.0561657,0.03885269,-0.005218506,24.06487
"2025-04-08 17:04:09.25",13623,0.06049538,0.03694153,-0.006889343,24.03339
"2025-04-08 17:04:09.3",13624,0.05669212,0.03671455,-0.008552551,24.05309
"2025-04-08 17:04:09.35",13625,0.05545235,0.03780937,-0.007480621,24.06699
"2025-04-08 17:04:09.4",13626,0.059515,0.0385952,-0.007600784,24.04974
"2025-04-08 17:04:09.45",13627,0.06097603,0.03851891,-0.006467819,24.02782
"2025-04-08 17:04:09.5",13628,0.06124115,0.0392952,-0.007551193,24.05038
"2025-04-08 17:04:09.55",13629,0.0617466,0.04008675,-0.005508423,24.06255
"2025-04-08 17:04:09.6",13630,0.06204224,0.03918648,-0.004362106,24.04766
"2025-04-08 17:04:09.65",13631,0.0633316,0.03871727,-0.006601334,24.05062
"2025-04-08 17:04:09.7",13632,0.06128693,0.03954124,-0.007144928,24.06149
"2025-04-08 17:04:09.75",13633,0.05878639,0.03878593,-0.005083084,24.04673
"2025-04-08 17:04:09.8",13634,0.05779266,0.03787994,-0.003576279,24.04849
"2025-04-08 17:04:09.85",13635,0.05599213,0.03723907,-0.004899979,24.06419
"2025-04-08 17:04:09.9",13636,0.0561924,0.03903008,-0.005994797,24.04743
"2025-04-08 17:04:09.95",13637,0.05363655,0.03646278,-0.008573532,24.04796
"2025-04-08 17:04:10",13638,0.06011009,0.03826523,-0.003944397,24.01625
"2025-04-08 17:04:10.05",13639,0.0611763,0.03795242,-0.005926132,24.01768
"2025-04-08 17:04:10.1",13640,0.05954361,0.03782654,-0.007118225,24.06069
"2025-04-08 17:04:10.15",13641,0.06025505,0.04042053,-0.002044678,24.02902
"2025-04-08 17:04:10.2",13642,0.06099701,0.03747177,-0.006546021,24.0432
"2025-04-08 17:04:10.25",13643,0.05866814,0.03666496,-0.005435944,24.01717
"2025-04-08 17:04:10.3",13644,0.05874443,0.03796577,-0.01006126,24.04691
"2025-04-08 17:04:10.35",13645,0.05808258,0.03551865,-0.00847435,24.04588
"2025-04-08 17:04:10.4",13646,0.05651665,0.03753853,-0.006120682,24.05437
"2025-04-08 17:04:10.45",13647,0.05644608,0.03759193,-0.01157761,24.05515
"2025-04-08 17:04:10.5",13648,0.06083488,0.0412941,-0.005926132,24.04169
"2025-04-08 17:04:10.55",13649,0.05450249,0.0370636,-0.008407593,24.03668
"2025-04-08 17:04:10.6",13650,0.0561142,0.04015923,-0.005765915,24.03868
"2025-04-08 17:04:10.65",13651,0.05791473,0.03700447,-0.01033211,24.06477
"2025-04-08 17:04:10.7",13652,0.05770683,0.0394268,-0.0073452,24.03494
"2025-04-08 17:04:10.75",13653,0.05914879,0.03642273,-0.007144928,24.04307
"2025-04-08 17:04:10.8",13654,0.06246567,0.03489685,-0.01078987,24.04841
"2025-04-08 17:04:10.85",13655,0.06299591,0.03999138,-0.01005936,24.0566
"2025-04-08 17:04:10.9",13656,0.06620789,0.03830528,-0.006681442,24.06751
"2025-04-08 17:04:10.95",13657,0.06105804,0.03699875,-0.007665634,24.04433
"2025-04-08 17:04:11",13658,0.0598526,0.03338623,-0.006641388,24.06217
"2025-04-08 17:04:11.05",13659,0.05986786,0.03411102,-0.005239487,24.06188
"2025-04-08 17:04:11.1",13660,0.06198692,0.03657532,-0.002632141,24.04642
"2025-04-08 17:04:11.15",13661,0.04788399,0.03362083,-0.003314972,24.08304
"2025-04-08 17:04:11.2",13662,0.0430069,0.03392601,-0.004526138,24.04566
"2025-04-08 17:04:11.25",13663,0.04090118,0.03495026,-0.006664276,24.05477
"2025-04-08 17:04:11.3",13664,0.03722572,0.03600502,-0.01491737,24.05347
"2025-04-08 17:04:11.35",13665,0.03848839,0.03253746,-0.009723663,24.06402
"2025-04-08 17:04:11.4",13666,0.03993225,0.03211594,-0.007574081,24.05235
"2025-04-08 17:04:11.45",13667,0.04294777,0.03232002,-0.006067276,24.06705
"2025-04-08 17:04:11.5",13668,0.04167366,0.03341103,-0.00412941,24.07471
"2025-04-08 17:04:11.55",13669,0.03959656,0.03410721,-0.008619308,24.02615
"2025-04-08 17:04:11.6",13670,0.04186249,0.03569794,-0.007802963,24.06363
"2025-04-08 17:04:11.65",13671,0.03935432,0.03757286,-0.01183701,24.02615
"2025-04-08 17:04:11.7",13672,0.03677368,0.03960228,-0.00989151,24.04485
"2025-04-08 17:04:11.75",13673,0.03790855,0.04353905,-0.005865097,24.05058
"2025-04-08 17:04:11.8",13674,0.03709412,0.03808022,-0.007987976,24.0607
"2025-04-08 17:04:11.85",13675,0.03894234,0.02934837,-0.00935173,24.04555
"2025-04-08 17:04:11.9",13676,0.03808212,0.02622604,-0.006826401,24.05108
"2025-04-08 17:04:11.95",13677,0.03897095,0.03416634,-0.006149292,24.08096
"2025-04-08 17:04:12",13678,0.03928757,0.03042603,-0.005651474,24.0536
"2025-04-08 17:04:12.05",13679,0.03321266,0.03021812,-0.01133156,24.06074
"2025-04-08 17:04:12.1",13680,0.03903198,0.03396034,-0.008245468,24.04941
"2025-04-08 17:04:12.15",13681,0.03863525,0.02964783,-0.009729385,24.04594
"2025-04-08 17:04:12.2",13682,0.03890991,0.02955818,-0.004844666,24.06294
"2025-04-08 17:04:12.25",13683,0.0422039,0.0331459,-0.008306503,24.05843
"2025-04-08 17:04:12.3",13684,0.04270744,0.03363228,-0.008636475,24.04245
"2025-04-08 17:04:12.35",13685,0.04683304,0.02997398,-0.00617218,24.05636
"2025-04-08 17:04:12.4",13686,0.04820061,0.02909088,-0.007095337,24.0463
"2025-04-08 17:04:12.45",13687,0.04082489,0.03171349,-0.01148987,24.04702
"2025-04-08 17:04:12.5",13688,0.03028107,0.0281868,-0.01242256,24.05915
"2025-04-08 17:04:12.55",13689,0.03504372,0.02922249,-0.00717926,24.04467
"2025-04-08 17:04:12.6",13690,0.03713226,0.0334568,-0.005487442,24.05373
"2025-04-08 17:04:12.65",13691,0.03907585,0.03001595,-0.0126133,24.06018
"2025-04-08 17:04:12.7",13692,0.03966141,0.03112411,-0.01012802,24.04229
"2025-04-08 17:04:12.75",13693,0.03745461,0.03149796,-0.006015778,24.05757
"2025-04-08 17:04:12.8",13694,0.03692436,0.03028679,-0.007305145,24.04428
"2025-04-08 17:04:12.85",13695,0.03853416,0.03164864,-0.007341385,24.05923
"2025-04-08 17:04:12.9",13696,0.03323555,0.0318718,-0.01153564,24.05735
"2025-04-08 17:04:12.95",13697,0.03605461,0.03083801,-0.009027481,24.04307
"2025-04-08 17:04:13",13698,0.03551292,0.0315361,-0.00724411,24.04605
"2025-04-08 17:04:13.05",13699,0.03839493,0.02970314,-0.01275063,24.04529
"2025-04-08 17:04:13.1",13700,0.03783035,0.02932549,-0.00784874,24.02029
"2025-04-08 17:04:13.15",13701,0.03642464,0.02783966,-0.01100922,24.0433
"2025-04-08 17:04:13.2",13702,0.0389595,0.02788925,-0.007040024,24.08168
"2025-04-08 17:04:13.25",13703,0.03960037,0.02653885,-0.009775162,24.0228
"2025-04-08 17:04:13.3",13704,0.03557968,0.02894592,-0.01010895,24.04395
"2025-04-08 17:04:13.35",13705,0.03575134,0.02583504,-0.01143265,24.02045
"2025-04-08 17:04:13.4",13706,0.03665733,0.02759933,-0.01308632,24.04169
"2025-04-08 17:04:13.45",13707,0.03729057,0.02905273,-0.01226997,24.04334
"2025-04-08 17:04:13.5",13708,0.03560066,0.0264492,-0.01016998,24.04037
"2025-04-08 17:04:13.55",13709,0.0365448,0.02866173,-0.006496429,24.04606
"2025-04-08 17:04:13.6",13710,0.04073524,0.02569389,-0.009780884,24.0612
"2025-04-08 17:04:13.65",13711,0.04094505,0.02581215,-0.007335663,24.02476
"2025-04-08 17:04:13.7",13712,0.03707504,0.02555656,-0.006727219,24.04513
"2025-04-08 17:04:13.75",13713,0.03254128,0.0278492,-0.009019852,24.04401
"2025-04-08 17:04:13.8",13714,0.03395462,0.02551079,-0.01104736,24.02316
"2025-04-08 17:04:13.85",13715,0.03460121,0.02635384,-0.008268356,24.0428
"2025-04-08 17:04:13.9",13716,0.03527832,0.02575493,-0.009366989,24.02033
"2025-04-08 17:04:13.95",13717,0.03248024,0.02541542,-0.01357269,24.02219
"2025-04-08 17:04:14",13718,0.03356743,0.02488899,-0.007282257,24.0435
"2025-04-08 17:04:14.05",13719,0.03596497,0.02604103,-0.00554657,24.04333
"2025-04-08 17:04:14.1",13720,0.02892113,0.02340317,-0.008384705,24.04053
"2025-04-08 17:04:14.15",13721,0.03063202,0.0268116,-0.004758835,24.02525
"2025-04-08 17:04:14.2",13722,0.02898788,0.02596092,-0.0085392,24.01186
"2025-04-08 17:04:14.25",13723,0.03313255,0.02602959,-0.006849289,24.04247
"2025-04-08 17:04:14.3",13724,0.03496552,0.02300644,-0.001926422,24.05436
"2025-04-08 17:04:14.35",13725,0.03214645,0.02226639,-0.001363754,24.04182
"2025-04-08 17:04:14.4",13726,0.03256989,0.02250671,-0.005998611,24.02188
"2025-04-08 17:04:14.45",13727,0.0303688,0.02499771,-0.005285263,24.04387
"2025-04-08 17:04:14.5",13728,0.02863693,0.02288437,-0.007144928,24.01888
"2025-04-08 17:04:14.55",13729,0.02820206,0.02498627,-0.004886627,24.04179
"2025-04-08 17:04:14.6",13730,0.03175354,0.02474976,-0.005302429,24.02
"2025-04-08 17:04:14.65",13731,0.03239632,0.02360725,-0.008371353,24.01953
"2025-04-08 17:04:14.7",13732,0.0297451,0.02623177,-0.007249832,24.01884
"2025-04-08 17:04:14.75",13733,0.0335083,0.02284622,-0.008256912,24.04226
"2025-04-08 17:04:14.8",13734,0.03141403,0.02193069,-0.007263184,24.04322
"2025-04-08 17:04:14.85",13735,0.03176689,0.02272797,-0.004451752,24.05711
"2025-04-08 17:04:14.9",13736,0.03217697,0.02340508,-0.003448486,24.04141
"2025-04-08 17:04:14.95",13737,0.03411102,0.02408218,-0.002353668,24.04229
"2025-04-08 17:04:15",13738,0.03798866,0.02695656,-0.001409531,24.01987
"2025-04-08 17:04:15.05",13739,0.036726,0.02414322,-0.003498077,24.02003
"2025-04-08 17:04:15.1",13740,0.03159142,0.02646637,-0.006095886,24.01839
"2025-04-08 17:04:15.15",13741,0.03364754,0.02656174,-0.00217247,24.05706
"2025-04-08 17:04:15.2",13742,0.0302639,0.02253532,-0.00312233,24.04195
"2025-04-08 17:04:15.25",13743,0.03739929,0.02480698,-0.006803513,24.04327
"2025-04-08 17:04:15.3",13744,0.03427124,0.02529144,-0.007886887,24.01777
"2025-04-08 17:04:15.35",13745,0.03398323,0.02605629,-0.005613327,24.04714
"2025-04-08 17:04:15.4",13746,0.03954506,0.02387428,7.820129E-05,24.04794
"2025-04-08 17:04:15.45",13747,0.03499985,0.02374649,-0.00412178,24.0209
"2025-04-08 17:04:15.5",13748,0.03689384,0.02459335,-0.007076263,24.02154
"2025-04-08 17:04:15.55",13749,0.03405952,0.02514267,-0.008060455,24.01983
"2025-04-08 17:04:15.6",13750,0.03223038,0.02140045,-0.008199692,24.01832
"2025-04-08 17:04:15.65",13751,0.03312111,0.02088547,-0.006502151,24.04186
"2025-04-08 17:04:15.7",13752,0.03435516,0.02547836,-0.006288528,24.01019
"2025-04-08 17:04:15.75",13753,0.0321846,0.02513695,-0.005741119,24.01709
"2025-04-08 17:04:15.8",13754,0.03766823,0.02335358,-0.002962112,24.02885
"2025-04-08 17:04:15.85",13755,0.0365696,0.02100182,-0.005819321,24.05002
"2025-04-08 17:04:15.9",13756,0.03438377,0.0238533,-0.009653091,24.02174
"2025-04-08 17:04:15.95",13757,0.03681564,0.02376175,-0.005592346,24.02627
"2025-04-08 17:04:16",13758,0.03450203,0.02372932,-0.005250931,24.05579
"2025-04-08 17:04:16.05",13759,0.03471947,0.02144432,-0.005970001,24.03987
"2025-04-08 17:04:16.1",13760,0.0337162,0.02175331,-0.005414963,24.04186
"2025-04-08 17:04:16.15",13761,0.03106117,0.02344894,-0.003005981,24.03979
"2025-04-08 17:04:16.2",13762,0.03504372,0.0239563,-0.005615234,24.0391
"2025-04-08 17:04:16.25",13763,0.03521156,0.02422714,-0.009700775,24.01
"2025-04-08 17:04:16.3",13764,0.03150177,0.02219963,-0.005813599,24.05462
"2025-04-08 17:04:16.35",13765,0.03067017,0.02163887,-0.007089615,24.03999
"2025-04-08 17:04:16.4",13766,0.03560257,0.02379608,-0.007156372,24.03989
"2025-04-08 17:04:16.45",13767,0.03723907,0.02137566,-0.007156372,24.01952
"2025-04-08 17:04:16.5",13768,0.0327549,0.02187347,-0.002090454,24.03995
"2025-04-08 17:04:16.55",13769,0.03516579,0.0213089,-0.004261017,24.03922
"2025-04-08 17:04:16.6",13770,0.03987503,0.02559471,-0.005983353,24.0406
"2025-04-08 17:04:16.65",13771,0.03608894,0.02718163,-0.004219055,24.04908
"2025-04-08 17:04:16.7",13772,0.03421783,0.02374077,-0.003110886,24.03689
"2025-04-08 17:04:16.75",13773,0.03784561,0.02125931,-0.002058029,24.04247
"2025-04-08 17:04:16.8",13774,0.03571892,0.02214813,-0.004482269,24.05758
"2025-04-08 17:04:16.85",13775,0.0335865,0.02202034,-0.001306534,24.04238
"2025-04-08 17:04:16.9",13776,0.03411102,0.02335358,-0.005691528,24.01701
"2025-04-08 17:04:16.95",13777,0.03238106,0.02403641,-0.005168915,24.03857
"2025-04-08 17:04:17",13778,0.0346756,0.02720261,-0.004283905,24.01988
"2025-04-08 17:04:17.05",13779,0.03291512,0.02734375,-0.001438141,24.01768
"2025-04-08 17:04:17.1",13780,0.03326607,0.02913475,-0.003631592,24.05301
"2025-04-08 17:04:17.15",13781,0.03407669,0.02957726,-0.006551743,24.01578
"2025-04-08 17:04:17.2",13782,0.03599739,0.0212326,-0.00135231,24.04161
"2025-04-08 17:04:17.25",13783,0.03511238,0.02412987,-0.005807877,24.04117
"2025-04-08 17:04:17.3",13784,0.03127861,0.02631378,-0.006446838,24.05292
"2025-04-08 17:04:17.35",13785,0.03307152,0.02583313,-0.003700256,24.03687
"2025-04-08 17:04:17.4",13786,0.03427887,0.02243996,-0.001787186,24.01769
"2025-04-08 17:04:17.45",13787,0.03499413,0.02558708,-0.001010895,24.01842
"2025-04-08 17:04:17.5",13788,0.03796577,0.02467346,-0.003923416,24.00952
"2025-04-08 17:04:17.55",13789,0.03539085,0.02402878,-0.006319046,24.03966
"2025-04-08 17:04:17.6",13790,0.03789711,0.0235405,-0.004995346,24.01865
"2025-04-08 17:04:17.65",13791,0.0369854,0.02349854,-0.003797531,24.01825
"2025-04-08 17:04:17.7",13792,0.03915787,0.02388954,-0.006317139,24.01753
"2025-04-08 17:04:17.75",13793,0.04387474,0.02301216,-0.009143829,24.01619
"2025-04-08 17:04:17.8",13794,0.03336906,0.02251053,-0.007696152,24.04041
"2025-04-08 17:04:17.85",13795,0.02834129,0.02301979,-0.001832962,24.03741
"2025-04-08 17:04:17.9",13796,0.03667831,0.02350616,-0.004463196,24.03624
"2025-04-08 17:04:17.95",13797,0.03759193,0.02590752,-0.002851486,24.03999
"2025-04-08 17:04:18",13798,0.03978348,0.02688789,0.0009536743,24.03156
"2025-04-08 17:04:18.05",13799,0.03539658,0.02693367,-0.003564835,24.04375
"2025-04-08 17:04:18.1",13800,0.03833771,0.02375793,-0.004095078,24.04336
"2025-04-08 17:04:18.15",13801,0.03895378,0.02329826,-0.001728058,24.02319
"2025-04-08 17:04:18.2",13802,0.04143906,0.02999496,-0.004463196,24.031
"2025-04-08 17:04:18.25",13803,0.03600883,0.02412033,-0.003032684,24.01881
"2025-04-08 17:04:18.3",13804,0.03337479,0.02350426,-0.003240585,24.05206
"2025-04-08 17:04:18.35",13805,0.03502083,0.025774,-0.001968384,24.05294
"2025-04-08 17:04:18.4",13806,0.0374794,0.0258007,-0.005037308,24.01688
"2025-04-08 17:04:18.45",13807,0.03673172,0.02536011,-0.007238388,24.01443
"2025-04-08 17:04:18.5",13808,0.03435516,0.02256203,-0.006603241,24.03598
"2025-04-08 17:04:18.55",13809,0.03642464,0.02207375,-0.007228851,24.03753
"2025-04-08 17:04:18.6",13810,0.03310013,0.02202988,-0.00786972,24.03803
"2025-04-08 17:04:18.65",13811,0.03208351,0.02260208,-0.004404068,24.00726
"2025-04-08 17:04:18.7",13812,0.03304291,0.0257225,-0.001647949,24.03885
"2025-04-08 17:04:18.75",13813,0.03389168,0.02214241,6.67572E-05,24.04015
"2025-04-08 17:04:18.8",13814,0.03347397,0.02560616,-0.0001010895,24.0396
"2025-04-08 17:04:18.85",13815,0.03314972,0.02519608,-0.004747391,24.03772
"2025-04-08 17:04:18.9",13816,0.04079056,0.02481842,-0.00173378,24.07484
"2025-04-08 17:04:18.95",13817,0.03499794,0.02485847,4.386902E-05,24.05386
"2025-04-08 17:04:19",13818,0.03607559,0.02597237,-0.006464005,24.05357
"2025-04-08 17:04:19.05",13819,0.03647232,0.02531052,-0.006780624,24.0139
"2025-04-08 17:04:19.1",13820,0.03935432,0.02897453,-0.002759933,24.02172
"2025-04-08 17:04:19.15",13821,0.03746796,0.02494049,-0.005346298,24.03882
"2025-04-08 17:04:19.2",13822,0.03710938,0.02646446,-0.001943588,24.03957
"2025-04-08 17:04:19.25",13823,0.03674316,0.02630234,-0.002407074,24.01663
"2025-04-08 17:04:19.3",13824,0.03459549,0.02508545,-0.004283905,24.03925
"2025-04-08 17:04:19.35",13825,0.03513718,0.02204704,-0.002552032,24.01857
"2025-04-08 17:04:19.4",13826,0.03245735,0.0240593,-0.002161026,24.03715
"2025-04-08 17:04:19.45",13827,0.03220177,0.02721786,-0.001091003,24.01371
"2025-04-08 17:04:19.5",13828,0.03280449,0.02682686,-0.004323959,24.01627
"2025-04-08 17:04:19.55",13829,0.03321648,0.02888298,-0.001676559,24.03941
"2025-04-08 17:04:19.6",13830,0.03622627,0.02749443,-0.001293182,24.03706
"2025-04-08 17:04:19.65",13831,0.03513718,0.02662659,-0.00230217,24.03664
"2025-04-08 17:04:19.7",13832,0.03674126,0.02620316,-0.01016426,24.0165
"2025-04-08 17:04:19.75",13833,0.03564644,0.02563477,-0.008563995,24.03754
"2025-04-08 17:04:19.8",13834,0.03334427,0.0262928,-0.003582001,24.01735
"2025-04-08 17:04:19.85",13835,0.0328083,0.02475548,-0.007167816,24.05267
"2025-04-08 17:04:19.9",13836,0.03476906,0.024786,-0.009288788,24.0529
"2025-04-08 17:04:19.95",13837,0.03684616,0.02531052,-0.01089668,24.05499
"2025-04-08 17:04:20",13838,0.03635788,0.02555466,-0.00787735,24.03745
"2025-04-08 17:04:20.05",13839,0.03406525,0.0249176,-0.004051208,24.07355
"2025-04-08 17:04:20.1",13840,0.03452301,0.02531052,-0.006872177,24.01471
"2025-04-08 17:04:20.15",13841,0.03456879,0.0252018,-0.006759644,24.04044
"2025-04-08 17:04:20.2",13842,0.03536034,0.02660942,-0.00283432,24.05932
"2025-04-08 17:04:20.25",13843,0.03808212,0.02750015,-0.009601593,24.01094
"2025-04-08 17:04:20.3",13844,0.04012108,0.02452278,-0.01036072,24.05473
"2025-04-08 17:04:20.35",13845,0.03736687,0.02497864,-0.00674057,24.04289
"2025-04-08 17:04:20.4",13846,0.0384388,0.02877045,-0.004871368,24.02182
"2025-04-08 17:04:20.45",13847,0.03467941,0.02526855,-0.009607315,24.0526
"2025-04-08 17:04:20.5",13848,0.03893089,0.02642632,-0.01129341,24.04114
"2025-04-08 17:04:20.55",13849,0.04123116,0.02812004,-0.0130043,24.04036
"2025-04-08 17:04:20.6",13850,0.04089737,0.02787209,-0.01263428,24.03748
"2025-04-08 17:04:20.65",13851,0.04166031,0.02734947,-0.01158905,24.03751
"2025-04-08 17:04:20.7",13852,0.03719521,0.02789879,-0.008981705,24.03712
"2025-04-08 17:04:20.75",13853,0.03874207,0.02774811,-0.009613037,24.05089
"2025-04-08 17:04:20.8",13854,0.03751755,0.02817535,-0.0105629,24.03496
"2025-04-08 17:04:20.85",13855,0.03565216,0.02831459,-0.008842468,24.01121
"2025-04-08 17:04:20.9",13856,0.03892136,0.02436447,-0.0140934,24.03727
"2025-04-08 17:04:20.95",13857,0.04171753,0.02558136,-0.009468079,24.0358
"2025-04-08 17:04:21",13858,0.03632736,0.02887917,-0.007881165,24.03692
"2025-04-08 17:04:21.05",13859,0.03620148,0.02441406,-0.004976273,24.05354
"2025-04-08 17:04:21.1",13860,0.03666496,0.02430916,-0.006093979,24.03918
"2025-04-08 17:04:21.15",13861,0.03732109,0.0246067,-0.006328583,24.01621
"2025-04-08 17:04:21.2",13862,0.03803825,0.02268028,-0.00894928,24.03681
"2025-04-08 17:04:21.25",13863,0.03491402,0.0221386,-0.0111084,24.0523
"2025-04-08 17:04:21.3",13864,0.03663063,0.02177238,-0.01107597,24.03959
"2025-04-08 17:04:21.35",13865,0.03370857,0.02007484,-0.01330948,24.00349
"2025-04-08 17:04:21.4",13866,0.03177643,0.02306557,-0.01462173,24.05597
"2025-04-08 17:04:21.45",13867,0.03480339,0.0217247,-0.01136208,24.03645
"2025-04-08 17:04:21.5",13868,0.03336334,0.01771355,-0.01091576,24.03645
"2025-04-08 17:04:21.55",13869,0.03112984,0.01867867,-0.01335335,24.03712
"2025-04-08 17:04:21.6",13870,0.037323,0.02112198,-0.006692886,24.05402
"2025-04-08 17:04:21.65",13871,0.03470421,0.02177811,-0.005552292,24.03684
"2025-04-08 17:04:21.7",13872,0.03798103,0.01931572,-0.003183365,24.03747
"2025-04-08 17:04:21.75",13873,0.039711,0.02475739,-0.0004692078,24.01281
"2025-04-08 17:04:21.8",13874,0.03276443,0.02070045,-0.0006809235,24.03581
"2025-04-08 17:04:21.85",13875,0.03544426,0.01870728,-0.003189087,24.05334
"2025-04-08 17:04:21.9",13876,0.03412628,0.02161026,-0.006277084,24.03945
"2025-04-08 17:04:21.95",13877,0.03184319,0.01913643,-0.00393486,24.03648
"2025-04-08 17:04:22",13878,0.02861977,0.01867867,-0.006412506,24.0512
"2025-04-08 17:04:22.05",13879,0.03167152,0.02228737,-0.01619339,24.01974
"2025-04-08 17:04:22.1",13880,0.03199959,0.0246048,-0.01527596,24.01527
"2025-04-08 17:04:22.15",13881,0.03131866,0.02388954,-0.01148796,24.05082
"2025-04-08 17:04:22.2",13882,0.03339005,0.03091812,-0.01001358,24.01269
"2025-04-08 17:04:22.25",13883,0.03452873,0.02666664,-0.01077843,24.03681
"2025-04-08 17:04:22.3",13884,0.03292084,0.03059769,-0.016716,24.01352
"2025-04-08 17:04:22.35",13885,0.03227234,0.03335762,-0.01296997,24.01369
"2025-04-08 17:04:22.4",13886,0.03430176,0.0322628,-0.01173401,24.07314
"2025-04-08 17:04:22.45",13887,0.03996277,0.03645134,-0.007932663,24.02416
"2025-04-08 17:04:22.5",13888,0.034132,0.03530502,-0.01292419,24.0406
"2025-04-08 17:04:22.55",13889,0.03121948,0.0367794,-0.01699448,24.04106
"2025-04-08 17:04:22.6",13890,0.03483772,0.01662445,-0.01194572,24.03904
"2025-04-08 17:04:22.65",13891,0.0340271,0.02127838,-0.01342583,24.02019
"2025-04-08 17:04:22.7",13892,0.03500366,0.02502441,-0.01044655,24.01485
"2025-04-08 17:04:22.75",13893,0.0370636,0.02511978,-0.01266098,24.03731
"2025-04-08 17:04:22.8",13894,0.0379467,0.02269554,-0.01880074,24.00838
"2025-04-08 17:04:22.85",13895,0.03936005,0.02421951,-0.01631927,24.0074
"2025-04-08 17:04:22.9",13896,0.03812027,0.02455139,-0.01400375,24.01012
"2025-04-08 17:04:22.95",13897,0.04287529,0.02366829,-0.01172829,24.04794
"2025-04-08 17:04:23",13898,0.0473423,0.02757645,-0.01072311,24.01317
"2025-04-08 17:04:23.05",13899,0.0430069,0.02370071,-0.01775169,24.01217
"2025-04-08 17:04:23.1",13900,0.03971672,0.02333069,-0.01255798,24.01228
"2025-04-08 17:04:23.15",13901,0.02792358,0.02053833,-0.01162338,24.01408
"2025-04-08 17:04:23.2",13902,0.02840996,0.02337646,-0.01196861,24.03563
"2025-04-08 17:04:23.25",13903,0.03268242,0.02323723,-0.01042747,24.03635
"2025-04-08 17:04:23.3",13904,0.03214073,0.02406502,-0.009138107,24.01396
"2025-04-08 17:04:23.35",13905,0.02804565,0.02283096,-0.01296806,24.03696
"2025-04-08 17:04:23.4",13906,0.03025818,0.02317429,-0.0129261,24.05076
"2025-04-08 17:04:23.45",13907,0.03262138,0.02159119,-0.01413727,24.03667
"2025-04-08 17:04:23.5",13908,0.03133392,0.02309799,-0.01800728,24.01277
"2025-04-08 17:04:23.55",13909,0.03335762,0.02228355,-0.01626396,24.01434
"2025-04-08 17:04:23.6",13910,0.03323936,0.02231979,-0.01426697,24.0359
"2025-04-08 17:04:23.65",13911,0.03203773,0.02236176,-0.0142765,24.01305
"2025-04-08 17:04:23.7",13912,0.0311451,0.02309799,-0.01478577,24.033
"2025-04-08 17:04:23.75",13913,0.02597809,0.02279663,-0.01652718,24.03429
"2025-04-08 17:04:23.8",13914,0.02778435,0.02296829,-0.02005196,24.0345
"2025-04-08 17:04:23.85",13915,0.03254128,0.02476692,-0.01751137,24.01145
"2025-04-08 17:04:23.9",13916,0.03084373,0.02515984,-0.01677895,24.03295
"2025-04-08 17:04:23.95",13917,0.0337925,0.02519608,-0.01446533,24.01188
"2025-04-08 17:04:24",13918,0.03412819,0.02443695,-0.01883507,24.03653
"2025-04-08 17:04:24.05",13919,0.03127861,0.02760506,-0.01464653,24.01084
"2025-04-08 17:04:24.1",13920,0.03098869,0.02807426,-0.01636124,24.01012
"2025-04-08 17:04:24.15",13921,0.03160858,0.02396774,-0.01922607,24.04923
"2025-04-08 17:04:24.2",13922,0.03182602,0.02561188,-0.01626968,24.01083
"2025-04-08 17:04:24.25",13923,0.03326035,0.02645874,-0.0155735,24.01386
"2025-04-08 17:04:24.3",13924,0.02959824,0.02175331,-0.01413155,24.01298
"2025-04-08 17:04:24.35",13925,0.0331459,0.02864265,-0.01335526,24.04205
"2025-04-08 17:04:24.4",13926,0.03547859,0.02505684,-0.01400375,24.0215
"2025-04-08 17:04:24.45",13927,0.02973175,0.02461052,-0.01533699,24.01081
"2025-04-08 17:04:24.5",13928,0.02863121,0.02212524,-0.02248001,24.03613
"2025-04-08 17:04:24.55",13929,0.03052521,0.0213623,-0.01831436,24.03544
"2025-04-08 17:04:24.6",13930,0.03468704,0.0254612,-0.01810646,24.03658
"2025-04-08 17:04:24.65",13931,0.03516579,0.02562904,-0.01762581,24.0341
"2025-04-08 17:04:24.7",13932,0.03586006,0.02539825,-0.02053261,24.04984
"2025-04-08 17:04:24.75",13933,0.03384972,0.02493668,-0.01447868,24.04337
"2025-04-08 17:04:24.8",13934,0.03471947,0.02519798,-0.02292252,24.05456
"2025-04-08 17:04:24.85",13935,0.03219604,0.02522087,-0.02083397,24.05091
"2025-04-08 17:04:24.9",13936,0.03078651,0.02169037,-0.02170563,24.03706
"2025-04-08 17:04:24.95",13937,0.03229141,0.02474594,-0.01882362,24.03931
"2025-04-08 17:04:25",13938,0.03603363,0.02531624,-0.01997948,24.03684
"2025-04-08 17:04:25.05",13939,0.0297718,0.02520943,-0.01991081,24.03356
"2025-04-08 17:04:25.1",13940,0.03171921,0.02482986,-0.01708412,24.01246
"2025-04-08 17:04:25.15",13941,0.03204346,0.02469063,-0.0229454,24.01614
"2025-04-08 17:04:25.2",13942,0.0321331,0.02541924,-0.02240944,24.01298
"2025-04-08 17:04:25.25",13943,0.03362656,0.0276947,-0.01927567,24.03209
"2025-04-08 17:04:25.3",13944,0.03506088,0.02553177,-0.0162468,24.03283
"2025-04-08 17:04:25.35",13945,0.03355408,0.0250473,-0.0181694,24.02531
"2025-04-08 17:04:25.4",13946,0.03253174,0.02481651,-0.01949692,24.03523
"2025-04-08 17:04:25.45",13947,0.03266335,0.02513695,-0.02053261,24.01865
"2025-04-08 17:04:25.5",13948,0.03456879,0.02392578,-0.02024078,24.03307
"2025-04-08 17:04:25.55",13949,0.03323936,0.02693939,-0.01760674,24.03658
"2025-04-08 17:04:25.6",13950,0.03320122,0.02742577,-0.016119,24.04893
"2025-04-08 17:04:25.65",13951,0.03288841,0.02804565,-0.01589012,24.04877
"2025-04-08 17:04:25.7",13952,0.03366852,0.02634239,-0.0207653,24.04919
"2025-04-08 17:04:25.75",13953,0.03232002,0.02631378,-0.01840782,24.03594
"2025-04-08 17:04:25.8",13954,0.03484726,0.02823067,-0.02234077,24.03327
"2025-04-08 17:04:25.85",13955,0.0308876,0.02686691,-0.02083778,24.03232
"2025-04-08 17:04:25.9",13956,0.03581047,0.02628517,-0.01942444,24.0126
"2025-04-08 17:04:25.95",13957,0.03568649,0.02748108,-0.02151299,24.03503
"2025-04-08 17:04:26",13958,0.03572655,0.02758598,-0.01980972,24.01022
"2025-04-08 17:04:26.05",13959,0.03572655,0.02878952,-0.02064323,24.01115
"2025-04-08 17:04:26.1",13960,0.03396034,0.03062439,-0.0181694,24.01231
"2025-04-08 17:04:26.15",13961,0.03641319,0.03237343,-0.02204895,24.03486
"2025-04-08 17:04:26.2",13962,0.03309441,0.03039742,-0.01836014,24.0341
"2025-04-08 17:04:26.25",13963,0.03378105,0.02876472,-0.01681328,24.03272
"2025-04-08 17:04:26.3",13964,0.03827667,0.03130722,-0.01743698,24.03826
"2025-04-08 17:04:26.35",13965,0.03692436,0.03113365,-0.02115822,24.03333
"2025-04-08 17:04:26.4",13966,0.03492165,0.03158569,-0.0207119,24.00828
"2025-04-08 17:04:26.45",13967,0.03759193,0.0336628,-0.01687241,24.01434
"2025-04-08 17:04:26.5",13968,0.03507805,0.02943611,-0.02027893,24.01095
"2025-04-08 17:04:26.55",13969,0.03759575,0.03043747,-0.02104568,24.01231
"2025-04-08 17:04:26.6",13970,0.03807449,0.03106117,-0.02049828,24.01035
"2025-04-08 17:04:26.65",13971,0.03735161,0.02968597,-0.02033043,24.01003
"2025-04-08 17:04:26.7",13972,0.03517151,0.02949715,-0.01762009,24.03284
"2025-04-08 17:04:26.75",13973,0.03673744,0.04231453,-0.02536774,24.01142
"2025-04-08 17:04:26.8",13974,0.03799629,0.03046417,-0.0203476,24.01078
"2025-04-08 17:04:26.85",13975,0.03904152,0.02920341,-0.02025604,24.01086
"2025-04-08 17:04:26.9",13976,0.03835678,0.03207397,-0.02008438,24.04887
"2025-04-08 17:04:26.95",13977,0.04001427,0.02977562,-0.02100182,24.03683
"2025-04-08 17:04:27",13978,0.03999329,0.02919769,-0.01991844,24.01405
"2025-04-08 17:04:27.05",13979,0.04094696,0.03178215,-0.01977348,24.03619
"2025-04-08 17:04:27.1",13980,0.04026413,0.03188324,-0.01972198,24.01685
"2025-04-08 17:04:27.15",13981,0.04186249,0.03539658,-0.0179863,24.02176
"2025-04-08 17:04:27.2",13982,0.03750229,0.03298759,-0.020504,24.01041
"2025-04-08 17:04:27.25",13983,0.0377903,0.03194237,-0.01985168,24.03076
"2025-04-08 17:04:27.3",13984,0.03441429,0.03133011,-0.02042389,24.0108
"2025-04-08 17:04:27.35",13985,0.03749084,0.03155136,-0.01808929,24.04797
"2025-04-08 17:04:27.4",13986,0.0395298,0.03245163,-0.02011108,24.03211
"2025-04-08 17:04:27.45",13987,0.04140472,0.03091812,-0.02056313,24.03117
"2025-04-08 17:04:27.5",13988,0.04499054,0.04793358,-0.02285576,24.0544
"2025-04-08 17:04:27.55",13989,0.0411911,0.03167152,-0.02004051,24.01007
"2025-04-08 17:04:27.6",13990,0.0378933,0.03169441,-0.02023697,24.03034
"2025-04-08 17:04:27.65",13991,0.04007149,0.03510475,-0.01968765,24.02769
"2025-04-08 17:04:27.7",13992,0.04136467,0.03396988,-0.01563835,24.01701
"2025-04-08 17:04:27.75",13993,0.03957939,0.03158569,-0.0187149,24.00995
"2025-04-08 17:04:27.8",13994,0.04072762,0.03186417,-0.01943779,24.02955
"2025-04-08 17:04:27.85",13995,0.0374794,0.03150368,-0.01889992,24.00975
"2025-04-08 17:04:27.9",13996,0.04131126,0.03471375,-0.01656151,24.0408
"2025-04-08 17:04:27.95",13997,0.04092407,0.03138542,-0.01972771,24.00927
"2025-04-08 17:04:28",13998,0.04031754,0.0317421,-0.02009201,24.00883
"2025-04-08 17:04:28.05",13999,0.03983498,0.03162956,-0.02031326,24.0088
"2025-04-08 17:04:28.1",14000,0.04038811,0.03113365,-0.01757622,24.03284
"2025-04-08 17:04:28.15",14001,0.04090881,0.03036308,-0.02084923,24.03346
"2025-04-08 17:04:28.2",14002,0.04397964,0.03478241,-0.01593971,24.01791
"2025-04-08 17:04:28.25",14003,0.03947067,0.031353,-0.0202198,24.00791
"2025-04-08 17:04:28.3",14004,0.04153824,0.03490829,-0.02138138,24.00847
"2025-04-08 17:04:28.35",14005,0.04415703,0.03572083,-0.01894951,24.01976
"2025-04-08 17:04:28.4",14006,0.04004288,0.03170776,-0.02127838,24.0109
"2025-04-08 17:04:28.45",14007,0.04034996,0.03136253,-0.01984596,24.03248
"2025-04-08 17:04:28.5",14008,0.03992462,0.03067017,-0.02065277,24.00211
"2025-04-08 17:04:28.55",14009,0.04060745,0.03285408,-0.02098465,24.03472
"2025-04-08 17:04:28.6",14010,0.04279709,0.03069305,-0.02168083,24.01028
"2025-04-08 17:04:28.65",14011,0.04584312,0.03391075,-0.01775742,24.01589
"2025-04-08 17:04:28.7",14012,0.04285812,0.0288105,-0.02022552,24.00799
"2025-04-08 17:04:28.75",14013,0.04284668,0.02821922,-0.02052689,24.03109
"2025-04-08 17:04:28.8",14014,0.04724693,0.03244591,-0.01808357,24.00658
"2025-04-08 17:04:28.85",14015,0.04341125,0.02960396,-0.0201683,24.0092
"2025-04-08 17:04:28.9",14016,0.04576683,0.03158188,-0.01732445,24.00922
"2025-04-08 17:04:28.95",14017,0.04001999,0.02767181,-0.02021217,24.03301
"2025-04-08 17:04:29",14018,0.04333115,0.02841377,-0.02047729,24.03058
"2025-04-08 17:04:29.05",14019,0.04378319,0.02825356,-0.01981544,24.00838
"2025-04-08 17:04:29.1",14020,0.04410744,0.02835464,-0.02033043,24.03257
"2025-04-08 17:04:29.15",14021,0.04576111,0.02792931,-0.02062607,24.0358
"2025-04-08 17:04:29.2",14022,0.04520988,0.02882767,-0.0206604,24.01643
"2025-04-08 17:04:29.25",14023,0.04364586,0.02629089,-0.02000237,24.01353
"2025-04-08 17:04:29.3",14024,0.04319382,0.02566147,-0.02083397,24.03532
"2025-04-08 17:04:29.35",14025,0.04343605,0.02892685,-0.02108002,24.01625
"2025-04-08 17:04:29.4",14026,0.04534721,0.02589607,-0.02075958,24.01176
"2025-04-08 17:04:29.45",14027,0.04235458,0.02601814,-0.02291489,24.03171
"2025-04-08 17:04:29.5",14028,0.04301453,0.02848053,-0.0210495,24.01011
"2025-04-08 17:04:29.55",14029,0.0422821,0.02620316,-0.02354622,24.01135
"2025-04-08 17:04:29.6",14030,0.04216003,0.02670097,-0.02344131,24.00898
"2025-04-08 17:04:29.65",14031,0.04223824,0.02589035,-0.02284431,24.00844
"2025-04-08 17:04:29.7",14032,0.04237747,0.02906799,-0.02292252,24.03208
"2025-04-08 17:04:29.75",14033,0.04555321,0.02609253,-0.02338409,24.01001
"2025-04-08 17:04:29.8",14034,0.04116631,0.0284481,-0.02319145,24.00683
"2025-04-08 17:04:29.85",14035,0.04205322,0.02825737,-0.02165222,23.99892
"2025-04-08 17:04:29.9",14036,0.0424118,0.0259285,-0.02199554,24.00136
"2025-04-08 17:04:29.95",14037,0.04241562,0.02626038,-0.0246067,23.97962
"2025-04-08 17:04:30",14038,0.0443306,0.02587318,-0.02393913,23.99978
"2025-04-08 17:04:30.05",14039,0.0429287,0.02821159,-0.02388191,24.00151
"2025-04-08 17:04:30.1",14040,0.04951477,0.02865982,-0.02285004,24.0164
"2025-04-08 17:04:30.15",14041,0.04310226,0.02570534,-0.02532768,24.00614
"2025-04-08 17:04:30.2",14042,0.04859161,0.02946281,-0.02307701,24.03078
"2025-04-08 17:04:30.25",14043,0.04570007,0.02842712,-0.02212334,24.01162
"2025-04-08 17:04:30.3",14044,0.0468998,0.03179932,-0.02404404,24.04087
"2025-04-08 17:04:30.35",14045,0.04231071,0.02612877,-0.02626228,24.03062
"2025-04-08 17:04:30.4",14046,0.04405785,0.02793312,-0.02603149,24.00836
"2025-04-08 17:04:30.45",14047,0.04501915,0.02806854,-0.02621651,24.00967
"2025-04-08 17:04:30.5",14048,0.04540253,0.02914047,-0.02691078,24.01163
"2025-04-08 17:04:30.55",14049,0.04574013,0.03396034,-0.0229454,24.01431
"2025-04-08 17:04:30.6",14050,0.04208183,0.03050232,-0.02650261,24.00936
"2025-04-08 17:04:30.65",14051,0.04266739,0.02998924,-0.02653503,24.03269
"2025-04-08 17:04:30.7",14052,0.04262733,0.02741051,-0.02672386,24.0471
"2025-04-08 17:04:30.75",14053,0.04280663,0.03053093,-0.0264473,24.03094
"2025-04-08 17:04:30.8",14054,0.04211426,0.02885628,-0.02563667,24.00324
"2025-04-08 17:04:30.85",14055,0.04251099,0.02927971,-0.0268631,24.00195
"2025-04-08 17:04:30.9",14056,0.04244804,0.0293808,-0.02377701,24.0091
"2025-04-08 17:04:30.95",14057,0.04192352,0.02837563,-0.02671814,24.03007
"2025-04-08 17:04:31",14058,0.04240608,0.02789879,-0.02301788,24.0016
"2025-04-08 17:04:31.05",14059,0.04335213,0.02874374,-0.02615356,24.01067
"2025-04-08 17:04:31.1",14060,0.04304123,0.02865601,-0.02301216,24.00806
"2025-04-08 17:04:31.15",14061,0.04251671,0.02762222,-0.02318954,24.00764
"2025-04-08 17:04:31.2",14062,0.04445267,0.02748108,-0.02340698,24.03107
"2025-04-08 17:04:31.25",14063,0.04394531,0.03089905,-0.02381706,24.03192
"2025-04-08 17:04:31.3",14064,0.04386711,0.03085518,-0.02323914,24.0085
"2025-04-08 17:04:31.35",14065,0.04405212,0.0298481,-0.02297783,24.01016
"2025-04-08 17:04:31.4",14066,0.04233742,0.03077507,-0.02337456,24.0353
"2025-04-08 17:04:31.45",14067,0.04405785,0.02835846,-0.02383804,24.00428
"2025-04-08 17:04:31.5",14068,0.04011345,0.03108788,-0.020504,24.03463
"2025-04-08 17:04:31.55",14069,0.04029274,0.03025818,-0.02343178,24.03601
"2025-04-08 17:04:31.6",14070,0.04250526,0.03396988,-0.02091599,24.03469
"2025-04-08 17:04:31.65",14071,0.03998566,0.03121948,-0.02088737,24.00941
"2025-04-08 17:04:31.7",14072,0.03941154,0.03143501,-0.02019119,24.00106
"2025-04-08 17:04:31.75",14073,0.03972816,0.03040886,-0.02082253,24.01112
"2025-04-08 17:04:31.8",14074,0.03923225,0.03108215,-0.02089882,24.04476
"2025-04-08 17:04:31.85",14075,0.0389576,0.03116798,-0.02106857,24.03014
"2025-04-08 17:04:31.9",14076,0.03810501,0.03051567,-0.02093887,24.03208
"2025-04-08 17:04:31.95",14077,0.03909302,0.03343582,-0.02059746,24.00825
"2025-04-08 17:04:32",14078,0.03667259,0.03103447,-0.0208683,23.97931
"2025-04-08 17:04:32.05",14079,0.03604317,0.03419304,-0.01988983,23.99961
"2025-04-08 17:04:32.1",14080,0.03649139,0.03051376,-0.01664352,24.00835
"2025-04-08 17:04:32.15",14081,0.03960037,0.03366852,-0.01700211,24.02952
"2025-04-08 17:04:32.2",14082,0.03658676,0.03464317,-0.01710129,24.00626
"2025-04-08 17:04:32.25",14083,0.03637886,0.03362465,-0.01656723,24.00047
"2025-04-08 17:04:32.3",14084,0.03644943,0.03332901,-0.01751137,24.00154
"2025-04-08 17:04:32.35",14085,0.03679276,0.03630447,-0.01814842,24.00014
"2025-04-08 17:04:32.4",14086,0.03635025,0.0370388,-0.01827431,23.97764
"2025-04-08 17:04:32.45",14087,0.040411,0.04024315,-0.01568413,24.03866
"2025-04-08 17:04:32.5",14088,0.03667259,0.03573799,-0.0185585,24.03036
"2025-04-08 17:04:32.55",14089,0.0370369,0.03657341,-0.01552582,24.00977
"2025-04-08 17:04:32.6",14090,0.03713417,0.03614426,-0.01530838,24.00742
"2025-04-08 17:04:32.65",14091,0.03725052,0.03543282,-0.01548386,24.00813
"2025-04-08 17:04:32.7",14092,0.03735542,0.03686905,-0.01625252,23.99996
"2025-04-08 17:04:32.75",14093,0.03663445,0.04821968,-0.02143669,24.00699
"2025-04-08 17:04:32.8",14094,0.03864098,0.03829384,-0.01247978,24.00831
"2025-04-08 17:04:32.85",14095,0.03646278,0.03763962,-0.01563454,24.04539
"2025-04-08 17:04:32.9",14096,0.03734398,0.03772545,-0.01623535,24.03233
"2025-04-08 17:04:32.95",14097,0.0370369,0.03817177,-0.01568985,24.04638
"2025-04-08 17:04:33",14098,0.03622246,0.04058266,-0.01570511,24.00793
"2025-04-08 17:04:33.05",14099,0.03655243,0.03680992,-0.01586342,24.00905
"2025-04-08 17:04:33.1",14100,0.03702545,0.03807068,-0.0164814,24.00918
"2025-04-08 17:04:33.15",14101,0.03611565,0.04000854,-0.01367378,24.00711
"2025-04-08 17:04:33.2",14102,0.03588295,0.03876877,-0.01562119,24.00759
"2025-04-08 17:04:33.25",14103,0.03691292,0.03865242,-0.01305962,24.03178
"2025-04-08 17:04:33.3",14104,0.03702736,0.03928947,-0.01308632,24.00929
"2025-04-08 17:04:33.35",14105,0.03993225,0.04343224,-0.00961113,24.01411
"2025-04-08 17:04:33.4",14106,0.03718758,0.04121399,-0.01301956,23.97721
"2025-04-08 17:04:33.45",14107,0.04207611,0.04508972,-0.01124763,24.05354
"2025-04-08 17:04:33.5",14108,0.04288483,0.04415894,-0.01395798,24.03029
"2025-04-08 17:04:33.55",14109,0.04471016,0.04542542,-0.01018715,24.01698
"2025-04-08 17:04:33.6",14110,0.03940964,0.04076958,-0.01231766,24.03601
"2025-04-08 17:04:33.65",14111,0.03934288,0.0408287,-0.01339912,24.03549
"2025-04-08 17:04:33.7",14112,0.03813934,0.04128647,-0.009983063,24.03523
"2025-04-08 17:04:33.75",14113,0.0378418,0.04080772,-0.01010513,24.01035
"2025-04-08 17:04:33.8",14114,0.03731728,0.0405407,-0.01319122,24.07494
"2025-04-08 17:04:33.85",14115,0.03748512,0.04075241,-0.01060867,24.01199
"2025-04-08 17:04:33.9",14116,0.03634644,0.04141617,-0.0102005,24.03131
"2025-04-08 17:04:33.95",14117,0.03832626,0.05535698,-0.01535988,24.03009
"2025-04-08 17:04:34",14118,0.03672028,0.04190254,-0.01006699,24.01038
"2025-04-08 17:04:34.05",14119,0.03660202,0.04102898,-0.01116562,24.00829
"2025-04-08 17:04:34.1",14120,0.03611755,0.04215813,-0.01033974,24.00787
"2025-04-08 17:04:34.15",14121,0.03996849,0.04519844,-0.006847382,24.05178
"2025-04-08 17:04:34.2",14122,0.03655243,0.04255676,-0.009965897,24.03061
"2025-04-08 17:04:34.25",14123,0.03675079,0.04230309,-0.009988785,24.03069
"2025-04-08 17:04:34.3",14124,0.03592491,0.04204559,-0.009075165,24.02808
"2025-04-08 17:04:34.35",14125,0.03624916,0.04141045,-0.00872612,24.02884
"2025-04-08 17:04:34.4",14126,0.0365448,0.04127121,-0.00627327,24.02875
"2025-04-08 17:04:34.45",14127,0.03641319,0.04265022,-0.008413315,24.00689
"2025-04-08 17:04:34.5",14128,0.03242302,0.04156685,-0.005878448,24.04273
"2025-04-08 17:04:34.55",14129,0.03666496,0.03853035,-0.006328583,24.00779
"2025-04-08 17:04:34.6",14130,0.03671265,0.04214096,-0.007642746,24.00109
"2025-04-08 17:04:34.65",14131,0.03618431,0.04168892,-0.006584167,24.00642
"2025-04-08 17:04:34.7",14132,0.03627205,0.0413723,-0.007608414,24.03062
"2025-04-08 17:04:34.75",14133,0.03788185,0.04173279,-0.007902145,24.00223
"2025-04-08 17:04:34.8",14134,0.03630447,0.04207993,-0.007972717,24.03141
"2025-04-08 17:04:34.85",14135,0.03718185,0.04154587,-0.00759697,24.00691
"2025-04-08 17:04:34.9",14136,0.03699303,0.04113579,-0.007863998,24.00026
"2025-04-08 17:04:34.95",14137,0.03419876,0.0422039,-0.008228302,24.02967
"2025-04-08 17:04:35",14138,0.03665352,0.04305267,-0.008508682,24.03021
"2025-04-08 17:04:35.05",14139,0.03657913,0.04280663,-0.007072449,24.02962
"2025-04-08 17:04:35.1",14140,0.0343914,0.04509544,-0.007955551,24.02996
"2025-04-08 17:04:35.15",14141,0.03829384,0.04539299,-0.006307602,24.01373
"2025-04-08 17:04:35.2",14142,0.03598213,0.04328728,-0.007966995,24.04443
"2025-04-08 17:04:35.25",14143,0.03616142,0.0424118,-0.008239746,24.00814
"2025-04-08 17:04:35.3",14144,0.0370388,0.04278946,-0.007863998,24.01064
"2025-04-08 17:04:35.35",14145,0.03580475,0.04054642,-0.007780075,24.00108
"2025-04-08 17:04:35.4",14146,0.03654099,0.04144478,-0.007579803,24.00858
"2025-04-08 17:04:35.45",14147,0.04008675,0.04424667,-0.005783081,24.03862
"2025-04-08 17:04:35.5",14148,0.03608894,0.03898048,-0.008066177,24.03033
"2025-04-08 17:04:35.55",14149,0.03665352,0.03884315,-0.007162094,24.02959
"2025-04-08 17:04:35.6",14150,0.03640747,0.03896523,-0.007423401,24.00704
"2025-04-08 17:04:35.65",14151,0.03759766,0.03831673,-0.004463196,24.03943
"2025-04-08 17:04:35.7",14152,0.03820992,0.03902435,-0.008285522,24.00856
"2025-04-08 17:04:35.75",14153,0.03751373,0.04082489,-0.007255554,24.03027
"2025-04-08 17:04:35.8",14154,0.04132652,0.037714,-0.007238388,24.01022
"2025-04-08 17:04:35.85",14155,0.03857231,0.03782654,-0.00786972,24.00484
"2025-04-08 17:04:35.9",14156,0.03836823,0.03920364,-0.01049042,24.03299
"2025-04-08 17:04:35.95",14157,0.03728294,0.03851891,-0.007585526,24.00954
"2025-04-08 17:04:36",14158,0.03827095,0.03845215,-0.00737381,24.01304
"2025-04-08 17:04:36.05",14159,0.03716469,0.03821182,-0.008094788,24.03555
"2025-04-08 17:04:36.1",14160,0.03927803,0.03897667,-0.007389069,24.03178
"2025-04-08 17:04:36.15",14161,0.03856087,0.03821754,-0.007419586,24.00765
"2025-04-08 17:04:36.2",14162,0.03937721,0.03872871,-0.007154465,24.03181
"2025-04-08 17:04:36.25",14163,0.03885078,0.03891373,-0.008026123,24.03116
"2025-04-08 17:04:36.3",14164,0.03845024,0.03786469,-0.007558823,24.02991
"2025-04-08 17:04:36.35",14165,0.03868484,0.03890991,-0.007474899,24.06633
"2025-04-08 17:04:36.4",14166,0.04182816,0.03838348,-0.007282257,24.00813
"2025-04-08 17:04:36.45",14167,0.03876305,0.03933716,-0.006887436,24.03066
"2025-04-08 17:04:36.5",14168,0.03822136,0.03944397,-0.00655365,24.0285
"2025-04-08 17:04:36.55",14169,0.03876877,0.03945541,-0.005268097,24.00762
"2025-04-08 17:04:36.6",14170,0.0418644,0.0359478,-0.006263733,24.04567
"2025-04-08 17:04:36.65",14171,0.03859711,0.03675842,-0.006669998,24.02955
"2025-04-08 17:04:36.7",14172,0.04117012,0.03721046,-0.006752014,24.00522
"2025-04-08 17:04:36.75",14173,0.04128075,0.03931427,-0.006496429,24.0298
"2025-04-08 17:04:36.8",14174,0.04225349,0.03650284,-0.009273529,24.02895
"2025-04-08 17:04:36.85",14175,0.0418396,0.03928757,-0.00724411,24.03152
"2025-04-08 17:04:36.9",14176,0.04123306,0.03635788,-0.009584427,24.02876
"2025-04-08 17:04:36.95",14177,0.04167175,0.03845215,-0.006595612,23.99952
"2025-04-08 17:04:37",14178,0.04476738,0.03599739,-0.01063347,24.02953
"2025-04-08 17:04:37.05",14179,0.04250526,0.03669548,-0.007770538,24.00684
"2025-04-08 17:04:37.1",14180,0.04448891,0.03910255,-0.01018333,24.02856
"2025-04-08 17:04:37.15",14181,0.04520416,0.0361042,-0.0101757,23.99908
"2025-04-08 17:04:37.2",14182,0.04847527,0.03767967,-0.01122665,24.02998
"2025-04-08 17:04:37.25",14183,0.042696,0.03883171,-0.01047325,24.00667
"2025-04-08 17:04:37.3",14184,0.04480171,0.0382843,-0.01083565,24.02947
"2025-04-08 17:04:37.35",14185,0.0451622,0.03819847,-0.01037979,24.00159
"2025-04-08 17:04:37.4",14186,0.04565048,0.03746605,-0.01145172,24.00762
"2025-04-08 17:04:37.45",14187,0.04450035,0.04119682,-0.01054573,24.00896
"2025-04-08 17:04:37.5",14188,0.04496384,0.03741074,-0.01053619,24.02972
"2025-04-08 17:04:37.55",14189,0.04462624,0.03610992,-0.01051331,24.00745
"2025-04-08 17:04:37.6",14190,0.04726791,0.03934288,-0.01338959,24.00572
"2025-04-08 17:04:37.65",14191,0.04690552,0.03642845,-0.01107788,24.02884
"2025-04-08 17:04:37.7",14192,0.04669762,0.03833771,-0.01296234,24.00739
"2025-04-08 17:04:37.75",14193,0.04452133,0.03628731,-0.01352692,24.00878
"2025-04-08 17:04:37.8",14194,0.04751587,0.0363884,-0.01357841,24.01048
"2025-04-08 17:04:37.85",14195,0.04984283,0.03579712,-0.01216698,24.02966
"2025-04-08 17:04:37.9",14196,0.04738998,0.03814507,-0.01284218,24.0076
"2025-04-08 17:04:37.95",14197,0.04894829,0.03778458,-0.0133419,24.009
"2025-04-08 17:04:38",14198,0.04949188,0.03867531,-0.01355171,24.01275
"2025-04-08 17:04:38.05",14199,0.05066299,0.03560066,-0.0151825,24.00259
"2025-04-08 17:04:38.1",14200,0.04920769,0.03773499,-0.0123558,24.01223
"2025-04-08 17:04:38.15",14201,0.04909134,0.03820992,-0.01280212,24.01215
"2025-04-08 17:04:38.2",14202,0.05081367,0.04964256,-0.02146339,24.03387
"2025-04-08 17:04:38.25",14203,0.04994583,0.03878021,-0.01608658,24.03159
"2025-04-08 17:04:38.3",14204,0.0483017,0.03842354,-0.01524353,24.01067
"2025-04-08 17:04:38.35",14205,0.05016899,0.03500938,-0.01624107,24.00286
"2025-04-08 17:04:38.4",14206,0.04800797,0.04901123,-0.02161026,24.00848
"2025-04-08 17:04:38.45",14207,0.04936218,0.03577995,-0.01584625,24.00809
"2025-04-08 17:04:38.5",14208,0.04641533,0.03860092,-0.0152874,24.04497
"2025-04-08 17:04:38.55",14209,0.04950333,0.03536224,-0.01619339,24.00825
"2025-04-08 17:04:38.6",14210,0.04714203,0.03531647,-0.01561546,24.0087
"2025-04-08 17:04:38.65",14211,0.04945755,0.03862381,-0.01586342,24.00472
"2025-04-08 17:04:38.7",14212,0.04868889,0.03621483,-0.01490784,24.02883
"2025-04-08 17:04:38.75",14213,0.04937553,0.03598785,-0.01417732,24.03083
"2025-04-08 17:04:38.8",14214,0.04672623,0.03614998,-0.01482773,24.0078
"2025-04-08 17:04:38.85",14215,0.04663658,0.03941154,-0.01465034,24.00414
"2025-04-08 17:04:38.9",14216,0.04618454,0.03551292,-0.01320457,24.00555
"2025-04-08 17:04:38.95",14217,0.04728508,0.0489502,-0.02002716,24.00635
"2025-04-08 17:04:39",14218,0.04701233,0.0360527,-0.01548767,24.00705
"2025-04-08 17:04:39.05",14219,0.04916954,0.03913879,-0.01525307,24.00557
"2025-04-08 17:04:39.1",14220,0.04642105,0.03558159,-0.01451111,23.99815
"2025-04-08 17:04:39.15",14221,0.04647064,0.03580284,-0.01471901,24.04276
"2025-04-08 17:04:39.2",14222,0.04750252,0.03649712,-0.01579666,24.00838
"2025-04-08 17:04:39.25",14223,0.04701805,0.0390377,-0.01587868,24.00679
"2025-04-08 17:04:39.3",14224,0.04694939,0.03603172,-0.01556206,24.00696
"2025-04-08 17:04:39.35",14225,0.04752159,0.03850555,-0.01553345,24.00712
"2025-04-08 17:04:39.4",14226,0.04701233,0.03912735,-0.01669884,24.00527
"2025-04-08 17:04:39.45",14227,0.04721451,0.05177498,-0.02167511,24.04414
"2025-04-08 17:04:39.5",14228,0.04703522,0.05138588,-0.02135277,23.99875
"2025-04-08 17:04:39.55",14229,0.04718971,0.04041481,-0.01659393,24.04433
"2025-04-08 17:04:39.6",14230,0.0467205,0.04067421,-0.01626396,24.03061
"2025-04-08 17:04:39.65",14231,0.04639626,0.04074478,-0.01589775,24.04239
"2025-04-08 17:04:39.7",14232,0.04667664,0.03661346,-0.01614571,24.02998
"2025-04-08 17:04:39.75",14233,0.04713058,0.03938293,-0.01683044,24.03071
"2025-04-08 17:04:39.8",14234,0.04718399,0.03985786,-0.01657677,24.00712
"2025-04-08 17:04:39.85",14235,0.0464859,0.03918266,-0.01581764,24.00634
"2025-04-08 17:04:39.9",14236,0.04428482,0.03853035,-0.01595879,24.03075
"2025-04-08 17:04:39.95",14237,0.04738617,0.04236603,-0.01366234,24.01598
"2025-04-08 17:04:40",14238,0.04694557,0.03884315,-0.01369667,24.03264
"2025-04-08 17:04:40.05",14239,0.04681778,0.03843307,-0.01305771,24.02935
"2025-04-08 17:04:40.1",14240,0.04499626,0.03751755,-0.01534462,24.03206
"2025-04-08 17:04:40.15",14241,0.04855347,0.03845024,-0.01291275,24.00904
"2025-04-08 17:04:40.2",14242,0.04782867,0.05130005,-0.01796722,24.00932
"2025-04-08 17:04:40.25",14243,0.04812431,0.04117584,-0.01246834,24.03244
"2025-04-08 17:04:40.3",14244,0.04554176,0.03772354,-0.01333809,24.04836
"2025-04-08 17:04:40.35",14245,0.04581833,0.03829384,-0.01330566,24.01177
"2025-04-08 17:04:40.4",14246,0.04530144,0.03781319,-0.01309967,24.0327
"2025-04-08 17:04:40.45",14247,0.04801559,0.04836845,-0.01831818,24.07233
"2025-04-08 17:04:40.5",14248,0.04780388,0.05142021,-0.0188446,24.0106
"2025-04-08 17:04:40.55",14249,0.04679298,0.039217,-0.01334953,24.03257
"2025-04-08 17:04:40.6",14250,0.04705811,0.05124474,-0.01605225,24.03192
"2025-04-08 17:04:40.65",14251,0.0471344,0.05177498,-0.01815605,24.03205
"2025-04-08 17:04:40.7",14252,0.04778099,0.03826523,-0.01051712,24.0324
"2025-04-08 17:04:40.75",14253,0.04662514,0.05248451,-0.01606941,24.04337
"2025-04-08 17:04:40.8",14254,0.0436573,0.03841591,-0.01053429,24.0083
"2025-04-08 17:04:40.85",14255,0.04416466,0.04109764,-0.01015854,24.02966
"2025-04-08 17:04:40.9",14256,0.04652596,0.03891373,-0.01037788,24.06717
"2025-04-08 17:04:40.95",14257,0.0429287,0.04170036,-0.009578705,24.00579
"2025-04-08 17:04:41",14258,0.04575539,0.05202293,-0.01276398,24.02885
"2025-04-08 17:04:41.05",14259,0.04615593,0.03867531,-0.008831024,24.04377
"2025-04-08 17:04:41.1",14260,0.0435276,0.03923798,-0.01148415,24.02944
"2025-04-08 17:04:41.15",14261,0.04629707,0.0526371,-0.01423645,24.02821
"2025-04-08 17:04:41.2",14262,0.04684448,0.04162407,-0.009248734,24.02907
"2025-04-08 17:04:41.25",14263,0.04768372,0.04474449,-0.009140015,24.03751
"2025-04-08 17:04:41.3",14264,0.04367828,0.03849983,-0.0105114,24.04406
"2025-04-08 17:04:41.35",14265,0.0464859,0.05232239,-0.01511574,24.02838
"2025-04-08 17:04:41.4",14266,0.04423141,0.03788185,-0.00994873,24.03004
"2025-04-08 17:04:41.45",14267,0.04421425,0.04070282,-0.009914398,24.03036
"2025-04-08 17:04:41.5",14268,0.04586601,0.03871346,-0.008050919,24.02962
"2025-04-08 17:04:41.55",14269,0.04117203,0.039608,-0.01106071,24.02871
"2025-04-08 17:04:41.6",14270,0.04415131,0.03918076,-0.009807587,24.0294
"2025-04-08 17:04:41.65",14271,0.04407883,0.03985405,-0.0092659,24.04533
"2025-04-08 17:04:41.7",14272,0.04401207,0.0423336,-0.007631302,24.03818
"2025-04-08 17:04:41.75",14273,0.04410934,0.0539875,-0.01263046,24.0358
"2025-04-08 17:04:41.8",14274,0.04468346,0.05415535,-0.01637459,24.03031
"2025-04-08 17:04:41.85",14275,0.04473877,0.03966331,-0.008628845,24.03062
"2025-04-08 17:04:41.9",14276,0.04405212,0.03980637,-0.008283615,24.00694
"2025-04-08 17:04:41.95",14277,0.04403496,0.03871918,-0.008094788,24.02932
"2025-04-08 17:04:42",14278,0.04395676,0.03844452,-0.008436203,24.03055
"2025-04-08 17:04:42.05",14279,0.04434776,0.03952789,-0.008611679,24.00723
"2025-04-08 17:04:42.1",14280,0.04393387,0.03907013,-0.007581711,24.00563
"2025-04-08 17:04:42.15",14281,0.04446983,0.04137039,-0.007860184,24.00812
"2025-04-08 17:04:42.2",14282,0.04513931,0.0383606,-0.008172989,24.0311
"2025-04-08 17:04:42.25",14283,0.04504013,0.04092407,-0.008268356,24.00585
"2025-04-08 17:04:42.3",14284,0.04463196,0.03814316,-0.008022308,24.00788
"2025-04-08 17:04:42.35",14285,0.04523468,0.03748322,-0.008262634,24.00924
"2025-04-08 17:04:42.4",14286,0.04611969,0.03780937,-0.008998871,24.03128
"2025-04-08 17:04:42.45",14287,0.04607964,0.03845215,-0.007579803,24.01223
"2025-04-08 17:04:42.5",14288,0.04519272,0.05101585,-0.01311874,24.03218
"2025-04-08 17:04:42.55",14289,0.04648209,0.03768349,-0.005693436,24.03313
"2025-04-08 17:04:42.6",14290,0.04853058,0.03826523,-0.007997513,24.01318
"2025-04-08 17:04:42.65",14291,0.04742432,0.05175781,-0.01303101,24.01055
"2025-04-08 17:04:42.7",14292,0.045084,0.03785896,-0.008094788,24.04838
"2025-04-08 17:04:42.75",14293,0.04482841,0.03793526,-0.005638123,24.01163
"2025-04-08 17:04:42.8",14294,0.04634666,0.05184364,-0.01124382,24.00056
"2025-04-08 17:04:42.85",14295,0.04337692,0.04888916,-0.01259613,24.008
"2025-04-08 17:04:42.9",14296,0.04603958,0.05149841,-0.01065636,24.00971
"2025-04-08 17:04:42.95",14297,0.04442215,0.03795242,-0.005746841,24.00873
"2025-04-08 17:04:43",14298,0.04354858,0.03820038,-0.006238937,24.00739
"2025-04-08 17:04:43.05",14299,0.04313469,0.03865242,-0.004705429,24.04459
"2025-04-08 17:04:43.1",14300,0.04400635,0.03855133,-0.004688263,24.02755
"2025-04-08 17:04:43.15",14301,0.04402351,0.03977394,-0.006631851,24.01434
"2025-04-08 17:04:43.2",14302,0.04580688,0.05233383,-0.009296417,24.02598
"2025-04-08 17:04:43.25",14303,0.04356575,0.03861618,-0.004016876,24.02721
"2025-04-08 17:04:43.3",14304,0.04375076,0.04939842,-0.01157379,24.00748
"2025-04-08 17:04:43.35",14305,0.04407501,0.03661919,-0.003883362,24.04424
"2025-04-08 17:04:43.4",14306,0.04224205,0.04909897,-0.01241493,24.0272
"2025-04-08 17:04:43.45",14307,0.04348946,0.05221558,-0.01031494,24.01405
"2025-04-08 17:04:43.5",14308,0.04396439,0.03843307,-0.004892349,24.02771
"2025-04-08 17:04:43.55",14309,0.04367638,0.04923058,-0.01055145,24.00631
"2025-04-08 17:04:43.6",14310,0.04404068,0.03637695,-0.005111694,24.00655
"2025-04-08 17:04:43.65",14311,0.04335403,0.03827858,-0.005344391,24.00584
"2025-04-08 17:04:43.7",14312,0.04466248,0.03839302,-0.007698059,24.04473
"2025-04-08 17:04:43.75",14313,0.04441643,0.05217171,-0.0135231,24.03043
"2025-04-08 17:04:43.8",14314,0.04421997,0.05293274,-0.01439285,24.00821
"2025-04-08 17:04:43.85",14315,0.04426575,0.05314445,-0.01338387,24.02835
"2025-04-08 17:04:43.9",14316,0.0439415,0.0396843,-0.006608963,24.00936
"2025-04-08 17:04:43.95",14317,0.04437065,0.03990364,-0.009290695,24.02935
"2025-04-08 17:04:44",14318,0.04404068,0.05394363,-0.01424789,24.00627
"2025-04-08 17:04:44.05",14319,0.04415131,0.04294586,-0.008396149,24.0074
"2025-04-08 17:04:44.1",14320,0.04458237,0.03952789,-0.008142471,24.00811
"2025-04-08 17:04:44.15",14321,0.04425812,0.04036713,-0.008501053,23.99975
"2025-04-08 17:04:44.2",14322,0.04706764,0.04412079,-0.008411407,23.99812
"2025-04-08 17:04:44.25",14323,0.04367828,0.03898621,-0.00810051,24.02956
"2025-04-08 17:04:44.3",14324,0.0444088,0.03912163,-0.0079422,24.03053
"2025-04-08 17:04:44.35",14325,0.04438591,0.03930092,-0.008703232,24.02914
"2025-04-08 17:04:44.4",14326,0.04444695,0.03920555,-0.008295059,24.02898
"2025-04-08 17:04:44.45",14327,0.0437603,0.04948235,-0.01290131,24.02836
"2025-04-08 17:04:44.5",14328,0.04641342,0.03825951,-0.008558273,24.00761
"2025-04-08 17:04:44.55",14329,0.04589462,0.03771973,-0.006113052,24.0292
"2025-04-08 17:04:44.6",14330,0.04570961,0.03868484,-0.008663177,24.02851
"2025-04-08 17:04:44.65",14331,0.04605675,0.03650856,-0.007684708,24.03042
"2025-04-08 17:04:44.7",14332,0.04921341,0.03727341,-0.008821487,24.04729
"2025-04-08 17:04:44.75",14333,0.04600716,0.03515625,-0.008586884,24.01093
"2025-04-08 17:04:44.8",14334,0.04503632,0.03538895,-0.007474899,24.00686
"2025-04-08 17:04:44.85",14335,0.04766464,0.03428459,-0.007665634,24.0114
"2025-04-08 17:04:44.9",14336,0.04540825,0.03538513,-0.008558273,24.04889
"2025-04-08 17:04:44.95",14337,0.04468346,0.03620148,-0.008014679,24.0094
"2025-04-08 17:04:45",14338,0.04391289,0.03531075,-0.004926682,24.03011
"2025-04-08 17:04:45.05",14339,0.04403496,0.03225136,-0.007701874,24.00327
"2025-04-08 17:04:45.1",14340,0.04396248,0.03278351,-0.008172989,24.0091
"2025-04-08 17:04:45.15",14341,0.04561043,0.03307343,-0.008430481,24.0068
"2025-04-08 17:04:45.2",14342,0.04343605,0.03285408,-0.008216858,24.00632
"2025-04-08 17:04:45.25",14343,0.04363251,0.03303337,-0.008066177,24.00809
"2025-04-08 17:04:45.3",14344,0.04382133,0.03307915,-0.005373001,24.02988
"2025-04-08 17:04:45.35",14345,0.04321861,0.03326225,-0.004814148,24.00681
"2025-04-08 17:04:45.4",14346,0.04018784,0.03319931,-0.007045746,23.99516
"2025-04-08 17:04:45.45",14347,0.04074478,0.03262138,-0.006736755,24.00436
"2025-04-08 17:04:45.5",14348,0.04794502,0.03552246,-0.004375458,24.0545
"2025-04-08 17:04:45.55",14349,0.04375648,0.03120232,-0.007059097,24.007
"2025-04-08 17:04:45.6",14350,0.04000282,0.0330677,-0.006204605,24.00425
"2025-04-08 17:04:45.65",14351,0.04343224,0.03277779,-0.006803513,24.02741
"2025-04-08 17:04:45.7",14352,0.04105949,0.03279305,-0.007064819,24.00603
"2025-04-08 17:04:45.75",14353,0.04053497,0.03326225,-0.00777626,24.00581
"2025-04-08 17:04:45.8",14354,0.04390526,0.03039742,-0.007316589,24.00453
"2025-04-08 17:04:45.85",14355,0.04097939,0.032547,-0.007284164,24.00579
"2025-04-08 17:04:45.9",14356,0.04188347,0.03473663,-0.008049011,24.02903
"2025-04-08 17:04:45.95",14357,0.04390144,0.03390884,-0.008327484,24.00793
"2025-04-08 17:04:46",14358,0.04123688,0.0334816,-0.01024437,24.00534
"2025-04-08 17:04:46.05",14359,0.04107094,0.03359604,-0.01067543,24.00877
"2025-04-08 17:04:46.1",14360,0.04437447,0.03648376,-0.01162529,24.03161
"2025-04-08 17:04:46.15",14361,0.04386902,0.03741074,-0.01156044,24.02837
"2025-04-08 17:04:46.2",14362,0.04343605,0.03784752,-0.01109695,24.02736
"2025-04-08 17:04:46.25",14363,0.04183006,0.03700447,-0.01138306,24.03103
"2025-04-08 17:04:46.3",14364,0.04172707,0.03418922,-0.01160622,24.00793
"2025-04-08 17:04:46.35",14365,0.0414505,0.03504944,-0.01101494,24.02886
"2025-04-08 17:04:46.4",14366,0.03831673,0.03409386,-0.0131588,24.04422
"2025-04-08 17:04:46.45",14367,0.04125977,0.03342819,-0.01394653,24.03027
"2025-04-08 17:04:46.5",14368,0.04180145,0.03368568,-0.01338959,24.04504
"2025-04-08 17:04:46.55",14369,0.04118538,0.03370285,-0.01399803,24.02842
"2025-04-08 17:04:46.6",14370,0.04237175,0.03300095,-0.01350021,24.04291
"2025-04-08 17:04:46.65",14371,0.03923225,0.03205681,-0.01336098,24.06699
"2025-04-08 17:04:46.7",14372,0.04297447,0.0333004,-0.01379204,24.0302
"2025-04-08 17:04:46.75",14373,0.04218674,0.03214645,-0.01370239,24.02715
"2025-04-08 17:04:46.8",14374,0.04270554,0.03246498,-0.01338768,24.02976
"2025-04-08 17:04:46.85",14375,0.04795456,0.04910088,-0.01639366,24.04119
"2025-04-08 17:04:46.9",14376,0.04367065,0.03284836,-0.01344872,24.03084
"2025-04-08 17:04:46.95",14377,0.0425663,0.03216362,-0.01296425,24.0301
"2025-04-08 17:04:47",14378,0.0436554,0.03113365,-0.01560402,24.03341
"2025-04-08 17:04:47.05",14379,0.04281044,0.03237915,-0.01390648,24.04797
"2025-04-08 17:04:47.1",14380,0.04187965,0.03267479,-0.01349449,24.00993
"2025-04-08 17:04:47.15",14381,0.04167175,0.03179932,-0.01590157,24.03197
"2025-04-08 17:04:47.2",14382,0.04211807,0.03193283,-0.01373863,24.03479
"2025-04-08 17:04:47.25",14383,0.04183578,0.03043556,-0.01629639,24.03272
"2025-04-08 17:04:47.3",14384,0.04011345,0.0302124,-0.01640511,24.04503
"2025-04-08 17:04:47.35",14385,0.04080582,0.03192139,-0.0159111,24.00772
"2025-04-08 17:04:47.4",14386,0.04166603,0.02987671,-0.01653671,24.04552
"2025-04-08 17:04:47.45",14387,0.04134178,0.03006172,-0.01618767,24.04321
"2025-04-08 17:04:47.5",14388,0.0405159,0.0321064,-0.01637077,24.06498
"2025-04-08 17:04:47.55",14389,0.04096794,0.02980995,-0.01552582,24.02599
"2025-04-08 17:04:47.6",14390,0.04120827,0.03009033,-0.01613045,24.06722
"2025-04-08 17:04:47.65",14391,0.04084206,0.03035355,-0.01556778,24.006
"2025-04-08 17:04:47.7",14392,0.04012489,0.03045273,-0.01442146,24.03987
"2025-04-08 17:04:47.75",14393,0.04063034,0.03027916,-0.01360703,24.0288
"2025-04-08 17:04:47.8",14394,0.04162979,0.03017998,-0.0141964,24.04359
"2025-04-08 17:04:47.85",14395,0.03999138,0.03001022,-0.01524734,24.04286
"2025-04-08 17:04:47.9",14396,0.03863907,0.0301609,-0.01543617,24.02763
"2025-04-08 17:04:47.95",14397,0.03806686,0.02968597,-0.01570511,24.02862
"2025-04-08 17:04:48",14398,0.0411129,0.03065872,-0.01593399,24.0308
"2025-04-08 17:04:48.05",14399,0.04114151,0.03020668,-0.01530266,24.04411
"2025-04-08 17:04:48.1",14400,0.04083633,0.03010178,-0.01556206,24.06593
"2025-04-08 17:04:48.15",14401,0.0420475,0.02842712,-0.01576042,24.008
"2025-04-08 17:04:48.2",14402,0.0382328,0.02783203,-0.01627159,24.02998
"2025-04-08 17:04:48.25",14403,0.03781891,0.02741623,-0.01668358,24.00676
"2025-04-08 17:04:48.3",14404,0.04104805,0.02839851,-0.01586723,24.02975
"2025-04-08 17:04:48.35",14405,0.04186821,0.02717018,-0.01691818,24.03018
"2025-04-08 17:04:48.4",14406,0.04153442,0.02902412,-0.0175209,24.03007
"2025-04-08 17:04:48.45",14407,0.03800964,0.02920341,-0.01651192,24.02943
"2025-04-08 17:04:48.5",14408,0.04083061,0.02840805,-0.01625252,24.02931
"2025-04-08 17:04:48.55",14409,0.04206848,0.02861595,-0.01644897,24.02983
"2025-04-08 17:04:48.6",14410,0.03817177,0.02989578,-0.01678276,24.00596
"2025-04-08 17:04:48.65",14411,0.04117203,0.02860832,-0.01569366,24.00609
"2025-04-08 17:04:48.7",14412,0.03859711,0.02511406,-0.01601982,24.00742
"2025-04-08 17:04:48.75",14413,0.03904343,0.02762222,-0.01638031,24.03097
"2025-04-08 17:04:48.8",14414,0.03817749,0.02573967,-0.01614761,24.03031
"2025-04-08 17:04:48.85",14415,0.03830338,0.02458191,-0.0157547,24.00644
"2025-04-08 17:04:48.9",14416,0.03900719,0.02422523,-0.01604271,24.04536
"2025-04-08 17:04:48.95",14417,0.03992653,0.02466202,-0.01575661,24.00907
"2025-04-08 17:04:49",14418,0.03903008,0.02466202,-0.01643753,24.00644
"2025-04-08 17:04:49.05",14419,0.04212952,0.02444839,-0.01569557,24.03043
"2025-04-08 17:04:49.1",14420,0.04308701,0.02124405,-0.01656532,24.03271
"2025-04-08 17:04:49.15",14421,0.04023361,0.02358246,-0.01625443,24.01166
"2025-04-08 17:04:49.2",14422,0.04020309,0.02153778,-0.01562309,24.01125
"2025-04-08 17:04:49.25",14423,0.03992462,0.02094269,-0.01797485,24.03507
"2025-04-08 17:04:49.3",14424,0.04076958,0.02096558,-0.0189743,24.03359
"2025-04-08 17:04:49.35",14425,0.03989792,0.02171135,-0.01654434,24.03374
"2025-04-08 17:04:49.4",14426,0.03930092,0.02211571,-0.01843643,24.00971
"2025-04-08 17:04:49.45",14427,0.03860283,0.02125549,-0.01782417,24.00813
"2025-04-08 17:04:49.5",14428,0.03893471,0.0218811,-0.01613617,24.00892
"2025-04-08 17:04:49.55",14429,0.03924942,0.01880264,-0.01883316,24.00739
"2025-04-08 17:04:49.6",14430,0.03756332,0.02226448,-0.01835823,24.02949
"2025-04-08 17:04:49.65",14431,0.03788185,0.01818275,-0.01955414,24.02814
"2025-04-08 17:04:49.7",14432,0.03808022,0.02199554,-0.01942635,24.04396
"2025-04-08 17:04:49.75",14433,0.03857994,0.01933289,-0.0187664,24.0065
"2025-04-08 17:04:49.8",14434,0.03667831,0.01953506,-0.01800156,24.02934
"2025-04-08 17:04:49.85",14435,0.04041481,0.01856995,-0.01734161,24.02839
"2025-04-08 17:04:49.9",14436,0.03792953,0.01902199,-0.01735306,24.00593
"2025-04-08 17:04:49.95",14437,0.037117,0.01955223,-0.01795006,24.04276
"2025-04-08 17:04:50",14438,0.03720474,0.01906586,-0.01706314,24.04062
"2025-04-08 17:04:50.05",14439,0.03756332,0.01954079,-0.0167942,24.02759
"2025-04-08 17:04:50.1",14440,0.03751183,0.01943779,-0.02083778,24.00679
"2025-04-08 17:04:50.15",14441,0.03728485,0.01937866,-0.02048111,24.02744
"2025-04-08 17:04:50.2",14442,0.03768539,0.01685905,-0.01987648,24.04138
"2025-04-08 17:04:50.25",14443,0.0380497,0.01859665,-0.01711464,24.02813
"2025-04-08 17:04:50.3",14444,0.03845596,0.01612663,-0.01858139,24.00752
"2025-04-08 17:04:50.35",14445,0.03854561,0.01701164,-0.02115631,24.00752
"2025-04-08 17:04:50.4",14446,0.03520584,0.01677704,-0.01826477,24.02839
"2025-04-08 17:04:50.45",14447,0.03554726,0.01341248,-0.02144814,24.00564
"2025-04-08 17:04:50.5",14448,0.03517151,0.0174942,-0.02180099,24.00694
"2025-04-08 17:04:50.55",14449,0.03858376,0.01530075,-0.02203941,24.02763
"2025-04-08 17:04:50.6",14450,0.03842926,0.01760864,-0.02109528,24.02819
"2025-04-08 17:04:50.65",14451,0.03558922,0.01935577,-0.02178764,24.00723
"2025-04-08 17:04:50.7",14452,0.03657913,0.01561356,-0.02225113,23.99752
"2025-04-08 17:04:50.75",14453,0.03818703,0.01596642,-0.02212715,24.00718
"2025-04-08 17:04:50.8",14454,0.03515434,0.01472664,-0.0217495,24.02931
"2025-04-08 17:04:50.85",14455,0.03572655,0.01477051,-0.02192116,23.99869
"2025-04-08 17:04:50.9",14456,0.03504753,0.01544571,-0.02260399,24.02982
"2025-04-08 17:04:50.95",14457,0.03553581,0.0147438,-0.02153015,24.0051
"2025-04-08 17:04:51",14458,0.03570366,0.01417923,-0.0208683,24.0289
"2025-04-08 17:04:51.05",14459,0.03576851,0.01348686,-0.02150726,24.02905
"2025-04-08 17:04:51.1",14460,0.03524399,0.01171494,-0.02188301,24.00555
"2025-04-08 17:04:51.15",14461,0.03558922,0.01098442,-0.02139282,24.04139
"2025-04-08 17:04:51.2",14462,0.03581047,0.01063347,-0.02151489,24.03053
"2025-04-08 17:04:51.25",14463,0.03416634,0.007480621,-0.01923752,24.03092
"2025-04-08 17:04:51.3",14464,0.03851318,0.009952545,-0.02198982,24.04453
"2025-04-08 17:04:51.35",14465,0.03624535,0.01026726,-0.01859283,24.02953
"2025-04-08 17:04:51.4",14466,0.03715515,0.009626389,-0.02112198,24.01079
"2025-04-08 17:04:51.45",14467,0.03781509,0.01212311,-0.01952553,24.02091
"2025-04-08 17:04:51.5",14468,0.0369873,0.01041031,-0.02162743,24.04692
"2025-04-08 17:04:51.55",14469,0.03593826,0.009634018,-0.01853943,24.06767
"2025-04-08 17:04:51.6",14470,0.03382111,0.007143021,-0.01856995,24.03405
"2025-04-08 17:04:51.65",14471,0.03657913,0.01039314,-0.01861191,24.0101
"2025-04-08 17:04:51.7",14472,0.0358429,0.008621216,-0.01875114,24.00917
"2025-04-08 17:04:51.75",14473,0.03564262,0.007432938,-0.01852798,24.02996
"2025-04-08 17:04:51.8",14474,0.03559494,0.007396698,-0.01898575,24.03049
"2025-04-08 17:04:51.85",14475,0.03272057,0.008296967,-0.01938629,24.02875
"2025-04-08 17:04:51.9",14476,0.03461838,0.00818634,-0.01883316,24.02795
"2025-04-08 17:04:51.95",14477,0.03123093,0.00815773,-0.01818657,24.0292
"2025-04-08 17:04:52",14478,0.03538322,0.008108139,-0.01871681,24.02797
"2025-04-08 17:04:52.05",14479,0.03469086,0.008029938,-0.01501846,24.00513
"2025-04-08 17:04:52.1",14480,0.03372955,0.008226395,-0.01782227,24.00376
"2025-04-08 17:04:52.15",14481,0.03284454,0.004957199,-0.01529121,24.02529
"2025-04-08 17:04:52.2",14482,0.03484917,0.005590439,-0.01837158,23.99818
"2025-04-08 17:04:52.25",14483,0.03555298,0.008804321,-0.01476097,24.04132
"2025-04-08 17:04:52.3",14484,0.03532982,0.005527496,-0.01747131,24.00547
"2025-04-08 17:04:52.35",14485,0.03539658,0.005174637,-0.01441574,24.0419
"2025-04-08 17:04:52.4",14486,0.03513908,0.005086899,-0.01556587,24.04033
"2025-04-08 17:04:52.45",14487,0.03489304,0.00526619,-0.01544762,24.02737
"2025-04-08 17:04:52.5",14488,0.03495598,0.004224777,-0.01515198,24.04248
"2025-04-08 17:04:52.55",14489,0.03271866,0.007352829,-0.0155983,24.04428
"2025-04-08 17:04:52.6",14490,0.03529358,0.008270264,-0.01595688,24.0284
"2025-04-08 17:04:52.65",14491,0.03460884,0.007444382,-0.01615906,24.04204
"2025-04-08 17:04:52.7",14492,0.03581047,0.005512238,-0.01509285,24.04424
"2025-04-08 17:04:52.75",14493,0.03585434,0.008907318,-0.01650047,24.02921
"2025-04-08 17:04:52.8",14494,0.0353508,0.009290695,-0.01723671,24.02775
"2025-04-08 17:04:52.85",14495,0.0353775,0.009860992,-0.01617622,24.02848
"2025-04-08 17:04:52.9",14496,0.03585243,0.009765625,-0.01707268,24.02961
"2025-04-08 17:04:52.95",14497,0.03573036,0.009790421,-0.01748276,24.06657
"2025-04-08 17:04:53",14498,0.03532791,0.00897789,-0.01716232,24.04186
"2025-04-08 17:04:53.05",14499,0.03565216,0.006231308,-0.01694107,24.02768
"2025-04-08 17:04:53.1",14500,0.03544044,0.006370544,-0.01770592,24.04324
"2025-04-08 17:04:53.15",14501,0.0358696,0.009313583,-0.01721954,24.02831
"2025-04-08 17:04:53.2",14502,0.0354557,0.008773804,-0.01355743,24.06567
"2025-04-08 17:04:53.25",14503,0.03527641,0.008062363,-0.01438713,24.04476
"2025-04-08 17:04:53.3",14504,0.03594208,0.008382797,-0.01397896,24.04499
"2025-04-08 17:04:53.35",14505,0.03528214,0.01109695,-0.01398087,24.02794
"2025-04-08 17:04:53.4",14506,0.03580856,0.007865906,-0.01379013,24.04456
"2025-04-08 17:04:53.45",14507,0.03380394,0.008047104,-0.01376152,24.03024
"2025-04-08 17:04:53.5",14508,0.03695869,0.007787704,-0.01367188,24.02988
"2025-04-08 17:04:53.55",14509,0.03741837,0.007919312,-0.01381683,24.04386
"2025-04-08 17:04:53.6",14510,0.03701973,0.009901047,-0.01380157,24.04565
"2025-04-08 17:04:53.65",14511,0.03686333,0.009508133,-0.01361084,24.03395
"2025-04-08 17:04:53.7",14512,0.03774834,0.007471085,-0.01375771,24.0477
"2025-04-08 17:04:53.75",14513,0.03639984,0.0103817,-0.01366234,24.04533
"2025-04-08 17:04:53.8",14514,0.0360775,0.009681702,-0.01045227,24.00799
"2025-04-08 17:04:53.85",14515,0.0398674,0.01006699,-0.01109695,24.04581
"2025-04-08 17:04:53.9",14516,0.03648567,0.01066971,-0.01107216,24.03134
"2025-04-08 17:04:53.95",14517,0.03550339,0.01066971,-0.01093102,24.00665
"2025-04-08 17:04:54",14518,0.03590202,0.01050377,-0.0133419,24.03037
"2025-04-08 17:04:54.05",14519,0.03833199,0.01013947,-0.01161385,24.04591
"2025-04-08 17:04:54.1",14520,0.03508186,0.01088905,-0.01112747,24.00726
"2025-04-08 17:04:54.15",14521,0.03693581,0.01130676,-0.01099777,24.04279
"2025-04-08 17:04:54.2",14522,0.033741,0.01020241,-0.01031685,24.04127
"2025-04-08 17:04:54.25",14523,0.03769112,0.01148033,-0.0110321,24.02738
"2025-04-08 17:04:54.3",14524,0.03722191,0.01122475,-0.01069641,24.00373
"2025-04-08 17:04:54.35",14525,0.0374794,0.01325226,-0.009616852,24.06214
"2025-04-08 17:04:54.4",14526,0.03736687,0.01040268,-0.009819031,24.04078
"2025-04-08 17:04:54.45",14527,0.03739929,0.01053047,-0.009656906,24.06216
"2025-04-08 17:04:54.5",14528,0.03662491,0.01099586,-0.009689331,24.06158
"2025-04-08 17:04:54.55",14529,0.0421257,0.01403809,-0.007400513,24.03565
"2025-04-08 17:04:54.6",14530,0.03798866,0.01030731,-0.01028442,24.02804
"2025-04-08 17:04:54.65",14531,0.03769112,0.0135994,-0.009937286,24.02814
"2025-04-08 17:04:54.7",14532,0.03738976,0.01070023,-0.009803772,24.04213
"2025-04-08 17:04:54.75",14533,0.03768539,0.01100731,-0.009958267,24.04295
"2025-04-08 17:04:54.8",14534,0.0385437,0.01005173,-0.01075935,24.04655
"2025-04-08 17:04:54.85",14535,0.04166031,0.0139389,-0.01100922,24.04167
"2025-04-08 17:04:54.9",14536,0.03755188,0.0108223,-0.01157188,24.04288
"2025-04-08 17:04:54.95",14537,0.03825951,0.01110649,-0.01051712,24.0655
"2025-04-08 17:04:55",14538,0.03865814,0.01183891,-0.01197433,24.03033
"2025-04-08 17:04:55.05",14539,0.03742981,0.01234818,-0.01193619,24.02679
"2025-04-08 17:04:55.1",14540,0.03731537,0.01273918,-0.01109695,24.04245
"2025-04-08 17:04:55.15",14541,0.03790474,0.0164299,-0.01140976,24.0289
"2025-04-08 17:04:55.2",14542,0.03788757,0.01307106,-0.0120163,24.02889
"2025-04-08 17:04:55.25",14543,0.03769112,0.01294327,-0.01146698,24.02904
"2025-04-08 17:04:55.3",14544,0.0370369,0.01165581,-0.01141548,24.02854
"2025-04-08 17:04:55.35",14545,0.03857994,0.01215553,-0.01138496,24.03053
"2025-04-08 17:04:55.4",14546,0.0382328,0.01155281,-0.01142883,24.00574
"2025-04-08 17:04:55.45",14547,0.03718185,0.01146507,-0.01058388,24.00517
"2025-04-08 17:04:55.5",14548,0.03818321,0.01107407,-0.01118851,24.04269
"2025-04-08 17:04:55.55",14549,0.03855705,0.01070595,-0.01111984,24.0298
"2025-04-08 17:04:55.6",14550,0.03765106,0.01084518,-0.01161194,24.00539
"2025-04-08 17:04:55.65",14551,0.03846741,0.01045799,-0.01091957,24.02634
"2025-04-08 17:04:55.7",14552,0.03881264,0.007415771,-0.0107193,24.03042
"2025-04-08 17:04:55.75",14553,0.03999901,0.009960175,-0.01055145,24.00767
"2025-04-08 17:04:55.8",14554,0.03875732,0.009393692,-0.0112381,24.0273
"2025-04-08 17:04:55.85",14555,0.03942299,0.006958008,-0.01067924,24.04338
"2025-04-08 17:04:55.9",14556,0.03987885,0.009044647,-0.0112114,24.00977
"2025-04-08 17:04:55.95",14557,0.04049301,0.01018524,-0.010849,24.04751
"2025-04-08 17:04:56",14558,0.03926086,0.007980347,-0.01093483,24.03094
"2025-04-08 17:04:56.05",14559,0.03907776,0.006984711,-0.01115036,24.00921
"2025-04-08 17:04:56.1",14560,0.03904724,0.007408142,-0.01099205,24.0313
"2025-04-08 17:04:56.15",14561,0.03972435,0.008001328,-0.01164055,24.0316
"2025-04-08 17:04:56.2",14562,0.03834915,0.00838089,-0.01150131,24.02973
"2025-04-08 17:04:56.25",14563,0.03766251,0.008192062,-0.01030159,24.04468
"2025-04-08 17:04:56.3",14564,0.03850174,0.0044384,-0.01159477,24.04423
"2025-04-08 17:04:56.35",14565,0.03835106,0.008012772,-0.01113701,24.00787
"2025-04-08 17:04:56.4",14566,0.03678513,0.008918762,-0.01113892,24.02832
"2025-04-08 17:04:56.45",14567,0.03463745,0.005661011,-0.01083565,24.04018
"2025-04-08 17:04:56.5",14568,0.0372715,0.008192062,-0.01089287,24.00536
"2025-04-08 17:04:56.55",14569,0.03801537,0.00802803,-0.01081848,24.04012
"2025-04-08 17:04:56.6",14570,0.0336647,0.005609512,-0.008340836,24.02671
"2025-04-08 17:04:56.65",14571,0.03639984,0.007705688,-0.009098053,24.04065
"2025-04-08 17:04:56.7",14572,0.03536034,0.005582809,-0.009775162,24.0303
"2025-04-08 17:04:56.75",14573,0.03473473,0.005029678,-0.01008797,24.03996
"2025-04-08 17:04:56.8",14574,0.03405952,0.005662918,-0.00916481,24.04078
"2025-04-08 17:04:56.85",14575,0.03460312,0.004537582,-0.00951767,24.04263
"2025-04-08 17:04:56.9",14576,0.03471947,0.003227234,-0.01278496,24.04347
"2025-04-08 17:04:56.95",14577,0.03560638,0.002225876,-0.01027107,24.02711
"2025-04-08 17:04:57",14578,0.03199005,0.001819611,-0.01274681,24.04358
"2025-04-08 17:04:57.05",14579,0.03299522,-0.0002918243,-0.01363564,24.04498
"2025-04-08 17:04:57.1",14580,0.03276062,0.0001449585,-0.01343155,24.04423
"2025-04-08 17:04:57.15",14581,0.03266907,0.0005111694,-0.01428223,24.04195
"2025-04-08 17:04:57.2",14582,0.03242874,0.0005664825,-0.01385689,24.04235
"2025-04-08 17:04:57.25",14583,0.02995682,0.000825882,-0.01670074,24.02861
"2025-04-08 17:04:57.3",14584,0.03039169,0.001150131,-0.01649475,24.04291
"2025-04-08 17:04:57.35",14585,0.03300476,-0.0009994507,-0.01777077,24.0267
"2025-04-08 17:04:57.4",14586,0.03255844,-0.002202988,-0.01619148,24.04307
"2025-04-08 17:04:57.45",14587,0.0329113,-0.001365662,-0.01699448,24.04299
"2025-04-08 17:04:57.5",14588,0.03201675,-0.0002880096,-0.01677322,24.04371
"2025-04-08 17:04:57.55",14589,0.03198242,-0.0006732941,-0.01669884,24.02824
"2025-04-08 17:04:57.6",14590,0.0313282,-0.001899719,-0.01643753,24.0293
"2025-04-08 17:04:57.65",14591,0.0321064,-0.001522064,-0.01686096,24.04433
"2025-04-08 17:04:57.7",14592,0.03195,-0.001750946,-0.01676559,24.02896
"2025-04-08 17:04:57.75",14593,0.03224564,-0.00195694,-0.01600647,24.02689
"2025-04-08 17:04:57.8",14594,0.03230095,-0.002693176,-0.01579094,24.02855
"2025-04-08 17:04:57.85",14595,0.03353691,-0.003515244,-0.01907349,24.0434
"2025-04-08 17:04:57.9",14596,0.03283882,-0.002056122,-0.01861572,24.02863
"2025-04-08 17:04:57.95",14597,0.03553009,-0.002960205,-0.0189743,24.065
"2025-04-08 17:04:58",14598,0.0363102,-0.004182816,-0.01608086,24.07388
"2025-04-08 17:04:58.05",14599,0.03608322,-0.003860474,-0.01665688,24.03381
"2025-04-08 17:04:58.1",14600,0.03737259,-0.003694534,-0.0194931,24.03222
"2025-04-08 17:04:58.15",14601,0.03668404,-0.01420784,-0.01309395,24.04694
"2025-04-08 17:04:58.2",14602,0.03636551,-0.001470566,-0.01653862,24.04677
"2025-04-08 17:04:58.25",14603,0.03435135,0.01283264,-0.02719498,24.04824
"2025-04-08 17:04:58.3",14604,0.03371048,-0.01346207,-0.01379585,24.04691
"2025-04-08 17:04:58.35",14605,0.03563499,-1.716614E-05,-0.01848602,24.06734
"2025-04-08 17:04:58.4",14606,0.03316879,0.01630211,-0.02431679,24.03115
"2025-04-08 17:04:58.45",14607,0.0334034,0.01299286,-0.02712631,24.07656
"2025-04-08 17:04:58.5",14608,0.03243637,0.003292084,-0.01971054,24.02709
"2025-04-08 17:04:58.55",14609,0.03536034,0.002183914,-0.01930428,24.09608
"2025-04-08 17:04:58.6",14610,0.0327034,0.002601624,-0.01885605,24.04521
"2025-04-08 17:04:58.65",14611,0.03191757,0.003175735,-0.01926231,24.04172
"2025-04-08 17:04:58.7",14612,0.03425598,0.002824783,-0.01839638,24.03977
"2025-04-08 17:04:58.75",14613,0.03455734,0.002220154,-0.01818657,24.04006
"2025-04-08 17:04:58.8",14614,0.03511047,0.003065109,-0.01801872,24.04312
"2025-04-08 17:04:58.85",14615,0.03212929,0.01889801,-0.02334023,24.04214
"2025-04-08 17:04:58.9",14616,0.03106117,0.005174637,-0.01506805,24.0399
"2025-04-08 17:04:58.95",14617,0.03173256,0.004421234,-0.01387405,24.09308
"2025-04-08 17:04:59",14618,0.03516006,0.005109787,-0.01614571,24.06491
"2025-04-08 17:04:59.05",14619,0.03276443,0.005146027,-0.01575089,24.04333
"2025-04-08 17:04:59.1",14620,0.03112411,0.01953316,-0.02293968,24.07173
"2025-04-08 17:04:59.15",14621,0.03561401,0.004226685,-0.01481628,24.04352
"2025-04-08 17:04:59.2",14622,0.03532982,0.00494194,-0.01592827,24.04082
"2025-04-08 17:04:59.25",14623,0.03490448,0.005243301,-0.01580811,24.04188
"2025-04-08 17:04:59.3",14624,0.03232384,0.004924774,-0.01606178,24.04208
"2025-04-08 17:04:59.35",14625,0.03256989,0.004957199,-0.01625824,24.04517
"2025-04-08 17:04:59.4",14626,0.03283691,0.005746841,-0.01676178,24.04489
"2025-04-08 17:04:59.45",14627,0.0314064,0.006727219,-0.01671219,24.07269
"2025-04-08 17:04:59.5",14628,0.03186035,0.008934021,-0.01626015,24.06792
"2025-04-08 17:04:59.55",14629,0.03257942,0.02023697,-0.02262115,24.06617
"2025-04-08 17:04:59.6",14630,0.03202629,0.006990433,-0.01704788,24.09713
"2025-04-08 17:04:59.65",14631,0.0318222,0.006969452,-0.01377296,24.04295
"2025-04-08 17:04:59.7",14632,0.03251266,0.006481171,-0.0166111,24.04655
"2025-04-08 17:04:59.75",14633,0.03533936,0.006761551,-0.01449585,24.04494
"2025-04-08 17:04:59.8",14634,0.03154755,-0.006950378,-0.00929451,24.06633
"2025-04-08 17:04:59.85",14635,0.03439713,0.005846024,-0.01345634,24.06631
"2025-04-08 17:04:59.9",14636,0.03154755,0.003417969,-0.01384735,24.06766
"2025-04-08 17:04:59.95",14637,0.03229141,0.01915932,-0.01971054,24.06485
"2025-04-08 17:05:00",14638,0.03466225,0.005498886,-0.01366234,24.06487
"2025-04-08 17:05:00.05",14639,0.03283882,0.006071091,-0.01348305,24.0639
"2025-04-08 17:05:00.1",14640,0.03592682,0.001424789,-0.01393127,24.04527
"2025-04-08 17:05:00.15",14641,0.03531647,0.004449844,-0.01389122,24.04378
"2025-04-08 17:05:00.2",14642,0.03268814,0.01871872,-0.01898766,24.06696
"2025-04-08 17:05:00.25",14643,0.03405952,0.004421234,-0.01384735,24.04545
"2025-04-08 17:05:00.3",14644,0.03383636,0.004076004,-0.01439857,24.04458
"2025-04-08 17:05:00.35",14645,0.0340271,-0.008701324,-0.006362915,24.03451
"2025-04-08 17:05:00.4",14646,0.03379822,0.01498222,-0.01633835,24.03944
"2025-04-08 17:05:00.45",14647,0.03441811,0.01793289,-0.01730728,24.0556
"2025-04-08 17:05:00.5",14648,0.03397179,0.007745743,-0.0119915,24.05586
"2025-04-08 17:05:00.55",14649,0.03339005,0.004930496,-0.01420975,24.07413
"2025-04-08 17:05:00.6",14650,0.03318405,0.004541397,-0.01106262,24.04995
"2025-04-08 17:05:00.65",14651,0.03378296,0.01839447,-0.01692963,24.08106
"2025-04-08 17:05:00.7",14652,0.0329113,0.01830482,-0.01673126,24.0795
"2025-04-08 17:05:00.75",14653,0.03167725,0.00535965,-0.01179695,24.06364
"2025-04-08 17:05:00.8",14654,0.03245163,0.01818848,-0.01642609,24.08544
"2025-04-08 17:05:00.85",14655,0.03225899,0.005138397,-0.01075554,24.08716
"2025-04-08 17:05:00.9",14656,0.03181648,0.01902199,-0.01557732,24.07227
"2025-04-08 17:05:00.95",14657,0.03046036,0.004840851,-0.01058388,24.0862
"2025-04-08 17:05:01",14658,0.03220749,0.01874733,-0.01483917,24.08755
"2025-04-08 17:05:01.05",14659,0.0324192,-0.008399963,-0.005027771,24.11017
"2025-04-08 17:05:01.1",14660,0.03038788,0.004629135,-0.008876801,24.08516
"2025-04-08 17:05:01.15",14661,0.03164864,0.002250671,-0.009082794,24.10809
"2025-04-08 17:05:01.2",14662,0.03190422,0.002885818,-0.009572983,24.11996
"2025-04-08 17:05:01.25",14663,0.0309906,0.01597214,-0.01522064,24.08087
"2025-04-08 17:05:01.3",14664,0.03170586,0.002340317,-0.00929451,24.09972
"2025-04-08 17:05:01.35",14665,0.03214073,0.002340317,-0.009601593,24.12921
"2025-04-08 17:05:01.4",14666,0.03240204,0.01553154,-0.01537704,24.10864
"2025-04-08 17:05:01.45",14667,0.03392601,0.004878998,-0.01101494,24.10343
"2025-04-08 17:05:01.5",14668,0.03254128,0.004796982,-0.01074791,24.10604
"2025-04-08 17:05:01.55",14669,0.03263283,0.01792145,-0.01585197,24.10756
"2025-04-08 17:05:01.6",14670,0.03472519,0.003105164,-0.01200867,24.13025
"2025-04-08 17:05:01.65",14671,0.03123474,-0.007684708,-0.005506516,24.13679
"2025-04-08 17:05:01.7",14672,0.03199005,-0.007415771,-0.005735397,24.10898
"2025-04-08 17:05:01.75",14673,0.03627396,0.01675224,-0.01973343,24.09522
"2025-04-08 17:05:01.8",14674,0.03210068,0.007026672,-0.01439476,24.13655
"2025-04-08 17:05:01.85",14675,0.0314579,-0.006725311,-0.00557518,24.1302
"2025-04-08 17:05:01.9",14676,0.03256989,0.006381989,-0.01410294,24.11034
"2025-04-08 17:05:01.95",14677,0.03253746,0.008041382,-0.01447678,24.15929
"2025-04-08 17:05:02",14678,0.03157997,-0.007377625,-0.01132011,24.10651
"2025-04-08 17:05:02.05",14679,0.03176498,-0.007232666,-0.01311874,24.15916
"2025-04-08 17:05:02.1",14680,0.03222275,0.02209473,-0.01972198,24.10918
"2025-04-08 17:05:02.15",14681,0.03258705,0.01953888,-0.01305199,24.17913
"2025-04-08 17:05:02.2",14682,0.03139687,0.02204895,-0.006868362,24.13506
"2025-04-08 17:05:02.25",14683,0.03240395,0.007087708,-0.0005931854,24.13746
"2025-04-08 17:05:02.3",14684,0.03490448,0.02077484,-0.008953094,24.1366
"2025-04-08 17:05:02.35",14685,0.03336716,-0.003129959,0.005130768,24.13589
"2025-04-08 17:05:02.4",14686,0.03598785,0.02070808,-0.007143021,24.10519
"2025-04-08 17:05:02.45",14687,0.03733444,0.009784698,0.005414963,24.1568
"2025-04-08 17:05:02.5",14688,0.03353119,0.02355194,-0.005170822,24.12762
"2025-04-08 17:05:02.55",14689,0.03311157,0.02384567,-0.006288528,24.20434
"2025-04-08 17:05:02.6",14690,0.03370285,0.01311684,0.004758835,24.1646
"2025-04-08 17:05:02.65",14691,0.03700066,0.02619362,-0.006567001,24.18993
"2025-04-08 17:05:02.7",14692,0.03318977,0.01271057,0.002717972,24.18937
"2025-04-08 17:05:02.75",14693,0.03309059,0.02348518,-0.0009880066,24.18777
"2025-04-08 17:05:02.8",14694,0.0333519,0.02678299,-0.005882263,24.16658
"2025-04-08 17:05:02.85",14695,0.03278923,0.03182602,-0.008457184,24.21784
"2025-04-08 17:05:02.9",14696,0.03211212,0.0413723,-0.004453659,24.18428
"2025-04-08 17:05:02.95",14697,0.03235817,0.03187943,-0.0004863739,24.13293
"2025-04-08 17:05:03",14698,0.0305748,0.03399467,-0.002630234,24.20566
"2025-04-08 17:05:03.05",14699,0.03137398,0.03405952,-0.0008602142,24.20544
"2025-04-08 17:05:03.1",14700,0.0302639,0.03351402,-0.004671097,24.17126
"2025-04-08 17:05:03.15",14701,0.03214073,0.05681992,-0.007232666,24.19492
"2025-04-08 17:05:03.2",14702,0.02920341,0.05695534,-0.006919861,24.17187
"2025-04-08 17:05:03.25",14703,0.02833748,0.04393387,0.006561279,24.19065
"2025-04-08 17:05:03.3",14704,0.02914238,0.05736542,-0.002563477,24.22085
"2025-04-08 17:05:03.35",14705,0.02918625,0.04428291,0.01099205,24.22465
"2025-04-08 17:05:03.4",14706,0.02915955,0.05877876,0.006504059,24.19357
"2025-04-08 17:05:03.45",14707,0.02919197,0.04514885,0.008537292,24.22046
"2025-04-08 17:05:03.5",14708,0.02999496,0.04349518,0.006835938,24.19437
"2025-04-08 17:05:03.55",14709,0.02327728,0.04465485,0.009000778,24.21246
"2025-04-08 17:05:03.6",14710,0.03128433,0.04427147,0.009008408,24.22184
"2025-04-08 17:05:03.65",14711,0.03421211,0.05699158,0.004043579,24.20309
"2025-04-08 17:05:03.7",14712,0.03295135,0.0433979,0.01102257,24.23841
"2025-04-08 17:05:03.75",14713,0.04265785,0.04694176,0.01120377,24.23674
"2025-04-08 17:05:03.8",14714,0.04322433,0.04140472,0.005958557,24.23305
"2025-04-08 17:05:03.85",14715,0.04909706,0.04285049,0.005460739,24.2261
"2025-04-08 17:05:03.9",14716,0.04985619,0.04105759,0.006437302,24.23681
"2025-04-08 17:05:03.95",14717,0.05011177,0.05472946,-0.0009880066,24.22627
"2025-04-08 17:05:04",14718,0.05033684,0.05422401,0.004144669,24.23254
"2025-04-08 17:05:04.05",14719,0.05015564,0.03849411,0.001440048,24.23125
"2025-04-08 17:05:04.1",14720,0.05299377,0.05626297,0.000793457,24.18546
"2025-04-08 17:05:04.15",14721,0.05184937,0.03788185,0.003780365,24.17812
"2025-04-08 17:05:04.2",14722,0.05781937,0.06031609,-0.0046978,24.18839
"2025-04-08 17:05:04.25",14723,0.05587578,0.05131912,-0.001083374,24.18807
"2025-04-08 17:05:04.3",14724,0.05898094,0.05417252,0.00459671,24.20998
"2025-04-08 17:05:04.35",14725,0.05925941,0.05333328,0.006010056,24.18423
"2025-04-08 17:05:04.4",14726,0.05865669,0.05470848,0.01259804,24.21537
"2025-04-08 17:05:04.45",14727,0.06042099,0.05407333,0.01581383,24.18715
"2025-04-08 17:05:04.5",14728,0.05665207,0.04855347,0.0202446,24.24988
"2025-04-08 17:05:04.55",14729,0.05426025,0.06195068,0.008745193,24.24772
"2025-04-08 17:05:04.6",14730,0.05613136,0.05815887,0.01117897,24.27432
"2025-04-08 17:05:04.65",14731,0.0673008,0.04722595,0.0147171,24.21667
"2025-04-08 17:05:04.7",14732,0.07144165,0.04738808,0.01413918,24.26669
"2025-04-08 17:05:04.75",14733,0.07198715,0.04753685,0.01062202,24.23853
"2025-04-08 17:05:04.8",14734,0.07190323,0.04840279,0.01169395,24.23731
"2025-04-08 17:05:04.85",14735,0.0701046,0.0486393,0.01335907,24.24179
"2025-04-08 17:05:04.9",14736,0.07305908,0.04802513,0.01477242,24.2329
"2025-04-08 17:05:04.95",14737,0.07198143,0.04579544,0.01455307,24.23589
"2025-04-08 17:05:05",14738,0.07228851,0.05452919,0.01495171,24.23359
"2025-04-08 17:05:05.05",14739,0.06982803,0.06314087,0.0134964,24.2269
"2025-04-08 17:05:05.1",14740,0.06945229,0.06176186,0.01605415,24.22645
"2025-04-08 17:05:05.15",14741,0.06929207,0.06414795,0.009923935,24.22952
"2025-04-08 17:05:05.2",14742,0.06937981,0.06493568,0.01177788,24.22103
"2025-04-08 17:05:05.25",14743,0.07176399,0.07774544,0.01107025,24.22722
"2025-04-08 17:05:05.3",14744,0.07133293,0.07713127,0.009857178,24.22849
"2025-04-08 17:05:05.35",14745,0.06927299,0.0635891,0.02606964,24.22665
"2025-04-08 17:05:05.4",14746,0.0647049,0.06386185,0.02722168,24.21421
"2025-04-08 17:05:05.45",14747,0.06402588,0.06035042,0.02850914,24.22132
"2025-04-08 17:05:05.5",14748,0.06383896,0.06008148,0.02280045,24.21381
"2025-04-08 17:05:05.55",14749,0.06556511,0.05900955,0.02950859,24.22599
"2025-04-08 17:05:05.6",14750,0.063797,0.05526733,0.02529907,24.2541
"2025-04-08 17:05:05.65",14751,0.06302452,0.05450821,0.0259304,24.23571
"2025-04-08 17:05:05.7",14752,0.06484604,0.05454636,0.02489281,24.23319
"2025-04-08 17:05:05.75",14753,0.06246567,0.05522156,0.02617073,24.25312
"2025-04-08 17:05:05.8",14754,0.06467247,0.05525589,0.02790642,24.2552
"2025-04-08 17:05:05.85",14755,0.06350327,0.05309868,0.02987862,24.21265
"2025-04-08 17:05:05.9",14756,0.06858635,0.05648422,0.02718735,24.23035
"2025-04-08 17:05:05.95",14757,0.06591034,0.05568504,0.02679062,24.25005
"2025-04-08 17:05:06",14758,0.0648098,0.05523872,0.0264492,24.25202
"2025-04-08 17:05:06.05",14759,0.06644821,0.0527935,0.02677345,24.22889
"2025-04-08 17:05:06.1",14760,0.06722832,0.05235863,0.02581215,24.22516
"2025-04-08 17:05:06.15",14761,0.06951904,0.05446243,0.02934074,24.22547
"2025-04-08 17:05:06.2",14762,0.06956291,0.05382538,0.02832031,24.22703
"2025-04-08 17:05:06.25",14763,0.07085609,0.05462456,0.02843666,24.22633
"2025-04-08 17:05:06.3",14764,0.07360649,0.05106735,0.02819252,24.22365
"2025-04-08 17:05:06.35",14765,0.0788002,0.05337334,0.0250473,24.22719
"2025-04-08 17:05:06.4",14766,0.07762718,0.05060959,0.02073097,24.22646
"2025-04-08 17:05:06.45",14767,0.07818604,0.05167198,0.02390671,24.22475
"2025-04-08 17:05:06.5",14768,0.0846386,0.05201721,0.02973747,24.22426
"2025-04-08 17:05:06.55",14769,0.08616257,0.05069923,0.0285778,24.22445
"2025-04-08 17:05:06.6",14770,0.08298874,0.05164719,0.02470589,24.22425
"2025-04-08 17:05:06.65",14771,0.08285141,0.05116844,0.02505302,24.24191
"2025-04-08 17:05:06.7",14772,0.08638,0.0532341,0.025177,24.22079
"2025-04-08 17:05:06.75",14773,0.08316231,0.05179214,0.02393723,24.24156
"2025-04-08 17:05:06.8",14774,0.08111763,0.054039,0.02661514,24.23615
"2025-04-08 17:05:06.85",14775,0.08410263,0.05829811,0.03005219,24.21229
"2025-04-08 17:05:06.9",14776,0.08483505,0.05866241,0.02867889,24.21216
"2025-04-08 17:05:06.95",14777,0.08491135,0.07754898,0.02231789,24.2283
"2025-04-08 17:05:07",14778,0.08295631,0.06420135,0.02864265,24.20712
"2025-04-08 17:05:07.05",14779,0.08481026,0.06693459,0.02985001,24.20658
"2025-04-08 17:05:07.1",14780,0.08306313,0.06847572,0.0301075,24.20532
"2025-04-08 17:05:07.15",14781,0.08041573,0.08218765,0.02133942,24.20605
"2025-04-08 17:05:07.2",14782,0.07920265,0.08196259,0.02263451,24.20845
"2025-04-08 17:05:07.25",14783,0.08029938,0.06884956,0.02549362,24.22857
"2025-04-08 17:05:07.3",14784,0.07934761,0.08280182,0.02271843,24.20683
"2025-04-08 17:05:07.35",14785,0.07990837,0.08228683,0.02058601,24.23092
"2025-04-08 17:05:07.4",14786,0.08281898,0.06835365,0.02603722,24.23117
"2025-04-08 17:05:07.45",14787,0.08152771,0.05472374,0.03858376,24.21036
"2025-04-08 17:05:07.5",14788,0.07975769,0.06583405,0.02981186,24.20741
"2025-04-08 17:05:07.55",14789,0.08166504,0.05449104,0.03411293,24.23083
"2025-04-08 17:05:07.6",14790,0.08156776,0.06858635,0.03154182,24.20927
"2025-04-08 17:05:07.65",14791,0.0818634,0.06923866,0.02994537,24.22696
"2025-04-08 17:05:07.7",14792,0.08139992,0.06808853,0.03355789,24.20539
"2025-04-08 17:05:07.75",14793,0.07867241,0.06719589,0.03739548,24.20737
"2025-04-08 17:05:07.8",14794,0.07802963,0.08190155,0.03553009,24.20321
"2025-04-08 17:05:07.85",14795,0.07853889,0.06742096,0.04611778,24.17487
"2025-04-08 17:05:07.9",14796,0.07582092,0.06542778,0.04282379,24.20561
"2025-04-08 17:05:07.95",14797,0.07605362,0.06539726,0.04129982,24.2264
"2025-04-08 17:05:08",14798,0.07245827,0.06665611,0.04669571,24.22517
"2025-04-08 17:05:08.05",14799,0.07141876,0.05229759,0.0550499,24.20168
"2025-04-08 17:05:08.1",14800,0.06908226,0.0667057,0.04808998,24.18373
"2025-04-08 17:05:08.15",14801,0.07196999,0.0671196,0.0455265,24.23106
"2025-04-08 17:05:08.2",14802,0.0714283,0.05369759,0.04934311,24.17226
"2025-04-08 17:05:08.25",14803,0.0756588,0.06873703,0.04413033,24.20013
"2025-04-08 17:05:08.3",14804,0.07353592,0.0544796,0.05394363,24.17453
"2025-04-08 17:05:08.35",14805,0.07179832,0.05474091,0.05311584,24.2047
"2025-04-08 17:05:08.4",14806,0.07388115,0.05806541,0.05363083,24.21638
"2025-04-08 17:05:08.45",14807,0.07313347,0.05276489,0.04845238,24.21429
"2025-04-08 17:05:08.5",14808,0.07167435,0.05216789,0.04739189,24.1973
"2025-04-08 17:05:08.55",14809,0.06759453,0.0522747,0.05202675,24.22525
"2025-04-08 17:05:08.6",14810,0.070261,0.05126953,0.04776764,24.23277
"2025-04-08 17:05:08.65",14811,0.07097816,0.04933548,0.05454636,24.21494
"2025-04-08 17:05:08.7",14812,0.06663132,0.04791832,0.04668427,24.26385
"2025-04-08 17:05:08.75",14813,0.06954765,0.06132126,0.04644203,24.21792
"2025-04-08 17:05:08.8",14814,0.06805611,0.04711151,0.0507946,24.21069
"2025-04-08 17:05:08.85",14815,0.07077789,0.04665947,0.05241394,24.21297
"2025-04-08 17:05:08.9",14816,0.06933403,0.06076431,0.04897118,24.21124
"2025-04-08 17:05:08.95",14817,0.07193947,0.06158257,0.04932022,24.21068
"2025-04-08 17:05:09",14818,0.07328987,0.04645538,0.05203819,24.21001
"2025-04-08 17:05:09.05",14819,0.06931305,0.04961395,0.04870415,24.20915
"2025-04-08 17:05:09.1",14820,0.0709095,0.06163788,0.04446602,24.2113
"2025-04-08 17:05:09.15",14821,0.06832886,0.04760361,0.04799652,24.20711
"2025-04-08 17:05:09.2",14822,0.06908417,0.06138802,0.04614067,24.18649
"2025-04-08 17:05:09.25",14823,0.06621742,0.06089783,0.04522705,24.20925
"2025-04-08 17:05:09.3",14824,0.06848717,0.04823685,0.05013084,24.20512
"2025-04-08 17:05:09.35",14825,0.06905556,0.06164551,0.04454422,24.20192
"2025-04-08 17:05:09.4",14826,0.07369614,0.06073952,0.0468998,24.22949
"2025-04-08 17:05:09.45",14827,0.07925415,0.04563713,0.05007744,24.20225
"2025-04-08 17:05:09.5",14828,0.07594299,0.04731369,0.0489006,24.20608
"2025-04-08 17:05:09.55",14829,0.07981873,0.04601669,0.04982758,24.20779
"2025-04-08 17:05:09.6",14830,0.08986473,0.06183052,0.04546738,24.20938
"2025-04-08 17:05:09.65",14831,0.08881569,0.05923843,0.04473877,24.2076
"2025-04-08 17:05:09.7",14832,0.08342171,0.04634666,0.04802322,24.17661
"2025-04-08 17:05:09.75",14833,0.08658028,0.07236671,0.04098511,24.20197
"2025-04-08 17:05:09.8",14834,0.08661652,0.04937553,0.0540123,24.22113
"2025-04-08 17:05:09.85",14835,0.08434296,0.04640961,0.04501152,24.23725
"2025-04-08 17:05:09.9",14836,0.08348656,0.04667664,0.04925346,24.20795
"2025-04-08 17:05:09.95",14837,0.08610153,0.05576897,0.0406971,24.21861
"2025-04-08 17:05:10",14838,0.08643532,0.05660629,0.04068375,24.21338
"2025-04-08 17:05:10.05",14839,0.08474922,0.04603004,0.04945183,24.21165
"2025-04-08 17:05:10.1",14840,0.08868027,0.05055237,0.05194283,24.2188
"2025-04-08 17:05:10.15",14841,0.08446503,0.04327202,0.04685211,24.17995
"2025-04-08 17:05:10.2",14842,0.08686066,0.04743195,0.05407715,24.19231
"2025-04-08 17:05:10.25",14843,0.09028816,0.05164146,0.05522156,24.20077
"2025-04-08 17:05:10.3",14844,0.0864315,0.05055809,0.04854393,24.16631
"2025-04-08 17:05:10.35",14845,0.08514214,0.06850433,0.03818703,24.18889
"2025-04-08 17:05:10.4",14846,0.08577728,0.07064819,0.0401535,24.18684
"2025-04-08 17:05:10.45",14847,0.08294678,0.08720779,0.03546143,24.18365
"2025-04-08 17:05:10.5",14848,0.08280563,0.06450844,0.05393791,24.19102
"2025-04-08 17:05:10.55",14849,0.08191681,0.07833099,0.04839897,24.19419
"2025-04-08 17:05:10.6",14850,0.08134842,0.07534409,0.04669952,24.16314
"2025-04-08 17:05:10.65",14851,0.0814209,0.05910873,0.05726814,24.19157
"2025-04-08 17:05:10.7",14852,0.07956123,0.05918312,0.04157829,24.16293
"2025-04-08 17:05:10.75",14853,0.07941055,0.05780411,0.04437828,24.16326
"2025-04-08 17:05:10.8",14854,0.07877541,0.06940269,0.04107094,24.18485
"2025-04-08 17:05:10.85",14855,0.07787895,0.0691185,0.04363251,24.18475
"2025-04-08 17:05:10.9",14856,0.07981873,0.06902695,0.0412159,24.18533
"2025-04-08 17:05:10.95",14857,0.07753944,0.07040024,0.04411507,24.19298
"2025-04-08 17:05:11",14858,0.08032799,0.07213211,0.04600334,24.18218
"2025-04-08 17:05:11.05",14859,0.07846832,0.07173729,0.05020142,24.15885
"2025-04-08 17:05:11.1",14860,0.07857895,0.07257462,0.0515976,24.18233
"2025-04-08 17:05:11.15",14861,0.07605362,0.07450104,0.04883957,24.16005
"2025-04-08 17:05:11.2",14862,0.07027245,0.07612228,0.05063629,24.17832
"2025-04-08 17:05:11.25",14863,0.07315063,0.06305885,0.05484772,24.18711
"2025-04-08 17:05:11.3",14864,0.07015228,0.06378937,0.05353737,24.18409
"2025-04-08 17:05:11.35",14865,0.07360268,0.05518723,0.06339264,24.18175
"2025-04-08 17:05:11.4",14866,0.06639099,0.06632614,0.05732155,24.18159
"2025-04-08 17:05:11.45",14867,0.06936455,0.06768227,0.05862427,24.18345
"2025-04-08 17:05:11.5",14868,0.07002258,0.06555367,0.05550194,24.1855
"2025-04-08 17:05:11.55",14869,0.06945992,0.05468559,0.05674553,24.18109
"2025-04-08 17:05:11.6",14870,0.06653786,0.05440521,0.05830956,24.17831
"2025-04-08 17:05:11.65",14871,0.06768227,0.05264282,0.0602169,24.15561
"2025-04-08 17:05:11.7",14872,0.07542229,0.06711388,0.05435753,24.18202
"2025-04-08 17:05:11.75",14873,0.06952477,0.06845856,0.05426788,24.17937
"2025-04-08 17:05:11.8",14874,0.05945587,0.06457138,0.05457497,24.17872
"2025-04-08 17:05:11.85",14875,0.06843185,0.06537437,0.05401993,24.16003
"2025-04-08 17:05:11.9",14876,0.07172585,0.06517982,0.05311012,24.16056
"2025-04-08 17:05:11.95",14877,0.06882095,0.0621376,0.05257607,24.15952
"2025-04-08 17:05:12",14878,0.06765366,0.06181335,0.05294228,24.18162
"2025-04-08 17:05:12.05",14879,0.06657791,0.06056213,0.05234146,24.18344
"2025-04-08 17:05:12.1",14880,0.06808281,0.06001854,0.05193329,24.14816
"2025-04-08 17:05:12.15",14881,0.06676674,0.04856682,0.0602169,24.1797
"2025-04-08 17:05:12.2",14882,0.06440926,0.05820465,0.0558548,24.18159
"2025-04-08 17:05:12.25",14883,0.06627464,0.05865097,0.05360413,24.1604
"2025-04-08 17:05:12.3",14884,0.0712738,0.05917168,0.05321121,24.16129
"2025-04-08 17:05:12.35",14885,0.07137871,0.06033897,0.05197334,24.14154
"2025-04-08 17:05:12.4",14886,0.07188034,0.06205368,0.05267715,24.14101
"2025-04-08 17:05:12.45",14887,0.06851959,0.05904961,0.05052567,24.1195
"2025-04-08 17:05:12.5",14888,0.07229996,0.04913902,0.05565262,24.17873
"2025-04-08 17:05:12.55",14889,0.07073212,0.0628891,0.05686951,24.14058
"2025-04-08 17:05:12.6",14890,0.07326698,0.05958366,0.05334663,24.15726
"2025-04-08 17:05:12.65",14891,0.07432747,0.05904388,0.04841042,24.14259
"2025-04-08 17:05:12.7",14892,0.07572365,0.06269073,0.05065536,24.1561
"2025-04-08 17:05:12.75",14893,0.07752419,0.05917168,0.04744339,24.14187
"2025-04-08 17:05:12.8",14894,0.07917976,0.05728912,0.04893303,24.14005
"2025-04-08 17:05:12.85",14895,0.08366585,0.05755043,0.04951477,24.15414
"2025-04-08 17:05:12.9",14896,0.08278275,0.05818748,0.05148506,24.13869
"2025-04-08 17:05:12.95",14897,0.08913994,0.0575943,0.05173302,24.11449
"2025-04-08 17:05:13",14898,0.08891106,0.05664063,0.0488739,24.13856
"2025-04-08 17:05:13.05",14899,0.08765411,0.05761147,0.04760551,24.13572
"2025-04-08 17:05:13.1",14900,0.09089279,0.06171799,0.04823494,24.10931
"2025-04-08 17:05:13.15",14901,0.0889492,0.05821037,0.0432148,24.10364
"2025-04-08 17:05:13.2",14902,0.08594322,0.05926132,0.04191208,24.1243
"2025-04-08 17:05:13.25",14903,0.08405304,0.06021118,0.04771042,24.10242
"2025-04-08 17:05:13.3",14904,0.08344269,0.04902267,0.05620384,24.10143
"2025-04-08 17:05:13.35",14905,0.0849781,0.0651474,0.04808617,24.09634
"2025-04-08 17:05:13.4",14906,0.08595467,0.07065964,0.04481888,24.09913
"2025-04-08 17:05:13.45",14907,0.08807373,0.0767231,0.04529381,24.12711
"2025-04-08 17:05:13.5",14908,0.08077431,0.07605362,0.04457283,24.12734
"2025-04-08 17:05:13.55",14909,0.08106995,0.07689285,0.04718971,24.12804
"2025-04-08 17:05:13.6",14910,0.07892609,0.08032227,0.04552078,24.14515
"2025-04-08 17:05:13.65",14911,0.08164406,0.0784893,0.04716301,24.09967
"2025-04-08 17:05:13.7",14912,0.08131409,0.07882881,0.04498482,24.09725
"2025-04-08 17:05:13.75",14913,0.07944298,0.08201408,0.04405403,24.14772
"2025-04-08 17:05:13.8",14914,0.07843781,0.07760048,0.0418644,24.10654
"2025-04-08 17:05:13.85",14915,0.07718658,0.07774544,0.04393959,24.10188
"2025-04-08 17:05:13.9",14916,0.07602501,0.07551956,0.04192543,24.09388
"2025-04-08 17:05:13.95",14917,0.07888603,0.07709122,0.04153442,24.1028
"2025-04-08 17:05:14",14918,0.08001518,0.07578087,0.04176712,24.10402
"2025-04-08 17:05:14.05",14919,0.0768013,0.07342911,0.04182434,24.10112
"2025-04-08 17:05:14.1",14920,0.07297134,0.07523918,0.0449295,24.09818
"2025-04-08 17:05:14.15",14921,0.07266998,0.07312202,0.04510307,24.10127
"2025-04-08 17:05:14.2",14922,0.07141304,0.07478714,0.04167366,24.07219
"2025-04-08 17:05:14.25",14923,0.0660305,0.07506561,0.03683853,24.09161
"2025-04-08 17:05:14.3",14924,0.06542587,0.07113838,0.03537369,24.12167
"2025-04-08 17:05:14.35",14925,0.06625175,0.0707531,0.03585243,24.10026
"2025-04-08 17:05:14.4",14926,0.06781006,0.07369804,0.03712654,24.09602
"2025-04-08 17:05:14.45",14927,0.07137871,0.07053566,0.04023361,24.09647
"2025-04-08 17:05:14.5",14928,0.07020187,0.06947327,0.0413723,24.08961
"2025-04-08 17:05:14.55",14929,0.07326698,0.0687542,0.03700447,24.12399
"2025-04-08 17:05:14.6",14930,0.07154846,0.06825638,0.03478622,24.09515
"2025-04-08 17:05:14.65",14931,0.06550407,0.06830215,0.03654099,24.11153
"2025-04-08 17:05:14.7",14932,0.06434631,0.06695747,0.03950691,24.10938
"2025-04-08 17:05:14.75",14933,0.06872559,0.06499481,0.03749084,24.0909
"2025-04-08 17:05:14.8",14934,0.07153702,0.06371307,0.03762627,24.11105
"2025-04-08 17:05:14.85",14935,0.06701088,0.0633316,0.03519058,24.08672
"2025-04-08 17:05:14.9",14936,0.06954765,0.06241035,0.03787613,24.08817
"2025-04-08 17:05:14.95",14937,0.06683731,0.06225204,0.03407097,24.10993
"2025-04-08 17:05:15",14938,0.06604004,0.06270027,0.03162766,24.11204
"2025-04-08 17:05:15.05",14939,0.06785583,0.06595802,0.03544807,24.08775
"2025-04-08 17:05:15.1",14940,0.07022285,0.06524086,0.04010582,24.08999
"2025-04-08 17:05:15.15",14941,0.06576538,0.06207466,0.03762436,24.08779
"2025-04-08 17:05:15.2",14942,0.06642532,0.06201744,0.03063202,24.1219
"2025-04-08 17:05:15.25",14943,0.06466103,0.06307602,0.02899742,24.09969
"2025-04-08 17:05:15.3",14944,0.06448364,0.06566048,0.02783394,24.12333
"2025-04-08 17:05:15.35",14945,0.07503128,0.06461525,0.03316307,24.12773
"2025-04-08 17:05:15.4",14946,0.07926369,0.06376076,0.02801132,24.12826
"2025-04-08 17:05:15.45",14947,0.08685112,0.06323242,0.0321846,24.09705
"2025-04-08 17:05:15.5",14948,0.08423424,0.06330299,0.02968216,24.1115
"2025-04-08 17:05:15.55",14949,0.08593178,0.06072998,0.02837181,24.08438
"2025-04-08 17:05:15.6",14950,0.08509064,0.06365585,0.03211403,24.08038
"2025-04-08 17:05:15.65",14951,0.08637047,0.06784248,0.03373718,24.09609
"2025-04-08 17:05:15.7",14952,0.09014893,0.06640244,0.02995491,24.07949
"2025-04-08 17:05:15.75",14953,0.08788109,0.06266594,0.02806473,24.10802
"2025-04-08 17:05:15.8",14954,0.08715057,0.06122017,0.02857018,24.1097
"2025-04-08 17:05:15.85",14955,0.08573914,0.0613327,0.03134537,24.08565
"2025-04-08 17:05:15.9",14956,0.084589,0.06236458,0.03477478,24.08324
"2025-04-08 17:05:15.95",14957,0.0886364,0.06517029,0.03765297,24.12643
"2025-04-08 17:05:16",14958,0.08500671,0.06510925,0.03705597,24.10741
"2025-04-08 17:05:16.05",14959,0.08396721,0.06164551,0.03804779,24.11023
"2025-04-08 17:05:16.1",14960,0.08242607,0.06504631,0.0276947,24.11774
"2025-04-08 17:05:16.15",14961,0.08171844,0.06503105,0.0241375,24.07355
"2025-04-08 17:05:16.2",14962,0.08496094,0.06888771,0.0258007,24.08945
"2025-04-08 17:05:16.25",14963,0.08185196,0.0657959,0.02501297,24.08496
"2025-04-08 17:05:16.3",14964,0.0837326,0.06611252,0.02739906,24.07371
"2025-04-08 17:05:16.35",14965,0.08518028,0.06481552,0.0270977,24.07314
"2025-04-08 17:05:16.4",14966,0.08770943,0.06459999,0.02809525,24.08382
"2025-04-08 17:05:16.45",14967,0.08501816,0.06912994,0.02602005,24.07629
"2025-04-08 17:05:16.5",14968,0.08541489,0.07067108,0.02823257,24.08137
"2025-04-08 17:05:16.55",14969,0.08183479,0.06807327,0.0284977,24.11825
"2025-04-08 17:05:16.6",14970,0.08316231,0.07194901,0.02458954,24.08251
"2025-04-08 17:05:16.65",14971,0.08464813,0.07071877,0.02497864,24.08209
"2025-04-08 17:05:16.7",14972,0.07827759,0.06900406,0.02130508,24.1016
"2025-04-08 17:05:16.75",14973,0.08038712,0.05772591,0.02400398,24.08144
"2025-04-08 17:05:16.8",14974,0.08056641,0.0589695,0.0198307,24.10507
"2025-04-08 17:05:16.85",14975,0.07982445,0.06477356,0.02454376,24.10356
"2025-04-08 17:05:16.9",14976,0.08013725,0.06233215,0.0234108,24.10033
"2025-04-08 17:05:16.95",14977,0.07632065,0.06091881,0.02378464,24.08059
"2025-04-08 17:05:17",14978,0.07629585,0.06066704,0.02078056,24.07665
"2025-04-08 17:05:17.05",14979,0.07843399,0.06163406,0.02141762,24.0536
"2025-04-08 17:05:17.1",14980,0.07771683,0.06381798,0.01986313,24.08245
"2025-04-08 17:05:17.15",14981,0.07989502,0.06035423,0.01960945,24.08518
"2025-04-08 17:05:17.2",14982,0.08407974,0.05803871,0.02410889,24.08543
"2025-04-08 17:05:17.25",14983,0.08521843,0.05835533,0.02779388,24.08119
"2025-04-08 17:05:17.3",14984,0.08493805,0.05662918,0.02453232,24.08028
"2025-04-08 17:05:17.35",14985,0.08561134,0.05552483,0.02527809,24.07503
"2025-04-08 17:05:17.4",14986,0.07172585,0.05566216,0.02695656,24.08136
"2025-04-08 17:05:17.45",14987,0.07265282,0.05562401,0.02509117,24.07738
"2025-04-08 17:05:17.5",14988,0.07709694,0.05433846,0.02710915,24.06809
"2025-04-08 17:05:17.55",14989,0.07453537,0.05586433,0.02923012,24.07872
"2025-04-08 17:05:17.6",14990,0.07736206,0.05626106,0.02675629,24.07104
"2025-04-08 17:05:17.65",14991,0.0821991,0.05973434,0.02830887,24.08417
"2025-04-08 17:05:17.7",14992,0.08195877,0.06038857,0.02614784,24.07966
"2025-04-08 17:05:17.75",14993,0.07580185,0.05758095,0.02406311,24.04851
"2025-04-08 17:05:17.8",14994,0.07681847,0.05452538,0.02543259,24.07051
"2025-04-08 17:05:17.85",14995,0.07749557,0.05525017,0.02832603,24.06935
"2025-04-08 17:05:17.9",14996,0.07653427,0.05544662,0.03239822,24.07436
"2025-04-08 17:05:17.95",14997,0.07647133,0.05400085,0.02870369,24.07509
"2025-04-08 17:05:18",14998,0.07753372,0.05681419,0.02583885,24.06918
"2025-04-08 17:05:18.05",14999,0.07647133,0.05685234,0.02653694,24.06915
"2025-04-08 17:05:18.1",15000,0.0775013,0.05423355,0.03140259,24.04488
"2025-04-08 17:05:18.15",15001,0.0780983,0.05565071,0.02967834,24.04599
"2025-04-08 17:05:18.2",15002,0.07862282,0.05386925,0.02952194,24.04971
"2025-04-08 17:05:18.25",15003,0.07618713,0.05698013,0.02303696,24.06795
"2025-04-08 17:05:18.3",15004,0.0755558,0.05572891,0.02595711,24.07749
"2025-04-08 17:05:18.35",15005,0.07755661,0.05527306,0.02753448,24.05105
"2025-04-08 17:05:18.4",15006,0.07928276,0.05581856,0.02944946,24.07613
"2025-04-08 17:05:18.45",15007,0.0796299,0.05636787,0.03060341,24.07314
"2025-04-08 17:05:18.5",15008,0.07785797,0.05520058,0.02853203,24.06123
"2025-04-08 17:05:18.55",15009,0.07957268,0.05471802,0.02730751,24.08433
"2025-04-08 17:05:18.6",15010,0.08006287,0.05562401,0.0280571,24.07594
"2025-04-08 17:05:18.65",15011,0.07972717,0.05592537,0.02490234,24.07455
"2025-04-08 17:05:18.7",15012,0.07408905,0.05578804,0.02480888,24.08024
"2025-04-08 17:05:18.75",15013,0.07389641,0.05526733,0.02764893,24.07454
"2025-04-08 17:05:18.8",15014,0.07217216,0.0564518,0.0293541,24.0532
"2025-04-08 17:05:18.85",15015,0.07313728,0.05596352,0.02967072,24.06207
"2025-04-08 17:05:18.9",15016,0.0762558,0.05554581,0.02726936,24.06325
"2025-04-08 17:05:18.95",15017,0.07973289,0.05298233,0.02625275,24.06282
"2025-04-08 17:05:19",15018,0.07817078,0.05155754,0.0259304,24.03483
"2025-04-08 17:05:19.05",15019,0.0758152,0.05071449,0.02746582,24.02283
"2025-04-08 17:05:19.1",15020,0.07354546,0.05204391,0.02669525,24.02141
"2025-04-08 17:05:19.15",15021,0.07351875,0.04891205,0.02794456,24.02747
"2025-04-08 17:05:19.2",15022,0.07649422,0.04980659,0.02847099,24.02352
"2025-04-08 17:05:19.25",15023,0.07147598,0.04936981,0.02787399,24.025
"2025-04-08 17:05:19.3",15024,0.07724953,0.05487061,0.03323936,24.04253
"2025-04-08 17:05:19.35",15025,0.08084679,0.05253983,0.03193855,24.03592
"2025-04-08 17:05:19.4",15026,0.0733242,0.04976463,0.02591705,24.02904
"2025-04-08 17:05:19.45",15027,0.07285309,0.05214691,0.03071594,24.03291
"2025-04-08 17:05:19.5",15028,0.06874275,0.04851532,0.02337837,24.03079
"2025-04-08 17:05:19.55",15029,0.06853294,0.04938507,0.0238533,24.02951
"2025-04-08 17:05:19.6",15030,0.06856918,0.05008888,0.02656174,24.03571
"2025-04-08 17:05:19.65",15031,0.07007408,0.04983711,0.0282917,24.02879
"2025-04-08 17:05:19.7",15032,0.0719223,0.04839706,0.02578545,24.03009
"2025-04-08 17:05:19.75",15033,0.07110596,0.04920578,0.02507591,24.02802
"2025-04-08 17:05:19.8",15034,0.07651711,0.04956055,0.0284996,24.0414
"2025-04-08 17:05:19.85",15035,0.07117462,0.04792213,0.02250671,24.0285
"2025-04-08 17:05:19.9",15036,0.07131958,0.04457855,0.02338409,23.98434
"2025-04-08 17:05:19.95",15037,0.07315445,0.04778481,0.02477837,24.02841
"2025-04-08 17:05:20",15038,0.07323837,0.04724884,0.02688599,24.00472
"2025-04-08 17:05:20.05",15039,0.06997108,0.04420853,0.02477837,24.02792
"2025-04-08 17:05:20.1",15040,0.07726479,0.04824829,0.02287483,24.06191
"2025-04-08 17:05:20.15",15041,0.08164597,0.04793358,0.02658844,24.00704
"2025-04-08 17:05:20.2",15042,0.07377625,0.04753685,0.02330399,24.00562
"2025-04-08 17:05:20.25",15043,0.0737133,0.04651642,0.02580643,24.03143
"2025-04-08 17:05:20.3",15044,0.07518387,0.04663467,0.02455521,24.03333
"2025-04-08 17:05:20.35",15045,0.07514954,0.04763412,0.02447319,24.00893
"2025-04-08 17:05:20.4",15046,0.07728958,0.05045891,0.02527809,24.01087
"2025-04-08 17:05:20.45",15047,0.07800865,0.04656029,0.02427673,24.03825
"2025-04-08 17:05:20.5",15048,0.0759716,0.04629707,0.02436447,23.98609
"2025-04-08 17:05:20.55",15049,0.07517815,0.04683876,0.01874161,24.00393
"2025-04-08 17:05:20.6",15050,0.07659721,0.04563904,0.02270126,24.02575
"2025-04-08 17:05:20.65",15051,0.07417297,0.04594994,0.02251625,24.00204
"2025-04-08 17:05:20.7",15052,0.07608223,0.04776573,0.02015114,24.00695
"2025-04-08 17:05:20.75",15053,0.07198143,0.04873276,0.02210999,23.99822
"2025-04-08 17:05:20.8",15054,0.07561111,0.04508972,0.02462769,24.02261
"2025-04-08 17:05:20.85",15055,0.07418251,0.04433632,0.02710724,24.02362
"2025-04-08 17:05:20.9",15056,0.07546043,0.0447464,0.02381325,24.02037
"2025-04-08 17:05:20.95",15057,0.07653427,0.04780579,0.02416039,23.99771
"2025-04-08 17:05:21",15058,0.07714462,0.0480442,0.0264492,24.00179
"2025-04-08 17:05:21.05",15059,0.08130836,0.0507946,0.02475739,24.03564
"2025-04-08 17:05:21.1",15060,0.07401085,0.04789352,0.02043343,23.98347
"2025-04-08 17:05:21.15",15061,0.07200623,0.04888344,0.02496338,24.03571
"2025-04-08 17:05:21.2",15062,0.07698631,0.0514679,0.02450943,24.03378
"2025-04-08 17:05:21.25",15063,0.07554436,0.0499115,0.01980209,24.01393
"2025-04-08 17:05:21.3",15064,0.07707977,0.04906654,0.01801109,24.04653
"2025-04-08 17:05:21.35",15065,0.07873535,0.05203247,0.01665497,24.01671
"2025-04-08 17:05:21.4",15066,0.07465172,0.04649162,0.01187325,24.02288
"2025-04-08 17:05:21.45",15067,0.0749855,0.04600906,0.009126663,24.01525
"2025-04-08 17:05:21.5",15068,0.07304382,0.04689026,0.008588791,24.02229
"2025-04-08 17:05:21.55",15069,0.07079124,0.04931831,0.005741119,23.97902
"2025-04-08 17:05:21.6",15070,0.0694313,0.04848862,0.006990433,24.03203
"2025-04-08 17:05:21.65",15071,0.07227898,0.04917336,0.00346756,24.03264
"2025-04-08 17:05:21.7",15072,0.0748539,0.05204964,0.005878448,24.02236
"2025-04-08 17:05:21.75",15073,0.07184219,0.0503788,0.003450394,24.02248
"2025-04-08 17:05:21.8",15074,0.07061386,0.04925346,0.007801056,24.02521
"2025-04-08 17:05:21.85",15075,0.07202721,0.05312347,0.009254456,24.02496
"2025-04-08 17:05:21.9",15076,0.07627869,0.05494308,0.00928688,24.00815
"2025-04-08 17:05:21.95",15077,0.07216644,0.05071449,0.01076126,24.03702
"2025-04-08 17:05:22",15078,0.07123947,0.04611397,0.01039886,24.03102
"2025-04-08 17:05:22.05",15079,0.0713501,0.05031967,0.004192352,24.03142
"2025-04-08 17:05:22.1",15080,0.07327271,0.05039024,0.0001182556,24.00017
"2025-04-08 17:05:22.15",15081,0.07209587,0.04841614,-0.0006427765,23.99977
"2025-04-08 17:05:22.2",15082,0.07287216,0.0514183,0.001876831,24.03209
"2025-04-08 17:05:22.25",15083,0.06856346,0.05172157,0.004800797,24.02247
"2025-04-08 17:05:22.3",15084,0.06772232,0.05264664,0.004047394,24.00047
"2025-04-08 17:05:22.35",15085,0.0742836,0.05764771,0.007980347,23.98597
"2025-04-08 17:05:22.4",15086,0.07145119,0.05454826,0.003328323,24.02402
"2025-04-08 17:05:22.45",15087,0.07143021,0.05669212,-0.002426147,24.03324
"2025-04-08 17:05:22.5",15088,0.0690155,0.05851173,0.001497269,24.02484
"2025-04-08 17:05:22.55",15089,0.06653214,0.05894661,0.00346756,24.02818
"2025-04-08 17:05:22.6",15090,0.06797981,0.06015205,0.001512527,24.03598
"2025-04-08 17:05:22.65",15091,0.06888962,0.06498337,0.004058838,24.02525
"2025-04-08 17:05:22.7",15092,0.06807137,0.05189323,-0.001739502,24.02389
"2025-04-08 17:05:22.75",15093,0.06748581,0.04704094,-0.0003318787,24.02516
"2025-04-08 17:05:22.8",15094,0.0637188,0.05301094,0.003965378,24.02309
"2025-04-08 17:05:22.85",15095,0.06529045,0.05621147,0.0009250641,24.01946
"2025-04-08 17:05:22.9",15096,0.07122231,0.06049919,0.002004623,24.00257
"2025-04-08 17:05:22.95",15097,0.06611443,0.05488205,-0.001403809,24.01849
"2025-04-08 17:05:23",15098,0.06556129,0.0551815,-0.001560211,24.02396
"2025-04-08 17:05:23.05",15099,0.06689453,0.05639458,0.001787186,24.01842
"2025-04-08 17:05:23.1",15100,0.07038498,0.05805969,0.002187729,24.02366
"2025-04-08 17:05:23.15",15101,0.06886673,0.05798531,-0.001392365,24.02206
"2025-04-08 17:05:23.2",15102,0.07096672,0.06157112,-0.002714157,24.02994
"2025-04-08 17:05:23.25",15103,0.06909561,0.06206322,-0.0001945496,24.02689
"2025-04-08 17:05:23.3",15104,0.06912994,0.06114769,-0.001152039,24.0006
"2025-04-08 17:05:23.35",15105,0.06085014,0.06163406,-0.002960205,23.99966
"2025-04-08 17:05:23.4",15106,0.06038857,0.0609684,-0.003396988,24.02165
"2025-04-08 17:05:23.45",15107,0.06567192,0.06720924,-0.003240585,24.01974
"2025-04-08 17:05:23.5",15108,0.06629181,0.06370163,-0.005729675,23.99746
"2025-04-08 17:05:23.55",15109,0.06492424,0.06219101,-0.004514694,24.00034
"2025-04-08 17:05:23.6",15110,0.06578827,0.06110382,-0.005184174,24.02689
"2025-04-08 17:05:23.65",15111,0.06503487,0.05621147,-0.004165649,24.0178
"2025-04-08 17:05:23.7",15112,0.06332588,0.04902267,-0.00299263,24.02117
"2025-04-08 17:05:23.75",15113,0.06621361,0.04693604,-0.002727509,23.99895
"2025-04-08 17:05:23.8",15114,0.06505775,0.04516411,-0.005111694,24.0201
"2025-04-08 17:05:23.85",15115,0.06490135,0.04038429,-0.006818771,23.99644
"2025-04-08 17:05:23.9",15116,0.0629406,0.04098129,-0.004110336,23.99631
"2025-04-08 17:05:23.95",15117,0.06296158,0.04144478,-0.00724411,24.02063
"2025-04-08 17:05:24",15118,0.06064415,0.04629898,-0.00812149,24.01897
"2025-04-08 17:05:24.05",15119,0.06030464,0.04304314,-0.003910065,23.99619
"2025-04-08 17:05:24.1",15120,0.06620216,0.04534912,-0.004526138,24.02127
"2025-04-08 17:05:24.15",15121,0.0669632,0.04660606,-0.004116058,24.01988
"2025-04-08 17:05:24.2",15122,0.06441498,0.04488373,-0.006467819,24.0181
"2025-04-08 17:05:24.25",15123,0.0652256,0.04343796,-0.004520416,24.02064
"2025-04-08 17:05:24.3",15124,0.06340981,0.0434761,-0.00761795,24.01773
"2025-04-08 17:05:24.35",15125,0.06516838,0.04447556,-0.007663727,24.02608
"2025-04-08 17:05:24.4",15126,0.06334686,0.04755592,-0.008745193,23.99655
"2025-04-08 17:05:24.45",15127,0.06206894,0.04277229,-0.007204056,24.0196
"2025-04-08 17:05:24.5",15128,0.06244469,0.04393578,-0.009689331,24.01734
"2025-04-08 17:05:24.55",15129,0.0603447,0.0451622,-0.01113701,24.02435
"2025-04-08 17:05:24.6",15130,0.0589695,0.04336548,-0.009786606,24.01809
"2025-04-08 17:05:24.65",15131,0.06703568,0.04988289,-0.004629135,24.02932
"2025-04-08 17:05:24.7",15132,0.06266785,0.04615974,-0.008483887,24.02251
"2025-04-08 17:05:24.75",15133,0.06158257,0.04704094,-0.007480621,24.02352
"2025-04-08 17:05:24.8",15134,0.06486702,0.05003548,-0.003726959,24.02288
"2025-04-08 17:05:24.85",15135,0.06758118,0.04815865,-0.004976273,24.00565
"2025-04-08 17:05:24.9",15136,0.06492996,0.04913521,-0.01179123,24.02346
"2025-04-08 17:05:24.95",15137,0.06350517,0.04910088,-0.006103516,24.03341
"2025-04-08 17:05:25",15138,0.05851173,0.045784,-0.01365662,24.01617
"2025-04-08 17:05:25.05",15139,0.06321335,0.04502296,-0.01077843,23.99488
"2025-04-08 17:05:25.1",15140,0.06418037,0.04789543,-0.01240349,24.01701
"2025-04-08 17:05:25.15",15141,0.06592178,0.04867554,-0.009880066,24.01527
"2025-04-08 17:05:25.2",15142,0.06331635,0.04590797,-0.01177979,24.02528
"2025-04-08 17:05:25.25",15143,0.06129265,0.04516983,-0.01332092,24.02785
"2025-04-08 17:05:25.3",15144,0.06409645,0.04839706,-0.008529663,24.01782
"2025-04-08 17:05:25.35",15145,0.06543541,0.04835701,-0.008901596,24.02535
"2025-04-08 17:05:25.4",15146,0.06654739,0.04739952,-0.009702682,24.01872
"2025-04-08 17:05:25.45",15147,0.06727409,0.04765511,-0.01301384,24.01864
"2025-04-08 17:05:25.5",15148,0.06760788,0.0480957,-0.01086998,24.01729
"2025-04-08 17:05:25.55",15149,0.06692314,0.0487957,-0.009222031,24.0166
"2025-04-08 17:05:25.6",15150,0.06892586,0.0477562,-0.01079559,24.01978
"2025-04-08 17:05:25.65",15151,0.06070137,0.04742432,-0.01153946,23.99599
"2025-04-08 17:05:25.7",15152,0.04973984,0.04499626,-0.01630974,24.01661
"2025-04-08 17:05:25.75",15153,0.04338074,0.04782295,-0.01171112,24.01585
"2025-04-08 17:05:25.8",15154,0.04156876,0.04738617,-0.01595116,24.01665
"2025-04-08 17:05:25.85",15155,0.04684448,0.05054283,-0.0120697,24.02042
"2025-04-08 17:05:25.9",15156,0.04580116,0.04758263,-0.01184654,24.01301
"2025-04-08 17:05:25.95",15157,0.04782295,0.04340935,-0.01481056,24.01405
"2025-04-08 17:05:26",15158,0.04382515,0.04729271,-0.01773453,23.99088
"2025-04-08 17:05:26.05",15159,0.0478878,0.04928398,-0.01530266,23.99446
"2025-04-08 17:05:26.1",15160,0.04531479,0.0488224,-0.01615906,24.0116
"2025-04-08 17:05:26.15",15161,0.0454998,0.04839897,-0.0137825,24.01355
"2025-04-08 17:05:26.2",15162,0.04298019,0.04638672,-0.01856995,23.99205
"2025-04-08 17:05:26.25",15163,0.04172325,0.04907417,-0.01901627,24.01186
"2025-04-08 17:05:26.3",15164,0.04735184,0.04486084,-0.01970482,24.00964
"2025-04-08 17:05:26.35",15165,0.04189682,0.04644394,-0.01552773,23.99084
"2025-04-08 17:05:26.4",15166,0.04167175,0.0436058,-0.02070808,23.99067
"2025-04-08 17:05:26.45",15167,0.04278946,0.04273605,-0.0217495,23.99084
"2025-04-08 17:05:26.5",15168,0.04262924,0.0452137,-0.01819611,24.01897
"2025-04-08 17:05:26.55",15169,0.0454483,0.04356003,-0.02376556,24.01257
"2025-04-08 17:05:26.6",15170,0.0483799,0.045187,-0.01967812,24.02055
"2025-04-08 17:05:26.65",15171,0.04336548,0.04330826,-0.01994514,23.99003
"2025-04-08 17:05:26.7",15172,0.04137039,0.04133797,-0.02435684,24.01416
"2025-04-08 17:05:26.75",15173,0.0434227,0.04257393,-0.01873779,24.01679
"2025-04-08 17:05:26.8",15174,0.04687309,0.04187012,-0.02395058,24.01955
"2025-04-08 17:05:26.85",15175,0.04504013,0.04297638,-0.01916695,24.02477
"2025-04-08 17:05:26.9",15176,0.04797935,0.04222679,-0.02336311,24.03138
"2025-04-08 17:05:26.95",15177,0.04354858,0.04167366,-0.02395439,24.01078
"2025-04-08 17:05:27",15178,0.04255486,0.04247284,-0.02394485,24.03652
"2025-04-08 17:05:27.05",15179,0.04401398,0.04090691,-0.02244759,24.03494
"2025-04-08 17:05:27.1",15180,0.04212761,0.0396843,-0.01887703,24.03344
"2025-04-08 17:05:27.15",15181,0.04389572,0.03909874,-0.02692032,24.02298
"2025-04-08 17:05:27.2",15182,0.0449791,0.03938866,-0.02019691,23.99941
"2025-04-08 17:05:27.25",15183,0.04740334,0.03999138,-0.02456284,23.98577
"2025-04-08 17:05:27.3",15184,0.04449844,0.0427742,-0.02010155,24.00963
"2025-04-08 17:05:27.35",15185,0.04292297,0.04134369,-0.02454758,24.00953
"2025-04-08 17:05:27.4",15186,0.04709244,0.04138374,-0.01799011,24.01058
"2025-04-08 17:05:27.45",15187,0.04389572,0.04244041,-0.01803398,24.00953
"2025-04-08 17:05:27.5",15188,0.04302597,0.03894234,-0.01858711,24.00787
"2025-04-08 17:05:27.55",15189,0.04280281,0.03858566,-0.01696777,24.0117
"2025-04-08 17:05:27.6",15190,0.04729652,0.04319382,-0.02298164,24.01061
"2025-04-08 17:05:27.65",15191,0.04649734,0.04107094,-0.02264786,24.0107
"2025-04-08 17:05:27.7",15192,0.04493332,0.04260063,-0.0218544,24.00957
"2025-04-08 17:05:27.75",15193,0.04457855,0.04174423,-0.02046394,23.98986
"2025-04-08 17:05:27.8",15194,0.04359436,0.0422554,-0.02057648,23.98924
"2025-04-08 17:05:27.85",15195,0.0453968,0.04052353,-0.02653503,23.98703
"2025-04-08 17:05:27.9",15196,0.04665947,0.04026031,-0.02335548,23.96645
"2025-04-08 17:05:27.95",15197,0.04498482,0.0413456,-0.0219326,23.98962
"2025-04-08 17:05:28",15198,0.04710579,0.04227829,-0.02355766,23.99055
"2025-04-08 17:05:28.05",15199,0.04558754,0.03800583,-0.02692986,23.98689
"2025-04-08 17:05:28.1",15200,0.04526329,0.0399704,-0.02259064,24.00967
"2025-04-08 17:05:28.15",15201,0.04682159,0.03939438,-0.02242279,24.01097
"2025-04-08 17:05:28.2",15202,0.04898262,0.04047394,-0.02482605,24.00871
"2025-04-08 17:05:28.25",15203,0.04545403,0.04128838,-0.02719879,24.00638
"2025-04-08 17:05:28.3",15204,0.04587936,0.03826714,-0.02199936,24.0117
"2025-04-08 17:05:28.35",15205,0.04840469,0.03923988,-0.02250671,23.99046
"2025-04-08 17:05:28.4",15206,0.04387283,0.04035378,-0.02346992,24.00867
"2025-04-08 17:05:28.45",15207,0.04716492,0.03863907,-0.02475739,24.00854
"2025-04-08 17:05:28.5",15208,0.05043221,0.03744125,-0.02789116,24.01094
"2025-04-08 17:05:28.55",15209,0.05472946,0.03795815,-0.02896881,24.01105
"2025-04-08 17:05:28.6",15210,0.05538368,0.03790474,-0.0217762,24.00793
"2025-04-08 17:05:28.65",15211,0.0466423,0.03621864,-0.0205574,24.00874
"2025-04-08 17:05:28.7",15212,0.04169083,0.03579903,-0.01887703,24.01877
"2025-04-08 17:05:28.75",15213,0.04762077,0.03634071,-0.02512169,24.00922
"2025-04-08 17:05:28.8",15214,0.04976082,0.03367043,-0.02560806,24.00893
"2025-04-08 17:05:28.85",15215,0.05002403,0.03660965,-0.02184486,23.98654
"2025-04-08 17:05:28.9",15216,0.05208206,0.03708649,-0.02312088,24.01136
"2025-04-08 17:05:28.95",15217,0.05189514,0.03701591,-0.02550697,23.98643
"2025-04-08 17:05:29",15218,0.05325508,0.03332901,-0.02164268,23.9868
"2025-04-08 17:05:29.05",15219,0.05177498,0.0329628,-0.01922417,23.9882
"2025-04-08 17:05:29.1",15220,0.0491333,0.03327942,-0.01991463,24.01077
"2025-04-08 17:05:29.15",15221,0.05408478,0.03368759,-0.02007103,23.99014
"2025-04-08 17:05:29.2",15222,0.05000114,0.03240776,-0.01935768,23.99094
"2025-04-08 17:05:29.25",15223,0.05173302,0.03073692,-0.01930046,24.01344
"2025-04-08 17:05:29.3",15224,0.05241776,0.03364754,-0.02598,24.0135
"2025-04-08 17:05:29.35",15225,0.04888344,0.0326252,-0.02310562,24.01017
"2025-04-08 17:05:29.4",15226,0.05184746,0.03026199,-0.02567291,24.0099
"2025-04-08 17:05:29.45",15227,0.0518837,0.02947617,-0.02046967,24.01009
"2025-04-08 17:05:29.5",15228,0.05041885,0.03342438,-0.02385902,23.98233
"2025-04-08 17:05:29.55",15229,0.05291176,0.03012276,-0.02312851,23.98448
"2025-04-08 17:05:29.6",15230,0.05353546,0.02988243,-0.01970291,23.98644
"2025-04-08 17:05:29.65",15231,0.05192757,0.03052521,-0.0181694,23.9856
"2025-04-08 17:05:29.7",15232,0.05246353,0.02968407,-0.01818466,24.00652
"2025-04-08 17:05:29.75",15233,0.05171013,0.03034592,-0.0169239,24.00745
"2025-04-08 17:05:29.8",15234,0.05537796,0.02925682,-0.02455711,24.00875
"2025-04-08 17:05:29.85",15235,0.05227852,0.02945328,-0.02178764,24.00996
"2025-04-08 17:05:29.9",15236,0.04996109,0.02979851,-0.02210999,24.00598
"2025-04-08 17:05:29.95",15237,0.05374718,0.03017998,-0.01878738,24.01421
"2025-04-08 17:05:30",15238,0.05425453,0.02863312,-0.01704025,24.01414
"2025-04-08 17:05:30.05",15239,0.05221748,0.03039932,-0.02128029,24.01019
"2025-04-08 17:05:30.1",15240,0.05262375,0.03083992,-0.02274895,24.00623
"2025-04-08 17:05:30.15",15241,0.05031967,0.02923012,-0.01746941,24.00446
"2025-04-08 17:05:30.2",15242,0.05469322,0.02868462,-0.01839638,24.00823
"2025-04-08 17:05:30.25",15243,0.05140305,0.02944756,-0.0249939,23.98476
"2025-04-08 17:05:30.3",15244,0.04982185,0.03019714,-0.01980591,24.00262
"2025-04-08 17:05:30.35",15245,0.05113602,0.028862,-0.02198792,24.00683
"2025-04-08 17:05:30.4",15246,0.05260277,0.02894974,-0.02427673,24.0064
"2025-04-08 17:05:30.45",15247,0.05407715,0.02994919,-0.02172089,23.98305
"2025-04-08 17:05:30.5",15248,0.05177498,0.030653,-0.02343369,24.00393
"2025-04-08 17:05:30.55",15249,0.05275345,0.03126144,-0.02356339,23.98462
"2025-04-08 17:05:30.6",15250,0.05153656,0.0315094,-0.02420998,24.01458
"2025-04-08 17:05:30.65",15251,0.05373764,0.03193855,-0.02115059,24.00524
"2025-04-08 17:05:30.7",15252,0.05159378,0.03011322,-0.01851845,23.98106
"2025-04-08 17:05:30.75",15253,0.0525322,0.02932549,-0.02147484,24.0071
"2025-04-08 17:05:30.8",15254,0.04767799,0.02919579,-0.02280998,23.9629
"2025-04-08 17:05:30.85",15255,0.0513401,0.02596474,-0.02164078,23.96169
"2025-04-08 17:05:30.9",15256,0.05111694,0.02778435,-0.02244568,24.00699
"2025-04-08 17:05:30.95",15257,0.05160332,0.02744293,-0.02697754,24.00906
"2025-04-08 17:05:31",15258,0.05366325,0.02589035,-0.02402306,23.98241
"2025-04-08 17:05:31.05",15259,0.04872704,0.02560043,-0.02132797,24.00494
"2025-04-08 17:05:31.1",15260,0.05250359,0.02490616,-0.01816177,23.98408
"2025-04-08 17:05:31.15",15261,0.05038643,0.02530289,-0.01923561,24.00788
"2025-04-08 17:05:31.2",15262,0.04924202,0.02579689,-0.01839066,24.00413
"2025-04-08 17:05:31.25",15263,0.0477829,0.02630234,-0.0204258,23.98305
"2025-04-08 17:05:31.3",15264,0.05252647,0.02728653,-0.02399254,24.00829
"2025-04-08 17:05:31.35",15265,0.05298233,0.02527618,-0.02225494,24.01001
"2025-04-08 17:05:31.4",15266,0.05454636,0.02638245,-0.01922417,24.02186
"2025-04-08 17:05:31.45",15267,0.05072594,0.02564621,-0.02306747,23.96446
"2025-04-08 17:05:31.5",15268,0.04727936,0.02548981,-0.02152443,24.01142
"2025-04-08 17:05:31.55",15269,0.04938698,0.02600098,-0.02551079,24.01547
"2025-04-08 17:05:31.6",15270,0.0478096,0.02539825,-0.02166939,23.98374
"2025-04-08 17:05:31.65",15271,0.04929543,0.02516556,-0.02667999,24.00658
"2025-04-08 17:05:31.7",15272,0.04720116,0.02606392,-0.02289963,24.00451
"2025-04-08 17:05:31.75",15273,0.04870605,0.02635574,-0.02451324,24.00322
"2025-04-08 17:05:31.8",15274,0.04998398,0.02584648,-0.02187729,24.00298
"2025-04-08 17:05:31.85",15275,0.04850388,0.02478981,-0.02376556,23.98183
"2025-04-08 17:05:31.9",15276,0.04706383,0.02453804,-0.02795219,24.00387
"2025-04-08 17:05:31.95",15277,0.04796219,0.02528763,-0.02677345,24.00498
"2025-04-08 17:05:32",15278,0.04590607,0.024786,-0.02453423,24.00445
"2025-04-08 17:05:32.05",15279,0.05048561,0.02485657,-0.01947403,24.00461
"2025-04-08 17:05:32.1",15280,0.05050278,0.02498055,-0.02072144,24.03493
"2025-04-08 17:05:32.15",15281,0.04492569,0.02584648,-0.02533531,24.00228
"2025-04-08 17:05:32.2",15282,0.04279518,0.02490807,-0.02054787,23.98138
"2025-04-08 17:05:32.25",15283,0.04593468,0.02460098,-0.02383614,24.00657
"2025-04-08 17:05:32.3",15284,0.04768372,0.0250206,-0.02368546,24.00515
"2025-04-08 17:05:32.35",15285,0.04316521,0.02538681,-0.02232933,24.00297
"2025-04-08 17:05:32.4",15286,0.04572296,0.02499008,-0.02483177,24.00552
"2025-04-08 17:05:32.45",15287,0.04776001,0.02382851,-0.02659988,24.00777
"2025-04-08 17:05:32.5",15288,0.04222679,0.02194214,-0.02551842,24.01173
"2025-04-08 17:05:32.55",15289,0.04309654,0.02490616,-0.02589607,24.01097
"2025-04-08 17:05:32.6",15290,0.04668808,0.02379608,-0.02228928,24.01278
"2025-04-08 17:05:32.65",15291,0.04507065,0.0222702,-0.02568054,24.00505
"2025-04-08 17:05:32.7",15292,0.04760361,0.02983856,-0.02557945,24.00502
"2025-04-08 17:05:32.75",15293,0.04847717,0.02797508,-0.02432251,24.0042
"2025-04-08 17:05:32.8",15294,0.04921913,0.02405357,-0.02658463,24.0054
"2025-04-08 17:05:32.85",15295,0.04550362,0.02369499,-0.02239037,24.01084
"2025-04-08 17:05:32.9",15296,0.04943657,0.02440071,-0.02530098,24.0039
"2025-04-08 17:05:32.95",15297,0.04841614,0.02374077,-0.02118874,24.00294
"2025-04-08 17:05:33",15298,0.04647255,0.02143478,-0.02369881,24.00446
"2025-04-08 17:05:33.05",15299,0.04476738,0.02217102,-0.02320671,23.98073
"2025-04-08 17:05:33.1",15300,0.04111481,0.02168465,-0.02432442,24.03086
"2025-04-08 17:05:33.15",15301,0.04424286,0.02113914,-0.02464867,24.00188
"2025-04-08 17:05:33.2",15302,0.05066109,0.02152443,-0.02723312,24.00347
"2025-04-08 17:05:33.25",15303,0.04277802,0.02189255,-0.02624512,24.00336
"2025-04-08 17:05:33.3",15304,0.04466629,0.0208683,-0.02461243,24.00873
"2025-04-08 17:05:33.35",15305,0.04383469,0.01797676,-0.02994156,24.03265
"2025-04-08 17:05:33.4",15306,0.04317093,0.01860237,-0.02814865,24.00335
"2025-04-08 17:05:33.45",15307,0.04711723,0.01916504,-0.02806473,24.01011
"2025-04-08 17:05:33.5",15308,0.04459,0.02150536,-0.0297699,24.01439
"2025-04-08 17:05:33.55",15309,0.04720879,0.01845551,-0.0279541,24.00698
"2025-04-08 17:05:33.6",15310,0.04797935,0.01907539,-0.03317451,24.00765
"2025-04-08 17:05:33.65",15311,0.04338837,0.01950073,-0.02826118,24.01354
"2025-04-08 17:05:33.7",15312,0.04071999,0.01872444,-0.02680397,24.01317
"2025-04-08 17:05:33.75",15313,0.04191208,0.01875305,-0.02952766,24.00622
"2025-04-08 17:05:33.8",15314,0.04366875,0.01623917,-0.02518463,24.03423
"2025-04-08 17:05:33.85",15315,0.04459572,0.01925087,-0.02907181,24.04646
"2025-04-08 17:05:33.9",15316,0.04282379,0.01716042,-0.02948761,24.03319
"2025-04-08 17:05:33.95",15317,0.04437637,0.01839066,-0.02796364,24.01087
"2025-04-08 17:05:34",15318,0.0392437,0.01686668,-0.0283947,24.00846
"2025-04-08 17:05:34.05",15319,0.04129219,0.01753044,-0.02805901,24.03038
"2025-04-08 17:05:34.1",15320,0.04198456,0.01662636,-0.02821159,24.02811
"2025-04-08 17:05:34.15",15321,0.04456139,0.01618385,-0.02557945,24.01089
"2025-04-08 17:05:34.2",15322,0.04537773,0.01985931,-0.02684784,24.03143
"2025-04-08 17:05:34.25",15323,0.04221916,0.01600075,-0.02687454,24.02927
"2025-04-08 17:05:34.3",15324,0.04596329,0.01475906,-0.02690697,24.04663
"2025-04-08 17:05:34.35",15325,0.04169655,0.0163784,-0.02741051,24.00976
"2025-04-08 17:05:34.4",15326,0.04173088,0.01593781,-0.02584076,24.00808
"2025-04-08 17:05:34.45",15327,0.04191971,0.01597214,-0.02367973,24.04589
"2025-04-08 17:05:34.5",15328,0.04357719,0.01512909,-0.02797508,24.01222
"2025-04-08 17:05:34.55",15329,0.04538345,0.01646423,-0.02584076,24.03281
"2025-04-08 17:05:34.6",15330,0.0452404,0.01674652,-0.02507782,24.04601
"2025-04-08 17:05:34.65",15331,0.04338074,0.01639557,-0.02531242,24.01014
"2025-04-08 17:05:34.7",15332,0.04348373,0.0159893,-0.02825928,24.03281
"2025-04-08 17:05:34.75",15333,0.04543877,0.01640129,-0.02606583,24.00819
"2025-04-08 17:05:34.8",15334,0.04717636,0.01553154,-0.0257473,24.00916
"2025-04-08 17:05:34.85",15335,0.04169464,0.01626396,-0.02550697,24.00983
"2025-04-08 17:05:34.9",15336,0.04182243,0.01639557,-0.0267086,24.03259
"2025-04-08 17:05:34.95",15337,0.04289246,0.01813889,-0.02601051,24.04544
"2025-04-08 17:05:35",15338,0.04586029,0.01765823,-0.02571297,24.03248
"2025-04-08 17:05:35.05",15339,0.04306984,0.01485062,-0.02386475,24.03289
"2025-04-08 17:05:35.1",15340,0.04396439,0.01513863,-0.02576256,24.03189
"2025-04-08 17:05:35.15",15341,0.04677963,0.01524544,-0.02283859,24.0297
"2025-04-08 17:05:35.2",15342,0.04785156,0.0134716,-0.02243423,24.04723
"2025-04-08 17:05:35.25",15343,0.04714775,0.01036453,-0.02298164,24.03328
"2025-04-08 17:05:35.3",15344,0.04748154,0.01331329,-0.02259636,24.01022
"2025-04-08 17:05:35.35",15345,0.04316521,0.01239586,-0.02288818,24.03093
"2025-04-08 17:05:35.4",15346,0.04587173,0.008934021,-0.01981735,24.04698
"2025-04-08 17:05:35.45",15347,0.04390144,0.009443283,-0.022892,24.03344
"2025-04-08 17:05:35.5",15348,0.04523277,0.009759903,-0.02287674,24.04688
"2025-04-08 17:05:35.55",15349,0.04597282,0.009773254,-0.01976013,24.0466
"2025-04-08 17:05:35.6",15350,0.04514694,0.009145737,-0.02013397,24.03339
"2025-04-08 17:05:35.65",15351,0.04829788,0.009347916,-0.02080536,24.03398
"2025-04-08 17:05:35.7",15352,0.05007362,0.009796143,-0.02012253,24.04765
"2025-04-08 17:05:35.75",15353,0.04716301,0.007171631,-0.01966476,24.03547
"2025-04-08 17:05:35.8",15354,0.04678345,0.006370544,-0.02055359,24.03685
"2025-04-08 17:05:35.85",15355,0.04798508,0.007635117,-0.0205307,24.03632
"2025-04-08 17:05:35.9",15356,0.04860306,0.007740021,-0.02028084,24.03387
"2025-04-08 17:05:35.95",15357,0.04830933,0.009431839,-0.01976967,24.04991
"2025-04-08 17:05:36",15358,0.04538155,0.006807327,-0.01796341,24.04893
"2025-04-08 17:05:36.05",15359,0.04457092,0.007305145,-0.02087212,24.03154
"2025-04-08 17:05:36.1",15360,0.0425396,0.007030487,-0.01746559,24.04626
"2025-04-08 17:05:36.15",15361,0.04476357,0.006877899,-0.01753235,24.01046
"2025-04-08 17:05:36.2",15362,0.04629326,0.007286072,-0.0204525,24.03127
"2025-04-08 17:05:36.25",15363,0.04542542,0.008174896,-0.01776695,24.02909
"2025-04-08 17:05:36.3",15364,0.04489136,0.007040024,-0.02019501,24.03296
"2025-04-08 17:05:36.35",15365,0.04614258,0.007003784,-0.01771164,24.04646
"2025-04-08 17:05:36.4",15366,0.04595184,0.007160187,-0.01700211,24.03043
"2025-04-08 17:05:36.45",15367,0.04481316,0.007471085,-0.01860428,24.02955
"2025-04-08 17:05:36.5",15368,0.04872131,0.006937027,-0.01436043,24.03021
"2025-04-08 17:05:36.55",15369,0.0441761,0.007282257,-0.01646614,24.03307
"2025-04-08 17:05:36.6",15370,0.04590034,0.006902695,-0.01708031,24.02938
"2025-04-08 17:05:36.65",15371,0.04590225,0.006763458,-0.0164299,24.03028
"2025-04-08 17:05:36.7",15372,0.04628563,0.007125854,-0.01401329,24.01637
"2025-04-08 17:05:36.75",15373,0.04852486,0.006895065,-0.01717949,24.01046
"2025-04-08 17:05:36.8",15374,0.04553413,0.00711441,-0.01751518,24.03056
"2025-04-08 17:05:36.85",15375,0.04513741,0.007265091,-0.01748657,24.03062
"2025-04-08 17:05:36.9",15376,0.04623032,0.007053375,-0.01812363,24.03311
"2025-04-08 17:05:36.95",15377,0.04572678,0.006752014,-0.01792336,24.04768
"2025-04-08 17:05:37",15378,0.04520416,0.007343292,-0.01811218,24.03118
"2025-04-08 17:05:37.05",15379,0.04514694,0.01054192,-0.01773262,24.00986
"2025-04-08 17:05:37.1",15380,0.04852104,0.01084328,-0.01809502,24.03357
"2025-04-08 17:05:37.15",15381,0.04870605,0.01341438,-0.01890945,24.03239
"2025-04-08 17:05:37.2",15382,0.04807281,0.01248741,-0.01810074,24.04735
"2025-04-08 17:05:37.25",15383,0.04833031,0.01195526,-0.01733017,24.00953
"2025-04-08 17:05:37.3",15384,0.04594612,0.01121521,-0.01863289,24.01129
"2025-04-08 17:05:37.35",15385,0.04815865,0.01169777,-0.01846886,24.00955
"2025-04-08 17:05:37.4",15386,0.04746437,0.01089478,-0.01469612,24.04512
"2025-04-08 17:05:37.45",15387,0.04868126,0.009307861,-0.01726341,24.03297
"2025-04-08 17:05:37.5",15388,0.04541969,0.009483337,-0.0178051,24.01079
"2025-04-08 17:05:37.55",15389,0.04727936,0.01025391,-0.01760292,24.03107
"2025-04-08 17:05:37.6",15390,0.04821205,0.0091362,-0.017416,24.00973
"2025-04-08 17:05:37.65",15391,0.04840279,0.01176071,-0.01740837,24.03111
"2025-04-08 17:05:37.7",15392,0.04932404,0.009130478,-0.01547623,24.01036
"2025-04-08 17:05:37.75",15393,0.04808426,0.009414673,-0.01790619,24.00802
"2025-04-08 17:05:37.8",15394,0.04873848,0.008422852,-0.01726532,24.0318
"2025-04-08 17:05:37.85",15395,0.05059242,0.01175499,-0.01515198,24.03265
"2025-04-08 17:05:37.9",15396,0.05054665,0.01195526,-0.01784897,24.03566
"2025-04-08 17:05:37.95",15397,0.04987907,0.01204491,-0.01511192,24.03562
"2025-04-08 17:05:38",15398,0.04970551,0.01139832,-0.01491928,24.03665
"2025-04-08 17:05:38.05",15399,0.05166054,0.01181602,-0.01811218,24.03655
"2025-04-08 17:05:38.1",15400,0.0493927,0.0100193,-0.01539993,24.03474
"2025-04-08 17:05:38.15",15401,0.04790688,0.01278687,-0.01438713,24.01065
"2025-04-08 17:05:38.2",15402,0.04839325,0.01202774,-0.01489067,24.03571
"2025-04-08 17:05:38.25",15403,0.04741478,0.01206207,-0.01519585,24.03381
"2025-04-08 17:05:38.3",15404,0.04701805,0.01296043,-0.01568985,24.03046
"2025-04-08 17:05:38.35",15405,0.04740906,0.01262474,-0.01499176,24.00974
"2025-04-08 17:05:38.4",15406,0.04737663,0.01165009,-0.01746941,24.00967
"2025-04-08 17:05:38.45",15407,0.04791641,0.01255989,-0.01498413,24.03286
"2025-04-08 17:05:38.5",15408,0.04706955,0.01261139,-0.01522446,24.03123
"2025-04-08 17:05:38.55",15409,0.04763985,0.01198578,-0.01475716,24.00673
"2025-04-08 17:05:38.6",15410,0.04727936,0.01268768,-0.01355362,24.0088
"2025-04-08 17:05:38.65",15411,0.04841423,0.01263046,-0.01371193,24.02954
"2025-04-08 17:05:38.7",15412,0.04726219,0.01226425,-0.01373291,24.00744
"2025-04-08 17:05:38.75",15413,0.0476284,0.01251411,-0.01296234,24.03045
"2025-04-08 17:05:38.8",15414,0.04880524,0.01178932,-0.01320267,24.00766
"2025-04-08 17:05:38.85",15415,0.04832458,0.01285934,-0.0141201,24.02976
"2025-04-08 17:05:38.9",15416,0.04776764,0.01268387,-0.01496124,24.02968
"2025-04-08 17:05:38.95",15417,0.05130005,0.01579285,-0.0135231,24.03036
"2025-04-08 17:05:39",15418,0.04810715,0.01193428,-0.01465988,24.04644
"2025-04-08 17:05:39.05",15419,0.04828072,0.01242638,-0.0151062,24.00804
"2025-04-08 17:05:39.1",15420,0.04687881,0.01229286,-0.01482391,24.03017
"2025-04-08 17:05:39.15",15421,0.04839325,0.01175499,-0.01470566,24.03185
"2025-04-08 17:05:39.2",15422,0.04871559,0.01211357,-0.01513481,24.03291
"2025-04-08 17:05:39.25",15423,0.04738808,0.01239204,-0.01554489,24.02973
"2025-04-08 17:05:39.3",15424,0.04688835,0.01322556,-0.014534,24.04676
"2025-04-08 17:05:39.35",15425,0.04778862,0.01290131,-0.01495171,24.03261
"2025-04-08 17:05:39.4",15426,0.04793358,0.01387787,-0.01566124,24.034
"2025-04-08 17:05:39.45",15427,0.04786301,0.01428986,-0.01598549,24.04581
"2025-04-08 17:05:39.5",15428,0.04803467,0.01459885,-0.01517105,24.03407
"2025-04-08 17:05:39.55",15429,0.04840851,0.01342964,-0.01514244,24.00803
"2025-04-08 17:05:39.6",15430,0.04802322,0.01283264,-0.01601982,24.03134
"2025-04-08 17:05:39.65",15431,0.0477829,0.01338196,-0.01498985,24.00839
"2025-04-08 17:05:39.7",15432,0.0472374,0.01268768,-0.01580048,24.03152
"2025-04-08 17:05:39.75",15433,0.04754448,0.01185989,-0.01520348,24.03152
"2025-04-08 17:05:39.8",15434,0.04847527,0.01258278,-0.01506996,24.04533
"2025-04-08 17:05:39.85",15435,0.04750443,0.01244926,-0.01590157,24.04697
"2025-04-08 17:05:39.9",15436,0.04749298,0.01166534,-0.01506424,24.03081
"2025-04-08 17:05:39.95",15437,0.04825401,0.01148796,-0.01477242,24.01112
"2025-04-08 17:05:40",15438,0.04968071,0.01119232,-0.01553154,24.04809
"2025-04-08 17:05:40.05",15439,0.04898834,0.01199722,-0.01513481,24.03107
"2025-04-08 17:05:40.1",15440,0.05195618,0.01171112,-0.0148468,24.0309
"2025-04-08 17:05:40.15",15441,0.05177498,0.01153564,-0.01503563,24.04944
"2025-04-08 17:05:40.2",15442,0.05032349,0.01198578,-0.01519203,24.03761
"2025-04-08 17:05:40.25",15443,0.04844093,0.01220703,-0.01515198,24.01177
"2025-04-08 17:05:40.3",15444,0.04803085,0.01187706,-0.01476669,24.0482
"2025-04-08 17:05:40.35",15445,0.04795647,0.01155472,-0.01556969,24.0149
"2025-04-08 17:05:40.4",15446,0.04889488,0.01164818,-0.0159359,24.01344
"2025-04-08 17:05:40.45",15447,0.04720306,0.01148224,-0.01511765,24.04689
"2025-04-08 17:05:40.5",15448,0.04708672,0.01239586,-0.01517105,24.03314
"2025-04-08 17:05:40.55",15449,0.04835701,0.0120697,-0.01519775,24.01192
"2025-04-08 17:05:40.6",15450,0.04766083,0.01254654,-0.01555061,24.03357
"2025-04-08 17:05:40.65",15451,0.04706192,0.01220703,-0.01496887,24.03102
"2025-04-08 17:05:40.7",15452,0.04745865,0.01125145,-0.0149498,24.01044
"2025-04-08 17:05:40.75",15453,0.04768181,0.009511948,-0.01517487,24.04625
"2025-04-08 17:05:40.8",15454,0.04960823,0.01263046,-0.01506805,24.03024
"2025-04-08 17:05:40.85",15455,0.04611778,0.01277351,-0.01478577,24.02924
"2025-04-08 17:05:40.9",15456,0.05006599,0.01166725,-0.01402855,24.00916
"2025-04-08 17:05:40.95",15457,0.04782867,0.01236343,-0.01403618,24.03041
"2025-04-08 17:05:41",15458,0.04753304,0.01207924,-0.0131588,24.00674
"2025-04-08 17:05:41.05",15459,0.0469799,0.01172066,-0.01320457,24.03095
"2025-04-08 17:05:41.1",15460,0.04774284,0.01199722,-0.01434708,24.04582
"2025-04-08 17:05:41.15",15461,0.04763794,0.01193237,-0.01502991,24.01046
"2025-04-08 17:05:41.2",15462,0.04800034,0.01120186,-0.01468849,24.03033
"2025-04-08 17:05:41.25",15463,0.04794502,0.01165581,-0.01473999,24.03108
"2025-04-08 17:05:41.3",15464,0.05049896,0.01142502,-0.01544952,24.03258
"2025-04-08 17:05:41.35",15465,0.04749298,0.01307487,-0.0153923,24.03123
"2025-04-08 17:05:41.4",15466,0.04754448,0.01266098,-0.0152092,24.04651
"2025-04-08 17:05:41.45",15467,0.0506916,0.01203918,-0.01581764,24.00861
"2025-04-08 17:05:41.5",15468,0.04763222,0.01216125,-0.01610756,24.01042
"2025-04-08 17:05:41.55",15469,0.04985428,0.01396179,-0.01586151,24.03111
"2025-04-08 17:05:41.6",15470,0.04989433,0.0142746,-0.01530838,24.03016
"2025-04-08 17:05:41.65",15471,0.04732132,0.01370621,-0.01581001,24.03163
"2025-04-08 17:05:41.7",15472,0.04805756,0.01188278,-0.01564407,24.03273
"2025-04-08 17:05:41.75",15473,0.0471344,0.01194572,-0.01284027,24.03076
"2025-04-08 17:05:41.8",15474,0.04717636,0.01079941,-0.01525307,24.01046
"2025-04-08 17:05:41.85",15475,0.04864502,0.009656906,-0.01582909,24.03349
"2025-04-08 17:05:41.9",15476,0.04714203,0.009727478,-0.01575089,24.0091
"2025-04-08 17:05:41.95",15477,0.04752541,0.009376526,-0.01523781,24.02934
"2025-04-08 17:05:42",15478,0.04740524,0.009626389,-0.01557541,24.0098
"2025-04-08 17:05:42.05",15479,0.05223846,0.01494026,-0.0134697,24.01332
"2025-04-08 17:05:42.1",15480,0.04751396,0.0122242,-0.01504707,24.00824
"2025-04-08 17:05:42.15",15481,0.04719162,0.008743286,-0.01533508,24.00811
"2025-04-08 17:05:42.2",15482,0.04866028,0.008964539,-0.01533508,24.03217
"2025-04-08 17:05:42.25",15483,0.04824257,0.01139069,-0.01591301,24.00869
"2025-04-08 17:05:42.3",15484,0.04932976,0.008796692,-0.01534843,24.00806
"2025-04-08 17:05:42.35",15485,0.05005074,0.008443832,-0.01495552,24.03324
"2025-04-08 17:05:42.4",15486,0.04987144,0.009469986,-0.01523018,24.01246
"2025-04-08 17:05:42.45",15487,0.04933167,0.01181221,-0.01586151,24.03375
"2025-04-08 17:05:42.5",15488,0.04882813,0.009532928,-0.01540375,24.01266
"2025-04-08 17:05:42.55",15489,0.04915619,0.007862091,-0.01526451,24.01339
"2025-04-08 17:05:42.6",15490,0.0481472,0.01176643,-0.01573944,24.01383
"2025-04-08 17:05:42.65",15491,0.04716492,0.009525299,-0.01552773,24.03208
"2025-04-08 17:05:42.7",15492,0.04730225,0.0114193,-0.01523209,24.01183
"2025-04-08 17:05:42.75",15493,0.04779434,0.01102448,-0.01523209,24.03387
"2025-04-08 17:05:42.8",15494,0.04771805,0.009487152,-0.01583862,24.03323
"2025-04-08 17:05:42.85",15495,0.04684448,0.0121479,-0.0152626,24.03124
"2025-04-08 17:05:42.9",15496,0.04636574,0.01210594,-0.01554489,24.00956
"2025-04-08 17:05:42.95",15497,0.04745293,0.009002686,-0.01584625,24.03168
"2025-04-08 17:05:43",15498,0.04705811,0.01231194,-0.01586914,24.02947
"2025-04-08 17:05:43.05",15499,0.0468998,0.01153183,-0.01452065,24.00775
"2025-04-08 17:05:43.1",15500,0.04704666,0.01210785,-0.01390839,24.00948
"2025-04-08 17:05:43.15",15501,0.04679871,0.0092659,-0.01445389,24.00878
"2025-04-08 17:05:43.2",15502,0.04677963,0.01250267,-0.0142765,24.00542
"2025-04-08 17:05:43.25",15503,0.04439926,0.01205254,-0.01380157,24.03053
"2025-04-08 17:05:43.3",15504,0.04702759,0.01181221,-0.01408577,24.02998
"2025-04-08 17:05:43.35",15505,0.04715919,0.01221466,-0.01564789,24.02978
"2025-04-08 17:05:43.4",15506,0.04766464,0.01197815,-0.01501846,24.00702
"2025-04-08 17:05:43.45",15507,0.04483414,0.01511192,-0.01451492,24.02857
"2025-04-08 17:05:43.5",15508,0.04784012,0.01397705,-0.01493073,24.00894
"2025-04-08 17:05:43.55",15509,0.04514694,0.01182365,-0.01521873,24.00791
"2025-04-08 17:05:43.6",15510,0.04426956,0.01472092,-0.01508713,24.00902
"2025-04-08 17:05:43.65",15511,0.04519081,0.01431465,-0.01498985,24.03067
"2025-04-08 17:05:43.7",15512,0.04552269,0.01462746,-0.01590157,24.03117
"2025-04-08 17:05:43.75",15513,0.04737663,0.01577187,-0.01642036,24.00925
"2025-04-08 17:05:43.8",15514,0.04710579,0.01602364,-0.01510811,24.00871
"2025-04-08 17:05:43.85",15515,0.04475784,0.01578903,-0.01528168,24.00983
"2025-04-08 17:05:43.9",15516,0.04735374,0.01617241,-0.0160408,24.01064
"2025-04-08 17:05:43.95",15517,0.04706955,0.01752472,-0.01548195,24.00789
"2025-04-08 17:05:44",15518,0.04745293,0.01565742,-0.01498604,24.03121
"2025-04-08 17:05:44.05",15519,0.04721832,0.01548004,-0.01568794,24.01082
"2025-04-08 17:05:44.1",15520,0.04797745,0.01613426,-0.01565552,24.01099
"2025-04-08 17:05:44.15",15521,0.04470062,0.0159111,-0.01574898,24.03032
"2025-04-08 17:05:44.2",15522,0.04667854,0.01403236,-0.01612473,24.03003
"2025-04-08 17:05:44.25",15523,0.04775429,0.01451302,-0.01602554,24.00883
"2025-04-08 17:05:44.3",15524,0.04715729,0.01713753,-0.01539421,24.03062
"2025-04-08 17:05:44.35",15525,0.04709244,0.01516342,-0.01532555,24.04485
"2025-04-08 17:05:44.4",15526,0.04725456,0.01672745,-0.01583481,24.03111
"2025-04-08 17:05:44.45",15527,0.04731369,0.01426315,-0.01544762,24.03187
"2025-04-08 17:05:44.5",15528,0.04561043,0.0145359,-0.01614189,24.0463
"2025-04-08 17:05:44.55",15529,0.0463295,0.01476097,-0.01547813,24.04707
"2025-04-08 17:05:44.6",15530,0.04957581,0.01615143,-0.01544762,24.03442
"2025-04-08 17:05:44.65",15531,0.04875565,0.01674271,-0.01578331,24.05046
"2025-04-08 17:05:44.7",15532,0.04840469,0.01718903,-0.01538277,24.04968
"2025-04-08 17:05:44.75",15533,0.04794502,0.01659203,-0.0151844,24.03278
"2025-04-08 17:05:44.8",15534,0.04830933,0.01683617,-0.01514244,24.04882
"2025-04-08 17:05:44.85",15535,0.04797935,0.01657486,-0.01599693,24.05
"2025-04-08 17:05:44.9",15536,0.04736328,0.01718903,-0.01567078,24.00981
"2025-04-08 17:05:44.95",15537,0.04698372,0.01690292,-0.01509666,24.04551
"2025-04-08 17:05:45",15538,0.04664803,0.01947403,-0.01521492,24.0484
"2025-04-08 17:05:45.05",15539,0.04715157,0.0204792,-0.01570511,24.0312
"2025-04-08 17:05:45.1",15540,0.04400635,0.01707649,-0.01568413,24.04729
"2025-04-08 17:05:45.15",15541,0.0446167,0.0167942,-0.01510048,24.02956
"2025-04-08 17:05:45.2",15542,0.04667664,0.01757622,-0.01538277,24.06818
"2025-04-08 17:05:45.25",15543,0.04703522,0.02062225,-0.01554489,24.06756
"2025-04-08 17:05:45.3",15544,0.04375648,0.01728821,-0.01428223,24.0292
"2025-04-08 17:05:45.35",15545,0.0446682,0.01941681,-0.01371002,24.04417
"2025-04-08 17:05:45.4",15546,0.04722023,0.02052879,-0.01277161,24.04673
"2025-04-08 17:05:45.45",15547,0.04418755,0.01997566,-0.01379013,24.02827
"2025-04-08 17:05:45.5",15548,0.0460968,0.01937294,-0.01356506,24.02944
"2025-04-08 17:05:45.55",15549,0.04412651,0.01962471,-0.01416016,24.04642
"2025-04-08 17:05:45.6",15550,0.04758263,0.01982498,-0.01489639,24.03101
"2025-04-08 17:05:45.65",15551,0.04693413,0.02005386,-0.01468277,24.04506
"2025-04-08 17:05:45.7",15552,0.05053711,0.02298737,-0.01294518,24.05177
"2025-04-08 17:05:45.75",15553,0.04786301,0.0190773,-0.01500702,24.04551
"2025-04-08 17:05:45.8",15554,0.04701233,0.02016449,-0.01556587,24.04527
"2025-04-08 17:05:45.85",15555,0.04694939,0.01991653,-0.01182556,24.04911
"2025-04-08 17:05:45.9",15556,0.04489708,0.01985359,-0.01588821,24.04491
"2025-04-08 17:05:45.95",15557,0.0483036,0.02006531,-0.01571846,24.03027
"2025-04-08 17:05:46",15558,0.04439926,0.02126122,-0.01561546,24.04475
"2025-04-08 17:05:46.05",15559,0.05006027,0.02627563,-0.01248932,24.0491
"2025-04-08 17:05:46.1",15560,0.04745483,0.02142334,-0.01601791,24.00834
"2025-04-08 17:05:46.15",15561,0.04751587,0.02158928,-0.01586914,24.04756
"2025-04-08 17:05:46.2",15562,0.04513741,0.02475739,-0.01326561,24.05195
"2025-04-08 17:05:46.25",15563,0.04446411,0.02142906,-0.01615334,24.03225
"2025-04-08 17:05:46.3",15564,0.04866028,0.02294731,-0.01247215,24.03847
"2025-04-08 17:05:46.35",15565,0.04448128,0.02052307,-0.01566505,24.04559
"2025-04-08 17:05:46.4",15566,0.04413033,0.01807213,-0.01586151,24.02994
"2025-04-08 17:05:46.45",15567,0.04450989,0.01702881,-0.01559258,24.03159
"2025-04-08 17:05:46.5",15568,0.04450417,0.02008629,-0.01597786,24.04651
"2025-04-08 17:05:46.55",15569,0.04441071,0.01981354,-0.01554489,24.03355
"2025-04-08 17:05:46.6",15570,0.04429245,0.01968002,-0.01582146,24.04531
"2025-04-08 17:05:46.65",15571,0.04884338,0.01890373,-0.01382256,24.0381
"2025-04-08 17:05:46.7",15572,0.04610825,0.01597214,-0.01540375,24.03178
"2025-04-08 17:05:46.75",15573,0.04450989,0.01933289,-0.01577759,24.04902
"2025-04-08 17:05:46.8",15574,0.04562378,0.01950645,-0.01562119,24.02992
"2025-04-08 17:05:46.85",15575,0.04615974,0.01819038,-0.0158329,24.05289
"2025-04-08 17:05:46.9",15576,0.04520416,0.0182457,-0.01291275,24.03548
"2025-04-08 17:05:46.95",15577,0.04598618,0.01891327,-0.01364326,24.03499
"2025-04-08 17:05:47",15578,0.04531097,0.01954651,-0.01529121,24.01154
"2025-04-08 17:05:47.05",15579,0.04460716,0.0202179,-0.01507568,24.03383
"2025-04-08 17:05:47.1",15580,0.04219437,0.01733971,-0.0155983,24.04663
"2025-04-08 17:05:47.15",15581,0.04499817,0.01713753,-0.01624298,24.01068
"2025-04-08 17:05:47.2",15582,0.04714012,0.02316666,-0.0111084,24.03815
"2025-04-08 17:05:47.25",15583,0.0417347,0.01723862,-0.01342583,24.0451
"2025-04-08 17:05:47.3",15584,0.04144478,0.01629639,-0.01305389,24.00912
"2025-04-08 17:05:47.35",15585,0.04821968,0.02064133,-0.01424599,24.00812
"2025-04-08 17:05:47.4",15586,0.04087639,0.01678848,-0.01281357,24.02934
"2025-04-08 17:05:47.45",15587,0.04348946,0.0164032,-0.01452255,24.04383
"2025-04-08 17:05:47.5",15588,0.04403114,0.01673317,-0.0120182,24.00762
"2025-04-08 17:05:47.55",15589,0.04405785,0.02027321,-0.01151848,24.04503
"2025-04-08 17:05:47.6",15590,0.04400063,0.01996994,-0.01401711,24.00594
"2025-04-08 17:05:47.65",15591,0.04377937,0.01745033,-0.01116371,24.0452
"2025-04-08 17:05:47.7",15592,0.041502,0.01688194,-0.01201248,24.04464
"2025-04-08 17:05:47.75",15593,0.04165077,0.01953888,-0.01209641,24.03051
"2025-04-08 17:05:47.8",15594,0.04507446,0.02390862,-0.0104599,24.03658
"2025-04-08 17:05:47.85",15595,0.04166412,0.02013779,-0.01194191,24.03093
"2025-04-08 17:05:47.9",15596,0.04175186,0.01998711,-0.01301956,24.03193
"2025-04-08 17:05:47.95",15597,0.04480171,0.02032852,-0.01278305,24.00733
"2025-04-08 17:05:48",15598,0.04154968,0.02003288,-0.01267815,24.03003
"2025-04-08 17:05:48.05",15599,0.04213715,0.01713371,-0.01398087,24.03185
"2025-04-08 17:05:48.1",15600,0.04359436,0.02072525,-0.01368523,24.0098
"2025-04-08 17:05:48.15",15601,0.04098129,0.01792526,-0.01416779,24.04436
"2025-04-08 17:05:48.2",15602,0.0415802,0.0215168,-0.01283073,24.0097
"2025-04-08 17:05:48.25",15603,0.04182816,0.01830101,-0.01303101,24.03194
"2025-04-08 17:05:48.3",15604,0.04210281,0.02161789,-0.01348877,24.00966
"2025-04-08 17:05:48.35",15605,0.04191971,0.01893234,-0.01296425,24.03161
"2025-04-08 17:05:48.4",15606,0.04102707,0.02041817,-0.01254845,24.00751
"2025-04-08 17:05:48.45",15607,0.04193497,0.02047157,-0.01310158,24.04617
"2025-04-08 17:05:48.5",15608,0.04532433,0.02104187,-0.00998497,24.01635
"2025-04-08 17:05:48.55",15609,0.04174423,0.01791382,-0.01206589,24.02843
"2025-04-08 17:05:48.6",15610,0.0451088,0.01930428,-0.009572983,24.03204
"2025-04-08 17:05:48.65",15611,0.04001617,0.01657486,-0.01284981,24.06969
"2025-04-08 17:05:48.7",15612,0.04119301,0.01799393,-0.01172256,24.0137
"2025-04-08 17:05:48.75",15613,0.04112053,0.01711845,-0.01251793,24.00902
"2025-04-08 17:05:48.8",15614,0.03942871,0.01642036,-0.01317406,24.00884
"2025-04-08 17:05:48.85",15615,0.04265022,0.0167942,-0.01313782,24.03133
"2025-04-08 17:05:48.9",15616,0.04408455,0.01714325,-0.01260185,24.00798
"2025-04-08 17:05:48.95",15617,0.04070091,0.01643562,-0.01253319,24.04651
"2025-04-08 17:05:49",15618,0.04107475,0.01649857,-0.01247025,24.03533
"2025-04-08 17:05:49.05",15619,0.04456139,0.01999855,-0.01290894,24.03488
"2025-04-08 17:05:49.1",15620,0.04022217,0.01633644,-0.01276398,24.03298
"2025-04-08 17:05:49.15",15621,0.04367447,0.01657677,-0.009792328,24.03225
"2025-04-08 17:05:49.2",15622,0.04290199,0.0162735,-0.01285172,24.01447
"2025-04-08 17:05:49.25",15623,0.04190826,0.01638603,-0.01327515,24.01109
"2025-04-08 17:05:49.3",15624,0.03879166,0.01642418,-0.01259613,24.03234
"2025-04-08 17:05:49.35",15625,0.03895378,0.01654243,-0.01233673,24.03296
"2025-04-08 17:05:49.4",15626,0.03942108,0.01712418,-0.01023293,24.03256
"2025-04-08 17:05:49.45",15627,0.03922653,0.01700401,-0.01057243,24.03048
"2025-04-08 17:05:49.5",15628,0.03842735,0.01682472,-0.0101757,24.00829
"2025-04-08 17:05:49.55",15629,0.03772926,0.01693726,-0.01255417,24.00819
"2025-04-08 17:05:49.6",15630,0.03861809,0.01635742,-0.01062202,24.06842
"2025-04-08 17:05:49.65",15631,0.03834534,0.01766586,-0.01002502,24.03156
"2025-04-08 17:05:49.7",15632,0.03893661,0.01725197,-0.008657455,24.04375
"2025-04-08 17:05:49.75",15633,0.04286766,0.01988029,-0.00594902,24.01763
"2025-04-08 17:05:49.8",15634,0.04312134,0.02000427,-0.007167816,24.01698
"2025-04-08 17:05:49.85",15635,0.03865051,0.01770973,-0.009552002,24.0069
"2025-04-08 17:05:49.9",15636,0.0386467,0.01709938,-0.008745193,24.00803
"2025-04-08 17:05:49.95",15637,0.03637505,0.01668549,-0.009830475,24.00744
"2025-04-08 17:05:50",15638,0.04009438,0.01763153,-0.009311676,24.02982
"2025-04-08 17:05:50.05",15639,0.0379982,0.01711845,-0.009353638,24.00596
"2025-04-08 17:05:50.1",15640,0.03884315,0.01410675,-0.009607315,24.00862
"2025-04-08 17:05:50.15",15641,0.03656197,0.01384544,-0.01025009,24.0294
"2025-04-08 17:05:50.2",15642,0.03655624,0.01685524,-0.01070213,24.02934
"2025-04-08 17:05:50.25",15643,0.03589249,0.01679993,-0.01278877,24.02841
"2025-04-08 17:05:50.3",15644,0.03628922,0.01432419,-0.01033974,24.0307
"2025-04-08 17:05:50.35",15645,0.03636169,0.01742554,-0.01397896,24.00861
"2025-04-08 17:05:50.4",15646,0.03641701,0.01875305,-0.01109123,24.03063
"2025-04-08 17:05:50.45",15647,0.03636932,0.01899719,-0.01271248,24.03088
"2025-04-08 17:05:50.5",15648,0.03632927,0.01841736,-0.0104332,24.03217
"2025-04-08 17:05:50.55",15649,0.03736115,0.01919937,-0.01128769,24.04745
"2025-04-08 17:05:50.6",15650,0.03590584,0.01607895,-0.007200241,24.03644
"2025-04-08 17:05:50.65",15651,0.03577614,0.01510239,-0.01103592,24.00947
"2025-04-08 17:05:50.7",15652,0.03688049,0.01811028,-0.01102066,24.00883
"2025-04-08 17:05:50.75",15653,0.03437424,0.01468277,-0.01129341,24.00809
"2025-04-08 17:05:50.8",15654,0.03630638,0.01514053,-0.01065254,24.00732
"2025-04-08 17:05:50.85",15655,0.03657532,0.01438713,-0.01086235,24.00865
"2025-04-08 17:05:50.9",15656,0.03525734,0.01426888,-0.01137161,24.01042
"2025-04-08 17:05:50.95",15657,0.03661537,0.0148716,-0.01102638,24.00731
"2025-04-08 17:05:51",15658,0.03642273,0.01361084,-0.01041794,24.00834
"2025-04-08 17:05:51.05",15659,0.03870773,0.01724625,-0.007673264,24.03948
"2025-04-08 17:05:51.1",15660,0.03763008,0.01375389,-0.01105499,24.00919
"2025-04-08 17:05:51.15",15661,0.03466034,0.01383209,-0.01028633,24.0105
"2025-04-08 17:05:51.2",15662,0.03473663,0.01401329,-0.01000404,24.03329
"2025-04-08 17:05:51.25",15663,0.04032898,0.01727486,-0.007734299,24.02311
"2025-04-08 17:05:51.3",15664,0.03526878,0.01394844,-0.01322746,24.03551
"2025-04-08 17:05:51.35",15665,0.03388405,0.01445961,-0.009912491,24.01376
"2025-04-08 17:05:51.4",15666,0.03719521,0.01329041,-0.01064491,24.01398
"2025-04-08 17:05:51.45",15667,0.0352993,0.01653099,-0.01011086,24.07112
"2025-04-08 17:05:51.5",15668,0.03385353,0.01412964,-0.01070786,24.03387
"2025-04-08 17:05:51.55",15669,0.03316307,0.01344109,-0.01016998,24.04675
"2025-04-08 17:05:51.6",15670,0.03632927,0.01714516,-0.006874084,24.03823
"2025-04-08 17:05:51.65",15671,0.03304482,0.0135498,-0.01011658,24.03319
"2025-04-08 17:05:51.7",15672,0.03317261,0.01397896,-0.0100193,24.00781
"2025-04-08 17:05:51.75",15673,0.03680992,0.01788902,-0.007108688,24.03748
"2025-04-08 17:05:51.8",15674,0.03053856,0.013731,-0.01068878,24.033
"2025-04-08 17:05:51.85",15675,0.03704262,0.01758194,-0.008310318,24.03915
"2025-04-08 17:05:51.9",15676,0.03644562,0.01852798,-0.005737305,24.0149
"2025-04-08 17:05:51.95",15677,0.032547,0.01405144,-0.008987427,24.00453
"2025-04-08 17:05:52",15678,0.03251266,0.01400757,-0.008802414,24.04328
"2025-04-08 17:05:52.05",15679,0.02981758,0.01472092,-0.009088516,24.02789
"2025-04-08 17:05:52.1",15680,0.02980614,0.01437378,-0.008918762,24.02831
"2025-04-08 17:05:52.15",15681,0.03320503,0.01388931,-0.008584976,24.04424
"2025-04-08 17:05:52.2",15682,0.03030777,0.01481056,-0.009155273,24.04426
"2025-04-08 17:05:52.25",15683,0.03033066,0.01521873,-0.009992599,24.02859
"2025-04-08 17:05:52.3",15684,0.02840805,0.01438713,-0.009120941,24.0432
"2025-04-08 17:05:52.35",15685,0.03112221,0.0116787,-0.01019859,24.03098
"2025-04-08 17:05:52.4",15686,0.03004646,0.01387024,-0.01032639,24.00803
"2025-04-08 17:05:52.45",15687,0.02995682,0.01435661,-0.01029778,24.06676
"2025-04-08 17:05:52.5",15688,0.0304985,0.01471519,-0.01038933,24.04638
"2025-04-08 17:05:52.55",15689,0.03088188,0.01462173,-0.01073647,24.00918
"2025-04-08 17:05:52.6",15690,0.03071594,0.01583099,-0.0114212,24.00734
"2025-04-08 17:05:52.65",15691,0.03053665,0.0164814,-0.01326942,24.04182
"2025-04-08 17:05:52.7",15692,0.03071976,0.01623917,-0.01011658,24.00848
"2025-04-08 17:05:52.75",15693,0.03131866,0.01342392,-0.01357269,24.02995
"2025-04-08 17:05:52.8",15694,0.03068161,0.01676369,-0.01086998,24.03027
"2025-04-08 17:05:52.85",15695,0.0308094,0.01604843,-0.01288033,24.04768
"2025-04-08 17:05:52.9",15696,0.03125763,0.01545334,-0.01049614,24.0314
"2025-04-08 17:05:52.95",15697,0.03143501,0.01620483,-0.01374435,24.0321
"2025-04-08 17:05:53",15698,0.02846527,0.01625633,-0.01037788,24.03537
"2025-04-08 17:05:53.05",15699,0.02843094,0.01151466,-0.01313019,24.02968
"2025-04-08 17:05:53.1",15700,0.03238106,0.01716614,-0.00777626,24.03872
"2025-04-08 17:05:53.15",15701,0.03083229,0.01440239,-0.01395607,24.00587
"2025-04-08 17:05:53.2",15702,0.03033447,0.01455307,-0.01332664,24.0303
"2025-04-08 17:05:53.25",15703,0.03142357,0.01340103,-0.009405136,24.04554
"2025-04-08 17:05:53.3",15704,0.03190994,0.01394844,-0.01352882,24.00773
"2025-04-08 17:05:53.35",15705,0.02997971,0.01439095,-0.01075745,24.00951
"2025-04-08 17:05:53.4",15706,0.03016472,0.0116272,-0.01300621,24.03135
"2025-04-08 17:05:53.45",15707,0.0295639,0.01415634,-0.009996414,24.03278
"2025-04-08 17:05:53.5",15708,0.03018951,0.0142746,-0.01282883,24.03502
"2025-04-08 17:05:53.55",15709,0.02932549,0.01386261,-0.009689331,24.01463
"2025-04-08 17:05:53.6",15710,0.02938271,0.01410103,-0.01229477,24.01036
"2025-04-08 17:05:53.65",15711,0.02979851,0.01342392,-0.01254463,24.0118
"2025-04-08 17:05:53.7",15712,0.02925301,0.01144791,-0.01325798,24.00502
"2025-04-08 17:05:53.75",15713,0.02810097,0.01497078,-0.01245499,24.01289
"2025-04-08 17:05:53.8",15714,0.02504158,0.01426888,-0.01295853,24.04729
"2025-04-08 17:05:53.85",15715,0.02874374,0.01346016,-0.01274109,24.0331
"2025-04-08 17:05:53.9",15716,0.02798653,0.01390457,-0.01357651,24.03213
"2025-04-08 17:05:53.95",15717,0.02794647,0.01125145,-0.01348305,24.04438
"2025-04-08 17:05:54",15718,0.02699471,0.01393318,-0.01268959,24.03714
"2025-04-08 17:05:54.05",15719,0.02747726,0.01472092,-0.01313019,24.03011
"2025-04-08 17:05:54.1",15720,0.02940178,0.0180378,-0.007696152,24.04321
"2025-04-08 17:05:54.15",15721,0.02689552,0.01465797,-0.01216888,23.99866
"2025-04-08 17:05:54.2",15722,0.02750397,0.01201057,-0.009628296,24.00529
"2025-04-08 17:05:54.25",15723,0.02925682,0.01508331,-0.008563995,24.01525
"2025-04-08 17:05:54.3",15724,0.02503777,0.01431465,-0.01215363,24.04276
"2025-04-08 17:05:54.35",15725,0.02746964,0.01392365,-0.01190758,24.00515
"2025-04-08 17:05:54.4",15726,0.02729416,0.01341248,-0.011549,24.00005
"2025-04-08 17:05:54.45",15727,0.02778435,0.01423645,-0.009384155,24.00681
"2025-04-08 17:05:54.5",15728,0.02779961,0.01426888,-0.01272964,24.00673
"2025-04-08 17:05:54.55",15729,0.0276165,0.01413345,-0.008811951,24.02871
"2025-04-08 17:05:54.6",15730,0.02519417,0.0109272,-0.01241684,24.00829
"2025-04-08 17:05:54.65",15731,0.02556038,0.0143528,-0.01038933,24.00783
"2025-04-08 17:05:54.7",15732,0.02475548,0.01481438,-0.01033783,24.02801
"2025-04-08 17:05:54.75",15733,0.03092194,0.01782608,-0.01031494,24.03771
"2025-04-08 17:05:54.8",15734,0.02537537,0.01445389,-0.01033783,24.00879
"2025-04-08 17:05:54.85",15735,0.0252037,0.01497841,-0.01024437,24.00758
"2025-04-08 17:05:54.9",15736,0.02587318,0.01615524,-0.0103817,24.03672
"2025-04-08 17:05:54.95",15737,0.02461624,0.01656342,-0.01037216,24.00824
"2025-04-08 17:05:55",15738,0.02575684,0.01556015,-0.01373863,24.04571
"2025-04-08 17:05:55.05",15739,0.02560616,0.01625633,-0.01084709,24.03026
"2025-04-08 17:05:55.1",15740,0.0282402,0.01627922,-0.007440567,24.03703
"2025-04-08 17:05:55.15",15741,0.02552605,0.01520157,-0.01072502,24.03072
"2025-04-08 17:05:55.2",15742,0.02910233,0.01633072,-0.00752449,24.01752
"2025-04-08 17:05:55.25",15743,0.0253334,0.01529121,-0.01119423,24.00037
"2025-04-08 17:05:55.3",15744,0.02524757,0.01514435,-0.01064682,24.03013
"2025-04-08 17:05:55.35",15745,0.02809143,0.01375389,-0.01042938,24.00835
"2025-04-08 17:05:55.4",15746,0.02870369,0.01689339,-0.01076126,24.01019
"2025-04-08 17:05:55.45",15747,0.02260208,0.01421738,-0.01357651,24.02906
"2025-04-08 17:05:55.5",15748,0.02593613,0.01399422,-0.01046562,24.03024
"2025-04-08 17:05:55.55",15749,0.03359222,0.01789474,-0.00758934,24.00899
"2025-04-08 17:05:55.6",15750,0.02907562,0.01365471,-0.01332092,24.0321
"2025-04-08 17:05:55.65",15751,0.02695847,0.01638412,-0.00998497,24.00111
"2025-04-08 17:05:55.7",15752,0.02689171,0.013834,-0.01006889,24.01051
"2025-04-08 17:05:55.75",15753,0.02760124,0.01352119,-0.01286697,24.01311
"2025-04-08 17:05:55.8",15754,0.02721405,0.01415825,-0.01078033,24.03466
"2025-04-08 17:05:55.85",15755,0.0263195,0.01722908,-0.01007462,24.00311
"2025-04-08 17:05:55.9",15756,0.02602386,0.01368713,-0.01019859,24.01331
"2025-04-08 17:05:55.95",15757,0.02623749,0.01371384,-0.01017189,24.01299
"2025-04-08 17:05:56",15758,0.02907944,0.01618004,-0.01047897,24.00961
"2025-04-08 17:05:56.05",15759,0.02511406,0.01502228,-0.01025391,24.03265
"2025-04-08 17:05:56.1",15760,0.02840233,0.01743507,-0.009717941,24.00747
"2025-04-08 17:05:56.15",15761,0.02619171,0.01823425,-0.010746,24.01015
"2025-04-08 17:05:56.2",15762,0.02489471,0.01682091,-0.01092911,24.00838
"2025-04-08 17:05:56.25",15763,0.02763176,0.02080345,-0.007167816,24.05135
"2025-04-08 17:05:56.3",15764,0.02536964,0.01719475,-0.01000214,24.0017
"2025-04-08 17:05:56.35",15765,0.02986526,0.02012062,-0.006849289,24.01762
"2025-04-08 17:05:56.4",15766,0.02440071,0.01748466,-0.009635925,24.00737
"2025-04-08 17:05:56.45",15767,0.02416992,0.01704025,-0.009428024,24.02693
"2025-04-08 17:05:56.5",15768,0.02752876,0.01392174,-0.009086609,24.03126
"2025-04-08 17:05:56.55",15769,0.02573013,0.01496506,-0.008871078,24.00658
"2025-04-08 17:05:56.6",15770,0.02482986,0.01500511,-0.009021759,24.0069
"2025-04-08 17:05:56.65",15771,0.02576256,0.01682472,-0.008987427,23.9982
"2025-04-08 17:05:56.7",15772,0.02499199,0.01699257,-0.01000214,23.99884
"2025-04-08 17:05:56.75",15773,0.02567673,0.01715469,-0.01037788,24.0059
"2025-04-08 17:05:56.8",15774,0.02490616,0.01693153,-0.01008797,24.02746
"2025-04-08 17:05:56.85",15775,0.0251255,0.01668167,-0.009880066,24.00673
"2025-04-08 17:05:56.9",15776,0.0256958,0.01708794,-0.01033211,24.00671
"2025-04-08 17:05:56.95",15777,0.02539253,0.01660919,-0.0105629,24.00786
"2025-04-08 17:05:57",15778,0.02504349,0.01719475,-0.01011658,24.00029
"2025-04-08 17:05:57.05",15779,0.02523041,0.01653099,-0.0100975,24.00086
"2025-04-08 17:05:57.1",15780,0.02583504,0.01811218,-0.01090622,24.00823
"2025-04-08 17:05:57.15",15781,0.02524757,0.0176754,-0.01121902,24.00632
"2025-04-08 17:05:57.2",15782,0.02465057,0.0178833,-0.01124191,24.00784
"2025-04-08 17:05:57.25",15783,0.02492523,0.01810455,-0.01059532,24.00737
"2025-04-08 17:05:57.3",15784,0.02562332,0.01793671,-0.0113163,24.02957
"2025-04-08 17:05:57.35",15785,0.02463341,0.01874352,-0.01176262,24.02844
"2025-04-08 17:05:57.4",15786,0.02225876,0.01787758,-0.01106834,23.99916
"2025-04-08 17:05:57.45",15787,0.0255146,0.01749229,-0.01099777,24.06731
"2025-04-08 17:05:57.5",15788,0.02624893,0.01753616,-0.01145363,24.00748
"2025-04-08 17:05:57.55",15789,0.02209854,0.0177269,-0.009851456,24.04563
"2025-04-08 17:05:57.6",15790,0.0254097,0.01673126,-0.01084709,23.99897
"2025-04-08 17:05:57.65",15791,0.02621841,0.01751328,-0.01122475,24.00135
"2025-04-08 17:05:57.7",15792,0.02595329,0.01621819,-0.01064491,24.00817
"2025-04-08 17:05:57.75",15793,0.02590179,0.01678658,-0.01072502,23.99844
"2025-04-08 17:05:57.8",15794,0.03068733,0.02009773,-0.00774765,24.00729
"2025-04-08 17:05:57.85",15795,0.0282917,0.01717186,-0.01068878,24.03079
"2025-04-08 17:05:57.9",15796,0.02794456,0.01613426,-0.01093483,24.04619
"2025-04-08 17:05:57.95",15797,0.0284214,0.01662636,-0.0105629,24.00291
"2025-04-08 17:05:58",15798,0.02700233,0.01539612,-0.00983429,24.01177
"2025-04-08 17:05:58.05",15799,0.027565,0.01587868,-0.01056671,24.01241
"2025-04-08 17:05:58.1",15800,0.02399826,0.01342392,-0.0107193,24.0135
"2025-04-08 17:05:58.15",15801,0.02388,0.01544762,-0.01052856,24.03256
"2025-04-08 17:05:58.2",15802,0.02674103,0.01550865,-0.01065636,24.01186
"2025-04-08 17:05:58.25",15803,0.02778435,0.01868629,-0.01169395,24.01215
"2025-04-08 17:05:58.3",15804,0.02282333,0.01358032,-0.01000214,24.0312
"2025-04-08 17:05:58.35",15805,0.02251244,0.01366615,-0.01005363,24.00724
"2025-04-08 17:05:58.4",15806,0.0261364,0.01603317,-0.01081848,24.04601
"2025-04-08 17:05:58.45",15807,0.02675247,0.01697159,-0.01008797,24.00906
"2025-04-08 17:05:58.5",15808,0.02207184,0.01674843,-0.01086998,23.9996
"2025-04-08 17:05:58.55",15809,0.02362251,0.0165062,-0.01036072,24.00747
"2025-04-08 17:05:58.6",15810,0.03000259,0.01762581,-0.007965088,24.00853
"2025-04-08 17:05:58.65",15811,0.02527618,0.01738548,-0.009880066,24.007
"2025-04-08 17:05:58.7",15812,0.02476883,0.01627922,-0.008985519,24.00607
"2025-04-08 17:05:58.75",15813,0.02560043,0.01327515,-0.008924484,24.00026
"2025-04-08 17:05:58.8",15814,0.02536392,0.0170269,-0.009149551,24.0089
"2025-04-08 17:05:58.85",15815,0.02399826,0.01397324,-0.009317398,23.99581
"2025-04-08 17:05:58.9",15816,0.0244236,0.01644516,-0.00909996,24.00632
"2025-04-08 17:05:58.95",15817,0.02309227,0.01397896,-0.00938797,24.00087
"2025-04-08 17:05:59",15818,0.02232361,0.01456451,-0.0100975,24.02907
"2025-04-08 17:05:59.05",15819,0.02459526,0.01412201,-0.009521484,23.99931
"2025-04-08 17:05:59.1",15820,0.02532196,0.01430321,-0.009830475,23.99886
"2025-04-08 17:05:59.15",15821,0.02303505,0.01382828,-0.01036644,24.00881
"2025-04-08 17:05:59.2",15822,0.02458191,0.01428032,-0.01114845,24.00698
"2025-04-08 17:05:59.25",15823,0.02544403,0.01478386,-0.0104351,24.02739
"2025-04-08 17:05:59.3",15824,0.02538681,0.01698685,-0.01082039,24.03086
"2025-04-08 17:05:59.35",15825,0.02509117,0.0151577,-0.01128769,24.00842
"2025-04-08 17:05:59.4",15826,0.0250988,0.01740074,-0.01085854,24.00741
"2025-04-08 17:05:59.45",15827,0.02187538,0.0156517,-0.01065636,24.0001
"2025-04-08 17:05:59.5",15828,0.02557755,0.01596069,-0.0114212,23.99967
"2025-04-08 17:05:59.55",15829,0.02957535,0.01900291,-0.01020432,24.03011
"2025-04-08 17:05:59.6",15830,0.02243996,0.01618004,-0.01092911,23.97717
"2025-04-08 17:05:59.65",15831,0.02799225,0.02056694,-0.007757187,24.03687
"2025-04-08 17:05:59.7",15832,0.02536964,0.01721573,-0.01134872,24.00842
"2025-04-08 17:05:59.75",15833,0.0222435,0.01519585,-0.01123619,24.00066
"2025-04-08 17:05:59.8",15834,0.02428055,0.01429558,-0.01062965,24.00661
"2025-04-08 17:05:59.85",15835,0.02867126,0.016222,-0.007686615,24.01566
"2025-04-08 17:05:59.9",15836,0.02319336,0.01444244,-0.01109314,23.99985
"2025-04-08 17:05:59.95",15837,0.02519417,0.01441383,-0.01105499,24.00587