"2025-04-08 17:25:00",38638,0.07542419,0.04272461,0.05707932,25.97955
"2025-04-08 17:25:00.05",38639,0.07118416,0.036726,0.06227875,25.99507
"2025-04-08 17:25:00.1",38640,0.06592369,0.03278351,0.06745338,26.02522
"2025-04-08 17:25:00.15",38641,0.06917953,0.03548622,0.06282425,25.97353
"2025-04-08 17:25:00.2",38642,0.06502724,0.03145599,0.06748962,25.994
"2025-04-08 17:25:00.25",38643,0.0645752,0.02801514,0.0654068,26.02711
"2025-04-08 17:25:00.3",38644,0.06097031,0.0309639,0.06617737,26.00327
"2025-04-08 17:25:00.35",38645,0.06200409,0.03530884,0.06883621,26.00381
"2025-04-08 17:25:00.4",38646,0.05763817,0.02993774,0.06654549,26.02594
"2025-04-08 17:25:00.45",38647,0.05463219,0.02922249,0.06633759,26.0253
"2025-04-08 17:25:00.5",38648,0.05677795,0.02874184,0.06518364,26.00169
"2025-04-08 17:25:00.55",38649,0.05656433,0.02839088,0.06347275,26.02323
"2025-04-08 17:25:00.6",38650,0.05753708,0.02856636,0.06101608,26.00243
"2025-04-08 17:25:00.65",38651,0.0526123,0.02854729,0.05672836,26.01358
"2025-04-08 17:25:00.7",38652,0.05745316,0.02655792,0.05856514,26.06271
"2025-04-08 17:25:00.75",38653,0.05795479,0.02485847,0.06057549,26.09386
"2025-04-08 17:25:00.8",38654,0.05951309,0.02679825,0.06171417,26.0614
"2025-04-08 17:25:00.85",38655,0.06489182,0.0293541,0.0641861,26.0853
"2025-04-08 17:25:00.9",38656,0.06305885,0.02978706,0.06256104,26.12133
"2025-04-08 17:25:00.95",38657,0.05822182,0.02481079,0.0623951,26.07728
"2025-04-08 17:25:01",38658,0.06303024,0.02765083,0.06176376,26.05854
"2025-04-08 17:25:01.05",38659,0.06369591,0.02741051,0.06055832,26.09747
"2025-04-08 17:25:01.1",38660,0.06761742,0.03409767,0.06400871,26.06584
"2025-04-08 17:25:01.15",38661,0.06337166,0.03076935,0.06117821,26.09592
"2025-04-08 17:25:01.2",38662,0.06880188,0.03441048,0.06237793,26.0788
"2025-04-08 17:25:01.25",38663,0.06443977,0.03023911,0.0587635,26.06681
"2025-04-08 17:25:01.3",38664,0.07217407,0.03035355,0.06162834,26.12053
"2025-04-08 17:25:01.35",38665,0.07407761,0.0317173,0.05692101,26.09097
"2025-04-08 17:25:01.4",38666,0.0794754,0.0313282,0.05243683,26.09207
"2025-04-08 17:25:01.45",38667,0.07794189,0.03121948,0.05805016,26.09211
"2025-04-08 17:25:01.5",38668,0.08107567,0.03146744,0.05527496,26.09361
"2025-04-08 17:25:01.55",38669,0.08068657,0.03102493,0.05486298,26.09259
"2025-04-08 17:25:01.6",38670,0.08138847,0.03202438,0.05367661,26.1068
"2025-04-08 17:25:01.65",38671,0.0871067,0.03587151,0.06145668,26.0761
"2025-04-08 17:25:01.7",38672,0.08218193,0.03276634,0.06182671,26.11861
"2025-04-08 17:25:01.75",38673,0.08381271,0.03634834,0.05890846,26.12566
"2025-04-08 17:25:01.8",38674,0.08195305,0.03115273,0.05701828,26.13944
"2025-04-08 17:25:01.85",38675,0.07747269,0.03159332,0.05326462,26.1599
"2025-04-08 17:25:01.9",38676,0.08310318,0.03507996,0.05699921,26.14613
"2025-04-08 17:25:01.95",38677,0.07956886,0.03384018,0.05307961,26.16034
"2025-04-08 17:25:02",38678,0.07826042,0.0367794,0.05550194,26.14901
"2025-04-08 17:25:02.05",38679,0.0765419,0.03752518,0.05554962,26.10485
"2025-04-08 17:25:02.1",38680,0.07890892,0.04774094,0.05409431,26.0994
"2025-04-08 17:25:02.15",38681,0.07310677,0.04790688,0.05530739,26.14499
"2025-04-08 17:25:02.2",38682,0.07626915,0.05238724,0.05662537,26.15199
"2025-04-08 17:25:02.25",38683,0.07380486,0.04898453,0.05125427,26.15379
"2025-04-08 17:25:02.3",38684,0.07464409,0.04929924,0.05033302,26.12386
"2025-04-08 17:25:02.35",38685,0.07243156,0.04931641,0.05064583,26.1041
"2025-04-08 17:25:02.4",38686,0.07369423,0.05093002,0.05118561,26.14902
"2025-04-08 17:25:02.45",38687,0.07026863,0.04818153,0.05653572,26.14809
"2025-04-08 17:25:02.5",38688,0.07081604,0.04844284,0.05403519,26.14742
"2025-04-08 17:25:02.55",38689,0.06893349,0.0513382,0.05722237,26.15182
"2025-04-08 17:25:02.6",38690,0.0665741,0.04788017,0.06230164,26.18878
"2025-04-08 17:25:02.65",38691,0.06855965,0.0501976,0.06851768,26.17301
"2025-04-08 17:25:02.7",38692,0.0625248,0.03289795,0.07475281,26.22311
"2025-04-08 17:25:02.75",38693,0.06282616,0.03648758,0.07627487,26.17278
"2025-04-08 17:25:02.8",38694,0.06150627,0.03456688,0.07804871,26.19972
"2025-04-08 17:25:02.85",38695,0.06267929,0.0335598,0.07578278,26.22209
"2025-04-08 17:25:02.9",38696,0.0637989,0.03372192,0.079916,26.23483
"2025-04-08 17:25:02.95",38697,0.06341171,0.03331566,0.07390594,26.22016
"2025-04-08 17:25:03",38698,0.06406975,0.03214836,0.08259583,26.23931
"2025-04-08 17:25:03.05",38699,0.06186485,0.03240395,0.08243752,26.24042
"2025-04-08 17:25:03.1",38700,0.06218147,0.03309059,0.07582283,26.25486
"2025-04-08 17:25:03.15",38701,0.06096649,0.02996826,0.0783844,26.25497
"2025-04-08 17:25:03.2",38702,0.05999947,0.02601624,0.08328056,26.25979
"2025-04-08 17:25:03.25",38703,0.06235123,0.04432297,0.07611656,26.28339
"2025-04-08 17:25:03.3",38704,0.05978203,0.04093742,0.07393456,26.2737
"2025-04-08 17:25:03.35",38705,0.06051445,0.04048157,0.07623482,26.27564
"2025-04-08 17:25:03.4",38706,0.06191635,0.04125023,0.07713318,26.29771
"2025-04-08 17:25:03.45",38707,0.06213188,0.0339756,0.07201767,26.27379
"2025-04-08 17:25:03.5",38708,0.05976868,0.03906822,0.07004738,26.29486
"2025-04-08 17:25:03.55",38709,0.05847359,0.03873634,0.07155991,26.29873
"2025-04-08 17:25:03.6",38710,0.06374741,0.03715134,0.06879044,26.26385
"2025-04-08 17:25:03.65",38711,0.06686401,0.04572487,0.07125092,26.29431
"2025-04-08 17:25:03.7",38712,0.07470512,0.04721642,0.06905746,26.29563
"2025-04-08 17:25:03.75",38713,0.07797813,0.04697037,0.07444763,26.30358
"2025-04-08 17:25:03.8",38714,0.07827377,0.04380417,0.07087135,26.26288
"2025-04-08 17:25:03.85",38715,0.08181,0.02586937,0.0761013,26.25484
"2025-04-08 17:25:03.9",38716,0.07717896,0.04149055,0.06376266,26.28614
"2025-04-08 17:25:03.95",38717,0.07988548,0.02690315,0.06659317,26.25413
"2025-04-08 17:25:04",38718,0.07942963,0.03965569,0.07103348,26.28817
"2025-04-08 17:25:04.05",38719,0.08241844,0.04480362,0.07012558,26.27889
"2025-04-08 17:25:04.1",38720,0.08115005,0.02942085,0.07489395,26.21747
"2025-04-08 17:25:04.15",38721,0.07590675,0.03520775,0.07387161,26.23566
"2025-04-08 17:25:04.2",38722,0.07854271,0.03667831,0.07583618,26.19528
"2025-04-08 17:25:04.25",38723,0.07273674,0.03656006,0.07679939,26.19637
"2025-04-08 17:25:04.3",38724,0.07728004,0.03638649,0.0760498,26.21177
"2025-04-08 17:25:04.35",38725,0.07936668,0.03917313,0.07812119,26.20551
"2025-04-08 17:25:04.4",38726,0.07924652,0.03919029,0.07655907,26.21011
"2025-04-08 17:25:04.45",38727,0.07440186,0.03813934,0.08051872,26.19497
"2025-04-08 17:25:04.5",38728,0.08228683,0.04155922,0.08555603,26.21278
"2025-04-08 17:25:04.55",38729,0.07418633,0.03737068,0.08385658,26.19096
"2025-04-08 17:25:04.6",38730,0.07139206,0.03663635,0.08378601,26.14768
"2025-04-08 17:25:04.65",38731,0.06982994,0.03662872,0.08332062,26.17747
"2025-04-08 17:25:04.7",38732,0.07011986,0.05331993,0.07668495,26.14937
"2025-04-08 17:25:04.75",38733,0.07385063,0.05452538,0.08028984,26.10416
"2025-04-08 17:25:04.8",38734,0.07593155,0.05542564,0.08580017,26.13338
"2025-04-08 17:25:04.85",38735,0.07761574,0.05532455,0.08615303,26.13546
"2025-04-08 17:25:04.9",38736,0.07182312,0.05208397,0.08309746,26.12685
"2025-04-08 17:25:04.95",38737,0.06799126,0.0518837,0.08514786,26.08964
"2025-04-08 17:25:05",38738,0.07055855,0.05201912,0.0847187,26.12767
"2025-04-08 17:25:05.05",38739,0.07370949,0.05177879,0.08498192,26.09315
"2025-04-08 17:25:05.1",38740,0.07437897,0.05355835,0.08415985,26.0775
"2025-04-08 17:25:05.15",38741,0.0732193,0.05279922,0.08575249,26.09845
"2025-04-08 17:25:05.2",38742,0.07050323,0.04719162,0.08213234,26.07568
"2025-04-08 17:25:05.25",38743,0.06660461,0.04553604,0.08205795,26.09039
"2025-04-08 17:25:05.3",38744,0.06641197,0.04636765,0.08418274,26.09144
"2025-04-08 17:25:05.35",38745,0.07189369,0.04583549,0.08010483,26.07333
"2025-04-08 17:25:05.4",38746,0.07424545,0.04336357,0.07505608,26.03671
"2025-04-08 17:25:05.45",38747,0.07611656,0.04771233,0.07815933,26.0497
"2025-04-08 17:25:05.5",38748,0.07007027,0.04573441,0.07928276,26.0133
"2025-04-08 17:25:05.55",38749,0.07363701,0.04916573,0.07872391,26.04303
"2025-04-08 17:25:05.6",38750,0.07344055,0.04462624,0.08036613,26.03977
"2025-04-08 17:25:05.65",38751,0.07161522,0.04443932,0.07365799,26.00814
"2025-04-08 17:25:05.7",38752,0.07725716,0.04426575,0.07217407,26.05017
"2025-04-08 17:25:05.75",38753,0.08215332,0.04286957,0.07423019,26.00465
"2025-04-08 17:25:05.8",38754,0.0829258,0.04259682,0.07445908,26.00339
"2025-04-08 17:25:05.85",38755,0.08475876,0.04398155,0.07679176,26.00289
"2025-04-08 17:25:05.9",38756,0.08928108,0.04167557,0.07653618,25.97851
"2025-04-08 17:25:05.95",38757,0.08762169,0.04149055,0.07089043,25.94855
"2025-04-08 17:25:06",38758,0.08729172,0.04131699,0.07409668,25.97977
"2025-04-08 17:25:06.05",38759,0.08683586,0.04096794,0.06938744,25.92993
"2025-04-08 17:25:06.1",38760,0.08902931,0.04080963,0.0672493,25.98896
"2025-04-08 17:25:06.15",38761,0.09033585,0.04455566,0.06962585,25.98844
"2025-04-08 17:25:06.2",38762,0.08422089,0.04553986,0.07359886,25.95263
"2025-04-08 17:25:06.25",38763,0.08733177,0.05019951,0.07453156,25.98335
"2025-04-08 17:25:06.3",38764,0.08911324,0.05157852,0.0694046,25.95543
"2025-04-08 17:25:06.35",38765,0.08650398,0.05773926,0.06605148,25.98452
"2025-04-08 17:25:06.4",38766,0.08701324,0.05672646,0.06918526,25.98238
"2025-04-08 17:25:06.45",38767,0.08634949,0.06144142,0.07159805,25.95482
"2025-04-08 17:25:06.5",38768,0.08622551,0.0587368,0.06753349,25.9608
"2025-04-08 17:25:06.55",38769,0.08814049,0.05906105,0.07138634,25.95268
"2025-04-08 17:25:06.6",38770,0.08571625,0.05788994,0.06749344,25.94935
"2025-04-08 17:25:06.65",38771,0.082407,0.05747986,0.06970978,25.94785
"2025-04-08 17:25:06.7",38772,0.08507156,0.05699348,0.07014084,25.94472
"2025-04-08 17:25:06.75",38773,0.08610725,0.06313324,0.06803131,25.9213
"2025-04-08 17:25:06.8",38774,0.084795,0.06092644,0.06757927,25.92065
"2025-04-08 17:25:06.85",38775,0.08774376,0.05948067,0.07078362,25.94046
"2025-04-08 17:25:06.9",38776,0.08687973,0.06016731,0.07049942,25.94685
"2025-04-08 17:25:06.95",38777,0.08626556,0.06015587,0.07083893,25.88699
"2025-04-08 17:25:07",38778,0.08187675,0.05666351,0.06871033,25.8766
"2025-04-08 17:25:07.05",38779,0.08073616,0.05615807,0.06853104,25.89861
"2025-04-08 17:25:07.1",38780,0.08301353,0.06088066,0.07247543,25.86793
"2025-04-08 17:25:07.15",38781,0.08071518,0.05823898,0.06833839,25.86002
"2025-04-08 17:25:07.2",38782,0.08064079,0.06188583,0.06978798,25.90097
"2025-04-08 17:25:07.25",38783,0.07607079,0.05787086,0.06462288,25.89544
"2025-04-08 17:25:07.3",38784,0.08127213,0.06176376,0.06512451,25.90243
"2025-04-08 17:25:07.35",38785,0.0769558,0.05437469,0.05856323,25.84297
"2025-04-08 17:25:07.4",38786,0.07723427,0.054142,0.060112,25.84077
"2025-04-08 17:25:07.45",38787,0.08051872,0.05349731,0.06186485,25.856
"2025-04-08 17:25:07.5",38788,0.0809269,0.05591202,0.06318283,25.84136
"2025-04-08 17:25:07.55",38789,0.07908249,0.05463409,0.0586071,25.81839
"2025-04-08 17:25:07.6",38790,0.08114433,0.05470657,0.05922318,25.81202
"2025-04-08 17:25:07.65",38791,0.07976532,0.05234718,0.0585537,25.80774
"2025-04-08 17:25:07.7",38792,0.07972527,0.05592728,0.06139374,25.81415
"2025-04-08 17:25:07.75",38793,0.07861328,0.05052185,0.05895996,25.78464
"2025-04-08 17:25:07.8",38794,0.07737541,0.04861069,0.05380058,25.76094
"2025-04-08 17:25:07.85",38795,0.0736866,0.04889107,0.05567169,25.78384
"2025-04-08 17:25:07.9",38796,0.07626915,0.04907417,0.05815125,25.78351
"2025-04-08 17:25:07.95",38797,0.0768528,0.04971695,0.05666351,25.78305
"2025-04-08 17:25:08",38798,0.07607651,0.04918098,0.05434799,25.78362
"2025-04-08 17:25:08.05",38799,0.0760994,0.04880333,0.05185127,25.78273
"2025-04-08 17:25:08.1",38800,0.07555962,0.04931641,0.04619217,25.78251
"2025-04-08 17:25:08.15",38801,0.08076859,0.04965591,0.04915428,25.78206
"2025-04-08 17:25:08.2",38802,0.0783062,0.04923058,0.0494709,25.76842
"2025-04-08 17:25:08.25",38803,0.08895302,0.05192375,0.05109787,25.76173
"2025-04-08 17:25:08.3",38804,0.08844376,0.04826546,0.0526104,25.78275
"2025-04-08 17:25:08.35",38805,0.09525681,0.04680824,0.05389977,25.76263
"2025-04-08 17:25:08.4",38806,0.09295464,0.04969025,0.05274963,25.80615
"2025-04-08 17:25:08.45",38807,0.09646225,0.04849625,0.05405235,25.76192
"2025-04-08 17:25:08.5",38808,0.09677505,0.04908752,0.04927063,25.78416
"2025-04-08 17:25:08.55",38809,0.09290504,0.04883575,0.04539108,25.76308
"2025-04-08 17:25:08.6",38810,0.0912075,0.04919434,0.04730606,25.7857
"2025-04-08 17:25:08.65",38811,0.09428596,0.04902649,0.0472641,25.80656
"2025-04-08 17:25:08.7",38812,0.09247589,0.04805374,0.04705429,25.76128
"2025-04-08 17:25:08.75",38813,0.08909798,0.04808235,0.04843903,25.76288
"2025-04-08 17:25:08.8",38814,0.08937645,0.05107307,0.04788017,25.76064
"2025-04-08 17:25:08.85",38815,0.0884552,0.04891205,0.0490036,25.81216
"2025-04-08 17:25:08.9",38816,0.086689,0.0501976,0.04756737,25.83257
"2025-04-08 17:25:08.95",38817,0.0855999,0.05036545,0.04688644,25.80872
"2025-04-08 17:25:09",38818,0.08241272,0.05302429,0.04672241,25.80093
"2025-04-08 17:25:09.05",38819,0.0851593,0.05367851,0.04613876,25.81567
"2025-04-08 17:25:09.1",38820,0.08123779,0.05286598,0.04360771,25.79993
"2025-04-08 17:25:09.15",38821,0.08124924,0.04875183,0.04551888,25.80187
"2025-04-08 17:25:09.2",38822,0.08683968,0.05421257,0.04938316,25.78545
"2025-04-08 17:25:09.25",38823,0.083992,0.05224609,0.04916382,25.79977
"2025-04-08 17:25:09.3",38824,0.08500671,0.04883575,0.04810333,25.80032
"2025-04-08 17:25:09.35",38825,0.0847187,0.05185509,0.04970741,25.80818
"2025-04-08 17:25:09.4",38826,0.08485222,0.05186081,0.04965019,25.80041
"2025-04-08 17:25:09.45",38827,0.0794735,0.05143166,0.0454731,25.80681
"2025-04-08 17:25:09.5",38828,0.07953453,0.0545311,0.04675674,25.81138
"2025-04-08 17:25:09.55",38829,0.08241844,0.05454445,0.04655075,25.80373
"2025-04-08 17:25:09.6",38830,0.07818985,0.05440903,0.043396,25.78171
"2025-04-08 17:25:09.65",38831,0.07817268,0.05067253,0.04348373,25.79427
"2025-04-08 17:25:09.7",38832,0.07794189,0.05231476,0.04043961,25.79775
"2025-04-08 17:25:09.75",38833,0.07597923,0.04966354,0.03978157,25.80676
"2025-04-08 17:25:09.8",38834,0.07751846,0.04916,0.03940773,25.81801
"2025-04-08 17:25:09.85",38835,0.07524109,0.05075264,0.04000473,25.77833
"2025-04-08 17:25:09.9",38836,0.07580376,0.04185867,0.04058075,25.73838
"2025-04-08 17:25:09.95",38837,0.07874298,0.04837036,0.04467392,25.80708
"2025-04-08 17:25:10",38838,0.07517242,0.04286385,0.03827858,25.79701
"2025-04-08 17:25:10.05",38839,0.0752964,0.04244614,0.04084396,25.79664
"2025-04-08 17:25:10.1",38840,0.07591438,0.03961945,0.04142952,25.79716
"2025-04-08 17:25:10.15",38841,0.07361412,0.04145241,0.04005623,25.74953
"2025-04-08 17:25:10.2",38842,0.07453156,0.04240227,0.03972244,25.80545
"2025-04-08 17:25:10.25",38843,0.07350922,0.0423336,0.03788376,25.73678
"2025-04-08 17:25:10.3",38844,0.07403374,0.04421043,0.03461456,25.72253
"2025-04-08 17:25:10.35",38845,0.07351494,0.04366493,0.03432465,25.73883
"2025-04-08 17:25:10.4",38846,0.0702095,0.04471779,0.0375576,25.73803
"2025-04-08 17:25:10.45",38847,0.07265472,0.04474258,0.03702164,25.77332
"2025-04-08 17:25:10.5",38848,0.07698822,0.05033875,0.03566742,25.72907
"2025-04-08 17:25:10.55",38849,0.0773468,0.04765129,0.03428841,25.70686
"2025-04-08 17:25:10.6",38850,0.07384491,0.04380798,0.03315353,25.72078
"2025-04-08 17:25:10.65",38851,0.07556915,0.04645729,0.03652191,25.73337
"2025-04-08 17:25:10.7",38852,0.07323647,0.04308319,0.03680038,25.72012
"2025-04-08 17:25:10.75",38853,0.07124329,0.04319382,0.03730774,25.73539
"2025-04-08 17:25:10.8",38854,0.07134628,0.04352379,0.03199196,25.69947
"2025-04-08 17:25:10.85",38855,0.07169342,0.04598618,0.02824211,25.6837
"2025-04-08 17:25:10.9",38856,0.07292366,0.04535484,0.03510094,25.69778
"2025-04-08 17:25:10.95",38857,0.07207298,0.04673386,0.03300858,25.72091
"2025-04-08 17:25:11",38858,0.06978989,0.04618835,0.03041649,25.72223
"2025-04-08 17:25:11.05",38859,0.07075691,0.04536629,0.02905273,25.74019
"2025-04-08 17:25:11.1",38860,0.07234573,0.04537773,0.02688217,25.70338
"2025-04-08 17:25:11.15",38861,0.07411766,0.04509926,0.03129768,25.70467
"2025-04-08 17:25:11.2",38862,0.0780983,0.0470314,0.03219795,25.74644
"2025-04-08 17:25:11.25",38863,0.07449913,0.0442543,0.02560806,25.74082
"2025-04-08 17:25:11.3",38864,0.07239342,0.0440712,0.02449608,25.70233
"2025-04-08 17:25:11.35",38865,0.07343102,0.04787445,0.03060722,25.73375
"2025-04-08 17:25:11.4",38866,0.07411385,0.04422951,0.02640724,25.71468
"2025-04-08 17:25:11.45",38867,0.07217407,0.04271889,0.0217247,25.69289
"2025-04-08 17:25:11.5",38868,0.07359695,0.04172707,0.02073669,25.69583
"2025-04-08 17:25:11.55",38869,0.07425117,0.04650116,0.02589226,25.66099
"2025-04-08 17:25:11.6",38870,0.07358551,0.04042435,0.02388191,25.67476
"2025-04-08 17:25:11.65",38871,0.0738678,0.04307175,0.0286808,25.71297
"2025-04-08 17:25:11.7",38872,0.07725716,0.03936768,0.02330208,25.65962
"2025-04-08 17:25:11.75",38873,0.07222557,0.03928566,0.01864433,25.62889
"2025-04-08 17:25:11.8",38874,0.07263374,0.03961372,0.02315712,25.65762
"2025-04-08 17:25:11.85",38875,0.07437325,0.03934097,0.01866722,25.63181
"2025-04-08 17:25:11.9",38876,0.07292747,0.03909111,0.02086067,25.64756
"2025-04-08 17:25:11.95",38877,0.06794739,0.04208946,0.02191544,25.64892
"2025-04-08 17:25:12",38878,0.06626129,0.04185486,0.01852226,25.6334
"2025-04-08 17:25:12.05",38879,0.06107712,0.04204559,0.01808548,25.66295
"2025-04-08 17:25:12.1",38880,0.06554604,0.04244804,0.01740456,25.66383
"2025-04-08 17:25:12.15",38881,0.06598663,0.04251862,0.01593399,25.59784
"2025-04-08 17:25:12.2",38882,0.06742859,0.0414753,0.01438141,25.61568
"2025-04-08 17:25:12.25",38883,0.07011414,0.04148674,0.01968765,25.61452
"2025-04-08 17:25:12.3",38884,0.06877708,0.04089355,0.01249504,25.61687
"2025-04-08 17:25:12.35",38885,0.0670433,0.04135704,0.01414871,25.61422
"2025-04-08 17:25:12.4",38886,0.06502724,0.04085922,0.01157761,25.615
"2025-04-08 17:25:12.45",38887,0.06900787,0.04140854,0.01494026,25.64343
"2025-04-08 17:25:12.5",38888,0.06611633,0.04352379,0.01414108,25.61441
"2025-04-08 17:25:12.55",38889,0.06797028,0.0435257,0.01173401,25.61195
"2025-04-08 17:25:12.6",38890,0.06700897,0.04292488,0.01506805,25.62742
"2025-04-08 17:25:12.65",38891,0.06924057,0.04356384,0.01367188,25.59006
"2025-04-08 17:25:12.7",38892,0.06634903,0.04740524,0.0174427,25.62668
"2025-04-08 17:25:12.75",38893,0.06382942,0.04647827,0.01746559,25.61428
"2025-04-08 17:25:12.8",38894,0.0630722,0.04294395,0.01566315,25.61399
"2025-04-08 17:25:12.85",38895,0.06334496,0.04297066,0.01666641,25.62754
"2025-04-08 17:25:12.9",38896,0.06236649,0.04311752,0.01368904,25.61286
"2025-04-08 17:25:12.95",38897,0.06195831,0.04443932,0.01070786,25.62762
"2025-04-08 17:25:13",38898,0.06610298,0.04901886,0.01407433,25.63406
"2025-04-08 17:25:13.05",38899,0.06118774,0.04497147,0.01053619,25.62645
"2025-04-08 17:25:13.1",38900,0.06280708,0.04505348,0.01471329,25.65565
"2025-04-08 17:25:13.15",38901,0.0644455,0.0481987,0.01763916,25.61953
"2025-04-08 17:25:13.2",38902,0.06698608,0.04740524,0.02155876,25.59583
"2025-04-08 17:25:13.25",38903,0.06179619,0.04379845,0.016119,25.61153
"2025-04-08 17:25:13.3",38904,0.06671906,0.04803276,0.0196991,25.68411
"2025-04-08 17:25:13.35",38905,0.06342316,0.04567337,0.01549339,25.6557
"2025-04-08 17:25:13.4",38906,0.06212234,0.0438652,0.01219368,25.64055
"2025-04-08 17:25:13.45",38907,0.06088257,0.04626083,0.01218605,25.67825
"2025-04-08 17:25:13.5",38908,0.06130219,0.04773903,0.01800156,25.62679
"2025-04-08 17:25:13.55",38909,0.05778694,0.04782295,0.01421928,25.60934
"2025-04-08 17:25:13.6",38910,0.05779839,0.04748917,0.009685516,25.61113
"2025-04-08 17:25:13.65",38911,0.06451035,0.04639053,0.01218033,25.64047
"2025-04-08 17:25:13.7",38912,0.05874825,0.0463295,0.007209778,25.6397
"2025-04-08 17:25:13.75",38913,0.05682755,0.04796791,0.005899429,25.64635
"2025-04-08 17:25:13.8",38914,0.05504036,0.04537964,-0.0003452301,25.67565
"2025-04-08 17:25:13.85",38915,0.05065727,0.04224396,-0.001173019,25.6403
"2025-04-08 17:25:13.9",38916,0.05206871,0.04610062,-0.002002716,25.65446
"2025-04-08 17:25:13.95",38917,0.05150986,0.04673576,-0.006772995,25.65328
"2025-04-08 17:25:14",38918,0.05132484,0.04600906,-0.006706238,25.71169
"2025-04-08 17:25:14.05",38919,0.04834938,0.04747772,-0.000667572,25.63977
"2025-04-08 17:25:14.1",38920,0.05010986,0.04620552,-0.003913879,25.69111
"2025-04-08 17:25:14.15",38921,0.05118179,0.04737663,-0.003473282,25.69233
"2025-04-08 17:25:14.2",38922,0.0474453,0.0478096,-0.002164841,25.7093
"2025-04-08 17:25:14.25",38923,0.05172157,0.05115891,0.005569458,25.73621
"2025-04-08 17:25:14.3",38924,0.04790306,0.04417229,0.002464294,25.70703
"2025-04-08 17:25:14.35",38925,0.04493332,0.04632759,0.005285263,25.70798
"2025-04-08 17:25:14.4",38926,0.04566193,0.04257393,0.002609253,25.70435
"2025-04-08 17:25:14.45",38927,0.05183601,0.04582596,0.006942749,25.75701
"2025-04-08 17:25:14.5",38928,0.04428864,0.04156494,0.002006531,25.77533
"2025-04-08 17:25:14.55",38929,0.04290962,0.04259109,0.005615234,25.74576
"2025-04-08 17:25:14.6",38930,0.04132843,0.03923988,0.006944656,25.77646
"2025-04-08 17:25:14.65",38931,0.04005623,0.03896523,0.003826141,25.74625
"2025-04-08 17:25:14.7",38932,0.03722382,0.03856659,0.007394791,25.77605
"2025-04-08 17:25:14.75",38933,0.0357151,0.03633118,0.009502411,25.80618
"2025-04-08 17:25:14.8",38934,0.04095078,0.03318596,0.01325035,25.79196
"2025-04-08 17:25:14.85",38935,0.03972244,0.03526497,0.007328033,25.8284
"2025-04-08 17:25:14.9",38936,0.03845215,0.03349495,0.01019287,25.80751
"2025-04-08 17:25:14.95",38937,0.03700066,0.03447723,0.01374435,25.79045
"2025-04-08 17:25:15",38938,0.02996826,0.0338726,0.01591682,25.79743
"2025-04-08 17:25:15.05",38939,0.03047752,0.03089714,0.0161705,25.79037
"2025-04-08 17:25:15.1",38940,0.02813911,0.03027534,0.01469612,25.77724
"2025-04-08 17:25:15.15",38941,0.03095436,0.02848816,0.01188469,25.82864
"2025-04-08 17:25:15.2",38942,0.039711,0.03021622,0.01365471,25.82896
"2025-04-08 17:25:15.25",38943,0.04124451,0.03018188,0.01250458,25.82865
"2025-04-08 17:25:15.3",38944,0.04628181,0.03321075,0.01899529,25.83652
"2025-04-08 17:25:15.35",38945,0.04108238,0.03448868,0.01756668,25.83385
"2025-04-08 17:25:15.4",38946,0.03584671,0.03249931,0.0178566,25.80594
"2025-04-08 17:25:15.45",38947,0.03896523,0.03299713,0.01204109,25.84289
"2025-04-08 17:25:15.5",38948,0.03656006,0.03284073,0.01786041,25.80303
"2025-04-08 17:25:15.55",38949,0.03748131,0.03309631,0.01513481,25.82323
"2025-04-08 17:25:15.6",38950,0.03775978,0.03338814,0.01529121,25.80166
"2025-04-08 17:25:15.65",38951,0.03603363,0.03523064,0.01160622,25.80341
"2025-04-08 17:25:15.7",38952,0.03580666,0.03891563,0.01105499,25.80529
"2025-04-08 17:25:15.75",38953,0.03588867,0.04154778,0.006565094,25.75527
"2025-04-08 17:25:15.8",38954,0.03696251,0.04625702,0.005870819,25.79169
"2025-04-08 17:25:15.85",38955,0.03676796,0.04677391,0.008026123,25.77772
"2025-04-08 17:25:15.9",38956,0.02957726,0.05041695,0.006568909,25.77801
"2025-04-08 17:25:15.95",38957,0.0290432,0.05010414,0.006727219,25.755
"2025-04-08 17:25:16",38958,0.03454399,0.04986763,0.006391525,25.72504
"2025-04-08 17:25:16.05",38959,0.03477097,0.0518055,0.006519318,25.72382
"2025-04-08 17:25:16.1",38960,0.03263283,0.05055428,0.003610611,25.74606
"2025-04-08 17:25:16.15",38961,0.03123093,0.05005455,0.003627777,25.70361
"2025-04-08 17:25:16.2",38962,0.030159,0.04972267,0.003923416,25.74506
"2025-04-08 17:25:16.25",38963,0.02957344,0.04355049,0.005994797,25.72449
"2025-04-08 17:25:16.3",38964,0.0327282,0.04236984,0.001895905,25.74665
"2025-04-08 17:25:16.35",38965,0.0309639,0.03504181,-0.002578735,25.7562
"2025-04-08 17:25:16.4",38966,0.02967834,0.03316879,-0.002384186,25.77842
"2025-04-08 17:25:16.45",38967,0.02920532,0.03202438,-0.0006084442,25.78405
"2025-04-08 17:25:16.5",38968,0.02860641,0.03276634,-0.002428055,25.78183
"2025-04-08 17:25:16.55",38969,0.02728271,0.03588486,-0.003671646,25.7597
"2025-04-08 17:25:16.6",38970,0.02881241,0.03435326,-0.001115799,25.72749
"2025-04-08 17:25:16.65",38971,0.02757263,0.03507042,0.000213623,25.72614
"2025-04-08 17:25:16.7",38972,0.03240395,0.03524017,0.002414703,25.72884
"2025-04-08 17:25:16.75",38973,0.02856064,0.03373337,-0.0002727509,25.72214
"2025-04-08 17:25:16.8",38974,0.02423477,0.03328705,-0.0009250641,25.74561
"2025-04-08 17:25:16.85",38975,0.02330589,0.03238869,0.001083374,25.75059
"2025-04-08 17:25:16.9",38976,0.02215767,0.03067398,-0.00308609,25.74609
"2025-04-08 17:25:16.95",38977,0.02069855,0.02655029,-0.00346756,25.72213
"2025-04-08 17:25:17",38978,0.02120209,0.02200127,0.00198555,25.7422
"2025-04-08 17:25:17.05",38979,0.01620865,0.02392006,0.0001564026,25.74204
"2025-04-08 17:25:17.1",38980,0.01736069,0.0274353,-0.0007629395,25.82576
"2025-04-08 17:25:17.15",38981,0.01914024,0.03824615,-0.002725601,25.77201
"2025-04-08 17:25:17.2",38982,0.01671219,0.03640747,-0.004205704,25.78656
"2025-04-08 17:25:17.25",38983,0.01896667,0.0356617,-0.001361847,25.77241
"2025-04-08 17:25:17.3",38984,0.01886559,0.03559303,-0.0007514954,25.78663
"2025-04-08 17:25:17.35",38985,0.02099419,0.03580666,0.001018524,25.75107
"2025-04-08 17:25:17.4",38986,0.01847458,0.0352459,-0.005163193,25.75067
"2025-04-08 17:25:17.45",38987,0.01822472,0.03475571,-0.000421524,25.78677
"2025-04-08 17:25:17.5",38988,0.0173378,0.03390694,-0.002828598,25.75175
"2025-04-08 17:25:17.55",38989,0.01739883,0.03353691,-0.003551483,25.80267
"2025-04-08 17:25:17.6",38990,0.01699638,0.03331566,-0.006671906,25.80132
"2025-04-08 17:25:17.65",38991,0.01566696,0.03572083,-0.006471634,25.78533
"2025-04-08 17:25:17.7",38992,0.01610947,0.03495026,-0.004062653,25.80121
"2025-04-08 17:25:17.75",38993,0.02233505,0.03477097,-0.003242493,25.8018
"2025-04-08 17:25:17.8",38994,0.01932526,0.03593826,-0.003400803,25.78707
"2025-04-08 17:25:17.85",38995,0.02079773,0.04143524,-0.001178741,25.79933
"2025-04-08 17:25:17.9",38996,0.01734924,0.03772545,-0.001432419,25.78716
"2025-04-08 17:25:17.95",38997,0.01909447,0.03714561,0.0007820129,25.78728
"2025-04-08 17:25:18",38998,0.02151489,0.03560448,-0.002361298,25.80241
"2025-04-08 17:25:18.05",38999,0.0208149,0.03733635,-0.001707077,25.80237
"2025-04-08 17:25:18.1",39000,0.02013397,0.03610802,0.00235939,25.78691
"2025-04-08 17:25:18.15",39001,0.02070999,0.03497505,0.004875183,25.80219
"2025-04-08 17:25:18.2",39002,0.02554512,0.03531456,0.002285004,25.80334
"2025-04-08 17:25:18.25",39003,0.0283432,0.03501129,0.001291275,25.7869
"2025-04-08 17:25:18.3",39004,0.0254631,0.04043198,-0.00110817,25.80062
"2025-04-08 17:25:18.35",39005,0.02432823,0.03835869,0.003503799,25.85929
"2025-04-08 17:25:18.4",39006,0.02576828,0.03803253,0.004966736,25.78591
"2025-04-08 17:25:18.45",39007,0.02993774,0.04039001,0.007226944,25.80131
"2025-04-08 17:25:18.5",39008,0.02500343,0.03972626,0.005578995,25.83797
"2025-04-08 17:25:18.55",39009,0.03118324,0.04779816,0.01284599,25.80253
"2025-04-08 17:25:18.6",39010,0.02386475,0.04350662,0.0101223,25.87019
"2025-04-08 17:25:18.65",39011,0.01775551,0.04541779,0.007316589,25.87166
"2025-04-08 17:25:18.7",39012,0.01252937,0.04507828,0.008460999,25.87224
"2025-04-08 17:25:18.75",39013,0.006793976,0.04874039,0.008483887,25.91652
"2025-04-08 17:25:18.8",39014,0.01311302,0.04929924,0.01141548,25.92446
"2025-04-08 17:25:18.85",39015,0.01246643,0.05099678,0.02007866,25.94533
"2025-04-08 17:25:18.9",39016,0.01472473,0.05420303,0.01240921,25.9203
"2025-04-08 17:25:18.95",39017,0.01776123,0.05376625,0.02134705,25.9443
"2025-04-08 17:25:19",39018,0.01833153,0.05345345,0.01402473,26.00912
"2025-04-08 17:25:19.05",39019,0.0179348,0.0532856,0.0191288,26.03106
"2025-04-08 17:25:19.1",39020,0.01731491,0.05311775,0.02421188,26.02934
"2025-04-08 17:25:19.15",39021,0.02070999,0.05395126,0.02208519,26.05676
"2025-04-08 17:25:19.2",39022,0.02318954,0.05645943,0.03341484,26.05073
"2025-04-08 17:25:19.25",39023,0.01820183,0.05607414,0.03113556,26.05682
"2025-04-08 17:25:19.3",39024,0.02199554,0.05325127,0.03395271,26.07979
"2025-04-08 17:25:19.35",39025,0.01808548,0.05394554,0.03085899,26.04948
"2025-04-08 17:25:19.4",39026,0.01764297,0.05377769,0.03339767,26.04967
"2025-04-08 17:25:19.45",39027,0.01978302,0.054039,0.03755379,26.08
"2025-04-08 17:25:19.5",39028,0.01766205,0.05446053,0.03580475,26.04842
"2025-04-08 17:25:19.55",39029,0.01461792,0.05142021,0.03186798,26.05573
"2025-04-08 17:25:19.6",39030,0.01518059,0.05355072,0.03097916,26.05475
"2025-04-08 17:25:19.65",39031,0.009702682,0.05447197,0.03091431,26.04798
"2025-04-08 17:25:19.7",39032,0.005529404,0.05454445,0.03096199,26.05504
"2025-04-08 17:25:19.75",39033,0.009418488,0.05718994,0.02984047,26.07752
"2025-04-08 17:25:19.8",39034,0.01116753,0.05716705,0.03086281,26.02467
"2025-04-08 17:25:19.85",39035,0.007368088,0.05702782,0.03209877,26.02434
"2025-04-08 17:25:19.9",39036,0.008022308,0.05893898,0.03242302,26.04885
"2025-04-08 17:25:19.95",39037,0.007368088,0.05643463,0.03235817,26.02557
"2025-04-08 17:25:20",39038,0.007478714,0.05935097,0.02769279,25.98952
"2025-04-08 17:25:20.05",39039,0.007015228,0.05709457,0.02613449,26.00702
"2025-04-08 17:25:20.1",39040,0.003330231,0.06088066,0.02941132,25.99026
"2025-04-08 17:25:20.15",39041,0.00566864,0.06077957,0.02928734,26.00599
"2025-04-08 17:25:20.2",39042,0.002756119,0.06052589,0.03507996,26.02721
"2025-04-08 17:25:20.25",39043,0.002809525,0.06005096,0.03732109,26.02599
"2025-04-08 17:25:20.3",39044,0.002498627,0.05967712,0.0304451,26.04853
"2025-04-08 17:25:20.35",39045,0.001605988,0.05970383,0.034935,26.08632
"2025-04-08 17:25:20.4",39046,0.0009632111,0.05449677,0.03487206,26.10645
"2025-04-08 17:25:20.45",39047,0.001592636,0.05158806,0.0370903,26.09172
"2025-04-08 17:25:20.5",39048,0.002119064,0.05104256,0.03795433,26.14415
"2025-04-08 17:25:20.55",39049,0.001235962,0.05221367,0.03217697,26.16882
"2025-04-08 17:25:20.6",39050,0.002279282,0.05202484,0.03131104,26.16833
"2025-04-08 17:25:20.65",39051,0.004272461,0.05387115,0.04148483,26.2428
"2025-04-08 17:25:20.7",39052,0.001329422,0.04837799,0.03978157,26.1657
"2025-04-08 17:25:20.75",39053,0.004575729,0.04932213,0.03216934,26.19727
"2025-04-08 17:25:20.8",39054,0.002519608,0.04871368,0.03505135,26.17025
"2025-04-08 17:25:20.85",39055,0.005962372,0.04726601,0.03649902,26.1689
"2025-04-08 17:25:20.9",39056,0.006980896,0.04944038,0.037817,26.16558
"2025-04-08 17:25:20.95",39057,0.00841713,0.04650497,0.03693962,26.16682
"2025-04-08 17:25:21",39058,0.009086609,0.04612541,0.03324127,26.17811
"2025-04-08 17:25:21.05",39059,0.008083344,0.04677963,0.03193474,26.17918
"2025-04-08 17:25:21.1",39060,0.004940033,0.04688454,0.03113556,26.14703
"2025-04-08 17:25:21.15",39061,0.004331589,0.04392242,0.03307533,26.14783
"2025-04-08 17:25:21.2",39062,0.004854202,0.04398727,0.03713608,26.1454
"2025-04-08 17:25:21.25",39063,0.005155563,0.04228401,0.03977203,26.12982
"2025-04-08 17:25:21.3",39064,0.009134293,0.04069138,0.03598404,26.08978
"2025-04-08 17:25:21.35",39065,0.009450912,0.04120064,0.03656006,26.12968
"2025-04-08 17:25:21.4",39066,0.01176453,0.04152107,0.04084396,26.1056
"2025-04-08 17:25:21.45",39067,0.01161957,0.04067612,0.03875923,26.10365
"2025-04-08 17:25:21.5",39068,0.01445389,0.04165268,0.04359245,26.14085
"2025-04-08 17:25:21.55",39069,0.01704788,0.04083633,0.04224014,26.12784
"2025-04-08 17:25:21.6",39070,0.01566124,0.04059219,0.03962135,26.1273
"2025-04-08 17:25:21.65",39071,0.01852608,0.04469299,0.04316711,26.13042
"2025-04-08 17:25:21.7",39072,0.01536369,0.03770065,0.03933144,26.14256
"2025-04-08 17:25:21.75",39073,0.01821518,0.03851318,0.04383278,26.12714
"2025-04-08 17:25:21.8",39074,0.02140808,0.04115105,0.04144096,26.17313
"2025-04-08 17:25:21.85",39075,0.01985741,0.04067612,0.04535484,26.16547
"2025-04-08 17:25:21.9",39076,0.0208683,0.0375042,0.04471779,26.14411
"2025-04-08 17:25:21.95",39077,0.0240593,0.03828621,0.04414558,26.16795
"2025-04-08 17:25:22",39078,0.02449036,0.03768921,0.04195976,26.16641
"2025-04-08 17:25:22.05",39079,0.01986694,0.04147911,0.04180527,26.17308
"2025-04-08 17:25:22.1",39080,0.0230732,0.0396595,0.04306221,26.21809
"2025-04-08 17:25:22.15",39081,0.02601051,0.0414257,0.04159164,26.1637
"2025-04-08 17:25:22.2",39082,0.030159,0.04596901,0.04116631,26.1725
"2025-04-08 17:25:22.25",39083,0.02194405,0.04296684,0.03606224,26.16122
"2025-04-08 17:25:22.3",39084,0.02460861,0.0464077,0.03530884,26.08808
"2025-04-08 17:25:22.35",39085,0.02269936,0.045578,0.03780365,26.12682
"2025-04-08 17:25:22.4",39086,0.02373695,0.04574585,0.03590202,26.07352
"2025-04-08 17:25:22.45",39087,0.02455711,0.0476284,0.03424072,26.02312
"2025-04-08 17:25:22.5",39088,0.0233078,0.04706001,0.03179169,25.97156
"2025-04-08 17:25:22.55",39089,0.02101707,0.04921532,0.03046608,26.00226
"2025-04-08 17:25:22.6",39090,0.02299309,0.04854965,0.03396416,25.93667
"2025-04-08 17:25:22.65",39091,0.02075005,0.05067825,0.03156662,25.95041
"2025-04-08 17:25:22.7",39092,0.01891708,0.05075645,0.02787018,25.94873
"2025-04-08 17:25:22.75",39093,0.01914024,0.05119705,0.03016663,25.91165
"2025-04-08 17:25:22.8",39094,0.02171135,0.05390739,0.03225899,25.95209
"2025-04-08 17:25:22.85",39095,0.02330017,0.05458069,0.02626801,25.93642
"2025-04-08 17:25:22.9",39096,0.02039146,0.05332565,0.02954674,25.91213
"2025-04-08 17:25:22.95",39097,0.02086639,0.05566406,0.03114891,25.9164
"2025-04-08 17:25:23",39098,0.02204323,0.05264473,0.02944946,25.94074
"2025-04-08 17:25:23.05",39099,0.02033043,0.05286026,0.03038216,25.91853
"2025-04-08 17:25:23.1",39100,0.02504921,0.05570602,0.0320015,25.95862
"2025-04-08 17:25:23.15",39101,0.02159119,0.05565453,0.02852249,25.8901
"2025-04-08 17:25:23.2",39102,0.0183239,0.05540276,0.0265522,25.91901
"2025-04-08 17:25:23.25",39103,0.01812553,0.05615807,0.02780342,25.90976
"2025-04-08 17:25:23.3",39104,0.0181179,0.05575943,0.03152275,25.93739
"2025-04-08 17:25:23.35",39105,0.01552582,0.05654907,0.03130341,25.88589
"2025-04-08 17:25:23.4",39106,0.01396942,0.0557766,0.02641296,25.883
"2025-04-08 17:25:23.45",39107,0.0139637,0.05595016,0.02487755,25.91207
"2025-04-08 17:25:23.5",39108,0.01212692,0.05842972,0.02643013,25.88136
"2025-04-08 17:25:23.55",39109,0.01073456,0.05578232,0.02635193,25.88251
"2025-04-08 17:25:23.6",39110,0.01110458,0.05920792,0.02696609,25.90298
"2025-04-08 17:25:23.65",39111,0.006887436,0.05651283,0.02720642,25.88243
"2025-04-08 17:25:23.7",39112,0.00567627,0.0542469,0.02404976,25.91084
"2025-04-08 17:25:23.75",39113,0.007049561,0.05446053,0.02726746,25.93534
"2025-04-08 17:25:23.8",39114,0.001079559,0.05333138,0.02710342,25.9041
"2025-04-08 17:25:23.85",39115,2.288818E-05,0.05081749,0.02678108,25.95126
"2025-04-08 17:25:23.9",39116,-4.768372E-05,0.0490303,0.0231514,25.936
"2025-04-08 17:25:23.95",39117,-0.002550125,0.04629326,0.02282143,25.98627
"2025-04-08 17:25:24",39118,-0.003791809,0.04983521,0.02725601,25.98672
"2025-04-08 17:25:24.05",39119,-0.001981735,0.04797554,0.02544212,25.9866
"2025-04-08 17:25:24.1",39120,5.912781E-05,0.05014801,0.02443886,26.00193
"2025-04-08 17:25:24.15",39121,-0.0008239746,0.04920006,0.02209663,25.99342
"2025-04-08 17:25:24.2",39122,-0.004867554,0.04592514,0.01884842,25.97169
"2025-04-08 17:25:24.25",39123,-0.0003566742,0.050354,0.01911163,25.96998
"2025-04-08 17:25:24.3",39124,-0.004705429,0.04997063,0.02088165,25.935
"2025-04-08 17:25:24.35",39125,-0.00107193,0.05000305,0.0191021,25.90375
"2025-04-08 17:25:24.4",39126,-0.004070282,0.05124092,0.01633263,25.91081
"2025-04-08 17:25:24.45",39127,-0.005729675,0.05417824,0.0144043,25.90467
"2025-04-08 17:25:24.5",39128,-0.009643555,0.05233002,0.0159626,25.903
"2025-04-08 17:25:24.55",39129,-0.01152039,0.05407524,0.01696777,25.9486
"2025-04-08 17:25:24.6",39130,-0.00967598,0.05297279,0.01968765,25.9326
"2025-04-08 17:25:24.65",39131,-0.00765419,0.05138206,0.0188179,25.93433
"2025-04-08 17:25:24.7",39132,-0.01195717,0.05093002,0.01591682,25.9341
"2025-04-08 17:25:24.75",39133,-0.0149498,0.04735947,0.02043533,25.90646
"2025-04-08 17:25:24.8",39134,-0.01521301,0.04931641,0.01681709,25.91109
"2025-04-08 17:25:24.85",39135,-0.01339531,0.04894066,0.01473999,25.93549
"2025-04-08 17:25:24.9",39136,-0.01555252,0.04506493,0.01943779,25.90484
"2025-04-08 17:25:24.95",39137,-0.01732635,0.04792595,0.01878357,25.90509
"2025-04-08 17:25:25",39138,-0.02071762,0.0459137,0.0167675,25.93507
"2025-04-08 17:25:25.05",39139,-0.01317406,0.04979134,0.01654816,25.91254
"2025-04-08 17:25:25.1",39140,-0.01788521,0.04649353,0.0141201,25.9337
"2025-04-08 17:25:25.15",39141,-0.01474953,0.052248,0.01591301,25.93961
"2025-04-08 17:25:25.2",39142,-0.01992035,0.04681396,0.02150345,25.93465
"2025-04-08 17:25:25.25",39143,-0.0224781,0.04901886,0.02116966,25.93724
"2025-04-08 17:25:25.3",39144,-0.01675415,0.04633522,0.01753807,25.9371
"2025-04-08 17:25:25.35",39145,-0.02128792,0.04936218,0.02182007,25.91454
"2025-04-08 17:25:25.4",39146,-0.02266121,0.04940987,0.02222443,25.9361
"2025-04-08 17:25:25.45",39147,-0.0202198,0.04881859,0.02138138,25.94903
"2025-04-08 17:25:25.5",39148,-0.0209198,0.04842949,0.01882362,25.93604
"2025-04-08 17:25:25.55",39149,-0.0163517,0.05573082,0.01841354,25.95428
"2025-04-08 17:25:25.6",39150,-0.01905441,0.04850197,0.02038193,25.9461
"2025-04-08 17:25:25.65",39151,-0.0184021,0.04959488,0.01748657,25.97639
"2025-04-08 17:25:25.7",39152,-0.02065277,0.05111885,0.02410126,25.93256
"2025-04-08 17:25:25.75",39153,-0.0170002,0.04846573,0.02495384,25.94894
"2025-04-08 17:25:25.8",39154,-0.01619339,0.05115891,0.0181694,25.95049
"2025-04-08 17:25:25.85",39155,-0.0204277,0.0484848,0.02529335,25.94882
"2025-04-08 17:25:25.9",39156,-0.0171833,0.0513134,0.02177811,25.97086
"2025-04-08 17:25:25.95",39157,-0.01789665,0.05045319,0.02146339,26.0194
"2025-04-08 17:25:26",39158,-0.01517105,0.04924202,0.02636147,26.01886
"2025-04-08 17:25:26.05",39159,-0.01325226,0.05106544,0.01807213,26.01981
"2025-04-08 17:25:26.1",39160,-0.0157299,0.05144882,0.0224247,26.01967
"2025-04-08 17:25:26.15",39161,-0.01366615,0.04906845,0.02467537,25.96857
"2025-04-08 17:25:26.2",39162,-0.01115799,0.04863358,0.02584076,25.99631
"2025-04-08 17:25:26.25",39163,-0.01187897,0.04913139,0.0237484,26.01785
"2025-04-08 17:25:26.3",39164,-0.01507187,0.04895782,0.02503204,26.01842
"2025-04-08 17:25:26.35",39165,-0.01479721,0.04682541,0.02103424,26.03986
"2025-04-08 17:25:26.4",39166,-0.0085392,0.04669189,0.02736855,26.04671
"2025-04-08 17:25:26.45",39167,-0.008499146,0.0457077,0.02189255,26.08495
"2025-04-08 17:25:26.5",39168,-0.01013374,0.04331589,0.0244236,26.1354
"2025-04-08 17:25:26.55",39169,-0.008636475,0.04050446,0.02716064,26.13783
"2025-04-08 17:25:26.6",39170,-0.006633759,0.04089355,0.02527428,26.1388
"2025-04-08 17:25:26.65",39171,-0.007371902,0.04100609,0.02314377,26.16268
"2025-04-08 17:25:26.7",39172,-0.007474899,0.0416317,0.0265522,26.16829
"2025-04-08 17:25:26.75",39173,-0.006258011,0.03951836,0.02888107,26.19077
"2025-04-08 17:25:26.8",39174,-0.007282257,0.03732491,0.02912521,26.21376
"2025-04-08 17:25:26.85",39175,-0.001886368,0.0203743,0.03543091,26.25648
"2025-04-08 17:25:26.9",39176,-0.005807877,0.01711273,0.03653908,26.2549
"2025-04-08 17:25:26.95",39177,-0.008264542,0.01025581,0.04054832,26.25616
"2025-04-08 17:25:27",39178,-0.006141663,0.02389908,0.0293045,26.2406
"2025-04-08 17:25:27.05",39179,-0.006645203,0.006263733,0.03673744,26.24026
"2025-04-08 17:25:27.1",39180,-0.01374245,0.002166748,0.04155159,26.23999
"2025-04-08 17:25:27.15",39181,-0.0105648,0.0192585,0.03673935,26.2356
"2025-04-08 17:25:27.2",39182,-0.01235199,-0.0006561279,0.04511452,26.23992
"2025-04-08 17:25:27.25",39183,-0.01346397,0.01568794,0.03974724,26.1871
"2025-04-08 17:25:27.3",39184,-0.01225853,0.01546097,0.03738594,26.20984
"2025-04-08 17:25:27.35",39185,-0.01609802,0.01545525,0.03668976,26.16493
"2025-04-08 17:25:27.4",39186,-0.01480865,0.01985741,0.04319,26.1669
"2025-04-08 17:25:27.45",39187,-0.01594353,0.01557732,0.03827286,26.17038
"2025-04-08 17:25:27.5",39188,-0.01923752,0.01480103,0.03990555,26.19329
"2025-04-08 17:25:27.55",39189,-0.02071762,0.01476097,0.03330421,26.16582
"2025-04-08 17:25:27.6",39190,-0.01837158,0.01831818,0.03517342,26.18407
"2025-04-08 17:25:27.65",39191,-0.02023888,0.01428604,0.03860283,26.16302
"2025-04-08 17:25:27.7",39192,-0.01953506,0.01430893,0.04044533,26.16845
"2025-04-08 17:25:27.75",39193,-0.01757431,0.01471901,0.04183197,26.13829
"2025-04-08 17:25:27.8",39194,-0.01689339,0.01732063,0.03939629,26.1365
"2025-04-08 17:25:27.85",39195,-0.01812744,0.01758385,0.03906631,26.13624
"2025-04-08 17:25:27.9",39196,-0.02064705,0.0185051,0.04205132,26.13457
"2025-04-08 17:25:27.95",39197,-0.01881218,0.02044106,0.04244614,26.13387
"2025-04-08 17:25:28",39198,-0.01790237,0.02363586,0.03929138,26.134
"2025-04-08 17:25:28.05",39199,-0.01599312,0.02660751,0.04484749,26.09133
"2025-04-08 17:25:28.1",39200,-0.01848984,0.02416611,0.04383659,26.06748
"2025-04-08 17:25:28.15",39201,-0.01806641,0.02327538,0.04602432,26.08492
"2025-04-08 17:25:28.2",39202,-0.01155281,0.02626228,0.04887962,26.07007
"2025-04-08 17:25:28.25",39203,-0.0111618,0.02531624,0.04915428,26.0491
"2025-04-08 17:25:28.3",39204,-0.008716583,0.02239609,0.04117203,26.07226
"2025-04-08 17:25:28.35",39205,-0.01021194,0.02161407,0.04112816,26.07046
"2025-04-08 17:25:28.4",39206,-0.0082798,0.02257729,0.04357338,26.0479
"2025-04-08 17:25:28.45",39207,-0.007810593,0.022789,0.03659248,26.04189
"2025-04-08 17:25:28.5",39208,-0.00916481,0.01951981,0.03637695,25.99731
"2025-04-08 17:25:28.55",39209,-0.003227234,0.01699638,0.03434753,25.99548
"2025-04-08 17:25:28.6",39210,-0.001461029,0.01695633,0.03609657,26.04596
"2025-04-08 17:25:28.65",39211,-0.0006256104,0.01472473,0.03746605,26.01465
"2025-04-08 17:25:28.7",39212,0.003252029,0.01292419,0.03583908,25.98006
"2025-04-08 17:25:28.75",39213,0.005741119,0.0125885,0.03059959,25.99529
"2025-04-08 17:25:28.8",39214,0.007066727,0.01294899,0.02837944,25.94377
"2025-04-08 17:25:28.85",39215,0.01015663,0.01412964,0.03108215,25.97974
"2025-04-08 17:25:28.9",39216,0.009468079,0.01525879,0.02880096,25.97936
"2025-04-08 17:25:28.95",39217,0.01328278,0.01514816,0.02431679,25.92924
"2025-04-08 17:25:29",39218,0.01256371,0.01656532,0.02440834,25.90637
"2025-04-08 17:25:29.05",39219,0.01660538,0.02242088,0.02617264,25.9089
"2025-04-08 17:25:29.1",39220,0.01999664,0.02400017,0.02602768,25.87857
"2025-04-08 17:25:29.15",39221,0.02076721,0.02471352,0.02603722,25.88081
"2025-04-08 17:25:29.2",39222,0.02410698,0.02833748,0.0241375,25.88763
"2025-04-08 17:25:29.25",39223,0.02076149,0.03273582,0.02220726,25.87835
"2025-04-08 17:25:29.3",39224,0.02836227,0.03640938,0.02175522,25.86211
"2025-04-08 17:25:29.35",39225,0.02111816,0.03507996,0.02038765,25.8496
"2025-04-08 17:25:29.4",39226,0.02821159,0.03839874,0.02541924,25.82738
"2025-04-08 17:25:29.45",39227,0.03103256,0.03861618,0.02198219,25.8559
"2025-04-08 17:25:29.5",39228,0.03289795,0.04167557,0.02547455,25.85684
"2025-04-08 17:25:29.55",39229,0.03513718,0.04427147,0.02290916,25.81246
"2025-04-08 17:25:29.6",39230,0.03265572,0.04354668,0.02037621,25.79013
"2025-04-08 17:25:29.65",39231,0.03702736,0.04751015,0.02153206,25.82145
"2025-04-08 17:25:29.7",39232,0.03133965,0.04475403,0.02081108,25.83113
"2025-04-08 17:25:29.75",39233,0.03499603,0.046875,0.02101898,25.79287
"2025-04-08 17:25:29.8",39234,0.03284073,0.04594231,0.0173378,25.81808
"2025-04-08 17:25:29.85",39235,0.02993774,0.04918289,0.01957512,25.79301
"2025-04-08 17:25:29.9",39236,0.03112602,0.04586029,0.02131844,25.82989
"2025-04-08 17:25:29.95",39237,0.02998161,0.04816437,0.01803589,25.84792
"2025-04-08 17:25:30",39238,0.02583694,0.04758453,0.01763153,25.79053
"2025-04-08 17:25:30.05",39239,0.02626038,0.04859352,0.02009583,25.78837
"2025-04-08 17:25:30.1",39240,0.02800369,0.04854012,0.02120018,25.84727
"2025-04-08 17:25:30.15",39241,0.0281086,0.0514698,0.01530838,25.82498
"2025-04-08 17:25:30.2",39242,0.02839088,0.05252075,0.01761436,25.81861
"2025-04-08 17:25:30.25",39243,0.02427483,0.04872513,0.02054787,25.82455
"2025-04-08 17:25:30.3",39244,0.02430725,0.05256653,0.02003479,25.82407
"2025-04-08 17:25:30.35",39245,0.02197647,0.05162811,0.01888275,25.78619
"2025-04-08 17:25:30.4",39246,0.02013016,0.05202293,0.01645279,25.78837
"2025-04-08 17:25:30.45",39247,0.02006149,0.05310059,0.01636887,25.77352
"2025-04-08 17:25:30.5",39248,0.0237484,0.05686569,0.01426888,25.77457
"2025-04-08 17:25:30.55",39249,0.02111053,0.05204201,0.01535034,25.83385
"2025-04-08 17:25:30.6",39250,0.01674461,0.05113029,0.01959991,25.82775
"2025-04-08 17:25:30.65",39251,0.01539803,0.04917717,0.01617432,25.84772
"2025-04-08 17:25:30.7",39252,0.015131,0.05367279,0.01275253,25.85051
"2025-04-08 17:25:30.75",39253,0.01009941,0.05381775,0.01189232,25.82607
"2025-04-08 17:25:30.8",39254,0.01324844,0.0538578,0.01300812,25.82287
"2025-04-08 17:25:30.85",39255,0.006708145,0.05412483,0.01166916,25.82377
"2025-04-08 17:25:30.9",39256,0.008827209,0.05471039,0.0118618,25.84797
"2025-04-08 17:25:30.95",39257,0.00308609,0.05456924,0.01047134,25.87551
"2025-04-08 17:25:31",39258,0.002101898,0.05465317,0.01181221,25.85365
"2025-04-08 17:25:31.05",39259,0.00330162,0.05641937,0.0155735,25.87701
"2025-04-08 17:25:31.1",39260,-0.001993179,0.05689812,0.01225853,25.90655
"2025-04-08 17:25:31.15",39261,-0.003757477,0.05677605,0.009853363,25.90674
"2025-04-08 17:25:31.2",39262,-0.002231598,0.05936241,0.01576233,25.9154
"2025-04-08 17:25:31.25",39263,-0.002069473,0.05503273,0.01454544,25.90098
"2025-04-08 17:25:31.3",39264,-0.00643158,0.0547905,0.01414108,26.01813
"2025-04-08 17:25:31.35",39265,-0.006889343,0.0568943,0.00809288,26.01697
"2025-04-08 17:25:31.4",39266,-0.009889603,0.05711174,0.006010056,26.04597
"2025-04-08 17:25:31.45",39267,-0.009021759,0.05683136,0.008983612,26.04526
"2025-04-08 17:25:31.5",39268,-0.007984161,0.05949593,0.007713318,26.06507
"2025-04-08 17:25:31.55",39269,-0.008296967,0.05991173,0.0120182,26.04636
"2025-04-08 17:25:31.6",39270,-0.008184433,0.05730247,0.0150528,26.04712
"2025-04-08 17:25:31.65",39271,-0.007108688,0.05697632,0.01524734,26.06934
"2025-04-08 17:25:31.7",39272,-0.009542465,0.05657196,0.01416588,26.08342
"2025-04-08 17:25:31.75",39273,-0.01123047,0.05711365,0.01459503,26.08347
"2025-04-08 17:25:31.8",39274,-0.004009247,0.06076431,0.0177784,26.09173
"2025-04-08 17:25:31.85",39275,-0.002004623,0.05656624,0.01510429,26.08348
"2025-04-08 17:25:31.9",39276,0.004123688,0.06021118,0.02232552,26.0953
"2025-04-08 17:25:31.95",39277,0.004384995,0.06096649,0.02132416,26.08029
"2025-04-08 17:25:32",39278,-0.0005950928,0.05731773,0.01478004,26.16158
"2025-04-08 17:25:32.05",39279,-0.00271225,0.05794334,0.01782227,26.08884
"2025-04-08 17:25:32.1",39280,-0.003303528,0.05748558,0.02230072,26.12184
"2025-04-08 17:25:32.15",39281,0.0005722046,0.05916023,0.02446747,26.13962
"2025-04-08 17:25:32.2",39282,0.00334549,0.05789566,0.0251236,26.14262
"2025-04-08 17:25:32.25",39283,-0.0004234314,0.05303001,0.02263641,26.15968
"2025-04-08 17:25:32.3",39284,-0.000869751,0.05086899,0.01931763,26.11909
"2025-04-08 17:25:32.35",39285,0.0009441376,0.05296898,0.02166367,26.13332
"2025-04-08 17:25:32.4",39286,-0.00141716,0.05405045,0.02256012,26.08179
"2025-04-08 17:25:32.45",39287,0.004766464,0.05763817,0.02497101,26.0966
"2025-04-08 17:25:32.5",39288,-0.002746582,0.05366135,0.02234459,26.15501
"2025-04-08 17:25:32.55",39289,-0.0008182526,0.05334091,0.02245903,26.08038
"2025-04-08 17:25:32.6",39290,-0.002948761,0.05449104,0.02623367,26.11887
"2025-04-08 17:25:32.65",39291,0.0007705688,0.05099106,0.02387238,26.13246
"2025-04-08 17:25:32.7",39292,-0.000371933,0.05334282,0.0261116,26.12051
"2025-04-08 17:25:32.75",39293,-0.002410889,0.05042076,0.02428818,26.13555
"2025-04-08 17:25:32.8",39294,0.001464844,0.05312347,0.0204525,26.15729
"2025-04-08 17:25:32.85",39295,8.583069E-05,0.05301666,0.01904488,26.11967
"2025-04-08 17:25:32.9",39296,0.003040314,0.05622482,0.02388382,26.16196
"2025-04-08 17:25:32.95",39297,0.001642227,0.05463791,0.027071,26.15642
"2025-04-08 17:25:33",39298,-0.002601624,0.05342484,0.02239227,26.1176
"2025-04-08 17:25:33.05",39299,0.002153397,0.05625916,0.02147675,26.10302
"2025-04-08 17:25:33.1",39300,-0.001356125,0.05460358,0.02211189,26.15618
"2025-04-08 17:25:33.15",39301,-0.0002441406,0.05930138,0.02812767,26.12524
"2025-04-08 17:25:33.2",39302,-0.002080917,0.05587769,0.02233505,26.15662
"2025-04-08 17:25:33.25",39303,-4.768372E-05,0.05426979,0.02264214,26.16506
"2025-04-08 17:25:33.3",39304,0.004766464,0.05736351,0.02217293,26.15671
"2025-04-08 17:25:33.35",39305,-0.002202988,0.05704498,0.02214432,26.16569
"2025-04-08 17:25:33.4",39306,-0.005037308,0.05639648,0.01922989,26.1506
"2025-04-08 17:25:33.45",39307,-0.004131317,0.05597878,0.02403831,26.13408
"2025-04-08 17:25:33.5",39308,-0.006958008,0.05543518,0.02182579,26.13765
"2025-04-08 17:25:33.55",39309,-0.007005692,0.05487251,0.01974487,26.1582
"2025-04-08 17:25:33.6",39310,-0.007392883,0.05512238,0.01787376,26.11205
"2025-04-08 17:25:33.65",39311,-0.009965897,0.05788994,0.01874352,26.10143
"2025-04-08 17:25:33.7",39312,-0.009475708,0.05355453,0.01749229,26.14744
"2025-04-08 17:25:33.75",39313,-0.006067276,0.05290031,0.02073669,26.13509
"2025-04-08 17:25:33.8",39314,-0.001415253,0.05898476,0.02257919,26.15952
"2025-04-08 17:25:33.85",39315,-0.006420135,0.05295753,0.01717567,26.12249
"2025-04-08 17:25:33.9",39316,-0.003538132,0.05296326,0.02005196,26.134
"2025-04-08 17:25:33.95",39317,-0.004249573,0.05339432,0.01646042,26.15268
"2025-04-08 17:25:34",39318,-0.003292084,0.05325699,0.01985168,26.09769
"2025-04-08 17:25:34.05",39319,-0.004247665,0.05439186,0.01728249,26.11833
"2025-04-08 17:25:34.1",39320,-0.00396347,0.05389595,0.01362419,26.13305
"2025-04-08 17:25:34.15",39321,0.0001907349,0.05730057,0.0171299,26.12228
"2025-04-08 17:25:34.2",39322,-0.003822327,0.05446053,0.01708412,26.15741
"2025-04-08 17:25:34.25",39323,0.001569748,0.0571022,0.02252579,26.13265
"2025-04-08 17:25:34.3",39324,0.002912521,0.05890083,0.0242672,26.16655
"2025-04-08 17:25:34.35",39325,-0.002016068,0.05229759,0.01783943,26.11032
"2025-04-08 17:25:34.4",39326,-0.001432419,0.05549431,0.01668739,26.12012
"2025-04-08 17:25:34.45",39327,-0.001773834,0.05620003,0.01588631,26.13398
"2025-04-08 17:25:34.5",39328,-0.002550125,0.05283928,0.01971626,26.11787
"2025-04-08 17:25:34.55",39329,-0.003293991,0.0558548,0.0142498,26.13085
"2025-04-08 17:25:34.6",39330,-0.004953384,0.0562706,0.01930428,26.11586
"2025-04-08 17:25:34.65",39331,-0.004230499,0.05511665,0.01865959,26.13004
"2025-04-08 17:25:34.7",39332,-0.002937317,0.05526352,0.01774979,26.1313
"2025-04-08 17:25:34.75",39333,0.002281189,0.05610085,0.0222187,26.13398
"2025-04-08 17:25:34.8",39334,0.001846313,0.05874825,0.02231789,26.15606
"2025-04-08 17:25:34.85",39335,0.00103569,0.05814934,0.0189743,26.12123
"2025-04-08 17:25:34.9",39336,0.00161171,0.05821228,0.02174187,26.1189
"2025-04-08 17:25:34.95",39337,0.002304077,0.06246758,0.02601624,26.16135
"2025-04-08 17:25:35",39338,0.001401901,0.05946159,0.02178955,26.11649
"2025-04-08 17:25:35.05",39339,0.005361557,0.05954742,0.02078819,26.11629
"2025-04-08 17:25:35.1",39340,0.00280571,0.06145287,0.02007294,26.13236
"2025-04-08 17:25:35.15",39341,-0.001205444,0.05861473,0.0193882,26.09631
"2025-04-08 17:25:35.2",39342,0.005374908,0.06496429,0.02336693,26.12537
"2025-04-08 17:25:35.25",39343,0.0009441376,0.06388664,0.02022934,26.13409
"2025-04-08 17:25:35.3",39344,0.004642487,0.0611515,0.02392769,26.11952
"2025-04-08 17:25:35.35",39345,0.00642395,0.06051445,0.02373314,26.1189
"2025-04-08 17:25:35.4",39346,0.006534576,0.06076431,0.01988411,26.13245
"2025-04-08 17:25:35.45",39347,0.00460434,0.06423378,0.02092171,26.09502
"2025-04-08 17:25:35.5",39348,0.008171082,0.06640625,0.02740669,26.09426
"2025-04-08 17:25:35.55",39349,0.004943848,0.06375122,0.02337265,26.11791
"2025-04-08 17:25:35.6",39350,0.005786896,0.0668869,0.02239799,26.11707
"2025-04-08 17:25:35.65",39351,0.003242493,0.06278229,0.02469826,26.13294
"2025-04-08 17:25:35.7",39352,0.002906799,0.06365585,0.02138519,26.13204
"2025-04-08 17:25:35.75",39353,0.003236771,0.06227684,0.01609612,26.11741
"2025-04-08 17:25:35.8",39354,0.001720428,0.06186485,0.01586914,26.09538
"2025-04-08 17:25:35.85",39355,0.005624771,0.06232834,0.02172661,26.12192
"2025-04-08 17:25:35.9",39356,0.005397797,0.06173515,0.01987648,26.11694
"2025-04-08 17:25:35.95",39357,0.003614426,0.06089401,0.01964188,26.13345
"2025-04-08 17:25:36",39358,0.001859665,0.06113243,0.0206356,26.0668
"2025-04-08 17:25:36.05",39359,0.002315521,0.05966377,0.02119637,26.09531
"2025-04-08 17:25:36.1",39360,0.005525589,0.06074715,0.01702309,26.08207
"2025-04-08 17:25:36.15",39361,0.005842209,0.06060219,0.0147171,26.04397
"2025-04-08 17:25:36.2",39362,0.004398346,0.06122208,0.01466179,26.06624
"2025-04-08 17:25:36.25",39363,0.003839493,0.06162071,0.01607323,26.11675
"2025-04-08 17:25:36.3",39364,0.0008735657,0.06211472,0.01959991,26.11971
"2025-04-08 17:25:36.35",39365,0.003810883,0.06181335,0.02048111,26.06736
"2025-04-08 17:25:36.4",39366,6.866455E-05,0.06166267,0.01843643,26.07008
"2025-04-08 17:25:36.45",39367,0.001745224,0.06074715,0.01927567,26.04108
"2025-04-08 17:25:36.5",39368,0.003089905,0.0587368,0.01556587,26.12227
"2025-04-08 17:25:36.55",39369,-0.001396179,0.05839539,0.0157299,26.08342
"2025-04-08 17:25:36.6",39370,0.000957489,0.05867767,0.01544189,26.06833
"2025-04-08 17:25:36.65",39371,0.003643036,0.0588932,0.0158062,26.13167
"2025-04-08 17:25:36.7",39372,1.907349E-05,0.06025505,0.01660919,26.11713
"2025-04-08 17:25:36.75",39373,2.288818E-05,0.05881119,0.01668167,26.09634
"2025-04-08 17:25:36.8",39374,-3.051758E-05,0.05696106,0.01586342,26.1544
"2025-04-08 17:25:36.85",39375,-0.004724503,0.05634308,0.01626968,26.09659
"2025-04-08 17:25:36.9",39376,0.001396179,0.0566864,0.0150032,26.15318
"2025-04-08 17:25:36.95",39377,0.0004806519,0.0562973,0.01570511,26.15392
"2025-04-08 17:25:37",39378,-0.0006027222,0.05509758,0.01592445,26.1529
"2025-04-08 17:25:37.05",39379,-0.0004444122,0.05439186,0.0178051,26.11596
"2025-04-08 17:25:37.1",39380,0.0003089905,0.05358124,0.01791191,26.16113
"2025-04-08 17:25:37.15",39381,-0.001466751,0.05151749,0.02227402,26.15369
"2025-04-08 17:25:37.2",39382,-0.002552032,0.04995728,0.02079964,26.11559
"2025-04-08 17:25:37.25",39383,-0.004310608,0.05166817,0.02006149,26.11918
"2025-04-08 17:25:37.3",39384,-0.001842499,0.04994202,0.01922417,26.13291
"2025-04-08 17:25:37.35",39385,-0.001245499,0.0496788,0.01849365,26.13189
"2025-04-08 17:25:37.4",39386,0.003412247,0.05037117,0.01909065,26.13325
"2025-04-08 17:25:37.45",39387,-0.0002479553,0.04805756,0.01978302,26.11478
"2025-04-08 17:25:37.5",39388,0.0007266998,0.04795265,0.01878357,26.13102
"2025-04-08 17:25:37.55",39389,0.001888275,0.04722023,0.01906395,26.1618
"2025-04-08 17:25:37.6",39390,0.000497818,0.04785728,0.01885033,26.1172
"2025-04-08 17:25:37.65",39391,0.004077911,0.04432297,0.01823997,26.11868
"2025-04-08 17:25:37.7",39392,0.002513885,0.04489326,0.01860428,26.11792
"2025-04-08 17:25:37.75",39393,0.00255394,0.04574776,0.02116394,26.13328
"2025-04-08 17:25:37.8",39394,0.002950668,0.04682922,0.0208149,26.11864
"2025-04-08 17:25:37.85",39395,0.007425308,0.04750443,0.02120209,26.07944
"2025-04-08 17:25:37.9",39396,0.008998871,0.0498867,0.02487183,26.11539
"2025-04-08 17:25:37.95",39397,0.006902695,0.04611969,0.02131462,26.10044
"2025-04-08 17:25:38",39398,0.004581451,0.04270935,0.02250862,26.06662
"2025-04-08 17:25:38.05",39399,0.001781464,0.04178238,0.02197075,26.08221
"2025-04-08 17:25:38.1",39400,0.005966187,0.04145622,0.02122498,26.11835
"2025-04-08 17:25:38.15",39401,0.007501602,0.04519844,0.0209446,26.07325
"2025-04-08 17:25:38.2",39402,0.005584717,0.04258728,0.0188179,26.09586
"2025-04-08 17:25:38.25",39403,0.005487442,0.04246712,0.01899529,26.09283
"2025-04-08 17:25:38.3",39404,0.007816315,0.04132843,0.01934052,26.06389
"2025-04-08 17:25:38.35",39405,0.007009506,0.04078674,0.01952744,26.0786
"2025-04-08 17:25:38.4",39406,0.007160187,0.04136848,0.01939201,26.08147
"2025-04-08 17:25:38.45",39407,0.01081276,0.04013252,0.0187149,26.06698
"2025-04-08 17:25:38.5",39408,0.008747101,0.04049301,0.01855278,26.08188
"2025-04-08 17:25:38.55",39409,0.009344101,0.0413456,0.01894951,26.06793
"2025-04-08 17:25:38.6",39410,0.01254082,0.04164124,0.01850891,26.0469
"2025-04-08 17:25:38.65",39411,0.0116787,0.04196167,0.01863861,26.04516
"2025-04-08 17:25:38.7",39412,0.01140976,0.04517555,0.01943779,26.08374
"2025-04-08 17:25:38.75",39413,0.009378433,0.04176903,0.01883507,26.06953
"2025-04-08 17:25:38.8",39414,0.008304596,0.04123306,0.01873207,26.0703
"2025-04-08 17:25:38.85",39415,0.01426125,0.04418755,0.02200699,26.02482
"2025-04-08 17:25:38.9",39416,0.01151085,0.04747963,0.02196693,26.06615
"2025-04-08 17:25:38.95",39417,0.007472992,0.04628372,0.0212574,26.08527
"2025-04-08 17:25:39",39418,0.01268578,0.0469017,0.02032471,26.08829
"2025-04-08 17:25:39.05",39419,0.0125885,0.04149055,0.01874352,26.03659
"2025-04-08 17:25:39.1",39420,0.01173019,0.04406166,0.01921272,26.0357
"2025-04-08 17:25:39.15",39421,0.009519577,0.04420662,0.01940155,26.03496
"2025-04-08 17:25:39.2",39422,0.01032257,0.04441643,0.01928711,26.01399
"2025-04-08 17:25:39.25",39423,0.01041222,0.04385376,0.0194664,25.99198
"2025-04-08 17:25:39.3",39424,0.01007652,0.04405022,0.0203476,26.01268
"2025-04-08 17:25:39.35",39425,0.01132393,0.04430008,0.02048111,26.01296
"2025-04-08 17:25:39.4",39426,0.01451111,0.04446411,0.01966476,26.03445
"2025-04-08 17:25:39.45",39427,0.0136795,0.04438591,0.01961708,26.03571
"2025-04-08 17:25:39.5",39428,0.01168442,0.04436111,0.02341843,26.03342
"2025-04-08 17:25:39.55",39429,0.009830475,0.04343033,0.0196209,26.0123
"2025-04-08 17:25:39.6",39430,0.01269531,0.04426003,0.01882172,26.01402
"2025-04-08 17:25:39.65",39431,0.01148987,0.04384995,0.0214901,26.03661
"2025-04-08 17:25:39.7",39432,0.01572418,0.04122353,0.02337265,26.01593
"2025-04-08 17:25:39.75",39433,0.01377869,0.04150772,0.02323914,26.01443
"2025-04-08 17:25:39.8",39434,0.01433754,0.04179192,0.02292824,26.04619
"2025-04-08 17:25:39.85",39435,0.01858902,0.04226112,0.02659607,26.03576
"2025-04-08 17:25:39.9",39436,0.0185585,0.04262352,0.02698326,26.03552
"2025-04-08 17:25:39.95",39437,0.01675606,0.04064941,0.02951622,26.04359
"2025-04-08 17:25:40",39438,0.01662636,0.04010773,0.02959633,26.06555
"2025-04-08 17:25:40.05",39439,0.01941299,0.03998375,0.02881813,26.08092
"2025-04-08 17:25:40.1",39440,0.0188961,0.03931999,0.03161621,26.09642
"2025-04-08 17:25:40.15",39441,0.01922989,0.04114342,0.03415108,26.08046
"2025-04-08 17:25:40.2",39442,0.01675224,0.04013252,0.03442764,26.06567
"2025-04-08 17:25:40.25",39443,0.01930809,0.04007721,0.03735924,26.09488
"2025-04-08 17:25:40.3",39444,0.01849174,0.03987885,0.03744316,26.06431
"2025-04-08 17:25:40.35",39445,0.01941872,0.03588486,0.03803253,26.07928
"2025-04-08 17:25:40.4",39446,0.01887321,0.03823471,0.03693008,26.08053
"2025-04-08 17:25:40.45",39447,0.01882172,0.03806877,0.03750229,26.03834
"2025-04-08 17:25:40.5",39448,0.01934242,0.03856468,0.03739929,26.09615
"2025-04-08 17:25:40.55",39449,0.01913452,0.03840256,0.03725815,26.04353
"2025-04-08 17:25:40.6",39450,0.01875114,0.03829193,0.03797722,26.03477
"2025-04-08 17:25:40.65",39451,0.01991081,0.03753281,0.03765869,26.04283
"2025-04-08 17:25:40.7",39452,0.01724815,0.03750801,0.03813362,26.04465
"2025-04-08 17:25:40.75",39453,0.01799202,0.0376091,0.03760529,26.04057
"2025-04-08 17:25:40.8",39454,0.01776123,0.0383358,0.03703308,26.041
"2025-04-08 17:25:40.85",39455,0.01854324,0.04130173,0.03995705,26.0197
"2025-04-08 17:25:40.9",39456,0.01726913,0.03873062,0.03711319,25.99518
"2025-04-08 17:25:40.95",39457,0.01657677,0.03906631,0.03989792,26.01637
"2025-04-08 17:25:41",39458,0.0157795,0.0414505,0.04046822,26.03786
"2025-04-08 17:25:41.05",39459,0.01854897,0.03906822,0.04040718,25.99365
"2025-04-08 17:25:41.1",39460,0.01531601,0.04100037,0.04043388,26.01638
"2025-04-08 17:25:41.15",39461,0.0155201,0.03819656,0.04022408,26.01507
"2025-04-08 17:25:41.2",39462,0.01887131,0.04067612,0.04251289,26.01456
"2025-04-08 17:25:41.25",39463,0.01617432,0.04157066,0.03960419,26.04247
"2025-04-08 17:25:41.3",39464,0.01862717,0.04164886,0.0424614,26.03587
"2025-04-08 17:25:41.35",39465,0.01821327,0.04128456,0.04304886,26.06394
"2025-04-08 17:25:41.4",39466,0.01805305,0.04107857,0.0426693,26.06291
"2025-04-08 17:25:41.45",39467,0.01796341,0.04309845,0.04620361,26.063
"2025-04-08 17:25:41.5",39468,0.01802254,0.04309464,0.04751778,26.13055
"2025-04-08 17:25:41.55",39469,0.01885033,0.04392052,0.04661179,26.13155
"2025-04-08 17:25:41.6",39470,0.01859283,0.04350662,0.04828262,26.09396
"2025-04-08 17:25:41.65",39471,0.01908112,0.04341316,0.04640579,26.1292
"2025-04-08 17:25:41.7",39472,0.01921463,0.04406738,0.04653931,26.15063
"2025-04-08 17:25:41.75",39473,0.02116966,0.04463577,0.04646683,26.09326
"2025-04-08 17:25:41.8",39474,0.02075958,0.04372406,0.04632378,26.09413
"2025-04-08 17:25:41.85",39475,0.02097702,0.04558563,0.04597092,26.09467
"2025-04-08 17:25:41.9",39476,0.02398872,0.04623985,0.04502678,26.11677
"2025-04-08 17:25:41.95",39477,0.02408791,0.04596901,0.04469299,26.09582
"2025-04-08 17:25:42",39478,0.02375984,0.04924965,0.04518318,26.11732
"2025-04-08 17:25:42.05",39479,0.02431107,0.04678726,0.04546738,26.09447
"2025-04-08 17:25:42.1",39480,0.02343559,0.04722786,0.04500961,26.09374
"2025-04-08 17:25:42.15",39481,0.0256176,0.05016518,0.04528236,26.11736
"2025-04-08 17:25:42.2",39482,0.02585983,0.05293465,0.04495239,26.11794
"2025-04-08 17:25:42.25",39483,0.02628899,0.0533886,0.04479599,26.15408
"2025-04-08 17:25:42.3",39484,0.02732849,0.05388832,0.04769135,26.1388
"2025-04-08 17:25:42.35",39485,0.02300453,0.05378532,0.0446682,26.09361
"2025-04-08 17:25:42.4",39486,0.02396011,0.05670357,0.04537773,26.11613
"2025-04-08 17:25:42.45",39487,0.02635574,0.05323601,0.04516602,26.11488
"2025-04-08 17:25:42.5",39488,0.02539063,0.05286598,0.04523468,26.13183
"2025-04-08 17:25:42.55",39489,0.02898788,0.05189133,0.04494095,26.11626
"2025-04-08 17:25:42.6",39490,0.02925491,0.05427933,0.04538536,26.08132
"2025-04-08 17:25:42.65",39491,0.02418518,0.05478859,0.04787636,26.07784
"2025-04-08 17:25:42.7",39492,0.02368736,0.05418396,0.05112648,26.09449
"2025-04-08 17:25:42.75",39493,0.01819611,0.05693245,0.05033302,26.0656
"2025-04-08 17:25:42.8",39494,0.01808929,0.05639648,0.05066299,26.07782
"2025-04-08 17:25:42.85",39495,0.01825333,0.05617905,0.05127525,26.01241
"2025-04-08 17:25:42.9",39496,0.01878929,0.05379486,0.05092812,25.96386
"2025-04-08 17:25:42.95",39497,0.02074814,0.05096436,0.0448761,25.99298
"2025-04-08 17:25:43",39498,0.02050781,0.04861259,0.04447746,25.99677
"2025-04-08 17:25:43.05",39499,0.02057648,0.04670334,0.04506493,25.99682
"2025-04-08 17:25:43.1",39500,0.02028084,0.04633904,0.04543877,26.01607
"2025-04-08 17:25:43.15",39501,0.0183754,0.04632187,0.04794693,26.0164
"2025-04-08 17:25:43.2",39502,0.01605797,0.04527664,0.04957962,26.0403
"2025-04-08 17:25:43.25",39503,0.01538658,0.04315186,0.04978371,26.03861
"2025-04-08 17:25:43.3",39504,0.01569557,0.04304886,0.05208969,26.0471
"2025-04-08 17:25:43.35",39505,0.01806831,0.04177094,0.0525589,26.08052
"2025-04-08 17:25:43.4",39506,0.02059364,0.04104996,0.05229378,26.11633
"2025-04-08 17:25:43.45",39507,0.0204258,0.03840446,0.05314255,26.11609
"2025-04-08 17:25:43.5",39508,0.02239037,0.03553391,0.05077362,26.11588
"2025-04-08 17:25:43.55",39509,0.02542496,0.03617859,0.04706001,26.11624
"2025-04-08 17:25:43.6",39510,0.02599525,0.03526306,0.04788017,26.09383
"2025-04-08 17:25:43.65",39511,0.0261097,0.03302574,0.04776764,26.07704
"2025-04-08 17:25:43.7",39512,0.02630043,0.03551674,0.04585457,26.07581
"2025-04-08 17:25:43.75",39513,0.02591705,0.03605652,0.04394341,26.07809
"2025-04-08 17:25:43.8",39514,0.02578545,0.03518677,0.04451752,26.03526
"2025-04-08 17:25:43.85",39515,0.02326965,0.03554344,0.04141808,25.9769
"2025-04-08 17:25:43.9",39516,0.02109146,0.03529167,0.03794861,25.99248
"2025-04-08 17:25:43.95",39517,0.02370453,0.03545952,0.03562164,25.96082
"2025-04-08 17:25:44",39518,0.02089882,0.03834152,0.03498077,25.93998
"2025-04-08 17:25:44.05",39519,0.02098846,0.03909111,0.03252029,25.9248
"2025-04-08 17:25:44.1",39520,0.02083397,0.03792763,0.03237152,25.92528
"2025-04-08 17:25:44.15",39521,0.01763344,0.03770447,0.02969742,25.92646
"2025-04-08 17:25:44.2",39522,0.01833534,0.0379467,0.02837181,25.89548
"2025-04-08 17:25:44.25",39523,0.01907349,0.03793907,0.02858543,25.90308
"2025-04-08 17:25:44.3",39524,0.01849937,0.03826714,0.0261116,25.92526
"2025-04-08 17:25:44.35",39525,0.0180912,0.03900719,0.02651215,25.92563
"2025-04-08 17:25:44.4",39526,0.01492882,0.03985405,0.02366257,25.94238
"2025-04-08 17:25:44.45",39527,0.01524353,0.04255867,0.02367973,25.97848
"2025-04-08 17:25:44.5",39528,0.0154438,0.04225159,0.02365303,25.97829
"2025-04-08 17:25:44.55",39529,0.01630974,0.0491581,0.0223732,25.97747
"2025-04-08 17:25:44.6",39530,0.01295853,0.0489254,0.02039719,25.97672
"2025-04-08 17:25:44.65",39531,0.01223373,0.04537773,0.02089882,26.01192
"2025-04-08 17:25:44.7",39532,0.01260185,0.04450035,0.02095413,26.03581
"2025-04-08 17:25:44.75",39533,0.01219368,0.04666901,0.02073669,26.01438
"2025-04-08 17:25:44.8",39534,0.01254654,0.04648018,0.02099609,26.04498
"2025-04-08 17:25:44.85",39535,0.01313782,0.0490799,0.02346992,26.09453
"2025-04-08 17:25:44.9",39536,0.01290894,0.0460434,0.02355766,26.09273
"2025-04-08 17:25:44.95",39537,0.01229858,0.0467453,0.02368736,26.09289
"2025-04-08 17:25:45",39538,0.01269531,0.04556847,0.02399826,26.09418
"2025-04-08 17:25:45.05",39539,0.01034355,0.04817009,0.02346992,26.08087
"2025-04-08 17:25:45.1",39540,0.01504898,0.04538918,0.0231514,26.09522
"2025-04-08 17:25:45.15",39541,0.01482391,0.04772949,0.02348137,26.09453
"2025-04-08 17:25:45.2",39542,0.01760101,0.04920006,0.02367592,26.0957
"2025-04-08 17:25:45.25",39543,0.01414108,0.048563,0.02156448,26.09648
"2025-04-08 17:25:45.3",39544,0.01363373,0.05105972,0.02368164,26.0994
"2025-04-08 17:25:45.35",39545,0.01671791,0.04903221,0.02105522,26.04713
"2025-04-08 17:25:45.4",39546,0.01667213,0.04798698,0.02042961,26.08485
"2025-04-08 17:25:45.45",39547,0.01690292,0.05146599,0.02039719,26.03689
"2025-04-08 17:25:45.5",39548,0.01557732,0.05184937,0.01792145,25.97769
"2025-04-08 17:25:45.55",39549,0.01775551,0.05133247,0.02108002,26.04315
"2025-04-08 17:25:45.6",39550,0.01983833,0.0513649,0.01849937,25.99182
"2025-04-08 17:25:45.65",39551,0.02304459,0.05088425,0.01776505,25.99284
"2025-04-08 17:25:45.7",39552,0.02557564,0.05420685,0.01825333,25.97834
"2025-04-08 17:25:45.75",39553,0.02536201,0.05434799,0.01778221,26.01393
"2025-04-08 17:25:45.8",39554,0.02845573,0.05104828,0.01609612,26.0115
"2025-04-08 17:25:45.85",39555,0.03252029,0.054039,0.01646042,26.01266
"2025-04-08 17:25:45.9",39556,0.03012085,0.05143929,0.01429939,25.99162
"2025-04-08 17:25:45.95",39557,0.03596306,0.05359268,0.01423645,25.97552
"2025-04-08 17:25:46",39558,0.03390694,0.05442047,0.01388931,25.93803
"2025-04-08 17:25:46.05",39559,0.0363102,0.05420685,0.0146656,25.93598
"2025-04-08 17:25:46.1",39560,0.03658295,0.05435181,0.01425934,25.92296
"2025-04-08 17:25:46.15",39561,0.03978348,0.05193901,0.0147953,25.8727
"2025-04-08 17:25:46.2",39562,0.03925323,0.05400848,0.01482773,25.8732
"2025-04-08 17:25:46.25",39563,0.03726196,0.05659866,0.01346588,25.8432
"2025-04-08 17:25:46.3",39564,0.03730774,0.05402756,0.01326942,25.87299
"2025-04-08 17:25:46.35",39565,0.04057121,0.0540905,0.01018715,25.82035
"2025-04-08 17:25:46.4",39566,0.03690147,0.05359459,0.01075363,25.87194
"2025-04-08 17:25:46.45",39567,0.03653145,0.05152893,0.01027107,25.82188
"2025-04-08 17:25:46.5",39568,0.03662109,0.05395508,0.01034355,25.84465
"2025-04-08 17:25:46.55",39569,0.0370388,0.05404091,0.01019478,25.84383
"2025-04-08 17:25:46.6",39570,0.03390312,0.05525208,0.009592056,25.85241
"2025-04-08 17:25:46.65",39571,0.03452301,0.0561924,0.009729385,25.78297
"2025-04-08 17:25:46.7",39572,0.03421974,0.05559158,0.009838104,25.78442
"2025-04-08 17:25:46.75",39573,0.03415298,0.0567894,0.007804871,25.77004
"2025-04-08 17:25:46.8",39574,0.03330803,0.05606079,0.00784874,25.77033
"2025-04-08 17:25:46.85",39575,0.03063011,0.05523109,0.006971359,25.78484
"2025-04-08 17:25:46.9",39576,0.0316906,0.05459976,0.007221222,25.76994
"2025-04-08 17:25:46.95",39577,0.03146172,0.05551529,0.007083893,25.77008
"2025-04-08 17:25:47",39578,0.03088951,0.05492783,0.007587433,25.78287
"2025-04-08 17:25:47.05",39579,0.02833366,0.05442619,0.00822258,25.76832
"2025-04-08 17:25:47.1",39580,0.02785873,0.05451393,0.008104324,25.73235
"2025-04-08 17:25:47.15",39581,0.02875137,0.05381775,0.005334854,25.75645
"2025-04-08 17:25:47.2",39582,0.0263176,0.0545311,0.004619598,25.7696
"2025-04-08 17:25:47.25",39583,0.02567101,0.05399704,0.005290985,25.73182
"2025-04-08 17:25:47.3",39584,0.02441216,0.05397415,0.005132675,25.7567
"2025-04-08 17:25:47.35",39585,0.02446365,0.05041695,0.005470276,25.73418
"2025-04-08 17:25:47.4",39586,0.02760887,0.05083656,0.002609253,25.73538
"2025-04-08 17:25:47.45",39587,0.02542877,0.0508728,0.002151489,25.7383
"2025-04-08 17:25:47.5",39588,0.02231407,0.05176163,0.002492905,25.73536
"2025-04-08 17:25:47.55",39589,0.02385902,0.05058289,0.002845764,25.73553
"2025-04-08 17:25:47.6",39590,0.02421188,0.0486908,0.003051758,25.7357
"2025-04-08 17:25:47.65",39591,0.02030373,0.04842758,0.002388,25.73558
"2025-04-08 17:25:47.7",39592,0.01821327,0.04837227,0.002264023,25.73607
"2025-04-08 17:25:47.75",39593,0.01813698,0.04886818,0.002347946,25.73469
"2025-04-08 17:25:47.8",39594,0.01787758,0.0492363,0.0002803802,25.7546
"2025-04-08 17:25:47.85",39595,0.01701355,0.04856873,0.002521515,25.75533
"2025-04-08 17:25:47.9",39596,0.01650429,0.04917717,0.00025177,25.73334
"2025-04-08 17:25:47.95",39597,0.01718521,0.04933357,0.0009231567,25.75571
"2025-04-08 17:25:48",39598,0.02170563,0.05151176,0.00169754,25.73241
"2025-04-08 17:25:48.05",39599,0.01803589,0.04927635,-0.0006561279,25.75391
"2025-04-08 17:25:48.1",39600,0.01778221,0.04927063,0.0009937286,25.75329
"2025-04-08 17:25:48.15",39601,0.01720238,0.04891396,0.004737854,25.7331
"2025-04-08 17:25:48.2",39602,0.01794624,0.048769,0.001710892,25.77174
"2025-04-08 17:25:48.25",39603,0.01800156,0.04860115,0.003660202,25.7547
"2025-04-08 17:25:48.3",39604,0.0201416,0.04894829,0.00305748,25.76833
"2025-04-08 17:25:48.35",39605,0.01721001,0.04928207,0.004213333,25.78325
"2025-04-08 17:25:48.4",39606,0.02025223,0.04861069,0.003604889,25.75491
"2025-04-08 17:25:48.45",39607,0.02325821,0.04831123,0.00371933,25.78266
"2025-04-08 17:25:48.5",39608,0.02032661,0.04828262,0.00270462,25.78441
"2025-04-08 17:25:48.55",39609,0.02096558,0.04517174,0.001983643,25.78242
"2025-04-08 17:25:48.6",39610,0.02128029,0.04637909,0.002473831,25.78181
"2025-04-08 17:25:48.65",39611,0.02078247,0.04566383,0.002586365,25.78461
"2025-04-08 17:25:48.7",39612,0.02030373,0.04580116,0.001977921,25.82166
"2025-04-08 17:25:48.75",39613,0.02018356,0.04601479,0.002040863,25.78412
"2025-04-08 17:25:48.8",39614,0.02424622,0.04696846,0.002000809,25.7557
"2025-04-08 17:25:48.85",39615,0.02307892,0.04738808,0.001926422,25.7538
"2025-04-08 17:25:48.9",39616,0.02318954,0.04821587,0.002105713,25.78243
"2025-04-08 17:25:48.95",39617,0.0256176,0.04531288,0.002088547,25.7709
"2025-04-08 17:25:49",39618,0.02568054,0.04504395,0.002088547,25.78416
"2025-04-08 17:25:49.05",39619,0.02585411,0.04818344,0.002111435,25.80753
"2025-04-08 17:25:49.1",39620,0.02602005,0.04459,0.001754761,25.76868
"2025-04-08 17:25:49.15",39621,0.02588654,0.04476357,0.001977921,25.78261
"2025-04-08 17:25:49.2",39622,0.02516556,0.04616547,0.002161026,25.78554
"2025-04-08 17:25:49.25",39623,0.02518845,0.04595757,0.001939774,25.78439
"2025-04-08 17:25:49.3",39624,0.02602005,0.04024506,0.001525879,25.78574
"2025-04-08 17:25:49.35",39625,0.02547455,0.04074287,0.001600266,25.8431
"2025-04-08 17:25:49.4",39626,0.02564812,0.03767586,0.002689362,25.78461
"2025-04-08 17:25:49.45",39627,0.02870941,0.04064178,0.002721786,25.78435
"2025-04-08 17:25:49.5",39628,0.03089523,0.04369736,0.006015778,25.82109
"2025-04-08 17:25:49.55",39629,0.03004265,0.03958511,0.002342224,25.80791
"2025-04-08 17:25:49.6",39630,0.02861214,0.03757477,0.00220871,25.84429
"2025-04-08 17:25:49.65",39631,0.03186798,0.04417229,0.005987167,25.82346
"2025-04-08 17:25:49.7",39632,0.02729416,0.03738594,0.004636765,25.82471
"2025-04-08 17:25:49.75",39633,0.02719307,0.04335594,0.01045609,25.85432
"2025-04-08 17:25:49.8",39634,0.02380371,0.03977013,0.008228302,25.85661
"2025-04-08 17:25:49.85",39635,0.02471352,0.03987694,0.008010864,25.85502
"2025-04-08 17:25:49.9",39636,0.02390289,0.03968811,0.008094788,25.84606
"2025-04-08 17:25:49.95",39637,0.02056885,0.04044724,0.01088524,25.853
"2025-04-08 17:25:50",39638,0.02033424,0.04001617,0.01087379,25.89571
"2025-04-08 17:25:50.05",39639,0.02000046,0.03968048,0.01080322,25.89644
"2025-04-08 17:25:50.1",39640,0.01743126,0.04303932,0.01039886,25.85188
"2025-04-08 17:25:50.15",39641,0.01836395,0.04323769,0.0105114,25.85078
"2025-04-08 17:25:50.2",39642,0.02004051,0.04421234,0.01028442,25.87202
"2025-04-08 17:25:50.25",39643,0.01782417,0.04441071,0.01062202,25.90012
"2025-04-08 17:25:50.3",39644,0.01675224,0.04427338,0.01116371,25.90017
"2025-04-08 17:25:50.35",39645,0.0207119,0.05003738,0.01529884,25.88169
"2025-04-08 17:25:50.4",39646,0.01784897,0.04580307,0.01162529,25.92548
"2025-04-08 17:25:50.45",39647,0.02085495,0.04940033,0.01483536,25.88055
"2025-04-08 17:25:50.5",39648,0.0173378,0.04646301,0.01186943,25.9013
"2025-04-08 17:25:50.55",39649,0.01670647,0.04635048,0.01188469,25.89268
"2025-04-08 17:25:50.6",39650,0.01991272,0.04888725,0.00907135,25.89302
"2025-04-08 17:25:50.65",39651,0.0202198,0.048563,0.008321762,25.87218
"2025-04-08 17:25:50.7",39652,0.02032089,0.04805183,0.00835228,25.87404
"2025-04-08 17:25:50.75",39653,0.0220108,0.05184555,0.008335114,25.84874
"2025-04-08 17:25:50.8",39654,0.02151489,0.0490036,0.008207321,25.81916
"2025-04-08 17:25:50.85",39655,0.02671814,0.05511284,0.007390976,25.85912
"2025-04-08 17:25:50.9",39656,0.02349663,0.05162048,0.008176804,25.87289
"2025-04-08 17:25:50.95",39657,0.02369308,0.05169868,0.004659653,25.8513
"2025-04-08 17:25:51",39658,0.02623749,0.05568123,0.005378723,25.87287
"2025-04-08 17:25:51.05",39659,0.02333641,0.05573845,0.004915237,25.87295
"2025-04-08 17:25:51.1",39660,0.02553368,0.0561924,0.002521515,25.87339
"2025-04-08 17:25:51.15",39661,0.02555275,0.05536842,0.005529404,25.84338
"2025-04-08 17:25:51.2",39662,0.02627182,0.05566025,0.001928329,25.85305
"2025-04-08 17:25:51.25",39663,0.02608871,0.05547523,0.004590988,25.8433
"2025-04-08 17:25:51.3",39664,0.02934837,0.05580139,-0.0004024506,25.80628
"2025-04-08 17:25:51.35",39665,0.02829933,0.05834198,0.002418518,25.85249
"2025-04-08 17:25:51.4",39666,0.03121948,0.05946922,0.002748489,25.85968
"2025-04-08 17:25:51.45",39667,0.02584648,0.0624218,0.00194931,25.82849
"2025-04-08 17:25:51.5",39668,0.02833939,0.05702209,-0.0009822845,25.84492
"2025-04-08 17:25:51.55",39669,0.02581978,0.05656624,-0.0005016327,25.8201
"2025-04-08 17:25:51.6",39670,0.03172493,0.06011581,0.0005645752,25.84161
"2025-04-08 17:25:51.65",39671,0.02783585,0.05583382,-0.002885818,25.84476
"2025-04-08 17:25:51.7",39672,0.02878571,0.05569458,-0.003639221,25.84405
"2025-04-08 17:25:51.75",39673,0.02962875,0.05914116,-0.005344391,25.82114
"2025-04-08 17:25:51.8",39674,0.02976799,0.05661964,-0.005601883,25.8596
"2025-04-08 17:25:51.85",39675,0.03423691,0.0613575,-0.002868652,25.83164
"2025-04-08 17:25:51.9",39676,0.03470039,0.06283188,-0.002233505,25.85641
"2025-04-08 17:25:51.95",39677,0.03005409,0.05859184,-0.005460739,25.90125
"2025-04-08 17:25:52",39678,0.02698326,0.05940247,-0.005729675,25.84852
"2025-04-08 17:25:52.05",39679,0.02976227,0.0593071,-0.00504303,25.82543
"2025-04-08 17:25:52.1",39680,0.028265,0.05833626,-0.00525856,25.84572
"2025-04-08 17:25:52.15",39681,0.02847862,0.05894852,-0.007986069,25.82275
"2025-04-08 17:25:52.2",39682,0.03143883,0.06240082,-0.00661087,25.79261
"2025-04-08 17:25:52.25",39683,0.02841759,0.05993271,-0.007963181,25.85242
"2025-04-08 17:25:52.3",39684,0.03051186,0.06307602,-0.005643845,25.87887
"2025-04-08 17:25:52.35",39685,0.02774811,0.05901527,-0.007801056,25.84538
"2025-04-08 17:25:52.4",39686,0.03056145,0.06234932,-0.006795883,25.85385
"2025-04-08 17:25:52.45",39687,0.03048897,0.05649757,-0.008577347,25.82136
"2025-04-08 17:25:52.5",39688,0.03032303,0.05972099,-0.005264282,25.82803
"2025-04-08 17:25:52.55",39689,0.02744102,0.05657005,-0.00750351,25.78293
"2025-04-08 17:25:52.6",39690,0.02748871,0.05644608,-0.006399155,25.84419
"2025-04-08 17:25:52.65",39691,0.02759743,0.05661011,-0.00702858,25.84165
"2025-04-08 17:25:52.7",39692,0.02818108,0.05411911,-0.006793976,25.78259
"2025-04-08 17:25:52.75",39693,0.02746391,0.05719757,-0.006738663,25.84846
"2025-04-08 17:25:52.8",39694,0.02736282,0.05424118,-0.003749847,25.84238
"2025-04-08 17:25:52.85",39695,0.02700043,0.05338287,-0.00526619,25.8435
"2025-04-08 17:25:52.9",39696,0.02787399,0.05130005,-0.004880905,25.84097
"2025-04-08 17:25:52.95",39697,0.02568054,0.05439758,-0.005867004,25.84127
"2025-04-08 17:25:53",39698,0.02729034,0.05167198,-0.005321503,25.82033
"2025-04-08 17:25:53.05",39699,0.02851868,0.05123138,-0.005617142,25.84285
"2025-04-08 17:25:53.1",39700,0.02849579,0.05020332,-0.004108429,25.81982
"2025-04-08 17:25:53.15",39701,0.02841568,0.05182838,-0.002990723,25.84321
"2025-04-08 17:25:53.2",39702,0.0255928,0.04913521,-0.005678177,25.84929
"2025-04-08 17:25:53.25",39703,0.02801132,0.05019188,-0.003171921,25.84132
"2025-04-08 17:25:53.3",39704,0.02759171,0.05033112,-0.003076553,25.84302
"2025-04-08 17:25:53.35",39705,0.02856636,0.05195618,-0.003143311,25.84327
"2025-04-08 17:25:53.4",39706,0.02844429,0.0477314,-0.003551483,25.89552
"2025-04-08 17:25:53.45",39707,0.02902031,0.04798698,-0.0005455017,25.85009
"2025-04-08 17:25:53.5",39708,0.02789879,0.04801941,-0.0005512238,25.87217
"2025-04-08 17:25:53.55",39709,0.02857208,0.0435257,-0.0009765625,25.87344
"2025-04-08 17:25:53.6",39710,0.02915573,0.04285812,-0.001092911,25.85072
"2025-04-08 17:25:53.65",39711,0.02549553,0.04421043,-0.001489639,25.87267
"2025-04-08 17:25:53.7",39712,0.02806091,0.04361916,-0.0001487732,25.89298
"2025-04-08 17:25:53.75",39713,0.02547264,0.04338455,0.002063751,25.89534
"2025-04-08 17:25:53.8",39714,0.02601624,0.04231834,-0.0007743835,25.90271
"2025-04-08 17:25:53.85",39715,0.0255928,0.03960991,-0.0003623962,25.90076
"2025-04-08 17:25:53.9",39716,0.02624321,0.04019165,0.002391815,25.8722
"2025-04-08 17:25:53.95",39717,0.03016663,0.04069901,0.002191544,25.90246
"2025-04-08 17:25:54",39718,0.02970695,0.04380417,0.005882263,25.90527
"2025-04-08 17:25:54.05",39719,0.02732849,0.03964806,0.001895905,25.8995
"2025-04-08 17:25:54.1",39720,0.0258255,0.03961945,0.001983643,25.90668
"2025-04-08 17:25:54.15",39721,0.02748871,0.03775406,0.002113342,25.90648
"2025-04-08 17:25:54.2",39722,0.02993584,0.04443932,0.005157471,25.90479
"2025-04-08 17:25:54.25",39723,0.02680779,0.03742409,0.002418518,25.90088
"2025-04-08 17:25:54.3",39724,0.02671242,0.03761482,0.002128601,25.89989
"2025-04-08 17:25:54.35",39725,0.02698135,0.03730774,0.004810333,25.87624
"2025-04-08 17:25:54.4",39726,0.02328491,0.0352459,0.005302429,25.89651
"2025-04-08 17:25:54.45",39727,0.02528,0.03841591,0.005252838,25.90395
"2025-04-08 17:25:54.5",39728,0.02309036,0.03463173,0.004463196,25.89883
"2025-04-08 17:25:54.55",39729,0.02687073,0.03799057,0.006933212,25.90203
"2025-04-08 17:25:54.6",39730,0.02240372,0.03536987,0.004989624,25.90234
"2025-04-08 17:25:54.65",39731,0.02191734,0.0354805,0.004903793,25.87144
"2025-04-08 17:25:54.7",39732,0.02159119,0.03511238,0.005754471,25.89543
"2025-04-08 17:25:54.75",39733,0.02345085,0.03195381,0.0058918,25.8942
"2025-04-08 17:25:54.8",39734,0.02550125,0.03467941,0.006826401,25.90007
"2025-04-08 17:25:54.85",39735,0.02494431,0.03546524,0.008876801,25.90017
"2025-04-08 17:25:54.9",39736,0.02474976,0.03519821,0.009881973,25.90125
"2025-04-08 17:25:54.95",39737,0.02523994,0.03464508,0.008617401,25.90264
"2025-04-08 17:25:55",39738,0.02860641,0.03513527,0.01105499,25.89979
"2025-04-08 17:25:55.05",39739,0.02775764,0.03544807,0.01098061,25.9362
"2025-04-08 17:25:55.1",39740,0.02759171,0.03773117,0.01148987,25.92421
"2025-04-08 17:25:55.15",39741,0.03027534,0.03768349,0.01377869,25.93957
"2025-04-08 17:25:55.2",39742,0.03084564,0.03731918,0.01305962,25.92422
"2025-04-08 17:25:55.25",39743,0.03343201,0.03819466,0.01260185,25.93892
"2025-04-08 17:25:55.3",39744,0.03359413,0.03552055,0.0131321,25.92301
"2025-04-08 17:25:55.35",39745,0.03349876,0.03783989,0.01535797,25.97581
"2025-04-08 17:25:55.4",39746,0.03708076,0.03788948,0.01518631,25.92557
"2025-04-08 17:25:55.45",39747,0.03705025,0.04159927,0.01490021,25.93885
"2025-04-08 17:25:55.5",39748,0.03726768,0.03889465,0.01532173,25.96159
"2025-04-08 17:25:55.55",39749,0.03956032,0.03935623,0.01510239,25.92363
"2025-04-08 17:25:55.6",39750,0.03939247,0.04369736,0.01886559,25.9331
"2025-04-08 17:25:55.65",39751,0.03680611,0.03872108,0.01190376,25.89526
"2025-04-08 17:25:55.7",39752,0.04414368,0.04297066,0.01773453,25.8904
"2025-04-08 17:25:55.75",39753,0.04303169,0.04169273,0.01761627,25.90911
"2025-04-08 17:25:55.8",39754,0.04162407,0.03897858,0.01229858,25.90168
"2025-04-08 17:25:55.85",39755,0.0417099,0.0381813,0.01225853,25.89521
"2025-04-08 17:25:55.9",39756,0.04223251,0.04093933,0.01224518,25.89549
"2025-04-08 17:25:55.95",39757,0.04212379,0.03818512,0.009462357,25.89407
"2025-04-08 17:25:56",39758,0.04164696,0.03767204,0.01053619,25.87289
"2025-04-08 17:25:56.05",39759,0.04430008,0.03763771,0.01003838,25.87159
"2025-04-08 17:25:56.1",39760,0.0487957,0.04110146,0.01321602,25.87904
"2025-04-08 17:25:56.15",39761,0.04571915,0.03673363,0.0101223,25.84348
"2025-04-08 17:25:56.2",39762,0.04705238,0.03736496,0.008150101,25.84973
"2025-04-08 17:25:56.25",39763,0.04505348,0.03709221,0.007886887,25.84524
"2025-04-08 17:25:56.3",39764,0.04816055,0.0395031,0.007383347,25.84355
"2025-04-08 17:25:56.35",39765,0.04685211,0.03692436,0.004150391,25.78954
"2025-04-08 17:25:56.4",39766,0.04365349,0.039711,0.00485611,25.82412
"2025-04-08 17:25:56.45",39767,0.04293251,0.04008865,0.00485611,25.8465
"2025-04-08 17:25:56.5",39768,0.04272652,0.04023933,0.005117416,25.82569
"2025-04-08 17:25:56.55",39769,0.04273033,0.03957176,0.004552841,25.82681
"2025-04-08 17:25:56.6",39770,0.04529572,0.04265976,0.002117157,25.78703
"2025-04-08 17:25:56.65",39771,0.04511452,0.04034233,0.004955292,25.80679
"2025-04-08 17:25:56.7",39772,0.04146194,0.03964806,0.00334549,25.76911
"2025-04-08 17:25:56.75",39773,0.04133606,0.04245377,0.002519608,25.82243
"2025-04-08 17:25:56.8",39774,0.04405022,0.04184914,0.005434036,25.77496
"2025-04-08 17:25:56.85",39775,0.04122925,0.04297256,0.001543045,25.78287
"2025-04-08 17:25:56.9",39776,0.04551697,0.04668617,0.00526619,25.81232
"2025-04-08 17:25:56.95",39777,0.04036331,0.04268265,0.002643585,25.78328
"2025-04-08 17:25:57",39778,0.04484177,0.04571915,0.005447388,25.79107
"2025-04-08 17:25:57.05",39779,0.04080391,0.04282761,0.003252029,25.76674
"2025-04-08 17:25:57.1",39780,0.04066467,0.04387093,0.003688812,25.78177
"2025-04-08 17:25:57.15",39781,0.04069328,0.04261208,0.0009803772,25.78368
"2025-04-08 17:25:57.2",39782,0.04086494,0.0453434,0.002922058,25.78274
"2025-04-08 17:25:57.25",39783,0.04109955,0.0459156,0.002859116,25.78217
"2025-04-08 17:25:57.3",39784,0.04114342,0.04483223,0.002822876,25.77984
"2025-04-08 17:25:57.35",39785,0.04370308,0.05024338,0.004825592,25.77644
"2025-04-08 17:25:57.4",39786,0.03841591,0.04610062,0.002731323,25.78294
"2025-04-08 17:25:57.45",39787,0.03943634,0.04565811,0.002470016,25.75417
"2025-04-08 17:25:57.5",39788,0.03870583,0.04693031,0.00220871,25.80457
"2025-04-08 17:25:57.55",39789,0.03858566,0.04942322,0.002328873,25.80527
"2025-04-08 17:25:57.6",39790,0.03840446,0.04828835,0.002239227,25.80698
"2025-04-08 17:25:57.65",39791,0.042799,0.05299568,0.003871918,25.7925
"2025-04-08 17:25:57.7",39792,0.03621483,0.04880905,0.001314163,25.76784
"2025-04-08 17:25:57.75",39793,0.03881645,0.05037689,0.001375198,25.84178
"2025-04-08 17:25:57.8",39794,0.03626251,0.0505619,0.001979828,25.82117
"2025-04-08 17:25:57.85",39795,0.03591347,0.04984093,0.001972198,25.84279
"2025-04-08 17:25:57.9",39796,0.03390312,0.04993439,0.001184464,25.84573
"2025-04-08 17:25:57.95",39797,0.03329277,0.05041695,0.001960754,25.84977
"2025-04-08 17:25:58",39798,0.036726,0.05296707,0.005111694,25.85008
"2025-04-08 17:25:58.05",39799,0.03338623,0.05145645,0.001588821,25.84303
"2025-04-08 17:25:58.1",39800,0.03387833,0.04854012,0.001028061,25.85136
"2025-04-08 17:25:58.15",39801,0.03764343,0.05441475,0.004770279,25.84939
"2025-04-08 17:25:58.2",39802,0.02984238,0.05168533,0.001890182,25.85002
"2025-04-08 17:25:58.25",39803,0.03380775,0.05661583,0.00569725,25.82846
"2025-04-08 17:25:58.3",39804,0.03095818,0.05056,0.002128601,25.84409
"2025-04-08 17:25:58.35",39805,0.03145599,0.05103111,0.001407623,25.89375
"2025-04-08 17:25:58.4",39806,0.0295887,0.0507946,0.002000809,25.87268
"2025-04-08 17:25:58.45",39807,0.02897644,0.05317307,0.002368927,25.87283
"2025-04-08 17:25:58.5",39808,0.03030586,0.05241394,0.002168655,25.87687
"2025-04-08 17:25:58.55",39809,0.02928352,0.05064964,0.001850128,25.87682
"2025-04-08 17:25:58.6",39810,0.03065109,0.0526371,0.001991272,25.87621
"2025-04-08 17:25:58.65",39811,0.02946091,0.05332184,0.001731873,25.87465
"2025-04-08 17:25:58.7",39812,0.03170586,0.05810547,0.005134583,25.88208
"2025-04-08 17:25:58.75",39813,0.03119469,0.05520248,0.001781464,25.87636
"2025-04-08 17:25:58.8",39814,0.03197479,0.0563736,0.004163742,25.94244
"2025-04-08 17:25:58.85",39815,0.03091812,0.05704498,0.004428864,25.89629
"2025-04-08 17:25:58.9",39816,0.0329113,0.05970383,0.004926682,25.9638
"2025-04-08 17:25:58.95",39817,0.03903008,0.06194687,0.004825592,25.98374
"2025-04-08 17:25:59",39818,0.03950691,0.06172562,0.006889343,25.99009
"2025-04-08 17:25:59.05",39819,0.04154205,0.06113434,0.004283905,26.04225
"2025-04-08 17:25:59.1",39820,0.04114532,0.06151772,0.007539749,25.9754
"2025-04-08 17:25:59.15",39821,0.0404644,0.06388664,0.00809288,25.92171
"2025-04-08 17:25:59.2",39822,0.04145241,0.06132698,0.007913589,25.99188
"2025-04-08 17:25:59.25",39823,0.04506683,0.06568336,0.01163864,25.97403
"2025-04-08 17:25:59.3",39824,0.04100037,0.06210899,0.005859375,25.90023
"2025-04-08 17:25:59.35",39825,0.0397892,0.06178284,0.005680084,25.90062
"2025-04-08 17:25:59.4",39826,0.03805161,0.06122398,0.006793976,25.90187
"2025-04-08 17:25:59.45",39827,0.04115486,0.06064796,0.003263474,25.90632
"2025-04-08 17:25:59.5",39828,0.03849411,0.06171989,0.005044937,25.92178
"2025-04-08 17:25:59.55",39829,0.03752136,0.06142807,0.00614357,25.87013
"2025-04-08 17:25:59.6",39830,0.03803253,0.06136703,0.002401352,25.87138
"2025-04-08 17:25:59.65",39831,0.0410347,0.06363678,0.002687454,25.90127
"2025-04-08 17:25:59.7",39832,0.04164696,0.0615921,0.004642487,25.84917
"2025-04-08 17:25:59.75",39833,0.04073143,0.06214333,0.002832413,25.8482
"2025-04-08 17:25:59.8",39834,0.04079247,0.06153488,0.001977921,25.84956
"2025-04-08 17:25:59.85",39835,0.04514503,0.06504631,0.004247665,25.85806
"2025-04-08 17:25:59.9",39836,0.04450798,0.06321144,0.002040863,25.84228
"2025-04-08 17:25:59.95",39837,0.04109573,0.06345749,0.001937866,25.84058
"2025-04-08 17:26:00",39838,0.04335594,0.06315994,0.001464844,25.84409
"2025-04-08 17:26:00.05",39839,0.04449844,0.06075478,-0.002151489,25.84272
"2025-04-08 17:26:00.1",39840,0.04471588,0.06112289,-0.00128746,25.84216
"2025-04-08 17:26:00.15",39841,0.04671097,0.06337357,0.001306534,25.82137
"2025-04-08 17:26:00.2",39842,0.04970932,0.06216812,0.00336647,25.82666
"2025-04-08 17:26:00.25",39843,0.04730797,0.0611248,-0.004079819,25.8451
"2025-04-08 17:26:00.3",39844,0.04726219,0.0602417,-0.004156113,25.82021
"2025-04-08 17:26:00.35",39845,0.04662514,0.06288338,-0.006034851,25.80512
"2025-04-08 17:26:00.4",39846,0.0465374,0.05891991,-0.006507874,25.78323
"2025-04-08 17:26:00.45",39847,0.04661369,0.06144333,-0.007070541,25.78632
"2025-04-08 17:26:00.5",39848,0.04692268,0.05911446,-0.00841713,25.76707
"2025-04-08 17:26:00.55",39849,0.04903984,0.05914879,-0.00802803,25.80615
"2025-04-08 17:26:00.6",39850,0.04990387,0.05877876,-0.008642197,25.77
"2025-04-08 17:26:00.65",39851,0.05148506,0.05844307,-0.01114845,25.7346
"2025-04-08 17:26:00.7",39852,0.05539322,0.05877876,-0.01097107,25.78443
"2025-04-08 17:26:00.75",39853,0.05741501,0.05574226,-0.007707596,25.73189
"2025-04-08 17:26:00.8",39854,0.05345726,0.054842,-0.01106644,25.75603
"2025-04-08 17:26:00.85",39855,0.05335999,0.05494881,-0.01395798,25.73116
"2025-04-08 17:26:00.9",39856,0.05365944,0.05595207,-0.01436996,25.68227
"2025-04-08 17:26:00.95",39857,0.05316544,0.05630302,-0.01306915,25.70408
"2025-04-08 17:26:01",39858,0.05247498,0.05553818,-0.01335907,25.66996
"2025-04-08 17:26:01.05",39859,0.0554409,0.05960655,-0.01159477,25.65818
"2025-04-08 17:26:01.1",39860,0.0556221,0.06043625,-0.0125885,25.71301
"2025-04-08 17:26:01.15",39861,0.05158424,0.05566978,-0.0136013,25.72523
"2025-04-08 17:26:01.2",39862,0.05186081,0.05575371,-0.01412964,25.68324
"2025-04-08 17:26:01.25",39863,0.05442238,0.05510521,-0.01453209,25.70399
"2025-04-08 17:26:01.3",39864,0.05219269,0.05636024,-0.01454353,25.70309
"2025-04-08 17:26:01.35",39865,0.05417824,0.05899048,-0.01415825,25.67966
"2025-04-08 17:26:01.4",39866,0.05370903,0.05889511,-0.01365662,25.65083
"2025-04-08 17:26:01.45",39867,0.05584145,0.06266022,-0.01379585,25.6504
"2025-04-08 17:26:01.5",39868,0.05430603,0.05627632,-0.01330948,25.6624
"2025-04-08 17:26:01.55",39869,0.05329895,0.0569458,-0.01291466,25.64877
"2025-04-08 17:26:01.6",39870,0.05342484,0.0567112,-0.01233864,25.66564
"2025-04-08 17:26:01.65",39871,0.05406952,0.05609131,-0.01282883,25.70243
"2025-04-08 17:26:01.7",39872,0.0545845,0.05695343,-0.01310539,25.64914
"2025-04-08 17:26:01.75",39873,0.05319405,0.05628204,-0.01247406,25.66333
"2025-04-08 17:26:01.8",39874,0.05789757,0.05979919,-0.008182526,25.67299
"2025-04-08 17:26:01.85",39875,0.05114365,0.0556469,-0.01077652,25.65079
"2025-04-08 17:26:01.9",39876,0.05252838,0.05358887,-0.01081848,25.6631
"2025-04-08 17:26:01.95",39877,0.05236626,0.05706978,-0.01064491,25.66341
"2025-04-08 17:26:02",39878,0.05171013,0.05653,-0.01073647,25.66642
"2025-04-08 17:26:02.05",39879,0.05150795,0.05356216,-0.008569717,25.7022
"2025-04-08 17:26:02.1",39880,0.05199242,0.05389595,-0.008714676,25.66528
"2025-04-08 17:26:02.15",39881,0.04859924,0.05743408,-0.008394241,25.70057
"2025-04-08 17:26:02.2",39882,0.04830742,0.05463982,-0.008274078,25.66684
"2025-04-08 17:26:02.25",39883,0.04887199,0.0568924,-0.006591797,25.70848
"2025-04-08 17:26:02.3",39884,0.04969406,0.05526161,-0.006362915,25.66362
"2025-04-08 17:26:02.35",39885,0.04676628,0.05245781,-0.006116867,25.7012
"2025-04-08 17:26:02.4",39886,0.04640388,0.05227089,-0.006450653,25.66577
"2025-04-08 17:26:02.45",39887,0.04631233,0.05174637,-0.004631042,25.70233
"2025-04-08 17:26:02.5",39888,0.04640388,0.05216789,-0.004182816,25.70073
"2025-04-08 17:26:02.55",39889,0.04616165,0.04932976,-0.003067017,25.70245
"2025-04-08 17:26:02.6",39890,0.04588509,0.04850197,-0.003231049,25.68213
"2025-04-08 17:26:02.65",39891,0.04667091,0.04776382,-0.004156113,25.66425
"2025-04-08 17:26:02.7",39892,0.04662704,0.04864311,-0.0004138947,25.70098
"2025-04-08 17:26:02.75",39893,0.0466423,0.04803848,-0.0004138947,25.64991
"2025-04-08 17:26:02.8",39894,0.04883957,0.04483986,-0.0004272461,25.72385
"2025-04-08 17:26:02.85",39895,0.05047035,0.04788208,-0.000787735,25.66501
"2025-04-08 17:26:02.9",39896,0.04784775,0.04767036,0.001728058,25.65019
"2025-04-08 17:26:02.95",39897,0.05064011,0.04792023,0.002315521,25.70322
"2025-04-08 17:26:03",39898,0.05034637,0.04720688,0.002214432,25.66763
"2025-04-08 17:26:03.05",39899,0.04840088,0.04720879,0.002225876,25.68491
"2025-04-08 17:26:03.1",39900,0.04859924,0.04779816,0.001487732,25.70283
"2025-04-08 17:26:03.15",39901,0.04797363,0.04772568,0.003543854,25.70535
"2025-04-08 17:26:03.2",39902,0.04727936,0.04709053,0.002573013,25.65469
"2025-04-08 17:26:03.25",39903,0.04778099,0.04743767,0.002059937,25.67046
"2025-04-08 17:26:03.3",39904,0.04727554,0.04737854,0.002004623,25.65317
"2025-04-08 17:26:03.35",39905,0.04906082,0.04720306,0.005321503,25.65295
"2025-04-08 17:26:03.4",39906,0.04918861,0.04714966,0.004959106,25.70461
"2025-04-08 17:26:03.45",39907,0.04943466,0.04747391,0.004583359,25.68183
"2025-04-08 17:26:03.5",39908,0.04660225,0.05467987,0.006906509,25.70137
"2025-04-08 17:26:03.55",39909,0.04841232,0.05041885,0.001806259,25.62913
"2025-04-08 17:26:03.6",39910,0.04588509,0.04735756,0.00211525,25.6665
"2025-04-08 17:26:03.65",39911,0.04937363,0.05051804,0.002063751,25.67879
"2025-04-08 17:26:03.7",39912,0.04894829,0.05131912,0.003141403,25.67812
"2025-04-08 17:26:03.75",39913,0.0481739,0.05068016,0.003213882,25.7005
"2025-04-08 17:26:03.8",39914,0.0468235,0.05071831,0.00308609,25.71149
"2025-04-08 17:26:03.85",39915,0.0464077,0.05076599,0.003091812,25.6765
"2025-04-08 17:26:03.9",39916,0.0463295,0.05093765,0.003501892,25.67728
"2025-04-08 17:26:03.95",39917,0.04602432,0.05091667,0.0006752014,25.73059
"2025-04-08 17:26:04",39918,0.04624176,0.05329895,0.00293541,25.68043
"2025-04-08 17:26:04.05",39919,0.04982567,0.05375099,0.002422333,25.66221
"2025-04-08 17:26:04.1",39920,0.04635811,0.05326843,0.0006065369,25.69951
"2025-04-08 17:26:04.15",39921,0.04593277,0.05333519,-0.0003261566,25.70035
"2025-04-08 17:26:04.2",39922,0.04598236,0.05292702,-0.000246048,25.7232
"2025-04-08 17:26:04.25",39923,0.04625702,0.05341148,-0.0006256104,25.73031
"2025-04-08 17:26:04.3",39924,0.04674339,0.0563221,-0.0006389618,25.73743
"2025-04-08 17:26:04.35",39925,0.04815483,0.06141472,-0.0005817413,25.73246
"2025-04-08 17:26:04.4",39926,0.04683304,0.057024,-0.003513336,25.72543
"2025-04-08 17:26:04.45",39927,0.04676437,0.05749321,-0.003471375,25.72179
"2025-04-08 17:26:04.5",39928,0.04592133,0.06009865,-0.003406525,25.73196
"2025-04-08 17:26:04.55",39929,0.04391289,0.05996132,-0.006324768,25.73332
"2025-04-08 17:26:04.6",39930,0.0442543,0.06333542,-0.007081985,25.7231
"2025-04-08 17:26:04.65",39931,0.04627037,0.06615829,-0.002593994,25.73807
"2025-04-08 17:26:04.7",39932,0.04320908,0.05955124,-0.008514404,25.73238
"2025-04-08 17:26:04.75",39933,0.04317093,0.06455421,-0.009897232,25.73302
"2025-04-08 17:26:04.8",39934,0.04447556,0.06490707,-0.00569725,25.73072
"2025-04-08 17:26:04.85",39935,0.04119682,0.06728554,-0.00897789,25.7541
"2025-04-08 17:26:04.9",39936,0.04230881,0.0659771,-0.008228302,25.72428
"2025-04-08 17:26:04.95",39937,0.04057884,0.06932831,-0.01127052,25.72074
"2025-04-08 17:26:05",39938,0.03808594,0.06929016,-0.008810043,25.73102
"2025-04-08 17:26:05.05",39939,0.03589821,0.06908226,-0.01118851,25.76766
"2025-04-08 17:26:05.1",39940,0.03866768,0.07250786,-0.008563995,25.79211
"2025-04-08 17:26:05.15",39941,0.03610611,0.07304764,-0.008546829,25.81671
"2025-04-08 17:26:05.2",39942,0.03369904,0.06973457,-0.01332283,25.7699
"2025-04-08 17:26:05.25",39943,0.03269196,0.06781387,-0.01361275,25.75574
"2025-04-08 17:26:05.3",39944,0.03373528,0.06928253,-0.01472282,25.72653
"2025-04-08 17:26:05.35",39945,0.03504181,0.07406425,-0.0110836,25.74205
"2025-04-08 17:26:05.4",39946,0.03119659,0.06908989,-0.01363945,25.75618
"2025-04-08 17:26:05.45",39947,0.03074455,0.06936073,-0.01376343,25.73565
"2025-04-08 17:26:05.5",39948,0.03160286,0.06855774,-0.01709557,25.75561
"2025-04-08 17:26:05.55",39949,0.0281868,0.06686592,-0.01654816,25.77071
"2025-04-08 17:26:05.6",39950,0.03031731,0.06587029,-0.01653099,25.73434
"2025-04-08 17:26:05.65",39951,0.02964973,0.06661415,-0.01724815,25.75452
"2025-04-08 17:26:05.7",39952,0.02816772,0.06640816,-0.0171566,25.7547
"2025-04-08 17:26:05.75",39953,0.03020859,0.06714439,-0.01887703,25.75309
"2025-04-08 17:26:05.8",39954,0.02960777,0.06628036,-0.01858711,25.76856
"2025-04-08 17:26:05.85",39955,0.03028107,0.06650925,-0.01878166,25.75256
"2025-04-08 17:26:05.9",39956,0.02902794,0.06704521,-0.0213871,25.73051
"2025-04-08 17:26:05.95",39957,0.03084946,0.07025528,-0.0168457,25.76044
"2025-04-08 17:26:06",39958,0.02900124,0.06698799,-0.02120209,25.73135
"2025-04-08 17:26:06.05",39959,0.02996254,0.06669235,-0.02359581,25.72035
"2025-04-08 17:26:06.1",39960,0.02933121,0.06723595,-0.02306557,25.75086
"2025-04-08 17:26:06.15",39961,0.02910042,0.06638527,-0.02364349,25.73063
"2025-04-08 17:26:06.2",39962,0.03045273,0.06701279,-0.02647209,25.75238
"2025-04-08 17:26:06.25",39963,0.02973747,0.06706619,-0.02652931,25.73003
"2025-04-08 17:26:06.3",39964,0.02934265,0.06660843,-0.02891541,25.76676
"2025-04-08 17:26:06.35",39965,0.0273037,0.06654358,-0.02965164,25.72369
"2025-04-08 17:26:06.4",39966,0.02758789,0.0672493,-0.02949905,25.75143
"2025-04-08 17:26:06.45",39967,0.03028488,0.07112122,-0.02907181,25.81145
"2025-04-08 17:26:06.5",39968,0.02753639,0.0639782,-0.03215981,25.75468
"2025-04-08 17:26:06.55",39969,0.02798843,0.06435394,-0.029953,25.78195
"2025-04-08 17:26:06.6",39970,0.02785492,0.06591034,-0.0329628,25.78145
"2025-04-08 17:26:06.65",39971,0.02638245,0.06806564,-0.03229332,25.78299
"2025-04-08 17:26:06.7",39972,0.02795219,0.06964684,-0.03421021,25.75372
"2025-04-08 17:26:06.75",39973,0.02835655,0.06809425,-0.03637123,25.78054
"2025-04-08 17:26:06.8",39974,0.02759171,0.06594467,-0.03515625,25.80656
"2025-04-08 17:26:06.85",39975,0.02886772,0.06733513,-0.03447151,25.80388
"2025-04-08 17:26:06.9",39976,0.02781487,0.06505585,-0.03930092,25.80473
"2025-04-08 17:26:06.95",39977,0.02794647,0.0651741,-0.03214073,25.79026
"2025-04-08 17:26:07",39978,0.02746582,0.06208611,-0.03861618,25.82205
"2025-04-08 17:26:07.05",39979,0.02781105,0.06456566,-0.03880501,25.85062
"2025-04-08 17:26:07.1",39980,0.02689934,0.06463814,-0.03792381,25.81937
"2025-04-08 17:26:07.15",39981,0.02780151,0.06414986,-0.03796768,25.80499
"2025-04-08 17:26:07.2",39982,0.0273037,0.06375122,-0.03878784,25.84291
"2025-04-08 17:26:07.25",39983,0.02768326,0.06368065,-0.03835869,25.7808
"2025-04-08 17:26:07.3",39984,0.02809143,0.06398773,-0.03782845,25.80331
"2025-04-08 17:26:07.35",39985,0.03191757,0.06563187,-0.03793526,25.82236
"2025-04-08 17:26:07.4",39986,0.02933693,0.06626701,-0.04154778,25.85209
"2025-04-08 17:26:07.45",39987,0.03218269,0.06674767,-0.04055977,25.80662
"2025-04-08 17:26:07.5",39988,0.03162575,0.0663681,-0.04016876,25.85275
"2025-04-08 17:26:07.55",39989,0.03289986,0.06621742,-0.03848267,25.85333
"2025-04-08 17:26:07.6",39990,0.03495789,0.06641388,-0.03803444,25.82128
"2025-04-08 17:26:07.65",39991,0.03379822,0.06925583,-0.03739929,25.81255
"2025-04-08 17:26:07.7",39992,0.03367615,0.06584549,-0.03772163,25.8756
"2025-04-08 17:26:07.75",39993,0.03416824,0.06624603,-0.03868675,25.85208
"2025-04-08 17:26:07.8",39994,0.03648949,0.06956482,-0.03803825,25.85151
"2025-04-08 17:26:07.85",39995,0.03611946,0.06566429,-0.03791237,25.87423
"2025-04-08 17:26:07.9",39996,0.03840065,0.06667137,-0.03780556,25.87294
"2025-04-08 17:26:07.95",39997,0.03845024,0.06635857,-0.03517532,25.89336
"2025-04-08 17:26:08",39998,0.04091263,0.06655693,-0.03506851,25.87243
"2025-04-08 17:26:08.05",39999,0.04107666,0.06937218,-0.03557014,25.87181
"2025-04-08 17:26:08.1",40000,0.04836273,0.07107544,-0.03170204,25.85822
"2025-04-08 17:26:08.15",40001,0.04169464,0.06608391,-0.02928734,25.85743
"2025-04-08 17:26:08.2",40002,0.04239464,0.0662117,-0.03393555,25.84975
"2025-04-08 17:26:08.25",40003,0.0433712,0.06911087,-0.03145981,25.84799
"2025-04-08 17:26:08.3",40004,0.04748535,0.0697155,-0.02849388,25.87856
"2025-04-08 17:26:08.35",40005,0.04278374,0.06599045,-0.03129387,25.848
"2025-04-08 17:26:08.4",40006,0.04393005,0.06600952,-0.03175735,25.84949
"2025-04-08 17:26:08.45",40007,0.04385567,0.06761551,-0.02923393,25.86813
"2025-04-08 17:26:08.5",40008,0.04345512,0.06462479,-0.02880096,25.8483
"2025-04-08 17:26:08.55",40009,0.0438385,0.06351089,-0.02957153,25.8503
"2025-04-08 17:26:08.6",40010,0.04704475,0.0625267,-0.02970695,25.84819
"2025-04-08 17:26:08.65",40011,0.04431915,0.0638485,-0.02923965,25.87038
"2025-04-08 17:26:08.7",40012,0.04309273,0.0636158,-0.02702713,25.87187
"2025-04-08 17:26:08.75",40013,0.04332733,0.0605545,-0.0280838,25.84971
"2025-04-08 17:26:08.8",40014,0.04667664,0.06211853,-0.02833176,25.87138
"2025-04-08 17:26:08.85",40015,0.04386139,0.06184387,-0.02801132,25.87087
"2025-04-08 17:26:08.9",40016,0.04406357,0.06202507,-0.02815437,25.85078
"2025-04-08 17:26:08.95",40017,0.04455376,0.05991173,-0.02818871,25.8725
"2025-04-08 17:26:09",40018,0.0436058,0.060812,-0.02566338,25.87091
"2025-04-08 17:26:09.05",40019,0.04658127,0.06590652,-0.02503395,25.84975
"2025-04-08 17:26:09.1",40020,0.04320908,0.05651283,-0.02567101,25.89362
"2025-04-08 17:26:09.15",40021,0.04358292,0.05988312,-0.02554512,25.89285
"2025-04-08 17:26:09.2",40022,0.04393578,0.05717087,-0.02466393,25.84847
"2025-04-08 17:26:09.25",40023,0.04067993,0.05910873,-0.02229118,25.84984
"2025-04-08 17:26:09.3",40024,0.04758072,0.05916405,-0.0196991,25.90112
"2025-04-08 17:26:09.35",40025,0.04325485,0.05347252,-0.02225304,25.87005
"2025-04-08 17:26:09.4",40026,0.04030418,0.0529995,-0.02216339,25.82069
"2025-04-08 17:26:09.45",40027,0.04134369,0.05538368,-0.02240944,25.82725
"2025-04-08 17:26:09.5",40028,0.04505539,0.0549469,-0.02253151,25.8171
"2025-04-08 17:26:09.55",40029,0.04414558,0.05537605,-0.0212841,25.81936
"2025-04-08 17:26:09.6",40030,0.04434776,0.05492592,-0.01925278,25.85386
"2025-04-08 17:26:09.65",40031,0.04647064,0.05322075,-0.01721382,25.88252
"2025-04-08 17:26:09.7",40032,0.04659271,0.05281448,-0.01939774,25.85064
"2025-04-08 17:26:09.75",40033,0.04492188,0.0515461,-0.01933098,25.80833
"2025-04-08 17:26:09.8",40034,0.04578209,0.05183792,-0.01610374,25.81666
"2025-04-08 17:26:09.85",40035,0.04844856,0.05732155,-0.01640892,25.79099
"2025-04-08 17:26:09.9",40036,0.04904938,0.05676842,-0.01584625,25.82767
"2025-04-08 17:26:09.95",40037,0.04796219,0.05219269,-0.01943207,25.8242
"2025-04-08 17:26:10",40038,0.04737091,0.05696487,-0.01334763,25.78839
"2025-04-08 17:26:10.05",40039,0.04346466,0.05566788,-0.01668739,25.80626
"2025-04-08 17:26:10.1",40040,0.0490799,0.05661583,-0.01387596,25.81269
"2025-04-08 17:26:10.15",40041,0.04688263,0.05292702,-0.0168457,25.80642
"2025-04-08 17:26:10.2",40042,0.04354286,0.05596352,-0.01376724,25.8045
"2025-04-08 17:26:10.25",40043,0.04290581,0.05300903,-0.01297569,25.85108
"2025-04-08 17:26:10.3",40044,0.0458374,0.05290413,-0.01597023,25.81981
"2025-04-08 17:26:10.35",40045,0.04297829,0.05298615,-0.01290894,25.84763
"2025-04-08 17:26:10.4",40046,0.04761505,0.05968475,-0.009218216,25.85123
"2025-04-08 17:26:10.45",40047,0.04636002,0.05328941,-0.01335907,25.81741
"2025-04-08 17:26:10.5",40048,0.0461731,0.05286407,-0.01329231,25.83804
"2025-04-08 17:26:10.55",40049,0.0449276,0.05294991,-0.01254654,25.81808
"2025-04-08 17:26:10.6",40050,0.04586601,0.05269814,-0.01012802,25.84102
"2025-04-08 17:26:10.65",40051,0.04622841,0.05050087,-0.01012802,25.84622
"2025-04-08 17:26:10.7",40052,0.04651451,0.04990959,-0.007892609,25.83891
"2025-04-08 17:26:10.75",40053,0.04587364,0.04950142,-0.01044655,25.8403
"2025-04-08 17:26:10.8",40054,0.04574966,0.05049515,-0.01074028,25.8721
"2025-04-08 17:26:10.85",40055,0.04615021,0.04770851,-0.007720947,25.84103
"2025-04-08 17:26:10.9",40056,0.04534149,0.04696274,-0.009328842,25.8499
"2025-04-08 17:26:10.95",40057,0.04550552,0.04776382,-0.01168633,25.87046
"2025-04-08 17:26:11",40058,0.04922867,0.04871559,-0.009765625,25.84705
"2025-04-08 17:26:11.05",40059,0.04771996,0.04782104,-0.008434296,25.86975
"2025-04-08 17:26:11.1",40060,0.04624176,0.04632378,-0.009735107,25.87231
"2025-04-08 17:26:11.15",40061,0.04619026,0.04854012,-0.009775162,25.8403
"2025-04-08 17:26:11.2",40062,0.04609108,0.04750443,-0.00935173,25.84093
"2025-04-08 17:26:11.25",40063,0.04877472,0.04382133,-0.009490967,25.84183
"2025-04-08 17:26:11.3",40064,0.04917717,0.04675865,-0.009204865,25.81886
"2025-04-08 17:26:11.35",40065,0.04824066,0.04969788,-0.007026672,25.80901
"2025-04-08 17:26:11.4",40066,0.04815483,0.04536247,-0.009456635,25.80429
"2025-04-08 17:26:11.45",40067,0.04874229,0.04615593,-0.008987427,25.81898
"2025-04-08 17:26:11.5",40068,0.04833603,0.04633713,-0.008731842,25.81887
"2025-04-08 17:26:11.55",40069,0.04604721,0.04560852,-0.008607864,25.82024
"2025-04-08 17:26:11.6",40070,0.0494194,0.04470062,-0.008825302,25.84332
"2025-04-08 17:26:11.65",40071,0.05267906,0.04680634,-0.00462532,25.80409
"2025-04-08 17:26:11.7",40072,0.04612541,0.04356766,-0.008918762,25.80748
"2025-04-08 17:26:11.75",40073,0.04992104,0.04445267,-0.008987427,25.84168
"2025-04-08 17:26:11.8",40074,0.04747009,0.0440197,-0.00907135,25.80473
"2025-04-08 17:26:11.85",40075,0.05027962,0.04594612,-0.009393692,25.82169
"2025-04-08 17:26:11.9",40076,0.05469513,0.0486412,-0.006668091,25.79092
"2025-04-08 17:26:11.95",40077,0.05127335,0.04205704,-0.009067535,25.80789
"2025-04-08 17:26:12",40078,0.04995346,0.04136658,-0.007944107,25.80983
"2025-04-08 17:26:12.05",40079,0.05108452,0.04235268,-0.008670807,25.78675
"2025-04-08 17:26:12.1",40080,0.0500164,0.04201889,-0.01106453,25.80815
"2025-04-08 17:26:12.15",40081,0.04876137,0.04470634,-0.005670547,25.8147
"2025-04-08 17:26:12.2",40082,0.05007172,0.04162216,-0.01146889,25.80855
"2025-04-08 17:26:12.25",40083,0.04675865,0.04176331,-0.01127243,25.84309
"2025-04-08 17:26:12.3",40084,0.04930115,0.0451355,-0.008310318,25.81164
"2025-04-08 17:26:12.35",40085,0.04929543,0.04452515,-0.01181412,25.82085
"2025-04-08 17:26:12.4",40086,0.04627991,0.04222488,-0.01140594,25.82014
"2025-04-08 17:26:12.45",40087,0.04511833,0.04176331,-0.01093292,25.84261
"2025-04-08 17:26:12.5",40088,0.04595566,0.04181099,-0.01401901,25.78198
"2025-04-08 17:26:12.55",40089,0.05051804,0.04619789,-0.009885788,25.8273
"2025-04-08 17:26:12.6",40090,0.04940605,0.04576111,-0.007793427,25.81493
"2025-04-08 17:26:12.65",40091,0.04507256,0.04171562,-0.01268005,25.82095
"2025-04-08 17:26:12.7",40092,0.04636383,0.04269028,-0.01302528,25.80199
"2025-04-08 17:26:12.75",40093,0.04509735,0.04143906,-0.01261139,25.80302
"2025-04-08 17:26:12.8",40094,0.0487709,0.04199028,-0.0121727,25.84215
"2025-04-08 17:26:12.85",40095,0.04871559,0.04454231,-0.0128746,25.8027
"2025-04-08 17:26:12.9",40096,0.0482235,0.04484558,-0.01232338,25.81739
"2025-04-08 17:26:12.95",40097,0.04878044,0.04476166,-0.01332283,25.84911
"2025-04-08 17:26:13",40098,0.04917717,0.04685974,-0.01343918,25.84087
"2025-04-08 17:26:13.05",40099,0.04582596,0.0478344,-0.01625824,25.84032
"2025-04-08 17:26:13.1",40100,0.04615021,0.04686165,-0.01594543,25.82206
"2025-04-08 17:26:13.15",40101,0.04888344,0.04966545,-0.01710129,25.84931
"2025-04-08 17:26:13.2",40102,0.04885483,0.05060387,-0.01665115,25.84789
"2025-04-08 17:26:13.25",40103,0.04844666,0.05007935,-0.01710892,25.84957
"2025-04-08 17:26:13.3",40104,0.04853058,0.05153656,-0.01795578,25.84175
"2025-04-08 17:26:13.35",40105,0.04908943,0.05471802,-0.02013016,25.81796
"2025-04-08 17:26:13.4",40106,0.04806709,0.05332947,-0.01690674,25.80476
"2025-04-08 17:26:13.45",40107,0.05276299,0.05412674,-0.01656532,25.81062
"2025-04-08 17:26:13.5",40108,0.0488205,0.05484581,-0.01982689,25.81995
"2025-04-08 17:26:13.55",40109,0.05213356,0.05582428,-0.01622963,25.81471
"2025-04-08 17:26:13.6",40110,0.05240631,0.05809593,-0.01684952,25.82082
"2025-04-08 17:26:13.65",40111,0.04582787,0.05470276,-0.01911736,25.84014
"2025-04-08 17:26:13.7",40112,0.04553223,0.05591965,-0.01676559,25.89439
"2025-04-08 17:26:13.75",40113,0.0460453,0.05589294,-0.01959419,25.87215
"2025-04-08 17:26:13.8",40114,0.04660416,0.05334663,-0.01666832,25.84087
"2025-04-08 17:26:13.85",40115,0.04581261,0.05296516,-0.01597595,25.90117
"2025-04-08 17:26:13.9",40116,0.04656601,0.05171585,-0.01699638,25.84898
"2025-04-08 17:26:13.95",40117,0.04706764,0.05243301,-0.0170784,25.81902
"2025-04-08 17:26:14",40118,0.04577255,0.05231094,-0.01585007,25.80786
"2025-04-08 17:26:14.05",40119,0.04795647,0.05450249,-0.0164547,25.85352
"2025-04-08 17:26:14.1",40120,0.04735756,0.05237198,-0.01760101,25.84297
"2025-04-08 17:26:14.15",40121,0.04847336,0.05174828,-0.01670647,25.81901
"2025-04-08 17:26:14.2",40122,0.05072594,0.05172348,-0.01777267,25.87617
"2025-04-08 17:26:14.25",40123,0.05051422,0.05250168,-0.01694679,25.86441
"2025-04-08 17:26:14.3",40124,0.04672241,0.0529747,-0.01396751,25.86008
"2025-04-08 17:26:14.35",40125,0.04947472,0.05361176,-0.01465225,25.89155
"2025-04-08 17:26:14.4",40126,0.04663658,0.04963493,-0.01429749,25.89057
"2025-04-08 17:26:14.45",40127,0.04590607,0.04983711,-0.01382828,25.93377
"2025-04-08 17:26:14.5",40128,0.04651451,0.04976654,-0.01384163,25.89441
"2025-04-08 17:26:14.55",40129,0.04686165,0.05075455,-0.01136589,25.86845
"2025-04-08 17:26:14.6",40130,0.04555321,0.05044746,-0.01348495,25.89075
"2025-04-08 17:26:14.65",40131,0.04545975,0.04955864,-0.01409149,25.93723
"2025-04-08 17:26:14.7",40132,0.04972458,0.05380249,-0.01033783,25.90367
"2025-04-08 17:26:14.75",40133,0.04491615,0.04708862,-0.01292992,25.90177
"2025-04-08 17:26:14.8",40134,0.0443306,0.04984474,-0.01060677,25.9073
"2025-04-08 17:26:14.85",40135,0.04566193,0.04765511,-0.01048279,25.90864
"2025-04-08 17:26:14.9",40136,0.0494976,0.05148697,-0.006860733,25.93967
"2025-04-08 17:26:14.95",40137,0.04242134,0.04689026,-0.01254463,25.91395
"2025-04-08 17:26:15",40138,0.04587746,0.04738998,-0.01010513,25.91106
"2025-04-08 17:26:15.05",40139,0.045084,0.04694939,-0.009925842,25.93414
"2025-04-08 17:26:15.1",40140,0.04592323,0.04736519,-0.01093292,25.91189
"2025-04-08 17:26:15.15",40141,0.04584503,0.04712486,-0.01025581,25.93198
"2025-04-08 17:26:15.2",40142,0.04541397,0.04736519,-0.01008797,25.93443
"2025-04-08 17:26:15.25",40143,0.05015182,0.04909325,-0.01127815,25.9342
"2025-04-08 17:26:15.3",40144,0.04951859,0.04555893,-0.01074219,25.87969
"2025-04-08 17:26:15.35",40145,0.04867554,0.04508591,-0.010952,25.88053
"2025-04-08 17:26:15.4",40146,0.04906082,0.04548836,-0.01126099,25.93616
"2025-04-08 17:26:15.45",40147,0.04943466,0.04623604,-0.008792877,25.91447
"2025-04-08 17:26:15.5",40148,0.05140114,0.04375648,-0.009027481,25.90692
"2025-04-08 17:26:15.55",40149,0.05038643,0.04410934,-0.01194763,25.88503
"2025-04-08 17:26:15.6",40150,0.04860497,0.04423141,-0.0112114,25.88393
"2025-04-08 17:26:15.65",40151,0.05094719,0.04369354,-0.009086609,25.88571
"2025-04-08 17:26:15.7",40152,0.05109024,0.04402924,-0.009572983,25.91557
"2025-04-08 17:26:15.75",40153,0.05131149,0.04370117,-0.008430481,25.93275
"2025-04-08 17:26:15.8",40154,0.05044174,0.04039192,-0.008550644,25.90778
"2025-04-08 17:26:15.85",40155,0.0528717,0.04190254,-0.006826401,25.89329
"2025-04-08 17:26:15.9",40156,0.04850388,0.04015923,-0.01863861,25.88319
"2025-04-08 17:26:15.95",40157,0.0483017,0.03730965,-0.01086807,25.90636
"2025-04-08 17:26:16",40158,0.04852676,0.0365963,-0.01048851,25.88361
"2025-04-08 17:26:16.05",40159,0.05063248,0.04083633,-0.001537323,25.89022
"2025-04-08 17:26:16.1",40160,0.05281258,0.0399189,0.002048492,25.90622
"2025-04-08 17:26:16.15",40161,0.04976082,0.03482056,0.001047134,25.88285
"2025-04-08 17:26:16.2",40162,0.05000687,0.03359032,-0.0020504,25.91263
"2025-04-08 17:26:16.25",40163,0.04988098,0.03259277,-0.003440857,25.90458
"2025-04-08 17:26:16.3",40164,0.05031967,0.03519249,0.001070023,25.90607
"2025-04-08 17:26:16.35",40165,0.05063248,0.03577423,0.004869461,25.8838
"2025-04-08 17:26:16.4",40166,0.04859352,0.03484917,0.007621765,25.90524
"2025-04-08 17:26:16.45",40167,0.05024147,0.03603172,0.01106262,25.93545
"2025-04-08 17:26:16.5",40168,0.04750443,0.03874588,0.01272583,25.90328
"2025-04-08 17:26:16.55",40169,0.04804039,0.03873634,0.01274872,25.96736
"2025-04-08 17:26:16.6",40170,0.04470634,0.0394516,0.01229095,25.91009
"2025-04-08 17:26:16.65",40171,0.04660225,0.04201508,0.01360321,25.90874
"2025-04-08 17:26:16.7",40172,0.04344749,0.03927803,0.01313782,25.90089
"2025-04-08 17:26:16.75",40173,0.04377747,0.04209709,0.01222229,25.92989
"2025-04-08 17:26:16.8",40174,0.04337502,0.04303551,0.01316071,25.93059
"2025-04-08 17:26:16.85",40175,0.04309082,0.04236031,0.01774788,25.9601
"2025-04-08 17:26:16.9",40176,0.04317665,0.04334641,0.01672935,25.92992
"2025-04-08 17:26:16.95",40177,0.04396057,0.04597473,0.01647949,25.88834
"2025-04-08 17:26:17",40178,0.04280472,0.04249954,0.01638031,25.93192
"2025-04-08 17:26:17.05",40179,0.04529572,0.04395294,0.0170536,25.93658
"2025-04-08 17:26:17.1",40180,0.04183006,0.04257584,0.01600456,25.90328
"2025-04-08 17:26:17.15",40181,0.04010773,0.04002571,0.02128792,25.93249
"2025-04-08 17:26:17.2",40182,0.03969002,0.03993988,0.0201416,25.87772
"2025-04-08 17:26:17.25",40183,0.04473305,0.04260445,0.02263451,25.91106
"2025-04-08 17:26:17.3",40184,0.04072762,0.03901863,0.01980209,25.92905
"2025-04-08 17:26:17.35",40185,0.04616737,0.03908157,0.02242279,25.90691
"2025-04-08 17:26:17.4",40186,0.04309273,0.03956032,0.02178001,25.90214
"2025-04-08 17:26:17.45",40187,0.04376221,0.03996849,0.02456093,25.92173
"2025-04-08 17:26:17.5",40188,0.04286385,0.03936577,0.02293015,25.91325
"2025-04-08 17:26:17.55",40189,0.03993416,0.03976822,0.02676582,25.92435
"2025-04-08 17:26:17.6",40190,0.04137611,0.03700447,0.02439117,25.91579
"2025-04-08 17:26:17.65",40191,0.04427338,0.04305077,0.02706146,25.93476
"2025-04-08 17:26:17.7",40192,0.04123878,0.04116821,0.0227356,25.90826
"2025-04-08 17:26:17.75",40193,0.04115486,0.03863525,0.02007675,25.96001
"2025-04-08 17:26:17.8",40194,0.04014778,0.0394783,0.02814102,25.9084
"2025-04-08 17:26:17.85",40195,0.04011536,0.03964996,0.02543259,25.94263
"2025-04-08 17:26:17.9",40196,0.04091263,0.04095268,0.02739906,25.93386
"2025-04-08 17:26:17.95",40197,0.03977203,0.0389576,0.02178001,25.94121
"2025-04-08 17:26:18",40198,0.04042625,0.03804398,0.0252037,25.94296
"2025-04-08 17:26:18.05",40199,0.0378685,0.03800964,0.02095222,25.94115
"2025-04-08 17:26:18.1",40200,0.04021454,0.03663635,0.02062416,25.9435
"2025-04-08 17:26:18.15",40201,0.04086876,0.03746223,0.02231979,25.96471
"2025-04-08 17:26:18.2",40202,0.04024124,0.03566933,0.02221489,25.91319
"2025-04-08 17:26:18.25",40203,0.04456139,0.04161263,0.02611351,25.93692
"2025-04-08 17:26:18.3",40204,0.04130936,0.03829384,0.02277184,25.96216
"2025-04-08 17:26:18.35",40205,0.04641914,0.04400826,0.02773857,25.91465
"2025-04-08 17:26:18.4",40206,0.04190826,0.03684044,0.02243996,25.90736
"2025-04-08 17:26:18.45",40207,0.04230309,0.03552437,0.02233124,25.93118
"2025-04-08 17:26:18.5",40208,0.04613304,0.03930473,0.02393913,25.90065
"2025-04-08 17:26:18.55",40209,0.04154396,0.03814888,0.01967239,25.89539
"2025-04-08 17:26:18.6",40210,0.04185867,0.04635239,0.02009392,25.90869
"2025-04-08 17:26:18.65",40211,0.04247093,0.05325699,0.02274132,25.87104
"2025-04-08 17:26:18.7",40212,0.04125214,0.05343819,0.01840591,25.89388
"2025-04-08 17:26:18.75",40213,0.04205894,0.05671883,0.02195358,25.89522
"2025-04-08 17:26:18.8",40214,0.04191399,0.05508232,0.01707077,25.85323
"2025-04-08 17:26:18.85",40215,0.04351997,0.05830574,0.0193119,25.87294
"2025-04-08 17:26:18.9",40216,0.04541969,0.05734444,0.0206356,25.87238
"2025-04-08 17:26:18.95",40217,0.04099083,0.05478477,0.01736641,25.86025
"2025-04-08 17:26:19",40218,0.04098129,0.05454445,0.01902008,25.86205
"2025-04-08 17:26:19.05",40219,0.03828812,0.05450249,0.01460266,25.86311
"2025-04-08 17:26:19.1",40220,0.03815842,0.05853271,0.01304626,25.87989
"2025-04-08 17:26:19.15",40221,0.03688049,0.05508614,0.01264191,25.84331
"2025-04-08 17:26:19.2",40222,0.03824806,0.05962944,0.01548386,25.84099
"2025-04-08 17:26:19.25",40223,0.03961563,0.06299019,0.01257515,25.85755
"2025-04-08 17:26:19.3",40224,0.03905869,0.06121445,0.009235382,25.86088
"2025-04-08 17:26:19.35",40225,0.03754997,0.06414986,0.01393127,25.85832
"2025-04-08 17:26:19.4",40226,0.03764725,0.06321144,0.0159359,25.8587
"2025-04-08 17:26:19.45",40227,0.04011536,0.06161118,0.01249886,25.88498
"2025-04-08 17:26:19.5",40228,0.04086685,0.06247139,0.01200676,25.89674
"2025-04-08 17:26:19.55",40229,0.04284096,0.06278419,0.01453972,25.88012
"2025-04-08 17:26:19.6",40230,0.04343224,0.06151962,0.01757431,25.89626
"2025-04-08 17:26:19.65",40231,0.04373169,0.06251335,0.02127266,25.85708
"2025-04-08 17:26:19.7",40232,0.04619598,0.06277084,0.02164078,25.87904
"2025-04-08 17:26:19.75",40233,0.04627991,0.06213951,0.01832199,25.85884
"2025-04-08 17:26:19.8",40234,0.04744148,0.06347084,0.02025604,25.8436
"2025-04-08 17:26:19.85",40235,0.04591179,0.06272125,0.02221489,25.85731
"2025-04-08 17:26:19.9",40236,0.0468502,0.06267738,0.02114677,25.83196
"2025-04-08 17:26:19.95",40237,0.04586601,0.06352425,0.02277184,25.84303
"2025-04-08 17:26:20",40238,0.04900551,0.06255531,0.02654839,25.84645
"2025-04-08 17:26:20.05",40239,0.04958534,0.05994225,0.0244503,25.83186
"2025-04-08 17:26:20.1",40240,0.0526619,0.06397247,0.02598,25.81491
"2025-04-08 17:26:20.15",40241,0.04687691,0.06201363,0.02663422,25.81686
"2025-04-08 17:26:20.2",40242,0.04301453,0.06020927,0.02187347,25.83218
"2025-04-08 17:26:20.25",40243,0.04872131,0.06410217,0.02583504,25.8169
"2025-04-08 17:26:20.3",40244,0.04177284,0.06211472,0.02541924,25.82209
"2025-04-08 17:26:20.35",40245,0.05514145,0.06375122,0.02381134,25.85001
"2025-04-08 17:26:20.4",40246,0.05153084,0.05955505,0.02560997,25.88589
"2025-04-08 17:26:20.45",40247,0.05750656,0.06487274,0.02655411,25.87242
"2025-04-08 17:26:20.5",40248,0.05415344,0.06223106,0.02554512,25.83939
"2025-04-08 17:26:20.55",40249,0.06245422,0.06454086,0.02767181,25.86462
"2025-04-08 17:26:20.6",40250,0.06344223,0.0643692,0.02838516,25.86389
"2025-04-08 17:26:20.65",40251,0.06567574,0.06264877,0.02562714,25.86253
"2025-04-08 17:26:20.7",40252,0.06670952,0.06174469,0.02464867,25.8432
"2025-04-08 17:26:20.75",40253,0.06769371,0.06213951,0.02302551,25.84048
"2025-04-08 17:26:20.8",40254,0.06888199,0.05951118,0.02369499,25.83013
"2025-04-08 17:26:20.85",40255,0.07629204,0.06407738,0.0279789,25.84485
"2025-04-08 17:26:20.9",40256,0.07229996,0.06124306,0.02736282,25.83407
"2025-04-08 17:26:20.95",40257,0.07199669,0.05815887,0.03131104,25.83376
"2025-04-08 17:26:21",40258,0.07241631,0.05934715,0.02491188,25.83247
"2025-04-08 17:26:21.05",40259,0.07528114,0.05788612,0.02890587,25.83787
"2025-04-08 17:26:21.1",40260,0.07115936,0.06289673,0.02689934,25.8454
"2025-04-08 17:26:21.15",40261,0.06840706,0.0574398,0.02170563,25.82941
"2025-04-08 17:26:21.2",40262,0.07779694,0.06192398,0.0277729,25.83267
"2025-04-08 17:26:21.25",40263,0.07805824,0.05742264,0.02414703,25.83168
"2025-04-08 17:26:21.3",40264,0.07491875,0.05806351,0.02367401,25.83461
"2025-04-08 17:26:21.35",40265,0.07826042,0.06131554,0.02578926,25.82207
"2025-04-08 17:26:21.4",40266,0.07750511,0.06805992,0.02551651,25.84093
"2025-04-08 17:26:21.45",40267,0.07779121,0.06682587,0.0229969,25.7948
"2025-04-08 17:26:21.5",40268,0.07631683,0.06890488,0.02318192,25.82478
"2025-04-08 17:26:21.55",40269,0.07868385,0.06964684,0.02728462,25.79485
"2025-04-08 17:26:21.6",40270,0.07914734,0.07074738,0.02877045,25.82265
"2025-04-08 17:26:21.65",40271,0.07982635,0.07206917,0.03203392,25.82446
"2025-04-08 17:26:21.7",40272,0.07852554,0.07205009,0.03195381,25.79373
"2025-04-08 17:26:21.75",40273,0.08035851,0.07381821,0.0330677,25.81448
"2025-04-08 17:26:21.8",40274,0.08125687,0.07938766,0.03459549,25.76348
"2025-04-08 17:26:21.85",40275,0.08408356,0.07973289,0.02619553,25.7615
"2025-04-08 17:26:21.9",40276,0.08083916,0.08049393,0.02994919,25.79448
"2025-04-08 17:26:21.95",40277,0.07993889,0.07581711,0.02664757,25.73949
"2025-04-08 17:26:22",40278,0.0793972,0.07736397,0.02470398,25.75453
"2025-04-08 17:26:22.05",40279,0.07808495,0.0798893,0.02638245,25.70184
"2025-04-08 17:26:22.1",40280,0.07946396,0.07871056,0.02742386,25.77208
"2025-04-08 17:26:22.15",40281,0.07899666,0.08187675,0.0284996,25.75174
"2025-04-08 17:26:22.2",40282,0.0768013,0.08082962,0.02934647,25.75288
"2025-04-08 17:26:22.25",40283,0.07699585,0.08060265,0.03092575,25.79211
"2025-04-08 17:26:22.3",40284,0.07772446,0.08726883,0.03169632,25.77483
"2025-04-08 17:26:22.35",40285,0.07934952,0.08973122,0.03614235,25.82072
"2025-04-08 17:26:22.4",40286,0.07887459,0.0854187,0.03588486,25.76113
"2025-04-08 17:26:22.45",40287,0.07479477,0.0871048,0.03384781,25.76675
"2025-04-08 17:26:22.5",40288,0.07530403,0.08582687,0.03263664,25.79279
"2025-04-08 17:26:22.55",40289,0.08084297,0.08631325,0.03000641,25.79117
"2025-04-08 17:26:22.6",40290,0.07820702,0.08665848,0.02582359,25.79121
"2025-04-08 17:26:22.65",40291,0.08065414,0.0857048,0.02832603,25.77065
"2025-04-08 17:26:22.7",40292,0.07925797,0.08535194,0.02891159,25.79083
"2025-04-08 17:26:22.75",40293,0.07785606,0.08276749,0.0324192,25.79478
"2025-04-08 17:26:22.8",40294,0.08162117,0.08389282,0.03113365,25.8021
"2025-04-08 17:26:22.85",40295,0.08296585,0.08428574,0.02401352,25.78789
"2025-04-08 17:26:22.9",40296,0.08063126,0.08234215,0.02346992,25.8384
"2025-04-08 17:26:22.95",40297,0.07804108,0.07962608,0.02472687,25.82066
"2025-04-08 17:26:23",40298,0.07798386,0.07857323,0.02780533,25.82274
"2025-04-08 17:26:23.05",40299,0.08078194,0.07677269,0.02888489,25.80573
"2025-04-08 17:26:23.1",40300,0.07813454,0.07748795,0.02606201,25.84737
"2025-04-08 17:26:23.15",40301,0.08390045,0.07963943,0.02849388,25.80473
"2025-04-08 17:26:23.2",40302,0.08125877,0.07839775,0.02467918,25.8508
"2025-04-08 17:26:23.25",40303,0.08549118,0.08234024,0.02662659,25.8328
"2025-04-08 17:26:23.3",40304,0.08410645,0.07901192,0.02150154,25.82568
"2025-04-08 17:26:23.35",40305,0.0808506,0.07987404,0.02303123,25.8504
"2025-04-08 17:26:23.4",40306,0.08216095,0.08024216,0.02041245,25.84615
"2025-04-08 17:26:23.45",40307,0.08149719,0.08004189,0.02141762,25.82677
"2025-04-08 17:26:23.5",40308,0.08075905,0.079916,0.02549934,25.84573
"2025-04-08 17:26:23.55",40309,0.08275414,0.08660126,0.02924728,25.82856
"2025-04-08 17:26:23.6",40310,0.08261108,0.08241463,0.02276802,25.8257
"2025-04-08 17:26:23.65",40311,0.08496475,0.0831356,0.02100372,25.8502
"2025-04-08 17:26:23.7",40312,0.08302307,0.08192825,0.02410316,25.8522
"2025-04-08 17:26:23.75",40313,0.08703232,0.08107758,0.02497292,25.84559
"2025-04-08 17:26:23.8",40314,0.0871563,0.08189392,0.02511406,25.87257
"2025-04-08 17:26:23.85",40315,0.08651924,0.08455276,0.03096008,25.85178
"2025-04-08 17:26:23.9",40316,0.09018898,0.08394814,0.02671623,25.85072
"2025-04-08 17:26:23.95",40317,0.09339905,0.08913422,0.02625656,25.88037
"2025-04-08 17:26:24",40318,0.08992577,0.08458138,0.02150154,25.8536
"2025-04-08 17:26:24.05",40319,0.08857346,0.085289,0.02705574,25.87121
"2025-04-08 17:26:24.1",40320,0.08764267,0.08556938,0.02817535,25.86967
"2025-04-08 17:26:24.15",40321,0.08919334,0.08532333,0.02676201,25.88722
"2025-04-08 17:26:24.2",40322,0.09213829,0.08538437,0.02799416,25.88458
"2025-04-08 17:26:24.25",40323,0.08956909,0.08370018,0.02721786,25.8827
"2025-04-08 17:26:24.3",40324,0.08843422,0.08520126,0.02701187,25.87791
"2025-04-08 17:26:24.35",40325,0.08881378,0.08550072,0.03020668,25.86517
"2025-04-08 17:26:24.4",40326,0.08870125,0.08951187,0.02918434,25.87611
"2025-04-08 17:26:24.45",40327,0.09105873,0.09384537,0.02940941,25.87279
"2025-04-08 17:26:24.5",40328,0.0870266,0.09720802,0.03127289,25.8579
"2025-04-08 17:26:24.55",40329,0.0901432,0.09812546,0.03096771,25.87601
"2025-04-08 17:26:24.6",40330,0.08617973,0.1002731,0.02946281,25.85461
"2025-04-08 17:26:24.65",40331,0.08571053,0.1036587,0.02972221,25.83076
"2025-04-08 17:26:24.7",40332,0.08552551,0.101614,0.02591133,25.8689
"2025-04-08 17:26:24.75",40333,0.08446884,0.1017113,0.02884293,25.83521
"2025-04-08 17:26:24.8",40334,0.08766747,0.1009827,0.03168678,25.85787
"2025-04-08 17:26:24.85",40335,0.08517456,0.1010551,0.02937508,25.87036
"2025-04-08 17:26:24.9",40336,0.08903122,0.09748077,0.03447914,25.83568
"2025-04-08 17:26:24.95",40337,0.08638382,0.1012363,0.03074265,25.85378
"2025-04-08 17:26:25",40338,0.08395004,0.0983429,0.03096008,25.85761
"2025-04-08 17:26:25.05",40339,0.07976151,0.1003094,0.03627586,25.83518
"2025-04-08 17:26:25.1",40340,0.07900238,0.1011162,0.04315186,25.86549
"2025-04-08 17:26:25.15",40341,0.07769585,0.09694481,0.04475594,25.83214
"2025-04-08 17:26:25.2",40342,0.07995605,0.1001358,0.04416466,25.82136
"2025-04-08 17:26:25.25",40343,0.07735252,0.09848785,0.04968834,25.82175
"2025-04-08 17:26:25.3",40344,0.07250786,0.09737396,0.04312325,25.83518
"2025-04-08 17:26:25.35",40345,0.07230568,0.09734917,0.04813957,25.82487
"2025-04-08 17:26:25.4",40346,0.07124901,0.09432793,0.04984856,25.80305
"2025-04-08 17:26:25.45",40347,0.07173729,0.09301949,0.05010986,25.80136
"2025-04-08 17:26:25.5",40348,0.0724659,0.09343338,0.04894447,25.80157
"2025-04-08 17:26:25.55",40349,0.07300186,0.08971786,0.04470062,25.7824
"2025-04-08 17:26:25.6",40350,0.06940651,0.0928688,0.04066849,25.83745
"2025-04-08 17:26:25.65",40351,0.06797218,0.09345055,0.04202461,25.83898
"2025-04-08 17:26:25.7",40352,0.06842995,0.0918293,0.04085732,25.82037
"2025-04-08 17:26:25.75",40353,0.0658989,0.09228706,0.04257011,25.82851
"2025-04-08 17:26:25.8",40354,0.0664959,0.09084129,0.04614639,25.83341
"2025-04-08 17:26:25.85",40355,0.06907845,0.0896225,0.04649925,25.83527
"2025-04-08 17:26:25.9",40356,0.07236099,0.09309196,0.05246162,25.84358
"2025-04-08 17:26:25.95",40357,0.06854057,0.0863781,0.04633141,25.87054
"2025-04-08 17:26:26",40358,0.06771851,0.08468628,0.04349709,25.86081
"2025-04-08 17:26:26.05",40359,0.07147217,0.08720589,0.04697418,25.87427
"2025-04-08 17:26:26.1",40360,0.07012749,0.08342552,0.04265404,25.86951
"2025-04-08 17:26:26.15",40361,0.07077599,0.08440208,0.04112434,25.81486
"2025-04-08 17:26:26.2",40362,0.07297516,0.08129692,0.04153442,25.84039
"2025-04-08 17:26:26.25",40363,0.07865524,0.08399582,0.03923035,25.85688
"2025-04-08 17:26:26.3",40364,0.07903481,0.08110046,0.03663635,25.85847
"2025-04-08 17:26:26.35",40365,0.08254242,0.08111954,0.03441048,25.81273
"2025-04-08 17:26:26.4",40366,0.08070564,0.08222008,0.02978706,25.79411
"2025-04-08 17:26:26.45",40367,0.08577538,0.07567406,0.03151512,25.83315
"2025-04-08 17:26:26.5",40368,0.09204674,0.07781792,0.02848816,25.83364
"2025-04-08 17:26:26.55",40369,0.09343338,0.07811928,0.02745247,25.80862
"2025-04-08 17:26:26.6",40370,0.0981369,0.07692528,0.02334976,25.83417
"2025-04-08 17:26:26.65",40371,0.1028309,0.0784893,0.02036095,25.82932
"2025-04-08 17:26:26.7",40372,0.1001244,0.07662392,0.02280617,25.83105
"2025-04-08 17:26:26.75",40373,0.1059608,0.07801247,0.02375221,25.85212
"2025-04-08 17:26:26.8",40374,0.1036758,0.07849312,0.02717018,25.84911
"2025-04-08 17:26:26.85",40375,0.1076851,0.07674408,0.02622414,25.85358
"2025-04-08 17:26:26.9",40376,0.1068859,0.07762909,0.02205276,25.87811
"2025-04-08 17:26:26.95",40377,0.101778,0.08294296,0.02456665,25.84154
"2025-04-08 17:26:27",40378,0.1062489,0.08691025,0.02355957,25.8387
"2025-04-08 17:26:27.05",40379,0.1060696,0.09584427,0.02515411,25.83501
"2025-04-08 17:26:27.1",40380,0.1040154,0.09747696,0.02540207,25.83574
"2025-04-08 17:26:27.15",40381,0.1044083,0.09912491,0.02112961,25.84009
"2025-04-08 17:26:27.2",40382,0.1043663,0.09995079,0.023386,25.86365
"2025-04-08 17:26:27.25",40383,0.1043892,0.102644,0.01668739,25.86657
"2025-04-08 17:26:27.3",40384,0.1064358,0.1064835,0.01699448,25.84297
"2025-04-08 17:26:27.35",40385,0.108036,0.1075859,0.0238018,25.88715
"2025-04-08 17:26:27.4",40386,0.1051712,0.1056576,0.0206852,25.8449
"2025-04-08 17:26:27.45",40387,0.1046906,0.1056652,0.02422714,25.87776
"2025-04-08 17:26:27.5",40388,0.1018505,0.1072502,0.03265381,25.8772
"2025-04-08 17:26:27.55",40389,0.1038933,0.1057072,0.03354073,25.87572
"2025-04-08 17:26:27.6",40390,0.09884453,0.1063004,0.03304482,25.86308
"2025-04-08 17:26:27.65",40391,0.09838486,0.1101093,0.04162216,25.88609
"2025-04-08 17:26:27.7",40392,0.09314919,0.1072044,0.03835487,25.86029
"2025-04-08 17:26:27.75",40393,0.09972572,0.105629,0.03488541,25.87755
"2025-04-08 17:26:27.8",40394,0.1010571,0.1085072,0.03199005,25.87342
"2025-04-08 17:26:27.85",40395,0.09872818,0.1074352,0.03282547,25.8776
"2025-04-08 17:26:27.9",40396,0.09915161,0.1098194,0.03627014,25.89719
"2025-04-08 17:26:27.95",40397,0.09776115,0.1095905,0.03723717,25.89082
"2025-04-08 17:26:28",40398,0.0978241,0.1083775,0.03310585,25.9008
"2025-04-08 17:26:28.05",40399,0.09583282,0.1056976,0.03696442,25.92677
"2025-04-08 17:26:28.1",40400,0.09407616,0.1055679,0.03957748,25.91064
"2025-04-08 17:26:28.15",40401,0.09459305,0.1062126,0.03744888,25.91338
"2025-04-08 17:26:28.2",40402,0.09517097,0.1053123,0.03617859,25.92639
"2025-04-08 17:26:28.25",40403,0.09504509,0.1053677,0.03890228,25.91389
"2025-04-08 17:26:28.3",40404,0.09552765,0.1057072,0.03555679,25.9268
"2025-04-08 17:26:28.35",40405,0.09352684,0.1070423,0.03835487,25.9488
"2025-04-08 17:26:28.4",40406,0.09790039,0.1090984,0.04333687,25.95745
"2025-04-08 17:26:28.45",40407,0.09581566,0.1035862,0.03692055,25.94654
"2025-04-08 17:26:28.5",40408,0.09221077,0.1038971,0.0333004,25.94623
"2025-04-08 17:26:28.55",40409,0.09230423,0.1032467,0.03341675,25.9271
"2025-04-08 17:26:28.6",40410,0.08997154,0.1040821,0.03555298,25.9071
"2025-04-08 17:26:28.65",40411,0.08942223,0.1005249,0.0354805,25.94585
"2025-04-08 17:26:28.7",40412,0.0884285,0.09846497,0.03283691,25.92131
"2025-04-08 17:26:28.75",40413,0.0941124,0.0981636,0.03198433,25.8895
"2025-04-08 17:26:28.8",40414,0.09872246,0.09857178,0.0301342,25.9064
"2025-04-08 17:26:28.85",40415,0.1042118,0.09597206,0.02624321,25.90321
"2025-04-08 17:26:28.9",40416,0.1001835,0.09524345,0.02698898,25.94304
"2025-04-08 17:26:28.95",40417,0.1058826,0.09560585,0.02686691,25.90638
"2025-04-08 17:26:29",40418,0.1071835,0.09666061,0.02945137,25.90435
"2025-04-08 17:26:29.05",40419,0.1090431,0.09348679,0.0302887,25.90569
"2025-04-08 17:26:29.1",40420,0.109499,0.09447861,0.0282135,25.90277
"2025-04-08 17:26:29.15",40421,0.1081772,0.09506989,0.0255394,25.89096
"2025-04-08 17:26:29.2",40422,0.1025658,0.0932312,0.02297974,25.91828
"2025-04-08 17:26:29.25",40423,0.09805107,0.09735489,0.02412605,25.89616
"2025-04-08 17:26:29.3",40424,0.09890175,0.1008434,0.03266525,25.89536
"2025-04-08 17:26:29.35",40425,0.1094036,0.101017,0.03125,25.89086
"2025-04-08 17:26:29.4",40426,0.1122322,0.1090469,0.02614212,25.88786
"2025-04-08 17:26:29.45",40427,0.1134167,0.1131516,0.02591705,25.87467
"2025-04-08 17:26:29.5",40428,0.1146336,0.1123447,0.02513695,25.90049
"2025-04-08 17:26:29.55",40429,0.1141911,0.1160183,0.02746964,25.90156
"2025-04-08 17:26:29.6",40430,0.1124001,0.117012,0.03046417,25.88625
"2025-04-08 17:26:29.65",40431,0.115593,0.1183395,0.03186417,25.88616
"2025-04-08 17:26:29.7",40432,0.1157951,0.1170387,0.03174782,25.88813
"2025-04-08 17:26:29.75",40433,0.1184254,0.1200619,0.03064156,25.87151
"2025-04-08 17:26:29.8",40434,0.1135769,0.1191845,0.03140831,25.87247
"2025-04-08 17:26:29.85",40435,0.1170521,0.1182976,0.0306797,25.87273
"2025-04-08 17:26:29.9",40436,0.1175327,0.1217804,0.03322792,25.87086
"2025-04-08 17:26:29.95",40437,0.118536,0.12076,0.03648376,25.84037
"2025-04-08 17:26:30",40438,0.1167717,0.1210327,0.03621674,25.84663
"2025-04-08 17:26:30.05",40439,0.1148949,0.1233521,0.04159927,25.84526
"2025-04-08 17:26:30.1",40440,0.1185532,0.1260128,0.04263687,25.85619
"2025-04-08 17:26:30.15",40441,0.1128387,0.1225471,0.04473114,25.81638
"2025-04-08 17:26:30.2",40442,0.1093216,0.1218357,0.04671478,25.77971
"2025-04-08 17:26:30.25",40443,0.1127968,0.1225681,0.04468727,25.81524
"2025-04-08 17:26:30.3",40444,0.1079102,0.1213551,0.04122734,25.81686
"2025-04-08 17:26:30.35",40445,0.1086864,0.1209335,0.04484558,25.76678
"2025-04-08 17:26:30.4",40446,0.1070042,0.1239109,0.04033661,25.77678
"2025-04-08 17:26:30.45",40447,0.1045513,0.1206532,0.0386219,25.76415
"2025-04-08 17:26:30.5",40448,0.103693,0.1202469,0.04033852,25.73996
"2025-04-08 17:26:30.55",40449,0.1017361,0.1195545,0.03804779,25.71425
"2025-04-08 17:26:30.6",40450,0.1056404,0.1158543,0.0376358,25.71516
"2025-04-08 17:26:30.65",40451,0.1053944,0.1110744,0.03741646,25.72923
"2025-04-08 17:26:30.7",40452,0.09973907,0.106926,0.03644371,25.72911
"2025-04-08 17:26:30.75",40453,0.09896278,0.1099472,0.03620911,25.72845
"2025-04-08 17:26:30.8",40454,0.09626579,0.1126556,0.03764534,25.72964
"2025-04-08 17:26:30.85",40455,0.09519577,0.1233501,0.03840065,25.69904
"2025-04-08 17:26:30.9",40456,0.09691811,0.1263275,0.03461838,25.71073
"2025-04-08 17:26:30.95",40457,0.09362411,0.1250992,0.03738976,25.72975
"2025-04-08 17:26:31",40458,0.09738731,0.1255779,0.03229141,25.73955
"2025-04-08 17:26:31.05",40459,0.09550095,0.1264114,0.03218842,25.71004
"2025-04-08 17:26:31.1",40460,0.09832382,0.1259022,0.02984428,25.72664
"2025-04-08 17:26:31.15",40461,0.1046753,0.1256084,0.02575493,25.72272
"2025-04-08 17:26:31.2",40462,0.1117573,0.1237259,0.03021622,25.72499
"2025-04-08 17:26:31.25",40463,0.1136112,0.1250362,0.02954674,25.72176
"2025-04-08 17:26:31.3",40464,0.1094456,0.1242275,0.02381134,25.70235
"2025-04-08 17:26:31.35",40465,0.1111774,0.1216602,0.0250473,25.69796
"2025-04-08 17:26:31.4",40466,0.1140175,0.1235332,0.02369881,25.67931
"2025-04-08 17:26:31.45",40467,0.1155167,0.1229153,0.02443886,25.6949
"2025-04-08 17:26:31.5",40468,0.1139469,0.1246758,0.02582741,25.69437
"2025-04-08 17:26:31.55",40469,0.1112022,0.1271095,0.02831459,25.70937
"2025-04-08 17:26:31.6",40470,0.1116772,0.1347923,0.02057838,25.69876
"2025-04-08 17:26:31.65",40471,0.1124268,0.1352406,0.02075005,25.69485
"2025-04-08 17:26:31.7",40472,0.1071815,0.1389217,0.02251244,25.71555
"2025-04-08 17:26:31.75",40473,0.1064224,0.1389866,0.02477646,25.69586
"2025-04-08 17:26:31.8",40474,0.10672,0.1383133,0.02556038,25.69738
"2025-04-08 17:26:31.85",40475,0.1120186,0.1363297,0.02093506,25.68155
"2025-04-08 17:26:31.9",40476,0.1067295,0.1339684,0.02018738,25.69492
"2025-04-08 17:26:31.95",40477,0.1068993,0.1324501,0.02184105,25.68151
"2025-04-08 17:26:32",40478,0.1061344,0.1323795,0.01973343,25.69275
"2025-04-08 17:26:32.05",40479,0.1075573,0.1312199,0.02009964,25.67812
"2025-04-08 17:26:32.1",40480,0.1001053,0.1280212,0.01709366,25.6906
"2025-04-08 17:26:32.15",40481,0.1004639,0.1278629,0.01948547,25.67472
"2025-04-08 17:26:32.2",40482,0.1011353,0.1286106,0.01601028,25.67563
"2025-04-08 17:26:32.25",40483,0.1032066,0.1289806,0.0180378,25.67244
"2025-04-08 17:26:32.3",40484,0.1043282,0.127533,0.02164078,25.68983
"2025-04-08 17:26:32.35",40485,0.1050339,0.1273289,0.01567459,25.65169
"2025-04-08 17:26:32.4",40486,0.09891319,0.1271038,0.01919174,25.67097
"2025-04-08 17:26:32.45",40487,0.09867096,0.125927,0.0218277,25.66815
"2025-04-08 17:26:32.5",40488,0.1018162,0.125164,0.01801109,25.64424
"2025-04-08 17:26:32.55",40489,0.1001892,0.122139,0.0116024,25.64771
"2025-04-08 17:26:32.6",40490,0.1012421,0.1233215,0.01325798,25.64466
"2025-04-08 17:26:32.65",40491,0.1030903,0.1225853,0.02193069,25.64582
"2025-04-08 17:26:32.7",40492,0.1040154,0.122776,0.02416801,25.62465
"2025-04-08 17:26:32.75",40493,0.1089268,0.120409,0.02634239,25.61501
"2025-04-08 17:26:32.8",40494,0.1081867,0.1250362,0.02277756,25.61782
"2025-04-08 17:26:32.85",40495,0.1115437,0.1226788,0.01755714,25.59177
"2025-04-08 17:26:32.9",40496,0.1183586,0.1219311,0.01945114,25.61394
"2025-04-08 17:26:32.95",40497,0.1284199,0.1204529,0.0212822,25.56961
"2025-04-08 17:26:33",40498,0.1307945,0.1237907,0.02266312,25.56856
"2025-04-08 17:26:33.05",40499,0.1331902,0.1195488,0.01519394,25.56955
"2025-04-08 17:26:33.1",40500,0.1341248,0.1235008,0.01664734,25.56789
"2025-04-08 17:26:33.15",40501,0.1334591,0.1233444,0.01333618,25.57035
"2025-04-08 17:26:33.2",40502,0.1327152,0.1230221,0.01318359,25.56741
"2025-04-08 17:26:33.25",40503,0.13661,0.1223278,0.00992775,25.56939
"2025-04-08 17:26:33.3",40504,0.1352425,0.1215019,0.009950638,25.56921
"2025-04-08 17:26:33.35",40505,0.1304207,0.1255856,0.01194954,25.60805
"2025-04-08 17:26:33.4",40506,0.1302986,0.1260834,0.01001358,25.61027
"2025-04-08 17:26:33.45",40507,0.127985,0.1265411,0.01021957,25.61571
"2025-04-08 17:26:33.5",40508,0.1255894,0.1263504,0.00933075,25.61842
"2025-04-08 17:26:33.55",40509,0.123436,0.1295605,0.005651474,25.63696
"2025-04-08 17:26:33.6",40510,0.1224365,0.1333599,0.006036758,25.6161
"2025-04-08 17:26:33.65",40511,0.1240139,0.1321125,0.007749557,25.63873
"2025-04-08 17:26:33.7",40512,0.1254234,0.1304779,0.01188469,25.61605
"2025-04-08 17:26:33.75",40513,0.1247463,0.131752,0.01177216,25.63934
"2025-04-08 17:26:33.8",40514,0.1250706,0.1286507,0.0113678,25.61675
"2025-04-08 17:26:33.85",40515,0.1183243,0.128376,0.006313324,25.6141
"2025-04-08 17:26:33.9",40516,0.1165524,0.1254272,0.007709503,25.65741
"2025-04-08 17:26:33.95",40517,0.1135254,0.129734,0.005779266,25.60429
"2025-04-08 17:26:34",40518,0.1142635,0.1277905,0.009290695,25.61193
"2025-04-08 17:26:34.05",40519,0.1151352,0.1251163,0.004426956,25.6293
"2025-04-08 17:26:34.1",40520,0.1111145,0.1271133,0.001562119,25.62598
"2025-04-08 17:26:34.15",40521,0.1127052,0.1235523,0.002990723,25.62003
"2025-04-08 17:26:34.2",40522,0.1132984,0.1194344,-0.0003814697,25.59641
"2025-04-08 17:26:34.25",40523,0.1131477,0.1208878,0.001468658,25.63935
"2025-04-08 17:26:34.3",40524,0.1104259,0.1209755,0.00438118,25.64431
"2025-04-08 17:26:34.35",40525,0.1096458,0.1218891,-0.001403809,25.64986
"2025-04-08 17:26:34.4",40526,0.1120968,0.119669,-0.001102448,25.64881
"2025-04-08 17:26:34.45",40527,0.1065903,0.1240826,0.004024506,25.62711
"2025-04-08 17:26:34.5",40528,0.1078854,0.1229267,0.001655579,25.64957
"2025-04-08 17:26:34.55",40529,0.1093998,0.1228275,-0.001224518,25.66738
"2025-04-08 17:26:34.6",40530,0.109024,0.1188717,-0.0005836487,25.64677
"2025-04-08 17:26:34.65",40531,0.1080914,0.1220169,0.003047943,25.66642
"2025-04-08 17:26:34.7",40532,0.1058578,0.1206188,0.006048203,25.66654
"2025-04-08 17:26:34.75",40533,0.1065617,0.1204929,0.004741669,25.68076
"2025-04-08 17:26:34.8",40534,0.1065331,0.1209869,0.00387001,25.66231
"2025-04-08 17:26:34.85",40535,0.1073608,0.1201077,0.00438118,25.66419
"2025-04-08 17:26:34.9",40536,0.1086464,0.1178455,-0.0004501343,25.66177
"2025-04-08 17:26:34.95",40537,0.10779,0.1146164,-0.0007781982,25.69427
"2025-04-08 17:26:35",40538,0.1101017,0.1146984,0.003473282,25.6865
"2025-04-08 17:26:35.05",40539,0.1130428,0.1131763,0.0007343292,25.65766
"2025-04-08 17:26:35.1",40540,0.1152592,0.1125164,0.00186348,25.64503
"2025-04-08 17:26:35.15",40541,0.1129913,0.1163406,0.004507065,25.65589
"2025-04-08 17:26:35.2",40542,0.1119251,0.1159782,0.001655579,25.64431
"2025-04-08 17:26:35.25",40543,0.1152649,0.1188717,0.002248764,25.64219
"2025-04-08 17:26:35.3",40544,0.1126823,0.1180668,-0.001296997,25.62854
"2025-04-08 17:26:35.35",40545,0.1158829,0.1211014,-0.002820969,25.64232
"2025-04-08 17:26:35.4",40546,0.1110935,0.1215134,0.0001773834,25.64116
"2025-04-08 17:26:35.45",40547,0.1114731,0.1206989,-0.003189087,25.63847
"2025-04-08 17:26:35.5",40548,0.1110458,0.1238308,-0.0005207062,25.63792
"2025-04-08 17:26:35.55",40549,0.1120911,0.1225929,-0.001298904,25.64162
"2025-04-08 17:26:35.6",40550,0.113081,0.1231117,-0.002576828,25.63808
"2025-04-08 17:26:35.65",40551,0.1121521,0.1219616,-0.003145218,25.64197
"2025-04-08 17:26:35.7",40552,0.1102657,0.1227589,0.0006847382,25.63857
"2025-04-08 17:26:35.75",40553,0.1117115,0.1218147,-0.0003261566,25.6237
"2025-04-08 17:26:35.8",40554,0.1140804,0.1216984,-0.001861572,25.63747
"2025-04-08 17:26:35.85",40555,0.1111431,0.1257133,-0.001317978,25.6363
"2025-04-08 17:26:35.9",40556,0.1127052,0.1214962,-0.001073837,25.62151
"2025-04-08 17:26:35.95",40557,0.1103153,0.1227875,0.001216888,25.63742
"2025-04-08 17:26:36",40558,0.1078415,0.1207542,-0.0002098083,25.63964
"2025-04-08 17:26:36.05",40559,0.1061325,0.1209869,0.0006866455,25.65304
"2025-04-08 17:26:36.1",40560,0.1037521,0.118,0.001579285,25.65878
"2025-04-08 17:26:36.15",40561,0.1057529,0.1174545,0.00194931,25.65626
"2025-04-08 17:26:36.2",40562,0.1059437,0.1174984,0.003595352,25.63977
"2025-04-08 17:26:36.25",40563,0.1053162,0.1164856,0.0006923676,25.62679
"2025-04-08 17:26:36.3",40564,0.1000099,0.1150646,0.001159668,25.62518
"2025-04-08 17:26:36.35",40565,0.09988976,0.1144314,0.003166199,25.62582
"2025-04-08 17:26:36.4",40566,0.1015644,0.1148224,-0.001625061,25.63857
"2025-04-08 17:26:36.45",40567,0.1013241,0.1136208,-0.003034592,25.65405
"2025-04-08 17:26:36.5",40568,0.09817886,0.1132984,-0.01091003,25.65195
"2025-04-08 17:26:36.55",40569,0.09646988,0.1167622,-0.01092529,25.65022
"2025-04-08 17:26:36.6",40570,0.09730339,0.1123085,-0.01181412,25.65261
"2025-04-08 17:26:36.65",40571,0.0957222,0.1167717,-0.01390648,25.68781
"2025-04-08 17:26:36.7",40572,0.09225273,0.1129398,-0.01277542,25.63908
"2025-04-08 17:26:36.75",40573,0.09510231,0.1175919,-0.01194191,25.65131
"2025-04-08 17:26:36.8",40574,0.09420395,0.1170177,-0.01113319,25.6524
"2025-04-08 17:26:36.85",40575,0.09498596,0.1142292,-0.006835938,25.67313
"2025-04-08 17:26:36.9",40576,0.09069061,0.1128006,-0.001548767,25.65103
"2025-04-08 17:26:36.95",40577,0.09062958,0.1112919,-0.001617432,25.70343
"2025-04-08 17:26:37",40578,0.09130096,0.1125011,-0.00750351,25.65047
"2025-04-08 17:26:37.05",40579,0.09372711,0.1116714,-0.006479263,25.65189
"2025-04-08 17:26:37.1",40580,0.09318542,0.1133747,-0.005073547,25.6855
"2025-04-08 17:26:37.15",40581,0.08932304,0.1118031,-0.003267288,25.67321
"2025-04-08 17:26:37.2",40582,0.09184074,0.1117172,-0.003822327,25.67163
"2025-04-08 17:26:37.25",40583,0.09470177,0.1080971,-0.007371902,25.6894
"2025-04-08 17:26:37.3",40584,0.09541512,0.1075497,-0.006513596,25.65113
"2025-04-08 17:26:37.35",40585,0.09604073,0.1094093,-0.006072998,25.6728
"2025-04-08 17:26:37.4",40586,0.0960083,0.1104279,-0.006166458,25.67279
"2025-04-08 17:26:37.45",40587,0.09567261,0.1113052,-0.0003814697,25.66734
"2025-04-08 17:26:37.5",40588,0.09496689,0.1107216,-0.003810883,25.68292
"2025-04-08 17:26:37.55",40589,0.09379959,0.1112328,-0.002262115,25.66973
"2025-04-08 17:26:37.6",40590,0.09373283,0.1126709,-0.004306793,25.67089
"2025-04-08 17:26:37.65",40591,0.09803963,0.1130562,-0.008016586,25.67233
"2025-04-08 17:26:37.7",40592,0.0982151,0.1150723,-0.007425308,25.63398
"2025-04-08 17:26:37.75",40593,0.09471321,0.114481,-0.008211136,25.63631
"2025-04-08 17:26:37.8",40594,0.09898376,0.1174011,-0.001083374,25.63387
"2025-04-08 17:26:37.85",40595,0.09930801,0.1167259,-0.007379532,25.6356
"2025-04-08 17:26:37.9",40596,0.09976578,0.1190376,-0.007148743,25.64759
"2025-04-08 17:26:37.95",40597,0.09861565,0.1103382,-0.003929138,25.6344
"2025-04-08 17:26:38",40598,0.1036701,0.1054974,-0.008399963,25.63303
"2025-04-08 17:26:38.05",40599,0.1023846,0.1001282,-0.01185417,25.61793
"2025-04-08 17:26:38.1",40600,0.1000404,0.1006641,-0.01189613,25.61691
"2025-04-08 17:26:38.15",40601,0.09919739,0.10429,-0.01362419,25.60166
"2025-04-08 17:26:38.2",40602,0.1025467,0.1059074,-0.01013374,25.60355
"2025-04-08 17:26:38.25",40603,0.1036415,0.1061935,-0.01356316,25.61844
"2025-04-08 17:26:38.3",40604,0.1017437,0.1058807,-0.009283066,25.58483
"2025-04-08 17:26:38.35",40605,0.1013184,0.1024818,-0.01075363,25.62285
"2025-04-08 17:26:38.4",40606,0.09939575,0.1030731,-0.005199432,25.62126
"2025-04-08 17:26:38.45",40607,0.09672356,0.09935188,-0.008552551,25.5873
"2025-04-08 17:26:38.5",40608,0.09981728,0.09427643,-0.01029015,25.56016
"2025-04-08 17:26:38.55",40609,0.09566116,0.09356689,-0.01140022,25.56166
"2025-04-08 17:26:38.6",40610,0.09936905,0.09401512,-0.01132202,25.55897
"2025-04-08 17:26:38.65",40611,0.09920311,0.09426308,-0.01264,25.58163
"2025-04-08 17:26:38.7",40612,0.1024647,0.09363937,-0.01335907,25.58052
"2025-04-08 17:26:38.75",40613,0.1036091,0.0940876,-0.01443863,25.55207
"2025-04-08 17:26:38.8",40614,0.1047993,0.09292412,-0.01915359,25.52864
"2025-04-08 17:26:38.85",40615,0.1016426,0.09355736,-0.02041435,25.54948
"2025-04-08 17:26:38.9",40616,0.1046638,0.09298515,-0.01930428,25.55965
"2025-04-08 17:26:38.95",40617,0.1033115,0.09422684,-0.01737213,25.55494
"2025-04-08 17:26:39",40618,0.1047516,0.0936451,-0.018013,25.50639
"2025-04-08 17:26:39.05",40619,0.1064777,0.09390831,-0.01622963,25.54891
"2025-04-08 17:26:39.1",40620,0.1041164,0.09620667,-0.0138588,25.55132
"2025-04-08 17:26:39.15",40621,0.1044636,0.09585571,-0.01371384,25.55101
"2025-04-08 17:26:39.2",40622,0.1008282,0.09872246,-0.01471329,25.55059
"2025-04-08 17:26:39.25",40623,0.1020718,0.09490585,-0.01626968,25.55286
"2025-04-08 17:26:39.3",40624,0.1044235,0.09643364,-0.01376724,25.52921
"2025-04-08 17:26:39.35",40625,0.1080608,0.09497452,-0.02051926,25.53123
"2025-04-08 17:26:39.4",40626,0.1088142,0.09579468,-0.01873207,25.52753
"2025-04-08 17:26:39.45",40627,0.1132298,0.09880066,-0.01387024,25.52992
"2025-04-08 17:26:39.5",40628,0.1127796,0.09763145,-0.01599693,25.55685
"2025-04-08 17:26:39.55",40629,0.1042213,0.09765053,-0.0159626,25.54984
"2025-04-08 17:26:39.6",40630,0.09206009,0.1002197,-0.0180397,25.55048
"2025-04-08 17:26:39.65",40631,0.09079552,0.09822273,-0.01960373,25.55489
"2025-04-08 17:26:39.7",40632,0.08815384,0.1021061,-0.01961708,25.57977
"2025-04-08 17:26:39.75",40633,0.08959198,0.09964943,-0.01934814,25.57832
"2025-04-08 17:26:39.8",40634,0.08808327,0.1029034,-0.02110481,25.60002
"2025-04-08 17:26:39.85",40635,0.08840561,0.1027832,-0.02048683,25.59825
"2025-04-08 17:26:39.9",40636,0.08399582,0.1026211,-0.02159882,25.5995
"2025-04-08 17:26:39.95",40637,0.08523369,0.1016312,-0.02059746,25.61664
"2025-04-08 17:26:40",40638,0.08238983,0.09904099,-0.02547264,25.61324
"2025-04-08 17:26:40.05",40639,0.08003426,0.09670639,-0.02314568,25.61469
"2025-04-08 17:26:40.1",40640,0.07955551,0.09588051,-0.02203941,25.61382
"2025-04-08 17:26:40.15",40641,0.07682991,0.09635353,-0.0255909,25.61576
"2025-04-08 17:26:40.2",40642,0.08028984,0.09609032,-0.02625656,25.64229
"2025-04-08 17:26:40.25",40643,0.07904625,0.09594154,-0.02417946,25.63099
"2025-04-08 17:26:40.3",40644,0.08283424,0.09445572,-0.01981735,25.64408
"2025-04-08 17:26:40.35",40645,0.0831356,0.09591293,-0.01943207,25.64411
"2025-04-08 17:26:40.4",40646,0.08211899,0.09660339,-0.01814842,25.63207
"2025-04-08 17:26:40.45",40647,0.08161545,0.0940361,-0.01768494,25.6279
"2025-04-08 17:26:40.5",40648,0.08092117,0.09327126,-0.02292633,25.6321
"2025-04-08 17:26:40.55",40649,0.08315849,0.095047,-0.02227783,25.63457
"2025-04-08 17:26:40.6",40650,0.07771111,0.0913372,-0.01946068,25.64725
"2025-04-08 17:26:40.65",40651,0.07945251,0.0937233,-0.02082062,25.6459
"2025-04-08 17:26:40.7",40652,0.07877922,0.09095955,-0.01735878,25.64977
"2025-04-08 17:26:40.75",40653,0.07741547,0.08994675,-0.02140808,25.64551
"2025-04-08 17:26:40.8",40654,0.07778549,0.09012604,-0.01762581,25.64296
"2025-04-08 17:26:40.85",40655,0.08305168,0.08999634,-0.01828194,25.62965
"2025-04-08 17:26:40.9",40656,0.07829285,0.09091377,-0.02263069,25.61039
"2025-04-08 17:26:40.95",40657,0.07479095,0.08937836,-0.01839256,25.61263
"2025-04-08 17:26:41",40658,0.07524872,0.08991051,-0.0179863,25.64428
"2025-04-08 17:26:41.05",40659,0.07845879,0.08995819,-0.0230217,25.61267
"2025-04-08 17:26:41.1",40660,0.07988358,0.08956909,-0.01858139,25.62701
"2025-04-08 17:26:41.15",40661,0.08181572,0.09254646,-0.01870918,25.62863
"2025-04-08 17:26:41.2",40662,0.07629204,0.09218788,-0.02408791,25.61362
"2025-04-08 17:26:41.25",40663,0.07634735,0.09015274,-0.02432251,25.61201
"2025-04-08 17:26:41.3",40664,0.07715988,0.09226608,-0.02189445,25.64445
"2025-04-08 17:26:41.35",40665,0.07580757,0.09230995,-0.01945305,25.61194
"2025-04-08 17:26:41.4",40666,0.07627678,0.09465981,-0.02236176,25.6422
"2025-04-08 17:26:41.45",40667,0.07456589,0.09218597,-0.01906204,25.63861
"2025-04-08 17:26:41.5",40668,0.07582855,0.09255219,-0.01781654,25.62765
"2025-04-08 17:26:41.55",40669,0.07201385,0.09485817,-0.02134705,25.6254
"2025-04-08 17:26:41.6",40670,0.07117844,0.09521866,-0.01997185,25.66298
"2025-04-08 17:26:41.65",40671,0.0742054,0.09454536,-0.02196693,25.641
"2025-04-08 17:26:41.7",40672,0.07516098,0.09494591,-0.01964951,25.64009
"2025-04-08 17:26:41.75",40673,0.0698719,0.09745407,-0.01943016,25.67902
"2025-04-08 17:26:41.8",40674,0.07270813,0.09753036,-0.01747704,25.66202
"2025-04-08 17:26:41.85",40675,0.07362175,0.09667587,-0.02192879,25.64201
"2025-04-08 17:26:41.9",40676,0.06957817,0.0987339,-0.0178566,25.71237
"2025-04-08 17:26:41.95",40677,0.06664276,0.09902382,-0.01498413,25.67849
"2025-04-08 17:26:42",40678,0.07250786,0.1001778,-0.01830864,25.69198
"2025-04-08 17:26:42.05",40679,0.07421684,0.0993576,-0.01919174,25.67785
"2025-04-08 17:26:42.1",40680,0.07573318,0.09960938,-0.02224731,25.71366
"2025-04-08 17:26:42.15",40681,0.07200432,0.09589005,-0.02007484,25.64134
"2025-04-08 17:26:42.2",40682,0.07524872,0.09267998,-0.02414322,25.66239
"2025-04-08 17:26:42.25",40683,0.07129288,0.09549332,-0.02337265,25.66172
"2025-04-08 17:26:42.3",40684,0.0761261,0.09341621,-0.0270195,25.64182
"2025-04-08 17:26:42.35",40685,0.07484818,0.09178925,-0.02267456,25.6247
"2025-04-08 17:26:42.4",40686,0.07322693,0.08761215,-0.0266037,25.64054
"2025-04-08 17:26:42.45",40687,0.07608223,0.08827972,-0.02338409,25.65937
"2025-04-08 17:26:42.5",40688,0.07611847,0.09064674,-0.02446747,25.67709
"2025-04-08 17:26:42.55",40689,0.07808685,0.08756828,-0.02531815,25.62482
"2025-04-08 17:26:42.6",40690,0.0777626,0.08846855,-0.02694893,25.60804
"2025-04-08 17:26:42.65",40691,0.08146477,0.08758926,-0.02496529,25.62665
"2025-04-08 17:26:42.7",40692,0.08154106,0.08870125,-0.02492523,25.6112
"2025-04-08 17:26:42.75",40693,0.08107758,0.08828354,-0.03049469,25.64571
"2025-04-08 17:26:42.8",40694,0.08026505,0.08929825,-0.02860832,25.62815
"2025-04-08 17:26:42.85",40695,0.07611847,0.08850098,-0.02703094,25.6456
"2025-04-08 17:26:42.9",40696,0.0788517,0.08589363,-0.02707863,25.62795
"2025-04-08 17:26:42.95",40697,0.07868767,0.08472061,-0.02688026,25.64346
"2025-04-08 17:26:43",40698,0.07676125,0.08529472,-0.02554512,25.64131
"2025-04-08 17:26:43.05",40699,0.07837105,0.08861351,-0.02172661,25.62678
"2025-04-08 17:26:43.1",40700,0.07552338,0.08457565,-0.02302933,25.66004
"2025-04-08 17:26:43.15",40701,0.07432175,0.08540344,-0.02483749,25.62326
"2025-04-08 17:26:43.2",40702,0.07444382,0.08472061,-0.02307129,25.60995
"2025-04-08 17:26:43.25",40703,0.07569122,0.08630753,-0.02293205,25.62252
"2025-04-08 17:26:43.3",40704,0.07370186,0.08496666,-0.02572632,25.6369
"2025-04-08 17:26:43.35",40705,0.07386208,0.08815575,-0.02291679,25.6077
"2025-04-08 17:26:43.4",40706,0.07283974,0.08848953,-0.02123642,25.62377
"2025-04-08 17:26:43.45",40707,0.07549286,0.09008789,-0.02762032,25.64052
"2025-04-08 17:26:43.5",40708,0.07175064,0.09149361,-0.0202179,25.6243
"2025-04-08 17:26:43.55",40709,0.07017899,0.09265709,-0.0197773,25.62528
"2025-04-08 17:26:43.6",40710,0.07151794,0.09374619,-0.02091599,25.62371
"2025-04-08 17:26:43.65",40711,0.07395172,0.08890343,-0.02187729,25.64071
"2025-04-08 17:26:43.7",40712,0.07318878,0.09340858,-0.02404022,25.60598
"2025-04-08 17:26:43.75",40713,0.07318115,0.08980179,-0.02577591,25.62302
"2025-04-08 17:26:43.8",40714,0.07131004,0.08662033,-0.02783012,25.62359
"2025-04-08 17:26:43.85",40715,0.07268333,0.08646965,-0.02827644,25.62408
"2025-04-08 17:26:43.9",40716,0.07314491,0.08312798,-0.03452873,25.62191
"2025-04-08 17:26:43.95",40717,0.07401848,0.08317375,-0.03051567,25.60549
"2025-04-08 17:26:44",40718,0.07348251,0.08500481,-0.03752136,25.62207
"2025-04-08 17:26:44.05",40719,0.07402992,0.08454895,-0.03495216,25.60514
"2025-04-08 17:26:44.1",40720,0.07078171,0.08472633,-0.02921104,25.61961
"2025-04-08 17:26:44.15",40721,0.06378365,0.08839989,-0.02882957,25.63373
"2025-04-08 17:26:44.2",40722,0.06467056,0.09031105,-0.02927589,25.60761
"2025-04-08 17:26:44.25",40723,0.07589531,0.09187317,-0.02976799,25.6044
"2025-04-08 17:26:44.3",40724,0.07610893,0.09024239,-0.02832794,25.60567
"2025-04-08 17:26:44.35",40725,0.07413673,0.08934402,-0.0275631,25.62037
"2025-04-08 17:26:44.4",40726,0.07499123,0.08862877,-0.03031731,25.62293
"2025-04-08 17:26:44.45",40727,0.07400894,0.08885765,-0.02649689,25.62128
"2025-04-08 17:26:44.5",40728,0.07502365,0.08561516,-0.02544594,25.62216
"2025-04-08 17:26:44.55",40729,0.07319832,0.08197784,-0.02935982,25.62178
"2025-04-08 17:26:44.6",40730,0.07448387,0.08369446,-0.03413582,25.61899
"2025-04-08 17:26:44.65",40731,0.07218361,0.0794487,-0.03309059,25.62296
"2025-04-08 17:26:44.7",40732,0.07523346,0.08107948,-0.03159332,25.61935
"2025-04-08 17:26:44.75",40733,0.07400894,0.07656479,-0.02885246,25.63585
"2025-04-08 17:26:44.8",40734,0.07309914,0.07563782,-0.03033447,25.61869
"2025-04-08 17:26:44.85",40735,0.0737915,0.07468605,-0.03347206,25.62041
"2025-04-08 17:26:44.9",40736,0.07531166,0.07531166,-0.03448868,25.6228
"2025-04-08 17:26:44.95",40737,0.07515526,0.0729084,-0.03427124,25.61002
"2025-04-08 17:26:45",40738,0.07108879,0.07239342,-0.02976799,25.62924
"2025-04-08 17:26:45.05",40739,0.06883049,0.0726223,-0.02795982,25.61037
"2025-04-08 17:26:45.1",40740,0.06882095,0.07163048,-0.03236389,25.6247
"2025-04-08 17:26:45.15",40741,0.06533051,0.06993103,-0.02877045,25.60572
"2025-04-08 17:26:45.2",40742,0.0652504,0.06836128,-0.02742767,25.62223
"2025-04-08 17:26:45.25",40743,0.06287384,0.06923485,-0.02926636,25.60396
"2025-04-08 17:26:45.3",40744,0.06316185,0.0686245,-0.03061104,25.60762
"2025-04-08 17:26:45.35",40745,0.06387329,0.06965256,-0.02666855,25.65471
"2025-04-08 17:26:45.4",40746,0.06052208,0.07150078,-0.03129196,25.63576
"2025-04-08 17:26:45.45",40747,0.05934906,0.06830788,-0.03243256,25.66988
"2025-04-08 17:26:45.5",40748,0.0542717,0.07165146,-0.03207397,25.6333
"2025-04-08 17:26:45.55",40749,0.05985832,0.07422638,-0.02965736,25.65434
"2025-04-08 17:26:45.6",40750,0.05610466,0.07531548,-0.02842903,25.65214
"2025-04-08 17:26:45.65",40751,0.05686188,0.07415962,-0.0261879,25.6724
"2025-04-08 17:26:45.7",40752,0.05302048,0.07468605,-0.02762413,25.68524
"2025-04-08 17:26:45.75",40753,0.05285835,0.07675552,-0.02306175,25.68898
"2025-04-08 17:26:45.8",40754,0.05657196,0.07946587,-0.02200508,25.729
"2025-04-08 17:26:45.85",40755,0.05565071,0.07785606,-0.02267647,25.6872
"2025-04-08 17:26:45.9",40756,0.05459595,0.07950592,-0.02518463,25.72814
"2025-04-08 17:26:45.95",40757,0.05044174,0.08143044,-0.0207119,25.73964
"2025-04-08 17:26:46",40758,0.0510273,0.0776825,-0.02432823,25.73605
"2025-04-08 17:26:46.05",40759,0.05050659,0.07815361,-0.01874542,25.73048
"2025-04-08 17:26:46.1",40760,0.04917336,0.07872963,-0.02471352,25.75999
"2025-04-08 17:26:46.15",40761,0.04705811,0.08067703,-0.01867676,25.73742
"2025-04-08 17:26:46.2",40762,0.04753494,0.08903122,-0.01967239,25.78828
"2025-04-08 17:26:46.25",40763,0.04646873,0.08591461,-0.01947975,25.81081
"2025-04-08 17:26:46.3",40764,0.04642487,0.09313011,-0.01748085,25.78779
"2025-04-08 17:26:46.35",40765,0.04888153,0.09622002,-0.02302933,25.78683
"2025-04-08 17:26:46.4",40766,0.04875374,0.09834671,-0.02224159,25.84858
"2025-04-08 17:26:46.45",40767,0.05102539,0.1016884,-0.01973152,25.81306
"2025-04-08 17:26:46.5",40768,0.04800606,0.09985542,-0.02399826,25.82891
"2025-04-08 17:26:46.55",40769,0.04872704,0.1027889,-0.02548027,25.81142
"2025-04-08 17:26:46.6",40770,0.04762077,0.1009541,-0.02180862,25.8486
"2025-04-08 17:26:46.65",40771,0.04639626,0.1018276,-0.02384186,25.84956
"2025-04-08 17:26:46.7",40772,0.04878616,0.1010952,-0.02145767,25.84792
"2025-04-08 17:26:46.75",40773,0.05150032,0.09964752,-0.02154922,25.84884
"2025-04-08 17:26:46.8",40774,0.04930115,0.1005039,-0.02240372,25.84879
"2025-04-08 17:26:46.85",40775,0.0467701,0.0994873,-0.02120018,25.82534
"2025-04-08 17:26:46.9",40776,0.05077171,0.1002502,-0.01959991,25.84541
"2025-04-08 17:26:46.95",40777,0.0504303,0.09702492,-0.01852798,25.78962
"2025-04-08 17:26:47",40778,0.04813385,0.09659195,-0.01976776,25.78893
"2025-04-08 17:26:47.05",40779,0.04906654,0.09678459,-0.01639748,25.81252
"2025-04-08 17:26:47.1",40780,0.05180359,0.09498978,-0.01987267,25.81414
"2025-04-08 17:26:47.15",40781,0.05163193,0.09563446,-0.01627541,25.77713
"2025-04-08 17:26:47.2",40782,0.0501461,0.09492302,-0.01955223,25.81834
"2025-04-08 17:26:47.25",40783,0.05140114,0.09346771,-0.01914597,25.81458
"2025-04-08 17:26:47.3",40784,0.04992676,0.08892632,-0.01960373,25.79389
"2025-04-08 17:26:47.35",40785,0.04770279,0.08961678,-0.01635551,25.8125
"2025-04-08 17:26:47.4",40786,0.04844284,0.08676529,-0.01362991,25.81266
"2025-04-08 17:26:47.45",40787,0.04928017,0.08624458,-0.01800156,25.78835
"2025-04-08 17:26:47.5",40788,0.0452404,0.08130646,-0.01460075,25.81174
"2025-04-08 17:26:47.55",40789,0.04816628,0.08144379,-0.01529884,25.78742
"2025-04-08 17:26:47.6",40790,0.04769707,0.08144379,-0.01137352,25.78629
"2025-04-08 17:26:47.65",40791,0.05083084,0.07873917,-0.01139641,25.80777
"2025-04-08 17:26:47.7",40792,0.04639816,0.07858276,-0.01123428,25.78795
"2025-04-08 17:26:47.75",40793,0.04852486,0.07565117,-0.00868988,25.77407
"2025-04-08 17:26:47.8",40794,0.05106544,0.07794571,-0.01025009,25.77467
"2025-04-08 17:26:47.85",40795,0.05000687,0.07756805,-0.007930756,25.77496
"2025-04-08 17:26:47.9",40796,0.04506111,0.07866478,-0.008813858,25.77278
"2025-04-08 17:26:47.95",40797,0.04956818,0.07781601,-0.009843826,25.7744
"2025-04-08 17:26:48",40798,0.04911041,0.07906151,-0.01275826,25.77113
"2025-04-08 17:26:48.05",40799,0.04675102,0.07855988,-0.01151848,25.77404
"2025-04-08 17:26:48.1",40800,0.04858208,0.08148193,-0.00916481,25.76025
"2025-04-08 17:26:48.15",40801,0.05065155,0.08125687,-0.008205414,25.79087
"2025-04-08 17:26:48.2",40802,0.04984856,0.08221245,-0.01021767,25.77456
"2025-04-08 17:26:48.25",40803,0.0485878,0.08088493,-0.00810051,25.76052
"2025-04-08 17:26:48.3",40804,0.04319,0.08130646,-0.01209831,25.77467
"2025-04-08 17:26:48.35",40805,0.04584312,0.08190727,-0.01115608,25.77417
"2025-04-08 17:26:48.4",40806,0.04784203,0.07942772,-0.009555817,25.7862
"2025-04-08 17:26:48.45",40807,0.04447556,0.08191109,-0.01092529,25.81108
"2025-04-08 17:26:48.5",40808,0.04400826,0.08196068,-0.01102638,25.81051
"2025-04-08 17:26:48.55",40809,0.04373932,0.08340263,-0.008546829,25.78949
"2025-04-08 17:26:48.6",40810,0.0442028,0.08315086,-0.01304817,25.75945
"2025-04-08 17:26:48.65",40811,0.04219818,0.08367729,-0.01329803,25.77225
"2025-04-08 17:26:48.7",40812,0.04380035,0.08227921,-0.01037788,25.75885
"2025-04-08 17:26:48.75",40813,0.04534149,0.08198547,-0.008422852,25.73506
"2025-04-08 17:26:48.8",40814,0.04392433,0.08167839,-0.01519203,25.82621
"2025-04-08 17:26:48.85",40815,0.04208755,0.08492088,-0.01183128,25.81558
"2025-04-08 17:26:48.9",40816,0.04171753,0.08036423,-0.01207542,25.77248
"2025-04-08 17:26:48.95",40817,0.04091835,0.08008575,-0.01220512,25.81081
"2025-04-08 17:26:49",40818,0.04003716,0.07981873,-0.01119232,25.73754
"2025-04-08 17:26:49.05",40819,0.04174423,0.08058357,-0.01062775,25.72948
"2025-04-08 17:26:49.1",40820,0.03921509,0.07718468,-0.01186752,25.80878
"2025-04-08 17:26:49.15",40821,0.04214096,0.07725906,-0.01102066,25.76023
"2025-04-08 17:26:49.2",40822,0.04459953,0.07854843,-0.01285744,25.75869
"2025-04-08 17:26:49.25",40823,0.04661369,0.07753754,-0.01282883,25.77471
"2025-04-08 17:26:49.3",40824,0.03970718,0.07611275,-0.00774765,25.77669
"2025-04-08 17:26:49.35",40825,0.04553604,0.07471275,-0.009832382,25.77928
"2025-04-08 17:26:49.4",40826,0.04630089,0.07641411,-0.01194763,25.7916
"2025-04-08 17:26:49.45",40827,0.04203987,0.0747509,-0.01514053,25.74697
"2025-04-08 17:26:49.5",40828,0.03810883,0.07493019,-0.01127625,25.75993
"2025-04-08 17:26:49.55",40829,0.03748894,0.07461739,-0.0112114,25.73172
"2025-04-08 17:26:49.6",40830,0.03481483,0.07293129,-0.01172447,25.76066
"2025-04-08 17:26:49.65",40831,0.03551292,0.07491302,-0.01137924,25.7447
"2025-04-08 17:26:49.7",40832,0.03869438,0.07595634,-0.01195335,25.75761
"2025-04-08 17:26:49.75",40833,0.03554153,0.07160568,-0.01186371,25.7441
"2025-04-08 17:26:49.8",40834,0.03350067,0.07487297,-0.0122509,25.7693
"2025-04-08 17:26:49.85",40835,0.03595543,0.07274055,-0.01019859,25.79081
"2025-04-08 17:26:49.9",40836,0.03421593,0.07279015,-0.01478577,25.77657
"2025-04-08 17:26:49.95",40837,0.03090096,0.07509232,-0.01318169,25.77494
"2025-04-08 17:26:50",40838,0.02946472,0.07518578,-0.01074219,25.76044
"2025-04-08 17:26:50.05",40839,0.02928162,0.07642555,-0.01207161,25.76937
"2025-04-08 17:26:50.1",40840,0.03256226,0.07469177,-0.009717941,25.7738
"2025-04-08 17:26:50.15",40841,0.03123856,0.07518578,-0.0105629,25.7458
"2025-04-08 17:26:50.2",40842,0.03350639,0.07489014,-0.005245209,25.76814
"2025-04-08 17:26:50.25",40843,0.02795601,0.07817078,-0.01068497,25.73052
"2025-04-08 17:26:50.3",40844,0.02787781,0.07446098,-0.01062393,25.72996
"2025-04-08 17:26:50.35",40845,0.02778244,0.07508659,-0.008947372,25.75634
"2025-04-08 17:26:50.4",40846,0.02741623,0.07731628,-0.009300232,25.73167
"2025-04-08 17:26:50.45",40847,0.0252533,0.07523346,-0.01246643,25.72584
"2025-04-08 17:26:50.5",40848,0.02622032,0.07159042,-0.01264381,25.73486
"2025-04-08 17:26:50.55",40849,0.02337074,0.07517433,-0.01344299,25.77001
"2025-04-08 17:26:50.6",40850,0.02461243,0.0720768,-0.01058578,25.74123
"2025-04-08 17:26:50.65",40851,0.02565384,0.07319832,-0.01324272,25.73685
"2025-04-08 17:26:50.7",40852,0.024683,0.07320404,-0.007196426,25.70834
"2025-04-08 17:26:50.75",40853,0.02648735,0.07428169,-0.01231194,25.73476
"2025-04-08 17:26:50.8",40854,0.02381706,0.0741272,-0.00806427,25.75799
"2025-04-08 17:26:50.85",40855,0.02184105,0.07136154,-0.01157761,25.70481
"2025-04-08 17:26:50.9",40856,0.02208519,0.0714016,-0.00548172,25.72815
"2025-04-08 17:26:50.95",40857,0.02096367,0.07060051,-0.01270103,25.73405
"2025-04-08 17:26:51",40858,0.02333641,0.07144547,-0.009288788,25.75859
"2025-04-08 17:26:51.05",40859,0.02271652,0.06936836,-0.01091003,25.7066
"2025-04-08 17:26:51.1",40860,0.02202606,0.06980896,-0.01262856,25.70606
"2025-04-08 17:26:51.15",40861,0.01926041,0.06865883,-0.007234573,25.75837
"2025-04-08 17:26:51.2",40862,0.02258492,0.06586456,-0.01214409,25.7353
"2025-04-08 17:26:51.25",40863,0.02185249,0.0656662,-0.01184845,25.70669
"2025-04-08 17:26:51.3",40864,0.02366066,0.06700516,-0.0133152,25.72536
"2025-04-08 17:26:51.35",40865,0.02111053,0.06579971,-0.01355171,25.7348
"2025-04-08 17:26:51.4",40866,0.02165604,0.0664196,-0.01250458,25.75721
"2025-04-08 17:26:51.45",40867,0.02436638,0.06593895,-0.01044655,25.77268
"2025-04-08 17:26:51.5",40868,0.0253582,0.06934929,-0.008857727,25.73842
"2025-04-08 17:26:51.55",40869,0.02703857,0.06585884,-0.008998871,25.77969
"2025-04-08 17:26:51.6",40870,0.02395248,0.06721306,-0.01467705,25.73949
"2025-04-08 17:26:51.65",40871,0.02235985,0.06580544,-0.01468468,25.76398
"2025-04-08 17:26:51.7",40872,0.02212143,0.06735802,-0.01343155,25.75997
"2025-04-08 17:26:51.75",40873,0.02264404,0.06537628,-0.01127052,25.76088
"2025-04-08 17:26:51.8",40874,0.02242088,0.06718445,-0.01287079,25.75712
"2025-04-08 17:26:51.85",40875,0.02416039,0.06692886,-0.01244354,25.75812
"2025-04-08 17:26:51.9",40876,0.02396774,0.06705666,-0.01005363,25.75594
"2025-04-08 17:26:51.95",40877,0.02206039,0.0659771,-0.008485794,25.75859
"2025-04-08 17:26:52",40878,0.02344322,0.06432915,-0.009380341,25.75492
"2025-04-08 17:26:52.05",40879,0.02392387,0.0640049,-0.01150703,25.77101
"2025-04-08 17:26:52.1",40880,0.02380562,0.06376076,-0.01448822,25.75439
"2025-04-08 17:26:52.15",40881,0.01939583,0.06371689,-0.01243973,25.78656
"2025-04-08 17:26:52.2",40882,0.02068329,0.06422806,-0.01204681,25.80861
"2025-04-08 17:26:52.25",40883,0.02067375,0.06404114,-0.007389069,25.77059
"2025-04-08 17:26:52.3",40884,0.02304649,0.06403923,-0.01034927,25.78539
"2025-04-08 17:26:52.35",40885,0.02343178,0.06364441,-0.00969696,25.80866
"2025-04-08 17:26:52.4",40886,0.02087402,0.06390572,-0.01322746,25.78723
"2025-04-08 17:26:52.45",40887,0.02174759,0.06173897,-0.007837296,25.77166
"2025-04-08 17:26:52.5",40888,0.02561188,0.0611763,-0.01151657,25.78577
"2025-04-08 17:26:52.55",40889,0.02285194,0.06056213,-0.01223183,25.77303
"2025-04-08 17:26:52.6",40890,0.02085686,0.0618515,-0.0108242,25.78524
"2025-04-08 17:26:52.65",40891,0.02350998,0.06139755,-0.00942421,25.77085
"2025-04-08 17:26:52.7",40892,0.02647018,0.06127548,-0.01338387,25.80856
"2025-04-08 17:26:52.75",40893,0.02053261,0.06186104,-0.01510811,25.80692
"2025-04-08 17:26:52.8",40894,0.02114868,0.06100845,-0.0119133,25.77202
"2025-04-08 17:26:52.85",40895,0.02098083,0.0627594,-0.009143829,25.80838
"2025-04-08 17:26:52.9",40896,0.02248955,0.06255341,-0.01102448,25.82439
"2025-04-08 17:26:52.95",40897,0.02236748,0.0624752,-0.01018333,25.78648
"2025-04-08 17:26:53",40898,0.02461624,0.06299591,-0.01483917,25.80887
"2025-04-08 17:26:53.05",40899,0.02075005,0.06317329,-0.01176834,25.77044
"2025-04-08 17:26:53.1",40900,0.02304077,0.06197357,-0.0130024,25.75683
"2025-04-08 17:26:53.15",40901,0.02108765,0.05984688,-0.01106453,25.77158
"2025-04-08 17:26:53.2",40902,0.02453423,0.05858803,-0.01161957,25.77344
"2025-04-08 17:26:53.25",40903,0.02136612,0.05853462,-0.0121212,25.78481
"2025-04-08 17:26:53.3",40904,0.02095985,0.05994797,-0.01225471,25.77268
"2025-04-08 17:26:53.35",40905,0.02262115,0.05871582,-0.01238823,25.76963
"2025-04-08 17:26:53.4",40906,0.02067184,0.05719185,-0.006866455,25.78694
"2025-04-08 17:26:53.45",40907,0.02349854,0.05881882,-0.01026726,25.78587
"2025-04-08 17:26:53.5",40908,0.01975632,0.05909157,-0.01049614,25.77128
"2025-04-08 17:26:53.55",40909,0.02234459,0.06292725,-0.01041603,25.77117
"2025-04-08 17:26:53.6",40910,0.02325821,0.06100273,-0.01025963,25.77385
"2025-04-08 17:26:53.65",40911,0.02705574,0.06177902,-0.01280594,25.77091
"2025-04-08 17:26:53.7",40912,0.02659416,0.06087494,-0.01044083,25.78812
"2025-04-08 17:26:53.75",40913,0.02679634,0.05869675,-0.0137558,25.77499
"2025-04-08 17:26:53.8",40914,0.02298164,0.0603199,-0.01021004,25.79245
"2025-04-08 17:26:53.85",40915,0.02138138,0.06101418,-0.01015663,25.77351
"2025-04-08 17:26:53.9",40916,0.0197258,0.06062126,-0.01206017,25.78979
"2025-04-08 17:26:53.95",40917,0.02531624,0.06134224,-0.01004791,25.78785
"2025-04-08 17:26:54",40918,0.0206852,0.06047821,-0.009664536,25.77316
"2025-04-08 17:26:54.05",40919,0.02293587,0.06097221,-0.01005936,25.77126
"2025-04-08 17:26:54.1",40920,0.02020836,0.06062317,-0.009651184,25.72908
"2025-04-08 17:26:54.15",40921,0.01980209,0.0624218,-0.01009941,25.75524
"2025-04-08 17:26:54.2",40922,0.02029419,0.06517792,-0.0123539,25.77084
"2025-04-08 17:26:54.25",40923,0.01870346,0.06455231,-0.01255035,25.7688
"2025-04-08 17:26:54.3",40924,0.01794815,0.06344795,-0.01250648,25.78545
"2025-04-08 17:26:54.35",40925,0.01884651,0.0648098,-0.01267815,25.73357
"2025-04-08 17:26:54.4",40926,0.01839066,0.06387711,-0.01121521,25.73558
"2025-04-08 17:26:54.45",40927,0.02215767,0.0649128,-0.01171684,25.73334
"2025-04-08 17:26:54.5",40928,0.0163784,0.06321716,-0.01055145,25.70551
"2025-04-08 17:26:54.55",40929,0.02093124,0.06425095,-0.01132584,25.70302
"2025-04-08 17:26:54.6",40930,0.02110291,0.06299591,-0.01114273,25.68298
"2025-04-08 17:26:54.65",40931,0.02080154,0.06678772,-0.01192474,25.72607
"2025-04-08 17:26:54.7",40932,0.01940536,0.06250381,-0.01152992,25.68343
"2025-04-08 17:26:54.75",40933,0.01865578,0.06388283,-0.01289558,25.70412
"2025-04-08 17:26:54.8",40934,0.0184021,0.0631237,-0.01232338,25.73756
"2025-04-08 17:26:54.85",40935,0.0216732,0.06479454,-0.01274681,25.72616
"2025-04-08 17:26:54.9",40936,0.01880264,0.06341362,-0.01275826,25.70627
"2025-04-08 17:26:54.95",40937,0.01973152,0.06403351,-0.01298523,25.72644
"2025-04-08 17:26:55",40938,0.01707077,0.06310081,-0.01205826,25.72702
"2025-04-08 17:26:55.05",40939,0.01795959,0.06505013,-0.01321983,25.70516
"2025-04-08 17:26:55.1",40940,0.01911926,0.06440926,-0.01237679,25.70551
"2025-04-08 17:26:55.15",40941,0.01918221,0.06579399,-0.01288605,25.68232
"2025-04-08 17:26:55.2",40942,0.02012062,0.06781006,-0.01241112,25.73466
"2025-04-08 17:26:55.25",40943,0.02148819,0.06559181,-0.0135498,25.68266
"2025-04-08 17:26:55.3",40944,0.02028847,0.06249237,-0.01252365,25.67226
"2025-04-08 17:26:55.35",40945,0.01748466,0.06498337,-0.01335335,25.70443
"2025-04-08 17:26:55.4",40946,0.01995468,0.06136894,-0.01222229,25.72691
"2025-04-08 17:26:55.45",40947,0.02365112,0.06116486,-0.01256752,25.66679
"2025-04-08 17:26:55.5",40948,0.01943398,0.06005287,-0.01245689,25.6814
"2025-04-08 17:26:55.55",40949,0.02117538,0.06049919,-0.01312637,25.66791
"2025-04-08 17:26:55.6",40950,0.01875877,0.06317329,-0.01247978,25.70515
"2025-04-08 17:26:55.65",40951,0.01878738,0.06276703,-0.01345062,25.70502
"2025-04-08 17:26:55.7",40952,0.02193069,0.06353569,-0.01266098,25.72648
"2025-04-08 17:26:55.75",40953,0.02220345,0.06018639,-0.01347351,25.70567
"2025-04-08 17:26:55.8",40954,0.02013779,0.0609684,-0.01263046,25.70434
"2025-04-08 17:26:55.85",40955,0.02074051,0.06015778,-0.01332283,25.72845
"2025-04-08 17:26:55.9",40956,0.02018356,0.06103897,-0.01275635,25.73766
"2025-04-08 17:26:55.95",40957,0.0229702,0.0605278,-0.01293182,25.70889
"2025-04-08 17:26:56",40958,0.02145576,0.06085205,-0.01292038,25.73073
"2025-04-08 17:26:56.05",40959,0.01926804,0.06056213,-0.01338959,25.73148
"2025-04-08 17:26:56.1",40960,0.02017212,0.06054497,-0.01232719,25.6855
"2025-04-08 17:26:56.15",40961,0.01721191,0.06297874,-0.0128231,25.68648
"2025-04-08 17:26:56.2",40962,0.02096558,0.06127357,-0.0123291,25.6843
"2025-04-08 17:26:56.25",40963,0.02227592,0.06060982,-0.01311302,25.70467
"2025-04-08 17:26:56.3",40964,0.0165863,0.0610466,-0.01310349,25.70377
"2025-04-08 17:26:56.35",40965,0.02079201,0.0604496,-0.01301575,25.7027
"2025-04-08 17:26:56.4",40966,0.01622391,0.06083488,-0.0120945,25.72447
"2025-04-08 17:26:56.45",40967,0.02053452,0.06041145,-0.01305771,25.7045
"2025-04-08 17:26:56.5",40968,0.01819801,0.06100273,-0.01227188,25.68213
"2025-04-08 17:26:56.55",40969,0.02035141,0.06002998,-0.01183128,25.68194
"2025-04-08 17:26:56.6",40970,0.01882362,0.06097412,-0.0114727,25.66669
"2025-04-08 17:26:56.65",40971,0.02097702,0.05742645,-0.01071358,25.68311
"2025-04-08 17:26:56.7",40972,0.01947975,0.06104088,-0.01064491,25.70469
"2025-04-08 17:26:56.75",40973,0.0196228,0.0599308,-0.01163483,25.70373
"2025-04-08 17:26:56.8",40974,0.01848412,0.05757713,-0.01170349,25.70289
"2025-04-08 17:26:56.85",40975,0.0214653,0.05830383,-0.01206017,25.68312
"2025-04-08 17:26:56.9",40976,0.01684189,0.05584717,-0.01156807,25.68221
"2025-04-08 17:26:56.95",40977,0.02290726,0.05502701,-0.01329803,25.72572
"2025-04-08 17:26:57",40978,0.02080345,0.05565071,-0.01234818,25.70498
"2025-04-08 17:26:57.05",40979,0.02178574,0.05517769,-0.01337814,25.68164
"2025-04-08 17:26:57.1",40980,0.01853943,0.055233,-0.01289558,25.70303
"2025-04-08 17:26:57.15",40981,0.02182388,0.0551281,-0.01357269,25.70403
"2025-04-08 17:26:57.2",40982,0.02148247,0.05857086,-0.01290703,25.70388
"2025-04-08 17:26:57.25",40983,0.0215683,0.05573654,-0.01346588,25.70321
"2025-04-08 17:26:57.3",40984,0.02099037,0.05692482,-0.01304245,25.68321
"2025-04-08 17:26:57.35",40985,0.0193882,0.05790329,-0.01326942,25.705
"2025-04-08 17:26:57.4",40986,0.01759529,0.05766869,-0.01241684,25.66793
"2025-04-08 17:26:57.45",40987,0.0184803,0.05655479,-0.01338959,25.70439
"2025-04-08 17:26:57.5",40988,0.01785851,0.05628777,-0.01290703,25.66894
"2025-04-08 17:26:57.55",40989,0.01911545,0.05656052,-0.01311493,25.68242
"2025-04-08 17:26:57.6",40990,0.01776314,0.0554409,-0.01185417,25.72606
"2025-04-08 17:26:57.65",40991,0.02217674,0.05545616,-0.01357841,25.68201
"2025-04-08 17:26:57.7",40992,0.02043915,0.05390358,-0.01311874,25.70423
"2025-04-08 17:26:57.75",40993,0.02183533,0.05503082,-0.01351738,25.70409
"2025-04-08 17:26:57.8",40994,0.01819801,0.05199814,-0.01270294,25.70415
"2025-04-08 17:26:57.85",40995,0.02129936,0.05191422,-0.01299667,25.70377
"2025-04-08 17:26:57.9",40996,0.01768112,0.05099487,-0.01285744,25.7048
"2025-04-08 17:26:57.95",40997,0.02261734,0.0547123,-0.01284027,25.73383
"2025-04-08 17:26:58",40998,0.02286339,0.05150795,-0.01267815,25.68328
"2025-04-08 17:26:58.05",40999,0.02398682,0.05470276,-0.01249313,25.68202
"2025-04-08 17:26:58.1",41000,0.02330399,0.0512619,-0.01290894,25.68694
"2025-04-08 17:26:58.15",41001,0.02374649,0.05575371,-0.01313591,25.68769
"2025-04-08 17:26:58.2",41002,0.02206802,0.0539093,-0.01292992,25.73993
"2025-04-08 17:26:58.25",41003,0.02313232,0.0554657,-0.01273346,25.70912
"2025-04-08 17:26:58.3",41004,0.02092934,0.05461884,-0.01213264,25.70882
"2025-04-08 17:26:58.35",41005,0.02181816,0.05583572,-0.01272392,25.70469
"2025-04-08 17:26:58.4",41006,0.02112579,0.05472374,-0.01305389,25.6841
"2025-04-08 17:26:58.45",41007,0.02058411,0.05446815,-0.0133934,25.66625
"2025-04-08 17:26:58.5",41008,0.02080345,0.05525017,-0.01313782,25.75649
"2025-04-08 17:26:58.55",41009,0.0213604,0.0525856,-0.01308823,25.66537
"2025-04-08 17:26:58.6",41010,0.02041626,0.05271912,-0.01255608,25.68105
"2025-04-08 17:26:58.65",41011,0.02108192,0.05529785,-0.01291847,25.66501
"2025-04-08 17:26:58.7",41012,0.0202198,0.05488586,-0.01246262,25.68085
"2025-04-08 17:26:58.75",41013,0.02165794,0.05285263,-0.01234245,25.70223
"2025-04-08 17:26:58.8",41014,0.0206852,0.05250549,-0.01132774,25.68035
"2025-04-08 17:26:58.85",41015,0.02133751,0.05174065,-0.01195335,25.68057
"2025-04-08 17:26:58.9",41016,0.02061653,0.05512238,-0.0108757,25.68082
"2025-04-08 17:26:58.95",41017,0.02165031,0.05500412,-0.01137924,25.67996
"2025-04-08 17:26:59",41018,0.02059364,0.05457497,-0.01004219,25.66564
"2025-04-08 17:26:59.05",41019,0.01909828,0.05179405,-0.01222801,25.67967
"2025-04-08 17:26:59.1",41020,0.02133751,0.05163574,-0.01136208,25.68128
"2025-04-08 17:26:59.15",41021,0.02155495,0.05192566,-0.01320457,25.70437
"2025-04-08 17:26:59.2",41022,0.02100945,0.05159569,-0.01190758,25.68171
"2025-04-08 17:26:59.25",41023,0.0220871,0.05209351,-0.01005363,25.68008
"2025-04-08 17:26:59.3",41024,0.02094078,0.05165291,-0.01080322,25.70461
"2025-04-08 17:26:59.35",41025,0.02145386,0.05202866,-0.01069069,25.68123
"2025-04-08 17:26:59.4",41026,0.02116966,0.05190849,-0.01072884,25.70582
"2025-04-08 17:26:59.45",41027,0.02142334,0.05319786,-0.01336098,25.70217
"2025-04-08 17:26:59.5",41028,0.02051544,0.05417061,-0.01032066,25.73553
"2025-04-08 17:26:59.55",41029,0.02206039,0.05446815,-0.01107788,25.68065
"2025-04-08 17:26:59.6",41030,0.02056122,0.05360031,-0.01027298,25.70477
"2025-04-08 17:26:59.65",41031,0.02124977,0.0540657,-0.01117516,25.68208
"2025-04-08 17:26:59.7",41032,0.02104759,0.0533905,-0.01051712,25.68237
"2025-04-08 17:26:59.75",41033,0.02121925,0.05381966,-0.01146317,25.70146
"2025-04-08 17:26:59.8",41034,0.02071762,0.05249596,-0.0103569,25.66743
"2025-04-08 17:26:59.85",41035,0.02120972,0.05239487,-0.01053047,25.67888
"2025-04-08 17:26:59.9",41036,0.02330971,0.05154228,-0.009847641,25.68218
"2025-04-08 17:26:59.95",41037,0.0212326,0.05475616,-0.01091003,25.67974
"2025-04-08 17:27:00",41038,0.02041054,0.05153084,-0.009641647,25.68202
"2025-04-08 17:27:00.05",41039,0.02105141,0.05463219,-0.01078224,25.68157
"2025-04-08 17:27:00.1",41040,0.02059174,0.05427933,-0.009651184,25.70403
"2025-04-08 17:27:00.15",41041,0.02174759,0.05422592,-0.01068687,25.68042
"2025-04-08 17:27:00.2",41042,0.02477646,0.05402946,-0.01022911,25.682
"2025-04-08 17:27:00.25",41043,0.0263958,0.05484962,-0.01067162,25.68211
"2025-04-08 17:27:00.3",41044,0.0228157,0.05405235,-0.0100975,25.68513
"2025-04-08 17:27:00.35",41045,0.02641869,0.05484009,-0.01045418,25.68386
"2025-04-08 17:27:00.4",41046,0.02195358,0.05376244,-0.009941101,25.68752
"2025-04-08 17:27:00.45",41047,0.02212715,0.05493736,-0.01060486,25.68732
"2025-04-08 17:27:00.5",41048,0.02408409,0.05400085,-0.01032448,25.68566
"2025-04-08 17:27:00.55",41049,0.02379799,0.05471611,-0.01008415,25.68225
"2025-04-08 17:27:00.6",41050,0.0237484,0.05404663,-0.01071167,25.66675
"2025-04-08 17:27:00.65",41051,0.02358627,0.05817795,-0.01027679,25.68123
"2025-04-08 17:27:00.7",41052,0.02054214,0.05710602,-0.01058197,25.68314
"2025-04-08 17:27:00.75",41053,0.02337837,0.05895996,-0.01038742,25.66519
"2025-04-08 17:27:00.8",41054,0.02245712,0.05719376,-0.009952545,25.68069
"2025-04-08 17:27:00.85",41055,0.0224514,0.06053925,-0.01050377,25.70251
"2025-04-08 17:27:00.9",41056,0.02272034,0.05968094,-0.01052475,25.68011
"2025-04-08 17:27:00.95",41057,0.02310181,0.06011772,-0.009790421,25.66516
"2025-04-08 17:27:01",41058,0.02351761,0.05992508,-0.009988785,25.66538
"2025-04-08 17:27:01.05",41059,0.02333641,0.06008339,-0.008655548,25.6644
"2025-04-08 17:27:01.1",41060,0.02619934,0.05950356,-0.008974075,25.66322
"2025-04-08 17:27:01.15",41061,0.02309418,0.05985832,-0.008394241,25.66564
"2025-04-08 17:27:01.2",41062,0.02659225,0.06040001,-0.01003456,25.679
"2025-04-08 17:27:01.25",41063,0.02305984,0.05995369,-0.008852005,25.66449
"2025-04-08 17:27:01.3",41064,0.02660561,0.06002235,-0.01038742,25.66698
"2025-04-08 17:27:01.35",41065,0.02581024,0.06219482,-0.01014137,25.68208
"2025-04-08 17:27:01.4",41066,0.02708054,0.06293488,-0.009868622,25.66314
"2025-04-08 17:27:01.45",41067,0.02604294,0.06184578,-0.01056099,25.66697
"2025-04-08 17:27:01.5",41068,0.02664757,0.06277466,-0.01032639,25.67915
"2025-04-08 17:27:01.55",41069,0.02800369,0.06188583,-0.01050949,25.68196
"2025-04-08 17:27:01.6",41070,0.02553558,0.06304169,-0.01062584,25.66473
"2025-04-08 17:27:01.65",41071,0.02572632,0.06323814,-0.01102257,25.70373
"2025-04-08 17:27:01.7",41072,0.02614212,0.06481171,-0.01075935,25.67978
"2025-04-08 17:27:01.75",41073,0.02960014,0.06422615,-0.01082802,25.6811
"2025-04-08 17:27:01.8",41074,0.02809906,0.06509399,-0.01035309,25.70341
"2025-04-08 17:27:01.85",41075,0.02904129,0.06392097,-0.01114082,25.68208
"2025-04-08 17:27:01.9",41076,0.02855682,0.0645237,-0.01085663,25.666
"2025-04-08 17:27:01.95",41077,0.02877808,0.06594658,-0.01107407,25.68045
"2025-04-08 17:27:02",41078,0.0287075,0.06351852,-0.008171082,25.68246
"2025-04-08 17:27:02.05",41079,0.02903557,0.06624794,-0.01070023,25.70282
"2025-04-08 17:27:02.1",41080,0.02836609,0.06476402,-0.00806427,25.70242
"2025-04-08 17:27:02.15",41081,0.02920914,0.06516075,-0.008449554,25.68062
"2025-04-08 17:27:02.2",41082,0.0283432,0.0646553,-0.007635117,25.66661
"2025-04-08 17:27:02.25",41083,0.02883148,0.06521034,-0.007648468,25.70102
"2025-04-08 17:27:02.3",41084,0.0314064,0.06454468,-0.00800705,25.68317
"2025-04-08 17:27:02.35",41085,0.03239822,0.06517029,-0.008377075,25.66699
"2025-04-08 17:27:02.4",41086,0.03308105,0.06395912,-0.007951736,25.66677
"2025-04-08 17:27:02.45",41087,0.03386307,0.06529808,-0.007001877,25.66825
"2025-04-08 17:27:02.5",41088,0.03376198,0.0649147,-0.004919052,25.66995
"2025-04-08 17:27:02.55",41089,0.03262329,0.06742859,-0.005104065,25.68889
"2025-04-08 17:27:02.6",41090,0.03320313,0.06768799,-0.005739212,25.66961
"2025-04-08 17:27:02.65",41091,0.03182983,0.06699562,-0.007335663,25.65392
"2025-04-08 17:27:02.7",41092,0.03255653,0.06760597,-0.004915237,25.65264
"2025-04-08 17:27:02.75",41093,0.03399086,0.0643959,-0.004936218,25.65575
"2025-04-08 17:27:02.8",41094,0.03149223,0.06834984,-0.005405426,25.66605
"2025-04-08 17:27:02.85",41095,0.03134918,0.06744194,-0.005550385,25.65399
"2025-04-08 17:27:02.9",41096,0.03068352,0.06827545,-0.005426407,25.65044
"2025-04-08 17:27:02.95",41097,0.03399658,0.06782341,-0.005645752,25.61701
"2025-04-08 17:27:03",41098,0.03338814,0.06817055,-0.005529404,25.65061
"2025-04-08 17:27:03.05",41099,0.03343582,0.07069778,-0.005456924,25.65169
"2025-04-08 17:27:03.1",41100,0.03074646,0.0676651,-0.004728317,25.64968
"2025-04-08 17:27:03.15",41101,0.03094673,0.07037735,-0.006088257,25.61549
"2025-04-08 17:27:03.2",41102,0.03029442,0.06765175,-0.004003525,25.61202
"2025-04-08 17:27:03.25",41103,0.03131485,0.07111359,-0.004276276,25.61158
"2025-04-08 17:27:03.3",41104,0.03061104,0.06835938,-0.003204346,25.66491
"2025-04-08 17:27:03.35",41105,0.03185081,0.06855392,-0.004337311,25.6285
"2025-04-08 17:27:03.4",41106,0.03149986,0.06977654,-0.004337311,25.61469
"2025-04-08 17:27:03.45",41107,0.03095818,0.06803703,-0.0038414,25.61259
"2025-04-08 17:27:03.5",41108,0.03072929,0.06721306,-0.0050354,25.59987
"2025-04-08 17:27:03.55",41109,0.031147,0.07156563,-0.007230759,25.5982
"2025-04-08 17:27:03.6",41110,0.03141975,0.07015228,-0.008586884,25.5852
"2025-04-08 17:27:03.65",41111,0.03099823,0.07059288,-0.007705688,25.58449
"2025-04-08 17:27:03.7",41112,0.03417969,0.07019234,-0.008405685,25.59846
"2025-04-08 17:27:03.75",41113,0.03136063,0.07003021,-0.007566452,25.58447
"2025-04-08 17:27:03.8",41114,0.03219604,0.07143211,-0.009218216,25.5979
"2025-04-08 17:27:03.85",41115,0.0307579,0.07083511,-0.008600235,25.58401
"2025-04-08 17:27:03.9",41116,0.03124428,0.07277107,-0.008264542,25.62886
"2025-04-08 17:27:03.95",41117,0.03126907,0.07229805,-0.009012222,25.59963
"2025-04-08 17:27:04",41118,0.03084183,0.07216454,-0.008588791,25.59798
"2025-04-08 17:27:04.05",41119,0.0309124,0.07491684,-0.008556366,25.61613
"2025-04-08 17:27:04.1",41120,0.03028679,0.07267761,-0.008644104,25.58437
"2025-04-08 17:27:04.15",41121,0.03167915,0.07128525,-0.008342743,25.6139
"2025-04-08 17:27:04.2",41122,0.03097916,0.07060623,-0.005214691,25.61623
"2025-04-08 17:27:04.25",41123,0.03175545,0.07354736,-0.00643158,25.59966
"2025-04-08 17:27:04.3",41124,0.03126335,0.0729599,-0.005588531,25.60051
"2025-04-08 17:27:04.35",41125,0.03125763,0.0724411,-0.006355286,25.62865
"2025-04-08 17:27:04.4",41126,0.02860641,0.07233047,-0.006383896,25.60062
"2025-04-08 17:27:04.45",41127,0.0310936,0.07554626,-0.005271912,25.62881
"2025-04-08 17:27:04.5",41128,0.031744,0.07476997,-0.003534317,25.6293
"2025-04-08 17:27:04.55",41129,0.03271294,0.07868958,-0.005149841,25.6152
"2025-04-08 17:27:04.6",41130,0.03521919,0.07775688,-0.003479004,25.59946
"2025-04-08 17:27:04.65",41131,0.03330231,0.07562637,-0.005325317,25.61713
"2025-04-08 17:27:04.7",41132,0.03341103,0.07518387,-0.005729675,25.6305
"2025-04-08 17:27:04.75",41133,0.0320797,0.07505417,-0.00500679,25.63304
"2025-04-08 17:27:04.8",41134,0.03289604,0.07528496,-0.00544548,25.61743
"2025-04-08 17:27:04.85",41135,0.03180504,0.07488251,-0.00504303,25.61877
"2025-04-08 17:27:04.9",41136,0.03179741,0.07567024,-0.005365372,25.61861
"2025-04-08 17:27:04.95",41137,0.03422928,0.07788086,-0.002780914,25.66173
"2025-04-08 17:27:05",41138,0.03376198,0.08084869,-0.003482819,25.61607
"2025-04-08 17:27:05.05",41139,0.03129768,0.07760239,-0.005601883,25.60012
"2025-04-08 17:27:05.1",41140,0.03043747,0.07554245,-0.005168915,25.66702
"2025-04-08 17:27:05.15",41141,0.03071785,0.0785408,-0.005191803,25.61336
"2025-04-08 17:27:05.2",41142,0.02994728,0.07812309,-0.005872726,25.61465
"2025-04-08 17:27:05.25",41143,0.03093147,0.07655334,-0.005857468,25.65012
"2025-04-08 17:27:05.3",41144,0.02740097,0.07583046,-0.005632401,25.62871
"2025-04-08 17:27:05.35",41145,0.03091431,0.07577515,-0.004796982,25.62913
"2025-04-08 17:27:05.4",41146,0.03173447,0.07550621,-0.004180908,25.62823
"2025-04-08 17:27:05.45",41147,0.0281868,0.07579803,-0.004426956,25.67928
"2025-04-08 17:27:05.5",41148,0.02808571,0.07600403,-0.00393486,25.64948
"2025-04-08 17:27:05.55",41149,0.03116989,0.07630539,-0.004171371,25.62897
"2025-04-08 17:27:05.6",41150,0.02854538,0.07533073,-0.004814148,25.62855
"2025-04-08 17:27:05.65",41151,0.02826691,0.07620049,-0.004398346,25.67937
"2025-04-08 17:27:05.7",41152,0.02784538,0.0735817,-0.004880905,25.67876
"2025-04-08 17:27:05.75",41153,0.02805901,0.07559204,-0.004924774,25.67932
"2025-04-08 17:27:05.8",41154,0.02873421,0.07361603,-0.005405426,25.67947
"2025-04-08 17:27:05.85",41155,0.03064919,0.07613754,-0.007827759,25.65163
"2025-04-08 17:27:05.9",41156,0.03160095,0.07633018,-0.005874634,25.66608
"2025-04-08 17:27:05.95",41157,0.03092003,0.07823944,-0.008737564,25.63052
"2025-04-08 17:27:06",41158,0.03054047,0.07635117,-0.008235931,25.67947
"2025-04-08 17:27:06.05",41159,0.03180695,0.07997704,-0.008609772,25.66734
"2025-04-08 17:27:06.1",41160,0.0331707,0.08015442,-0.008527756,25.65125
"2025-04-08 17:27:06.15",41161,0.03177834,0.0796299,-0.008777618,25.66625
"2025-04-08 17:27:06.2",41162,0.03351974,0.07964516,-0.01089668,25.66546
"2025-04-08 17:27:06.25",41163,0.03406143,0.08265495,-0.01132965,25.63055
"2025-04-08 17:27:06.3",41164,0.03338242,0.08235931,-0.01073265,25.65047
"2025-04-08 17:27:06.35",41165,0.03677559,0.08260155,-0.0116787,25.6139
"2025-04-08 17:27:06.4",41166,0.03624153,0.08407593,-0.01118469,25.65267
"2025-04-08 17:27:06.45",41167,0.03640175,0.08179665,-0.01385117,25.66514
"2025-04-08 17:27:06.5",41168,0.03657722,0.08350372,-0.01341438,25.62873
"2025-04-08 17:27:06.55",41169,0.03645325,0.08408546,-0.01398849,25.62952
"2025-04-08 17:27:06.6",41170,0.03697205,0.08409691,-0.01419449,25.66766
"2025-04-08 17:27:06.65",41171,0.03632355,0.08593941,-0.01410675,25.62917
"2025-04-08 17:27:06.7",41172,0.03733444,0.08637428,-0.01643562,25.64951
"2025-04-08 17:27:06.75",41173,0.04266357,0.08909988,-0.01632881,25.61475
"2025-04-08 17:27:06.8",41174,0.04467392,0.09308815,-0.01430702,25.66067
"2025-04-08 17:27:06.85",41175,0.04060745,0.08849907,-0.01597786,25.61751
"2025-04-08 17:27:06.9",41176,0.0436573,0.09161568,-0.01929283,25.60045
"2025-04-08 17:27:06.95",41177,0.0445137,0.09074211,-0.01928329,25.61868
"2025-04-08 17:27:07",41178,0.04326057,0.09100151,-0.01895523,25.61671
"2025-04-08 17:27:07.05",41179,0.04311752,0.09376907,-0.01932716,25.60417
"2025-04-08 17:27:07.1",41180,0.04220581,0.09355164,-0.01889992,25.6192
"2025-04-08 17:27:07.15",41181,0.04297638,0.09149361,-0.01881027,25.62995
"2025-04-08 17:27:07.2",41182,0.04092216,0.09431648,-0.01871872,25.62953
"2025-04-08 17:27:07.25",41183,0.04219437,0.09472084,-0.01924324,25.62902
"2025-04-08 17:27:07.3",41184,0.04138565,0.09396553,-0.01901436,25.63069
"2025-04-08 17:27:07.35",41185,0.04125786,0.09508324,-0.02145004,25.62922
"2025-04-08 17:27:07.4",41186,0.04169846,0.09199524,-0.02157974,25.61436
"2025-04-08 17:27:07.45",41187,0.0384922,0.09245682,-0.0214386,25.62899
"2025-04-08 17:27:07.5",41188,0.03802299,0.08915329,-0.02113724,25.59921
"2025-04-08 17:27:07.55",41189,0.03518677,0.08973885,-0.01817322,25.61374
"2025-04-08 17:27:07.6",41190,0.03632355,0.09215546,-0.02070808,25.62631
"2025-04-08 17:27:07.65",41191,0.0359745,0.08941269,-0.01985931,25.61366
"2025-04-08 17:27:07.7",41192,0.0326519,0.0896225,-0.02013969,25.61252
"2025-04-08 17:27:07.75",41193,0.03042603,0.08587456,-0.019804,25.65013
"2025-04-08 17:27:07.8",41194,0.02816963,0.08645821,-0.02345657,25.62657
"2025-04-08 17:27:07.85",41195,0.02453041,0.08643913,-0.02364349,25.62887
"2025-04-08 17:27:07.9",41196,0.02560234,0.08693504,-0.02303505,25.61259
"2025-04-08 17:27:07.95",41197,0.0230217,0.08358192,-0.02382851,25.64885
"2025-04-08 17:27:08",41198,0.0218029,0.08668709,-0.02397346,25.64841
"2025-04-08 17:27:08.05",41199,0.01991844,0.0836525,-0.02470207,25.64769
"2025-04-08 17:27:08.1",41200,0.01777077,0.08338928,-0.02432251,25.66402
"2025-04-08 17:27:08.15",41201,0.01785469,0.08363914,-0.02518082,25.62714
"2025-04-08 17:27:08.2",41202,0.01462936,0.08407974,-0.02464867,25.65125
"2025-04-08 17:27:08.25",41203,0.01527405,0.08465195,-0.02460098,25.62728
"2025-04-08 17:27:08.3",41204,0.01430893,0.08155632,-0.0215435,25.65278
"2025-04-08 17:27:08.35",41205,0.01461792,0.08372307,-0.02455139,25.66496
"2025-04-08 17:27:08.4",41206,0.01449776,0.08486938,-0.022192,25.65064
"2025-04-08 17:27:08.45",41207,0.01403999,0.0864315,-0.02195168,25.64888
"2025-04-08 17:27:08.5",41208,0.01513481,0.08177948,-0.02222633,25.6514
"2025-04-08 17:27:08.55",41209,0.0145607,0.08249474,-0.02199936,25.66496
"2025-04-08 17:27:08.6",41210,0.01477432,0.07880211,-0.02261353,25.66459
"2025-04-08 17:27:08.65",41211,0.0145607,0.07899284,-0.02137947,25.66622
"2025-04-08 17:27:08.7",41212,0.01779556,0.07954979,-0.0187645,25.67014
"2025-04-08 17:27:08.75",41213,0.01478577,0.07587814,-0.01973724,25.66602
"2025-04-08 17:27:08.8",41214,0.01733208,0.07538986,-0.01888084,25.66507
"2025-04-08 17:27:08.85",41215,0.01703453,0.07493973,-0.0193882,25.66562
"2025-04-08 17:27:08.9",41216,0.01739883,0.07499886,-0.01864815,25.65026
"2025-04-08 17:27:08.95",41217,0.02092361,0.07523918,-0.01976967,25.66484
"2025-04-08 17:27:09",41218,0.02158737,0.07292747,-0.01885986,25.65217
"2025-04-08 17:27:09.05",41219,0.02379417,0.07271957,-0.01916504,25.65382
"2025-04-08 17:27:09.1",41220,0.02398872,0.07184601,-0.01953506,25.65437
"2025-04-08 17:27:09.15",41221,0.02758408,0.07324028,-0.01691628,25.61742
"2025-04-08 17:27:09.2",41222,0.02695465,0.07210159,-0.01620483,25.63348
"2025-04-08 17:27:09.25",41223,0.02926445,0.07324028,-0.01638603,25.65154
"2025-04-08 17:27:09.3",41224,0.03236389,0.07253075,-0.01668549,25.61816
"2025-04-08 17:27:09.35",41225,0.03389931,0.07263756,-0.01628494,25.61512
"2025-04-08 17:27:09.4",41226,0.03757095,0.07266617,-0.01687241,25.60038
"2025-04-08 17:27:09.45",41227,0.03637505,0.07514,-0.01333046,25.65302
"2025-04-08 17:27:09.5",41228,0.03872108,0.07554626,-0.01390648,25.58392
"2025-04-08 17:27:09.55",41229,0.04161453,0.07479286,-0.01328468,25.58707
"2025-04-08 17:27:09.6",41230,0.04188156,0.07257462,-0.01381111,25.58294
"2025-04-08 17:27:09.65",41231,0.04337692,0.07512283,-0.0117836,25.59969
"2025-04-08 17:27:09.7",41232,0.0460701,0.07277679,-0.01061058,25.58174
"2025-04-08 17:27:09.75",41233,0.04686928,0.07282829,-0.01063728,25.5978
"2025-04-08 17:27:09.8",41234,0.04824257,0.0726757,-0.00699234,25.56083
"2025-04-08 17:27:09.85",41235,0.04896164,0.07279778,-0.007581711,25.58244
"2025-04-08 17:27:09.9",41236,0.04896164,0.07248688,-0.007404327,25.58376
"2025-04-08 17:27:09.95",41237,0.04946518,0.07026482,-0.007659912,25.58262
"2025-04-08 17:27:10",41238,0.04857826,0.06986237,-0.006738663,25.59844
"2025-04-08 17:27:10.05",41239,0.04910278,0.07057571,-0.00733757,25.59592
"2025-04-08 17:27:10.1",41240,0.04871941,0.06718636,-0.008207321,25.5836
"2025-04-08 17:27:10.15",41241,0.04661751,0.06747246,-0.006952286,25.58117
"2025-04-08 17:27:10.2",41242,0.04939461,0.06771851,-0.008117676,25.59802
"2025-04-08 17:27:10.25",41243,0.04652214,0.06795692,-0.01073456,25.58218
"2025-04-08 17:27:10.3",41244,0.04368591,0.06753922,-0.01162529,25.59734
"2025-04-08 17:27:10.35",41245,0.0433712,0.06729698,-0.01115227,25.58367
"2025-04-08 17:27:10.4",41246,0.04401588,0.06791687,-0.01068306,25.5967
"2025-04-08 17:27:10.45",41247,0.04169655,0.06790161,-0.01066589,25.58352
"2025-04-08 17:27:10.5",41248,0.04131699,0.07019234,-0.008916855,25.59685
"2025-04-08 17:27:10.55",41249,0.03883934,0.06875038,-0.008436203,25.6115
"2025-04-08 17:27:10.6",41250,0.03852081,0.07040215,-0.008718491,25.59892
"2025-04-08 17:27:10.65",41251,0.039217,0.06905365,-0.008707047,25.61338
"2025-04-08 17:27:10.7",41252,0.03899956,0.07164955,-0.008337021,25.5986
"2025-04-08 17:27:10.75",41253,0.03642654,0.07206345,-0.009052277,25.61266
"2025-04-08 17:27:10.8",41254,0.03631401,0.06776047,-0.009025574,25.61263
"2025-04-08 17:27:10.85",41255,0.03626251,0.07071495,-0.008996964,25.6125
"2025-04-08 17:27:10.9",41256,0.0360527,0.06784058,-0.008527756,25.61356
"2025-04-08 17:27:10.95",41257,0.03267288,0.0704937,-0.008224487,25.59788
"2025-04-08 17:27:11",41258,0.03414536,0.0704689,-0.006113052,25.61407
"2025-04-08 17:27:11.05",41259,0.03274536,0.06990814,-0.005880356,25.65096
"2025-04-08 17:27:11.1",41260,0.0363369,0.07009125,-0.006471634,25.6277
"2025-04-08 17:27:11.15",41261,0.03390503,0.06925201,-0.006280899,25.62791
"2025-04-08 17:27:11.2",41262,0.03483772,0.06753731,-0.005311966,25.64899
"2025-04-08 17:27:11.25",41263,0.03510094,0.06900597,-0.005973816,25.65107
"2025-04-08 17:27:11.3",41264,0.0353756,0.07025719,-0.005376816,25.62862
"2025-04-08 17:27:11.35",41265,0.03508568,0.06923103,-0.003389359,25.65382
"2025-04-08 17:27:11.4",41266,0.03927422,0.06966019,-0.002948761,25.65154
"2025-04-08 17:27:11.45",41267,0.03502274,0.06698418,-0.005619049,25.66899
"2025-04-08 17:27:11.5",41268,0.03158379,0.07009125,-0.005498886,25.68346
"2025-04-08 17:27:11.55",41269,0.03481293,0.06713486,-0.003013611,25.68243
"2025-04-08 17:27:11.6",41270,0.03638458,0.06646156,-0.003400803,25.70553
"2025-04-08 17:27:11.65",41271,0.03321457,0.06737709,-0.00261116,25.72567
"2025-04-08 17:27:11.7",41272,0.03355598,0.06437111,-0.003025055,25.70362
"2025-04-08 17:27:11.75",41273,0.0328331,0.06448174,-0.002691269,25.72471
"2025-04-08 17:27:11.8",41274,0.03375435,0.06477928,-0.00358963,25.731
"2025-04-08 17:27:11.85",41275,0.03002548,0.06677818,-0.0001773834,25.72428
"2025-04-08 17:27:11.9",41276,0.03393364,0.0675869,-0.002622604,25.73154
"2025-04-08 17:27:11.95",41277,0.03234291,0.06475258,-0.002456665,25.73124
"2025-04-08 17:27:12",41278,0.03007698,0.06466103,-0.002254486,25.7532
"2025-04-08 17:27:12.05",41279,0.02761841,0.06526947,-0.002389908,25.76837
"2025-04-08 17:27:12.1",41280,0.02671242,0.06238747,-0.001211166,25.73115
"2025-04-08 17:27:12.15",41281,0.02786255,0.06479073,-0.002239227,25.72855
"2025-04-08 17:27:12.2",41282,0.02665901,0.06177902,-0.002019882,25.76681
"2025-04-08 17:27:12.25",41283,0.02489662,0.06545448,-0.002088547,25.75166
"2025-04-08 17:27:12.3",41284,0.02733421,0.06186867,-0.002786636,25.75183
"2025-04-08 17:27:12.35",41285,0.0246315,0.06460571,-0.001443863,25.75214
"2025-04-08 17:27:12.4",41286,0.02485847,0.0647068,-0.003099442,25.75201
"2025-04-08 17:27:12.45",41287,0.0246582,0.06447411,-0.002435684,25.75297
"2025-04-08 17:27:12.5",41288,0.02279854,0.06446266,-0.002668381,25.7307
"2025-04-08 17:27:12.55",41289,0.02200508,0.06507683,-0.003025055,25.73256
"2025-04-08 17:27:12.6",41290,0.02140045,0.06526947,-0.005599976,25.73195
"2025-04-08 17:27:12.65",41291,0.02544022,0.06889534,-0.003295898,25.75378
"2025-04-08 17:27:12.7",41292,0.02448654,0.06594658,-0.003320694,25.72353
"2025-04-08 17:27:12.75",41293,0.02288246,0.06833267,-0.00636673,25.72234
"2025-04-08 17:27:12.8",41294,0.02142525,0.06598663,-0.006528854,25.69999
"2025-04-08 17:27:12.85",41295,0.02290344,0.06620789,-0.006389618,25.72208
"2025-04-08 17:27:12.9",41296,0.02262688,0.06614304,-0.004119873,25.72507
"2025-04-08 17:27:12.95",41297,0.02202034,0.06363487,-0.003284454,25.7319
"2025-04-08 17:27:13",41298,0.022995,0.06307602,-0.004199982,25.72321
"2025-04-08 17:27:13.05",41299,0.02261925,0.06287575,-0.00361824,25.73247
"2025-04-08 17:27:13.1",41300,0.02020645,0.06261444,-0.003988266,25.72218
"2025-04-08 17:27:13.15",41301,0.02005768,0.0593071,-0.003818512,25.72366
"2025-04-08 17:27:13.2",41302,0.02237511,0.06233406,-0.003501892,25.73167
"2025-04-08 17:27:13.25",41303,0.02282143,0.05830574,-0.003700256,25.73122
"2025-04-08 17:27:13.3",41304,0.02158737,0.06159592,-0.00327301,25.72392
"2025-04-08 17:27:13.35",41305,0.02367973,0.0591507,-0.003707886,25.73061
"2025-04-08 17:27:13.4",41306,0.02269363,0.05782509,-0.003482819,25.75307
"2025-04-08 17:27:13.45",41307,0.02444458,0.06163979,-0.003087997,25.73115
"2025-04-08 17:27:13.5",41308,0.02616119,0.060606,-0.003852844,25.72442
"2025-04-08 17:27:13.55",41309,0.02127838,0.06139946,-0.003377914,25.73417
"2025-04-08 17:27:13.6",41310,0.02487564,0.06088257,-0.003913879,25.73443
"2025-04-08 17:27:13.65",41311,0.02391624,0.06079102,-0.002960205,25.77203
"2025-04-08 17:27:13.7",41312,0.02189827,0.06417465,-0.005842209,25.72736
"2025-04-08 17:27:13.75",41313,0.02116203,0.06337357,-0.003629684,25.75743
"2025-04-08 17:27:13.8",41314,0.02042389,0.064188,-0.005939484,25.77151
"2025-04-08 17:27:13.85",41315,0.02056503,0.06398201,-0.006275177,25.73415
"2025-04-08 17:27:13.9",41316,0.01963043,0.06709671,-0.003482819,25.75484
"2025-04-08 17:27:13.95",41317,0.02019501,0.06690216,-0.005729675,25.78392
"2025-04-08 17:27:14",41318,0.01900673,0.06639862,-0.005851746,25.73384
"2025-04-08 17:27:14.05",41319,0.01734161,0.06682777,-0.005880356,25.75324
"2025-04-08 17:27:14.1",41320,0.01744843,0.06944847,-0.006071091,25.73206
"2025-04-08 17:27:14.15",41321,0.01908875,0.07212448,-0.002958298,25.72488
"2025-04-08 17:27:14.2",41322,0.01716232,0.06994438,-0.005577087,25.72999
"2025-04-08 17:27:14.25",41323,0.01569939,0.06942749,-0.004890442,25.76667
"2025-04-08 17:27:14.3",41324,0.01630974,0.07303238,-0.004993439,25.75199
"2025-04-08 17:27:14.35",41325,0.01651955,0.0724411,-0.004560471,25.73131
"2025-04-08 17:27:14.4",41326,0.01570129,0.07581902,-0.004812241,25.72136
"2025-04-08 17:27:14.45",41327,0.0164814,0.07552338,-0.004707336,25.69968
"2025-04-08 17:27:14.5",41328,0.01644135,0.07820511,-0.003627777,25.72308
"2025-04-08 17:27:14.55",41329,0.01496887,0.07842827,-0.00513649,25.72252
"2025-04-08 17:27:14.6",41330,0.01734734,0.0775795,-0.005382538,25.73135
"2025-04-08 17:27:14.65",41331,0.0177536,0.07866859,-0.005243301,25.72372
"2025-04-08 17:27:14.7",41332,0.01652145,0.07773209,-0.003198624,25.75276
"2025-04-08 17:27:14.75",41333,0.01724052,0.07816505,-0.002485275,25.72386
"2025-04-08 17:27:14.8",41334,0.01663399,0.07771873,-0.003517151,25.72218
"2025-04-08 17:27:14.85",41335,0.01704597,0.07809258,-0.002826691,25.73157
"2025-04-08 17:27:14.9",41336,0.01648331,0.07850075,-0.003639221,25.72198
"2025-04-08 17:27:14.95",41337,0.01668358,0.07548714,-0.001176834,25.72313
"2025-04-08 17:27:15",41338,0.01593971,0.07891655,-0.003583908,25.69968
"2025-04-08 17:27:15.05",41339,0.01692772,0.07991409,-0.00166893,25.723
"2025-04-08 17:27:15.1",41340,0.01647186,0.07745743,-0.0004386902,25.7321
"2025-04-08 17:27:15.15",41341,0.01716805,0.07632256,-0.001361847,25.69967
"2025-04-08 17:27:15.2",41342,0.01634789,0.07600975,-0.001569748,25.7234
"2025-04-08 17:27:15.25",41343,0.01669312,0.07702637,-0.001277924,25.72218
"2025-04-08 17:27:15.3",41344,0.01670647,0.07577133,-0.001586914,25.70149
"2025-04-08 17:27:15.35",41345,0.01603508,0.07589722,-0.0006790161,25.73196
"2025-04-08 17:27:15.4",41346,0.01721954,0.07542992,-0.001346588,25.70084
"2025-04-08 17:27:15.45",41347,0.01580048,0.07563019,-0.001148224,25.70103
"2025-04-08 17:27:15.5",41348,0.01698875,0.07580948,-0.001382828,25.70168
"2025-04-08 17:27:15.55",41349,0.01672363,0.07513809,-0.001188278,25.70301
"2025-04-08 17:27:15.6",41350,0.01814651,0.07627296,-0.0007705688,25.72414
"2025-04-08 17:27:15.65",41351,0.01854134,0.07148552,-0.0009326935,25.70377
"2025-04-08 17:27:15.7",41352,0.0180397,0.07447624,-5.722046E-06,25.73157
"2025-04-08 17:27:15.75",41353,0.01887131,0.07504272,-0.000787735,25.70203
"2025-04-08 17:27:15.8",41354,0.01894569,0.07118988,-0.0009384155,25.72623
"2025-04-08 17:27:15.85",41355,0.0166111,0.07283974,-0.000623703,25.73486
"2025-04-08 17:27:15.9",41356,0.01886177,0.07159996,-0.000541687,25.73315
"2025-04-08 17:27:15.95",41357,0.01519203,0.06976128,-0.001239777,25.73396
"2025-04-08 17:27:16",41358,0.01527596,0.06897354,-0.001462936,25.7271
"2025-04-08 17:27:16.05",41359,0.01471901,0.06884384,-0.0006809235,25.72726
"2025-04-08 17:27:16.1",41360,0.0153656,0.06950378,-0.0009384155,25.70248
"2025-04-08 17:27:16.15",41361,0.01420784,0.06929588,-0.001045227,25.70332
"2025-04-08 17:27:16.2",41362,0.01416588,0.06977654,-0.0009307861,25.73151
"2025-04-08 17:27:16.25",41363,0.01303673,0.06722641,-0.001184464,25.72615
"2025-04-08 17:27:16.3",41364,0.01387978,0.07021523,-0.0003051758,25.7021
"2025-04-08 17:27:16.35",41365,0.01410866,0.06933022,-0.0004673004,25.70196
"2025-04-08 17:27:16.4",41366,0.01295662,0.06948662,-0.003007889,25.7237
"2025-04-08 17:27:16.45",41367,0.01438332,0.06723785,-0.003404617,25.69958
"2025-04-08 17:27:16.5",41368,0.01332474,0.06687927,-0.002544403,25.72363
"2025-04-08 17:27:16.55",41369,0.01358414,0.06678581,-0.00268364,25.69997
"2025-04-08 17:27:16.6",41370,0.01068878,0.06661034,-0.001729965,25.72359
"2025-04-08 17:27:16.65",41371,0.01094246,0.06690216,0.0003681183,25.72162
"2025-04-08 17:27:16.7",41372,0.01136017,0.06762886,-0.002513885,25.69798
"2025-04-08 17:27:16.75",41373,0.01370621,0.06728745,-0.001449585,25.72257
"2025-04-08 17:27:16.8",41374,0.01103783,0.06703186,-0.00217247,25.67809
"2025-04-08 17:27:16.85",41375,0.0111084,0.06643677,-0.00283432,25.70342
"2025-04-08 17:27:16.9",41376,0.01102638,0.06748772,-0.002527237,25.67931
"2025-04-08 17:27:16.95",41377,0.01124382,0.06647301,-0.003248215,25.6999
"2025-04-08 17:27:17",41378,0.0103569,0.06664085,-0.002399445,25.67999
"2025-04-08 17:27:17.05",41379,0.01106071,0.06755638,-0.003953934,25.67795
"2025-04-08 17:27:17.1",41380,0.0115242,0.06710815,-0.003875732,25.6791
"2025-04-08 17:27:17.15",41381,0.01133728,0.06819344,-0.003591537,25.64915
"2025-04-08 17:27:17.2",41382,0.0118618,0.06833839,-0.003858566,25.70193
"2025-04-08 17:27:17.25",41383,0.008712769,0.0687294,-0.004127502,25.66319
"2025-04-08 17:27:17.3",41384,0.009141922,0.06891251,-0.004314423,25.68011
"2025-04-08 17:27:17.35",41385,0.01097107,0.07087708,-0.004138947,25.6794
"2025-04-08 17:27:17.4",41386,0.008623123,0.07175636,-0.006204605,25.6491
"2025-04-08 17:27:17.45",41387,0.009641647,0.06885529,-0.007102966,25.70201
"2025-04-08 17:27:17.5",41388,0.007925034,0.06788635,-0.00569725,25.65134
"2025-04-08 17:27:17.55",41389,0.006162643,0.06783867,-0.00684166,25.66444
"2025-04-08 17:27:17.6",41390,0.008787155,0.0675869,-0.003477097,25.65117
"2025-04-08 17:27:17.65",41391,0.00872612,0.06776619,-0.00633049,25.62772
"2025-04-08 17:27:17.7",41392,0.009187698,0.06682968,-0.00705719,25.61475
"2025-04-08 17:27:17.75",41393,0.008188248,0.06679153,-0.005475998,25.67921
"2025-04-08 17:27:17.8",41394,0.009260178,0.06716347,-0.003082275,25.62815
"2025-04-08 17:27:17.85",41395,0.009450912,0.06577301,-0.002803802,25.65025
"2025-04-08 17:27:17.9",41396,0.009532928,0.0673542,-0.0032444,25.64925
"2025-04-08 17:27:17.95",41397,0.01020432,0.06523705,-0.006214142,25.65065
"2025-04-08 17:27:18",41398,0.01058006,0.06704521,-0.006166458,25.65149
"2025-04-08 17:27:18.05",41399,0.01075363,0.06635475,-0.006252289,25.65223
"2025-04-08 17:27:18.1",41400,0.01076317,0.06545448,-0.006444931,25.65375
"2025-04-08 17:27:18.15",41401,0.009824753,0.06638145,-0.006082535,25.66678
"2025-04-08 17:27:18.2",41402,0.009780884,0.06552315,-0.005939484,25.63294
"2025-04-08 17:27:18.25",41403,0.009248734,0.06626129,-0.006561279,25.65211
"2025-04-08 17:27:18.3",41404,0.009561539,0.06600761,-0.006534576,25.63132
"2025-04-08 17:27:18.35",41405,0.009050369,0.06700325,-0.008537292,25.62968
"2025-04-08 17:27:18.4",41406,0.006513596,0.06713486,-0.006746292,25.62748
"2025-04-08 17:27:18.45",41407,0.008781433,0.06649017,-0.008522034,25.65118
"2025-04-08 17:27:18.5",41408,0.007696152,0.06739426,-0.008243561,25.62827
"2025-04-08 17:27:18.55",41409,0.007835388,0.06701279,-0.009090424,25.62827
"2025-04-08 17:27:18.6",41410,0.005256653,0.06712341,-0.008008957,25.62753
"2025-04-08 17:27:18.65",41411,0.008371353,0.06481171,-0.00758934,25.62691
"2025-04-08 17:27:18.7",41412,0.00841713,0.0630722,-0.008586884,25.66322
"2025-04-08 17:27:18.75",41413,0.004693985,0.06404877,-0.01000023,25.67741
"2025-04-08 17:27:18.8",41414,0.005361557,0.06447792,-0.009958267,25.66191
"2025-04-08 17:27:18.85",41415,0.004770279,0.06458282,-0.009788513,25.62643
"2025-04-08 17:27:18.9",41416,0.005256653,0.06411934,-0.00938797,25.62623
"2025-04-08 17:27:18.95",41417,0.005210876,0.0669899,-0.009933472,25.62609
"2025-04-08 17:27:19",41418,0.009670258,0.06826973,-0.008958817,25.66399
"2025-04-08 17:27:19.05",41419,0.005411148,0.06458473,-0.01381111,25.62687
"2025-04-08 17:27:19.1",41420,0.004911423,0.06440544,-0.01304626,25.6273
"2025-04-08 17:27:19.15",41421,0.002954483,0.06429291,-0.01348114,25.62762
"2025-04-08 17:27:19.2",41422,0.003311157,0.06376266,-0.01356888,25.62812
"2025-04-08 17:27:19.25",41423,0.002660751,0.06476974,-0.01365471,25.6264
"2025-04-08 17:27:19.3",41424,0.002748489,0.06397057,-0.01476479,25.62724
"2025-04-08 17:27:19.35",41425,0.005905151,0.0647583,-0.01345825,25.62843
"2025-04-08 17:27:19.4",41426,0.003786087,0.0664444,-0.01456833,25.62604
"2025-04-08 17:27:19.45",41427,0.003417969,0.06606865,-0.0140152,25.66418
"2025-04-08 17:27:19.5",41428,0.003274918,0.06582451,-0.01378059,25.6253
"2025-04-08 17:27:19.55",41429,0.003541946,0.06910324,-0.01484871,25.62625
"2025-04-08 17:27:19.6",41430,0.002603531,0.06611443,-0.01449776,25.6643
"2025-04-08 17:27:19.65",41431,0.003715515,0.06887436,-0.01474953,25.66273
"2025-04-08 17:27:19.7",41432,0.002626419,0.06783485,-0.01159859,25.66425
"2025-04-08 17:27:19.75",41433,0.007204056,0.07117271,-0.008041382,25.61829
"2025-04-08 17:27:19.8",41434,0.002817154,0.06480217,-0.01241875,25.67975
"2025-04-08 17:27:19.85",41435,0.002849579,0.06713486,-0.01066589,25.61243
"2025-04-08 17:27:19.9",41436,0.003082275,0.06517601,-0.01162529,25.62733
"2025-04-08 17:27:19.95",41437,0.002748489,0.06748962,-0.01085663,25.62726
"2025-04-08 17:27:20",41438,0.003726959,0.06445122,-0.01070404,25.67876
"2025-04-08 17:27:20.05",41439,0.00399971,0.06443405,-0.01168823,25.65195
"2025-04-08 17:27:20.1",41440,0.003866196,0.06412697,-0.01029205,25.68087
"2025-04-08 17:27:20.15",41441,0.005317688,0.06361961,-0.01139069,25.62799
"2025-04-08 17:27:20.2",41442,0.004346848,0.06285858,-0.008285522,25.6519
"2025-04-08 17:27:20.25",41443,0.005430222,0.06363869,-0.008163452,25.64971
"2025-04-08 17:27:20.3",41444,0.00437355,0.06225014,-0.008890152,25.65384
"2025-04-08 17:27:20.35",41445,0.004642487,0.0633049,-0.009025574,25.68227
"2025-04-08 17:27:20.4",41446,0.007863998,0.06285858,-0.008935928,25.66707
"2025-04-08 17:27:20.45",41447,0.006361008,0.06319237,-0.008436203,25.65254
"2025-04-08 17:27:20.5",41448,0.007204056,0.06599617,-0.009260178,25.65079
"2025-04-08 17:27:20.55",41449,0.005578995,0.06392097,-0.008705139,25.63082
"2025-04-08 17:27:20.6",41450,0.005933762,0.06391907,-0.008739471,25.61351
"2025-04-08 17:27:20.65",41451,0.005998611,0.06379509,-0.009380341,25.62926
"2025-04-08 17:27:20.7",41452,0.003162384,0.06723213,-0.009098053,25.64943
"2025-04-08 17:27:20.75",41453,0.00605011,0.06609726,-0.006378174,25.65003
"2025-04-08 17:27:20.8",41454,0.004838943,0.06381989,-0.008207321,25.65
"2025-04-08 17:27:20.85",41455,0.006345749,0.06436539,-0.005020142,25.62373
"2025-04-08 17:27:20.9",41456,0.005939484,0.06082535,-0.00551033,25.64799
"2025-04-08 17:27:20.95",41457,0.004766464,0.06468582,-0.004415512,25.64525
"2025-04-08 17:27:21",41458,0.004943848,0.06056404,-0.003549576,25.62551
"2025-04-08 17:27:21.05",41459,0.005279541,0.06116676,-0.004060745,25.62589
"2025-04-08 17:27:21.1",41460,0.005748749,0.06146812,-0.005174637,25.62543
"2025-04-08 17:27:21.15",41461,0.005224228,0.06104279,-0.002529144,25.66263
"2025-04-08 17:27:21.2",41462,0.005411148,0.06119919,-0.001888275,25.62407
"2025-04-08 17:27:21.25",41463,0.005447388,0.06123734,-0.003320694,25.66361
"2025-04-08 17:27:21.3",41464,0.005260468,0.0616951,-0.002008438,25.62737
"2025-04-08 17:27:21.35",41465,0.005897522,0.06119537,-0.003004074,25.66382
"2025-04-08 17:27:21.4",41466,0.005350113,0.05875778,-0.002519608,25.65054
"2025-04-08 17:27:21.45",41467,0.006109238,0.06140709,-0.003887177,25.64919
"2025-04-08 17:27:21.5",41468,0.006134033,0.06157875,-0.004314423,25.62793
"2025-04-08 17:27:21.55",41469,0.005708694,0.06010437,-0.003236771,25.64874
"2025-04-08 17:27:21.6",41470,0.006349564,0.05932426,-0.004735947,25.62811
"2025-04-08 17:27:21.65",41471,0.005268097,0.06050301,-0.004047394,25.64923
"2025-04-08 17:27:21.7",41472,0.00633812,0.05752945,-0.00204277,25.66277
"2025-04-08 17:27:21.75",41473,0.00567627,0.06025696,-0.00153923,25.62862
"2025-04-08 17:27:21.8",41474,0.005506516,0.06079674,-0.001440048,25.61228
"2025-04-08 17:27:21.85",41475,0.008594513,0.06025696,-0.002075195,25.6651
"2025-04-08 17:27:21.9",41476,0.005262375,0.05803871,-0.001049042,25.6277
"2025-04-08 17:27:21.95",41477,0.006456375,0.05726242,-0.001613617,25.6248
"2025-04-08 17:27:22",41478,0.00843811,0.05672455,-0.0008487701,25.62735
"2025-04-08 17:27:22.05",41479,0.008245468,0.0569706,-0.0007324219,25.61072
"2025-04-08 17:27:22.1",41480,0.008523941,0.05612183,-0.002059937,25.64887
"2025-04-08 17:27:22.15",41481,0.008865356,0.05662537,-0.000623703,25.64726
"2025-04-08 17:27:22.2",41482,0.006988525,0.05537415,-0.0008468628,25.62574
"2025-04-08 17:27:22.25",41483,0.008804321,0.0533123,-0.0003490448,25.62681
"2025-04-08 17:27:22.3",41484,0.008859634,0.05529785,-0.001277924,25.62556
"2025-04-08 17:27:22.35",41485,0.009271622,0.0546608,-0.000623703,25.65118
"2025-04-08 17:27:22.4",41486,0.010149,0.05532265,-0.001138687,25.62976
"2025-04-08 17:27:22.45",41487,0.009523392,0.05170059,-0.0008811951,25.65652
"2025-04-08 17:27:22.5",41488,0.01233101,0.05272675,-0.0006866455,25.62897
"2025-04-08 17:27:22.55",41489,0.01021576,0.05303001,-0.001707077,25.6303
"2025-04-08 17:27:22.6",41490,0.01146698,0.05272675,-0.0003490448,25.65312
"2025-04-08 17:27:22.65",41491,0.009557724,0.05309677,-0.0006370544,25.65119
"2025-04-08 17:27:22.7",41492,0.01152992,0.0524044,-0.001529694,25.66739
"2025-04-08 17:27:22.75",41493,0.008384705,0.05296898,-0.001419067,25.61555
"2025-04-08 17:27:22.8",41494,0.009166718,0.04992485,-0.003662109,25.62805
"2025-04-08 17:27:22.85",41495,0.01074791,0.05351448,-0.0008869171,25.62846
"2025-04-08 17:27:22.9",41496,0.008581161,0.05351448,-0.003974915,25.62732
"2025-04-08 17:27:22.95",41497,0.01013374,0.05315781,-0.003723145,25.65031
"2025-04-08 17:27:23",41498,0.0106411,0.05371475,-0.003198624,25.62546
"2025-04-08 17:27:23.05",41499,0.01100349,0.05309105,-0.003412247,25.62574
"2025-04-08 17:27:23.1",41500,0.01015854,0.05260086,-0.001281738,25.64883
"2025-04-08 17:27:23.15",41501,0.01078415,0.05344391,-0.002122879,25.62502
"2025-04-08 17:27:23.2",41502,0.01012802,0.05027962,-0.002763748,25.64668
"2025-04-08 17:27:23.25",41503,0.01033974,0.05079079,-0.002584457,25.62406
"2025-04-08 17:27:23.3",41504,0.01106453,0.05294037,-0.002763748,25.66007
"2025-04-08 17:27:23.35",41505,0.01063919,0.0532589,-0.002193451,25.6271
"2025-04-08 17:27:23.4",41506,0.01350594,0.05020714,-0.00220108,25.66135
"2025-04-08 17:27:23.45",41507,0.0136795,0.04950905,-0.00274086,25.62678
"2025-04-08 17:27:23.5",41508,0.01083755,0.05067062,-0.002874374,25.70007
"2025-04-08 17:27:23.55",41509,0.01091003,0.05305672,-0.002925873,25.62635
"2025-04-08 17:27:23.6",41510,0.01085854,0.05077934,-0.003225327,25.64954
"2025-04-08 17:27:23.65",41511,0.01380539,0.0508461,-0.003528595,25.64841
"2025-04-08 17:27:23.7",41512,0.01198006,0.05390167,-0.003965378,25.6631
"2025-04-08 17:27:23.75",41513,0.0104599,0.05365372,-0.003753662,25.6258
"2025-04-08 17:27:23.8",41514,0.01424789,0.05558777,-0.003835678,25.65442
"2025-04-08 17:27:23.85",41515,0.01089096,0.05457115,-0.006900787,25.65001
"2025-04-08 17:27:23.9",41516,0.01074219,0.05539322,-0.006147385,25.62492
"2025-04-08 17:27:23.95",41517,0.013937,0.05498505,-0.007171631,25.66191
"2025-04-08 17:27:24",41518,0.01671028,0.05755234,-0.004768372,25.66304
"2025-04-08 17:27:24.05",41519,0.01346207,0.05508423,-0.006732941,25.62534
"2025-04-08 17:27:24.1",41520,0.01479149,0.05428505,-0.006271362,25.64811
"2025-04-08 17:27:24.15",41521,0.01371574,0.05375671,-0.005979538,25.64771
"2025-04-08 17:27:24.2",41522,0.01398659,0.05359268,-0.006258011,25.64741
"2025-04-08 17:27:24.25",41523,0.01094627,0.05350494,-0.006456375,25.62743
"2025-04-08 17:27:24.3",41524,0.01304054,0.05385399,-0.006166458,25.64637
"2025-04-08 17:27:24.35",41525,0.01420784,0.05568695,-0.006216049,25.6247
"2025-04-08 17:27:24.4",41526,0.01414299,0.05341911,-0.0057621,25.62725
"2025-04-08 17:27:24.45",41527,0.01458931,0.05563545,-0.006332397,25.66181
"2025-04-08 17:27:24.5",41528,0.01429367,0.05447578,-0.006471634,25.65104
"2025-04-08 17:27:24.55",41529,0.01501846,0.05247688,-0.006202698,25.65063
"2025-04-08 17:27:24.6",41530,0.01529312,0.05475426,-0.009237289,25.66393
"2025-04-08 17:27:24.65",41531,0.01533699,0.05429077,-0.008890152,25.65353
"2025-04-08 17:27:24.7",41532,0.01568985,0.05253601,-0.008556366,25.65043
"2025-04-08 17:27:24.75",41533,0.01759911,0.05481148,-0.009237289,25.6539
"2025-04-08 17:27:24.8",41534,0.01462936,0.05542946,-0.008180618,25.65319
"2025-04-08 17:27:24.85",41535,0.01548386,0.05608559,-0.008737564,25.62969
"2025-04-08 17:27:24.9",41536,0.01728058,0.05513573,-0.0119133,25.63094
"2025-04-08 17:27:24.95",41537,0.01441956,0.05563545,-0.01199341,25.62783
"2025-04-08 17:27:25",41538,0.01753807,0.05557632,-0.01150322,25.62814
"2025-04-08 17:27:25.05",41539,0.01661682,0.05491066,-0.01109505,25.59839
"2025-04-08 17:27:25.1",41540,0.01667595,0.05856895,-0.01162529,25.61318
"2025-04-08 17:27:25.15",41541,0.01563263,0.05583763,-0.01163292,25.62897
"2025-04-08 17:27:25.2",41542,0.01556587,0.05883789,-0.0109272,25.64671
"2025-04-08 17:27:25.25",41543,0.01638603,0.05888367,-0.01166153,25.5945
"2025-04-08 17:27:25.3",41544,0.0148735,0.05848694,-0.01307487,25.59602
"2025-04-08 17:27:25.35",41545,0.01556587,0.0587635,-0.01320839,25.59422
"2025-04-08 17:27:25.4",41546,0.0160675,0.05876923,-0.01310539,25.61118
"2025-04-08 17:27:25.45",41547,0.0154438,0.05866241,-0.0127697,25.61163
"2025-04-08 17:27:25.5",41548,0.01642227,0.05576706,-0.01236916,25.62508
"2025-04-08 17:27:25.55",41549,0.01618004,0.05843353,-0.01337624,25.59708
"2025-04-08 17:27:25.6",41550,0.013834,0.05822945,-0.01260948,25.58188
"2025-04-08 17:27:25.65",41551,0.01664925,0.05856895,-0.01402283,25.59618
"2025-04-08 17:27:25.7",41552,0.01569939,0.05813789,-0.01353836,25.59826
"2025-04-08 17:27:25.75",41553,0.01628113,0.05854225,-0.01330757,25.59883
"2025-04-08 17:27:25.8",41554,0.01692963,0.05787086,-0.01415825,25.58208
"2025-04-08 17:27:25.85",41555,0.01350021,0.05847359,-0.01340866,25.59792
"2025-04-08 17:27:25.9",41556,0.01712608,0.0617733,-0.01404953,25.58146
"2025-04-08 17:27:25.95",41557,0.01377296,0.06273651,-0.01194954,25.58412
"2025-04-08 17:27:26",41558,0.01410675,0.06633186,-0.0152607,25.58018
"2025-04-08 17:27:26.05",41559,0.01398468,0.06514931,-0.01234055,25.59807
"2025-04-08 17:27:26.1",41560,0.01374435,0.06626129,-0.0145359,25.58197
"2025-04-08 17:27:26.15",41561,0.01429367,0.06621933,-0.01490593,25.56026
"2025-04-08 17:27:26.2",41562,0.01336098,0.06730461,-0.01152992,25.59911
"2025-04-08 17:27:26.25",41563,0.01106644,0.06874466,-0.01159286,25.59723
"2025-04-08 17:27:26.3",41564,0.01172447,0.07031441,-0.01268196,25.58239
"2025-04-08 17:27:26.35",41565,0.01086807,0.06957817,-0.01194,25.58157
"2025-04-08 17:27:26.4",41566,0.008852005,0.07333946,-0.01196098,25.59473
"2025-04-08 17:27:26.45",41567,0.01017189,0.07266617,-0.01178741,25.59788
"2025-04-08 17:27:26.5",41568,0.00696373,0.07492065,-0.01119232,25.59566
"2025-04-08 17:27:26.55",41569,0.008882523,0.07456589,-0.01181793,25.61139
"2025-04-08 17:27:26.6",41570,0.0079422,0.07703972,-0.01139069,25.58279
"2025-04-08 17:27:26.65",41571,0.01247787,0.07978058,-0.01228142,25.53731
"2025-04-08 17:27:26.7",41572,0.0118618,0.07695961,-0.01173782,25.56187
"2025-04-08 17:27:26.75",41573,0.01229477,0.0799427,-0.0135994,25.53883
"2025-04-08 17:27:26.8",41574,0.01314163,0.07907677,-0.01162148,25.56126
"2025-04-08 17:27:26.85",41575,0.01238441,0.07788086,-0.01414108,25.56442
"2025-04-08 17:27:26.9",41576,0.01546669,0.0797863,-0.01420593,25.58682
"2025-04-08 17:27:26.95",41577,0.01587486,0.07889748,-0.01491165,25.54225
"2025-04-08 17:27:27",41578,0.01465416,0.07662392,-0.01432228,25.58507
"2025-04-08 17:27:27.05",41579,0.01471329,0.07936668,-0.0143795,25.56322
"2025-04-08 17:27:27.1",41580,0.01685524,0.07965851,-0.01479912,25.54276
"2025-04-08 17:27:27.15",41581,0.01678467,0.07755852,-0.01356888,25.58426
"2025-04-08 17:27:27.2",41582,0.01732063,0.07991028,-0.01491547,25.56303
"2025-04-08 17:27:27.25",41583,0.01930237,0.077631,-0.0136528,25.56137
"2025-04-08 17:27:27.3",41584,0.01656532,0.07552338,-0.01436234,25.55959
"2025-04-08 17:27:27.35",41585,0.01874352,0.07741928,-0.01377106,25.56148
"2025-04-08 17:27:27.4",41586,0.01839066,0.07516289,-0.01290131,25.55977
"2025-04-08 17:27:27.45",41587,0.0189209,0.0752449,-0.01388741,25.55652
"2025-04-08 17:27:27.5",41588,0.01757622,0.0753727,-0.01044083,25.55954
"2025-04-08 17:27:27.55",41589,0.02132797,0.07237053,-0.009153366,25.53419
"2025-04-08 17:27:27.6",41590,0.02084351,0.07140923,-0.01081657,25.55952
"2025-04-08 17:27:27.65",41591,0.02078247,0.07172012,-0.009878159,25.55775
"2025-04-08 17:27:27.7",41592,0.0210743,0.07152176,-0.01053619,25.57862
"2025-04-08 17:27:27.75",41593,0.0209446,0.06942558,-0.01085091,25.56029
"2025-04-08 17:27:27.8",41594,0.01879501,0.06964874,-0.007953644,25.55801
"2025-04-08 17:27:27.85",41595,0.01928711,0.0688839,-0.008857727,25.5807
"2025-04-08 17:27:27.9",41596,0.02105522,0.06613731,-0.008369446,25.56062
"2025-04-08 17:27:27.95",41597,0.02168083,0.06663322,-0.00790596,25.56029
"2025-04-08 17:27:28",41598,0.02198219,0.06882477,-0.008796692,25.56075
"2025-04-08 17:27:28.05",41599,0.0213089,0.06647873,-0.008670807,25.53779
"2025-04-08 17:27:28.1",41600,0.02198219,0.06748772,-0.009374619,25.58223
"2025-04-08 17:27:28.15",41601,0.0211277,0.06797409,-0.009237289,25.58158
"2025-04-08 17:27:28.2",41602,0.02223396,0.07062721,-0.009410858,25.55953
"2025-04-08 17:27:28.25",41603,0.02233505,0.06783485,-0.00705719,25.58435
"2025-04-08 17:27:28.3",41604,0.02142334,0.07111931,-0.009477615,25.58172
"2025-04-08 17:27:28.35",41605,0.02266312,0.06832504,-0.00720787,25.58176
"2025-04-08 17:27:28.4",41606,0.02212715,0.07096291,-0.007045746,25.56174
"2025-04-08 17:27:28.45",41607,0.02161026,0.07180977,-0.006181717,25.59659
"2025-04-08 17:27:28.5",41608,0.02252579,0.07067299,-0.007381439,25.56066
"2025-04-08 17:27:28.55",41609,0.02142334,0.0698967,-0.00702095,25.59735
"2025-04-08 17:27:28.6",41610,0.02179718,0.06711006,-0.006343842,25.55939
"2025-04-08 17:27:28.65",41611,0.02233315,0.06722069,-0.006492615,25.56184
"2025-04-08 17:27:28.7",41612,0.02124023,0.06978416,-0.004049301,25.58315
"2025-04-08 17:27:28.75",41613,0.02186966,0.0699234,-0.003522873,25.59511
"2025-04-08 17:27:28.8",41614,0.02257919,0.0679512,-0.003627777,25.58325
"2025-04-08 17:27:28.85",41615,0.02634621,0.06838608,-0.003501892,25.59733
"2025-04-08 17:27:28.9",41616,0.02341843,0.07134819,-0.004383087,25.58172
"2025-04-08 17:27:28.95",41617,0.02400589,0.07071495,-0.001880646,25.59715
"2025-04-08 17:27:29",41618,0.02115822,0.07115364,-0.0004005432,25.56591
"2025-04-08 17:27:29.05",41619,0.01841354,0.0716114,-0.0009155273,25.58353
"2025-04-08 17:27:29.1",41620,0.0188427,0.07045555,-0.0007820129,25.61658
"2025-04-08 17:27:29.15",41621,0.02033043,0.0711956,0.001977921,25.60049
"2025-04-08 17:27:29.2",41622,0.01835442,0.07154655,0.00151825,25.60025
"2025-04-08 17:27:29.25",41623,0.01683235,0.0705204,0.001274109,25.58578
"2025-04-08 17:27:29.3",41624,0.01664543,0.07146835,0.002128601,25.58475
"2025-04-08 17:27:29.35",41625,0.01688385,0.07164192,0.001146317,25.56178
"2025-04-08 17:27:29.4",41626,0.01644325,0.07167625,0.00170517,25.56225
"2025-04-08 17:27:29.45",41627,0.01578903,0.07236862,0.001283646,25.53891
"2025-04-08 17:27:29.5",41628,0.01629066,0.06892204,0.001262665,25.55955
"2025-04-08 17:27:29.55",41629,0.01281166,0.06976509,0.002328873,25.58175
"2025-04-08 17:27:29.6",41630,0.01583862,0.06976128,0.002239227,25.55859
"2025-04-08 17:27:29.65",41631,0.01506233,0.06616402,0.003339767,25.53945
"2025-04-08 17:27:29.7",41632,0.01453972,0.06681061,0.003217697,25.53683
"2025-04-08 17:27:29.75",41633,0.01642036,0.06685638,-0.000667572,25.55836
"2025-04-08 17:27:29.8",41634,0.01538658,0.06594086,0.0003414154,25.55957
"2025-04-08 17:27:29.85",41635,0.01533127,0.06613541,-0.0001888275,25.53645
"2025-04-08 17:27:29.9",41636,0.01688957,0.0691967,0.0007762909,25.52824
"2025-04-08 17:27:29.95",41637,0.0152359,0.06641197,0.0003013611,25.53722
"2025-04-08 17:27:30",41638,0.01648903,0.06934166,0.0001850128,25.55779
"2025-04-08 17:27:30.05",41639,0.01660347,0.06693649,-0.0006427765,25.53819
"2025-04-08 17:27:30.1",41640,0.01552773,0.06659508,-0.002830505,25.53805
"2025-04-08 17:27:30.15",41641,0.0168457,0.06689072,-0.003026962,25.53603
"2025-04-08 17:27:30.2",41642,0.01926994,0.06600952,-0.003211975,25.55979
"2025-04-08 17:27:30.25",41643,0.01606941,0.06691933,-0.004543304,25.56042
"2025-04-08 17:27:30.3",41644,0.01696968,0.06752205,-0.006511688,25.56
"2025-04-08 17:27:30.35",41645,0.01882744,0.06697464,-0.007165909,25.56174
"2025-04-08 17:27:30.4",41646,0.01865005,0.06521606,-0.007184982,25.56
"2025-04-08 17:27:30.45",41647,0.01920319,0.06794167,-0.007091522,25.56173
"2025-04-08 17:27:30.5",41648,0.0189991,0.06824112,-0.01037407,25.53988
"2025-04-08 17:27:30.55",41649,0.02100754,0.06843758,-0.007108688,25.56142
"2025-04-08 17:27:30.6",41650,0.02153587,0.06840897,-0.01019669,25.56018
"2025-04-08 17:27:30.65",41651,0.02127266,0.06791115,-0.009029388,25.53286
"2025-04-08 17:27:30.7",41652,0.02406693,0.06519318,-0.009609222,25.5369
"2025-04-08 17:27:30.75",41653,0.02189827,0.0676384,-0.01270485,25.56199
"2025-04-08 17:27:30.8",41654,0.0235424,0.06668282,-0.008728027,25.56224
"2025-04-08 17:27:30.85",41655,0.02417183,0.06747055,-0.01153564,25.53706
"2025-04-08 17:27:30.9",41656,0.02427673,0.06687546,-0.01198578,25.58252
"2025-04-08 17:27:30.95",41657,0.02664757,0.066679,-0.01114082,25.58353
"2025-04-08 17:27:31",41658,0.02756882,0.06590652,-0.01177788,25.58201
"2025-04-08 17:27:31.05",41659,0.02767563,0.06360626,-0.01418304,25.58328
"2025-04-08 17:27:31.1",41660,0.03014755,0.06638718,-0.01416206,25.5597
"2025-04-08 17:27:31.15",41661,0.03108788,0.06498528,-0.01484871,25.56311
"2025-04-08 17:27:31.2",41662,0.0310936,0.06796265,-0.01402092,25.5866
"2025-04-08 17:27:31.25",41663,0.03157234,0.06585312,-0.01432419,25.5839
"2025-04-08 17:27:31.3",41664,0.03238678,0.06479454,-0.01477814,25.58334
"2025-04-08 17:27:31.35",41665,0.03031731,0.06568909,-0.01405716,25.58672
"2025-04-08 17:27:31.4",41666,0.03317451,0.06659317,-0.01426315,25.58688
"2025-04-08 17:27:31.45",41667,0.03387833,0.06850624,-0.01486206,25.60249
"2025-04-08 17:27:31.5",41668,0.03564835,0.06619644,-0.0143013,25.5898
"2025-04-08 17:27:31.55",41669,0.03285599,0.06955338,-0.01462555,25.62068
"2025-04-08 17:27:31.6",41670,0.0355835,0.06639862,-0.01425171,25.62064
"2025-04-08 17:27:31.65",41671,0.03538513,0.06635857,-0.01733589,25.6207
"2025-04-08 17:27:31.7",41672,0.03482437,0.06956482,-0.01807785,25.6241
"2025-04-08 17:27:31.75",41673,0.03717804,0.06684113,-0.01629448,25.64867
"2025-04-08 17:27:31.8",41674,0.03769875,0.06923103,-0.01667023,25.63754
"2025-04-08 17:27:31.85",41675,0.03692627,0.06635284,-0.01486588,25.65515
"2025-04-08 17:27:31.9",41676,0.03619576,0.06599808,-0.01316833,25.65614
"2025-04-08 17:27:31.95",41677,0.0396862,0.0669899,-0.01561928,25.65472
"2025-04-08 17:27:32",41678,0.03680992,0.06654549,-0.01321411,25.67307
"2025-04-08 17:27:32.05",41679,0.03674889,0.06613731,-0.01216888,25.65474
"2025-04-08 17:27:32.1",41680,0.03793907,0.06661797,-0.01308823,25.6535
"2025-04-08 17:27:32.15",41681,0.03735352,0.06677437,-0.01297951,25.67237
"2025-04-08 17:27:32.2",41682,0.03741264,0.06344604,-0.01249313,25.66937
"2025-04-08 17:27:32.25",41683,0.03525734,0.06361198,-0.01491737,25.67625
"2025-04-08 17:27:32.3",41684,0.03749084,0.0655632,-0.01455307,25.71749
"2025-04-08 17:27:32.35",41685,0.03740311,0.06674576,-0.01548576,25.69872
"2025-04-08 17:27:32.4",41686,0.03526878,0.06302071,-0.01613426,25.69006
"2025-04-08 17:27:32.45",41687,0.03456688,0.06316948,-0.01247978,25.70139
"2025-04-08 17:27:32.5",41688,0.03517914,0.064991,-0.01620102,25.68482
"2025-04-08 17:27:32.55",41689,0.03466797,0.06737137,-0.01529503,25.68425
"2025-04-08 17:27:32.6",41690,0.03458405,0.06522751,-0.0153904,25.68183
"2025-04-08 17:27:32.65",41691,0.03297806,0.0679512,-0.01296616,25.66254
"2025-04-08 17:27:32.7",41692,0.03144264,0.06485367,-0.01218414,25.68011
"2025-04-08 17:27:32.75",41693,0.03191948,0.06627083,-0.01428986,25.67253
"2025-04-08 17:27:32.8",41694,0.03282928,0.06492043,-0.01545143,25.66039
"2025-04-08 17:27:32.85",41695,0.03432465,0.06426048,-0.01508904,25.67822
"2025-04-08 17:27:32.9",41696,0.03458214,0.06483459,-0.01444054,25.65863
"2025-04-08 17:27:32.95",41697,0.03206253,0.06433105,-0.01545715,25.65907
"2025-04-08 17:27:33",41698,0.03143311,0.064394,-0.0145092,25.67481
"2025-04-08 17:27:33.05",41699,0.03533554,0.06490707,-0.0144062,25.6889
"2025-04-08 17:27:33.1",41700,0.03156281,0.06144524,-0.01468277,25.67419
"2025-04-08 17:27:33.15",41701,0.03191185,0.06055832,-0.02428627,25.71016
"2025-04-08 17:27:33.2",41702,0.03301811,0.06069183,-0.02092361,25.70763
"2025-04-08 17:27:33.25",41703,0.0332489,0.05730247,-0.01250267,25.68665
"2025-04-08 17:27:33.3",41704,0.03291702,0.0571003,-0.01454735,25.67154
"2025-04-08 17:27:33.35",41705,0.03379631,0.05659103,-0.01330757,25.65591
"2025-04-08 17:27:33.4",41706,0.03577614,0.05744743,-0.00765419,25.65514
"2025-04-08 17:27:33.45",41707,0.0330143,0.05534554,-0.01130295,25.70753
"2025-04-08 17:27:33.5",41708,0.03723526,0.05755234,-0.009977341,25.67301
"2025-04-08 17:27:33.55",41709,0.03310204,0.05396843,-0.005886078,25.68635
"2025-04-08 17:27:33.6",41710,0.03337097,0.05471992,-0.004276276,25.67013
"2025-04-08 17:27:33.65",41711,0.0359211,0.05500221,-0.0002613068,25.67217
"2025-04-08 17:27:33.7",41712,0.034832,0.05371094,0.001386642,25.68539
"2025-04-08 17:27:33.75",41713,0.03485107,0.0553093,0.00179863,25.68358
"2025-04-08 17:27:33.8",41714,0.0340519,0.05470848,0.001945496,25.67013
"2025-04-08 17:27:33.85",41715,0.03310966,0.05569458,0.002262115,25.65424
"2025-04-08 17:27:33.9",41716,0.03426933,0.05559158,0.001436234,25.66605
"2025-04-08 17:27:33.95",41717,0.03322029,0.0554657,0.001022339,25.65217
"2025-04-08 17:27:34",41718,0.03316307,0.05480003,0.004140854,25.65119
"2025-04-08 17:27:34.05",41719,0.03385735,0.0555439,0.002809525,25.6649
"2025-04-08 17:27:34.1",41720,0.03376007,0.05503845,0.0001907349,25.66713
"2025-04-08 17:27:34.15",41721,0.03344345,0.05572701,0.0005207062,25.6664
"2025-04-08 17:27:34.2",41722,0.03124428,0.05536842,0.005693436,25.70094
"2025-04-08 17:27:34.25",41723,0.03090096,0.05404091,0.006547928,25.66663
"2025-04-08 17:27:34.3",41724,0.03077507,0.05529785,0.007293701,25.6501
"2025-04-08 17:27:34.35",41725,0.03436852,0.05512428,0.007539749,25.67991
"2025-04-08 17:27:34.4",41726,0.03435516,0.05512428,0.01040459,25.6671
"2025-04-08 17:27:34.45",41727,0.03147125,0.05536842,0.00942421,25.66657
"2025-04-08 17:27:34.5",41728,0.03196335,0.05459976,0.01037025,25.68404
"2025-04-08 17:27:34.55",41729,0.03408623,0.05160904,0.01156044,25.71011
"2025-04-08 17:27:34.6",41730,0.03388596,0.05285454,0.01392555,25.71058
"2025-04-08 17:27:34.65",41731,0.03393364,0.05208397,0.01322556,25.72504
"2025-04-08 17:27:34.7",41732,0.03409195,0.05252075,0.01243782,25.73038
"2025-04-08 17:27:34.75",41733,0.03453064,0.05434799,0.01373863,25.72907
"2025-04-08 17:27:34.8",41734,0.03399086,0.05142212,0.009082794,25.73527
"2025-04-08 17:27:34.85",41735,0.03382874,0.05099487,0.01474953,25.71835
"2025-04-08 17:27:34.9",41736,0.03685951,0.05227661,0.009763718,25.73956
"2025-04-08 17:27:34.95",41737,0.03675461,0.05408287,0.007802963,25.71917
"2025-04-08 17:27:35",41738,0.03373528,0.05133629,0.01185036,25.739
"2025-04-08 17:27:35.05",41739,0.0372467,0.05425072,0.01296425,25.75385
"2025-04-08 17:27:35.1",41740,0.03725052,0.05353165,0.01326942,25.75594
"2025-04-08 17:27:35.15",41741,0.04006577,0.05410576,0.01339912,25.75489
"2025-04-08 17:27:35.2",41742,0.03716087,0.05522346,0.008295059,25.74058
"2025-04-08 17:27:35.25",41743,0.0396862,0.0544796,0.00806427,25.75507
"2025-04-08 17:27:35.3",41744,0.03706169,0.05353165,0.01128387,25.73873
"2025-04-08 17:27:35.35",41745,0.04018974,0.05381012,0.01024818,25.73985
"2025-04-08 17:27:35.4",41746,0.03951836,0.05233574,0.01506233,25.73667
"2025-04-08 17:27:35.45",41747,0.04089165,0.05342674,0.01596642,25.75061
"2025-04-08 17:27:35.5",41748,0.04049683,0.05105782,0.01412964,25.75351
"2025-04-08 17:27:35.55",41749,0.03879929,0.05187416,0.01682281,25.73763
"2025-04-08 17:27:35.6",41750,0.03973198,0.05473709,0.01658821,25.73542
"2025-04-08 17:27:35.65",41751,0.03895569,0.05473709,0.01683998,25.71588
"2025-04-08 17:27:35.7",41752,0.03885651,0.05282974,0.01628494,25.70333
"2025-04-08 17:27:35.75",41753,0.03935051,0.05962563,0.01356125,25.73618
"2025-04-08 17:27:35.8",41754,0.03906631,0.06890297,0.01605225,25.75348
"2025-04-08 17:27:35.85",41755,0.03868675,0.06798935,0.01941299,25.7544
"2025-04-08 17:27:35.9",41756,0.0388031,0.07010078,0.01645279,25.71484
"2025-04-08 17:27:35.95",41757,0.03823662,0.07011795,0.01327133,25.75058
"2025-04-08 17:27:36",41758,0.03764153,0.07007217,0.01819611,25.71481
"2025-04-08 17:27:36.05",41759,0.03854752,0.07188416,0.01543045,25.73143
"2025-04-08 17:27:36.1",41760,0.03683853,0.07101631,0.01762009,25.73078
"2025-04-08 17:27:36.15",41761,0.03767586,0.07025719,0.01540375,25.69334
"2025-04-08 17:27:36.2",41762,0.03678703,0.07193947,0.01471138,25.72523
"2025-04-08 17:27:36.25",41763,0.03850174,0.07086563,0.01464462,25.73001
"2025-04-08 17:27:36.3",41764,0.03679848,0.07054901,0.01329422,25.69028
"2025-04-08 17:27:36.35",41765,0.03691101,0.07414436,0.009695053,25.69967
"2025-04-08 17:27:36.4",41766,0.03467751,0.07327843,0.009792328,25.70444
"2025-04-08 17:27:36.45",41767,0.0372982,0.07694244,0.01110458,25.68931
"2025-04-08 17:27:36.5",41768,0.03470993,0.07779694,0.01529884,25.70255
"2025-04-08 17:27:36.55",41769,0.03868866,0.08025551,0.01380539,25.70567
"2025-04-08 17:27:36.6",41770,0.03800011,0.08255577,0.01055145,25.70461
"2025-04-08 17:27:36.65",41771,0.03768921,0.08507347,0.007055283,25.70225
"2025-04-08 17:27:36.7",41772,0.03830338,0.08580017,0.006116867,25.69116
"2025-04-08 17:27:36.75",41773,0.03734016,0.08865356,0.01217651,25.68935
"2025-04-08 17:27:36.8",41774,0.03795624,0.08930779,0.01275635,25.70242
"2025-04-08 17:27:36.85",41775,0.03826141,0.08591652,0.01221657,25.70402
"2025-04-08 17:27:36.9",41776,0.0375824,0.08845901,0.01383972,25.68981
"2025-04-08 17:27:36.95",41777,0.03825569,0.08930969,0.01147842,25.70445
"2025-04-08 17:27:37",41778,0.03845215,0.08850479,0.01147842,25.68853
"2025-04-08 17:27:37.05",41779,0.03766632,0.08862495,0.01834679,25.6898
"2025-04-08 17:27:37.1",41780,0.03845978,0.0894413,0.01756668,25.68557
"2025-04-08 17:27:37.15",41781,0.03843498,0.08847046,0.02144623,25.68954
"2025-04-08 17:27:37.2",41782,0.03771019,0.08611298,0.02010727,25.68998
"2025-04-08 17:27:37.25",41783,0.03819084,0.08738518,0.01563454,25.68576
"2025-04-08 17:27:37.3",41784,0.03783989,0.08361626,0.01716995,25.69016
"2025-04-08 17:27:37.35",41785,0.04048538,0.08686638,0.01886749,25.69003
"2025-04-08 17:27:37.4",41786,0.03805733,0.08756638,0.02266312,25.68838
"2025-04-08 17:27:37.45",41787,0.03793335,0.086689,0.02119446,25.68891
"2025-04-08 17:27:37.5",41788,0.03973007,0.08421326,0.02294731,25.69042
"2025-04-08 17:27:37.55",41789,0.04005051,0.08763123,0.02054024,25.68767
"2025-04-08 17:27:37.6",41790,0.04058647,0.08597946,0.01669502,25.70389
"2025-04-08 17:27:37.65",41791,0.04063606,0.0860424,0.01789474,25.67472
"2025-04-08 17:27:37.7",41792,0.04118538,0.08752251,0.01963234,25.68628
"2025-04-08 17:27:37.75",41793,0.03468895,0.08714104,0.01898384,25.68062
"2025-04-08 17:27:37.8",41794,0.03393936,0.0895195,0.01981163,25.70348
"2025-04-08 17:27:37.85",41795,0.04261208,0.08670998,0.01909447,25.74276
"2025-04-08 17:27:37.9",41796,0.04328346,0.08615875,0.01878166,25.75188
"2025-04-08 17:27:37.95",41797,0.0448761,0.08533287,0.01914597,25.72115
"2025-04-08 17:27:38",41798,0.04799843,0.08647156,0.0218277,25.73798
"2025-04-08 17:27:38.05",41799,0.04584312,0.08565712,0.02069855,25.73775
"2025-04-08 17:27:38.1",41800,0.05402946,0.08564949,0.01894379,25.72175
"2025-04-08 17:27:38.15",41801,0.05415726,0.08703995,0.01772308,25.73575
"2025-04-08 17:27:38.2",41802,0.05587769,0.08856392,0.01760864,25.72292
"2025-04-08 17:27:38.25",41803,0.05809021,0.08778381,0.02037621,25.72226
"2025-04-08 17:27:38.3",41804,0.05924988,0.08886719,0.02487564,25.73492
"2025-04-08 17:27:38.35",41805,0.05867004,0.08794022,0.02135658,25.77106
"2025-04-08 17:27:38.4",41806,0.05861282,0.08696365,0.01675034,25.72208
"2025-04-08 17:27:38.45",41807,0.0588665,0.08508492,0.01979446,25.77185
"2025-04-08 17:27:38.5",41808,0.05895996,0.08407593,0.01461601,25.73443
"2025-04-08 17:27:38.55",41809,0.05732918,0.08639717,0.01417923,25.7222
"2025-04-08 17:27:38.6",41810,0.05638695,0.08389473,0.01672363,25.73389
"2025-04-08 17:27:38.65",41811,0.057024,0.085186,0.01877785,25.73528
"2025-04-08 17:27:38.7",41812,0.0576992,0.0838356,0.01582718,25.7213
"2025-04-08 17:27:38.75",41813,0.06032944,0.0849781,0.01922798,25.71843
"2025-04-08 17:27:38.8",41814,0.06393623,0.08562279,0.01927376,25.71503
"2025-04-08 17:27:38.85",41815,0.06408691,0.08377838,0.01916122,25.7543
"2025-04-08 17:27:38.9",41816,0.06597519,0.08422089,0.0198555,25.73248
"2025-04-08 17:27:38.95",41817,0.06792831,0.08452606,0.02156258,25.74976
"2025-04-08 17:27:39",41818,0.06679535,0.08483505,0.02446365,25.71432
"2025-04-08 17:27:39.05",41819,0.06501389,0.08922958,0.02296448,25.71219
"2025-04-08 17:27:39.1",41820,0.06449318,0.09623337,0.02002716,25.70731
"2025-04-08 17:27:39.15",41821,0.06455994,0.09396744,0.01773453,25.70875
"2025-04-08 17:27:39.2",41822,0.06297684,0.1019459,0.01867676,25.70448
"2025-04-08 17:27:39.25",41823,0.06646156,0.1036663,0.02073669,25.70112
"2025-04-08 17:27:39.3",41824,0.07111359,0.1042576,0.02264786,25.70351
"2025-04-08 17:27:39.35",41825,0.06547737,0.1049519,0.02719879,25.72014
"2025-04-08 17:27:39.4",41826,0.06517029,0.1082363,0.0212841,25.7046
"2025-04-08 17:27:39.45",41827,0.06821251,0.1083317,0.01831436,25.70709
"2025-04-08 17:27:39.5",41828,0.06774521,0.1084232,0.02178192,25.68783
"2025-04-08 17:27:39.55",41829,0.06901741,0.1126709,0.02173615,25.70235
"2025-04-08 17:27:39.6",41830,0.06881714,0.1116371,0.02384949,25.70455
"2025-04-08 17:27:39.65",41831,0.06695366,0.1101322,0.02585793,25.70619
"2025-04-08 17:27:39.7",41832,0.07081223,0.1118546,0.02567482,25.70116
"2025-04-08 17:27:39.75",41833,0.06935883,0.1097527,0.03315353,25.68667
"2025-04-08 17:27:39.8",41834,0.06744385,0.1095295,0.03203583,25.67319
"2025-04-08 17:27:39.85",41835,0.06817627,0.1106377,0.03948402,25.68746
"2025-04-08 17:27:39.9",41836,0.0688324,0.1101322,0.03670502,25.68663
"2025-04-08 17:27:39.95",41837,0.06829834,0.1072521,0.03086281,25.68783
"2025-04-08 17:27:40",41838,0.07327461,0.1106987,0.03316879,25.70145
"2025-04-08 17:27:40.05",41839,0.07298279,0.1069164,0.03398895,25.69963
"2025-04-08 17:27:40.1",41840,0.07042503,0.1034336,0.0364151,25.70408
"2025-04-08 17:27:40.15",41841,0.07084846,0.1061516,0.04255104,25.70868
"2025-04-08 17:27:40.2",41842,0.07334518,0.1026936,0.04048157,25.72122
"2025-04-08 17:27:40.25",41843,0.07222557,0.1014843,0.03742409,25.7262
"2025-04-08 17:27:40.3",41844,0.06862831,0.09939575,0.03628159,25.7294
"2025-04-08 17:27:40.35",41845,0.06753922,0.09857941,0.04044533,25.7453
"2025-04-08 17:27:40.4",41846,0.06645012,0.09626007,0.04177475,25.75095
"2025-04-08 17:27:40.45",41847,0.06890106,0.09576035,0.04423714,25.75163
"2025-04-08 17:27:40.5",41848,0.06787491,0.09319687,0.04255295,25.73639
"2025-04-08 17:27:40.55",41849,0.07037163,0.0925312,0.04360008,25.75744
"2025-04-08 17:27:40.6",41850,0.06735802,0.09003448,0.04306412,25.75572
"2025-04-08 17:27:40.65",41851,0.06939125,0.09298325,0.0406189,25.75256
"2025-04-08 17:27:40.7",41852,0.06778908,0.08919144,0.03956223,25.75555
"2025-04-08 17:27:40.75",41853,0.07185555,0.0872097,0.0358429,25.77412
"2025-04-08 17:27:40.8",41854,0.0742836,0.09070587,0.03682709,25.78745
"2025-04-08 17:27:40.85",41855,0.07326126,0.08742714,0.03821945,25.79007
"2025-04-08 17:27:40.9",41856,0.07292366,0.08809471,0.03763771,25.82642
"2025-04-08 17:27:40.95",41857,0.07448578,0.08830833,0.0356102,25.78693
"2025-04-08 17:27:41",41858,0.07227516,0.08738518,0.03842926,25.77413
"2025-04-08 17:27:41.05",41859,0.07107353,0.08804131,0.03186417,25.77028
"2025-04-08 17:27:41.1",41860,0.07726669,0.08798981,0.03121567,25.76815
"2025-04-08 17:27:41.15",41861,0.08106422,0.0897274,0.02648544,25.79945
"2025-04-08 17:27:41.2",41862,0.08610725,0.08891296,0.03304482,25.77057
"2025-04-08 17:27:41.25",41863,0.08720779,0.09004021,0.03251076,25.78387
"2025-04-08 17:27:41.3",41864,0.08704758,0.08925247,0.02945137,25.7712
"2025-04-08 17:27:41.35",41865,0.08310509,0.09296036,0.03190613,25.80022
"2025-04-08 17:27:41.4",41866,0.08308601,0.09435654,0.03268242,25.81744
"2025-04-08 17:27:41.45",41867,0.08630753,0.09565353,0.03054619,25.81833
"2025-04-08 17:27:41.5",41868,0.08453369,0.0944252,0.03193092,25.81817
"2025-04-08 17:27:41.55",41869,0.08394051,0.09553337,0.03081703,25.81644
"2025-04-08 17:27:41.6",41870,0.08326912,0.1007233,0.02868462,25.83172
"2025-04-08 17:27:41.65",41871,0.0817852,0.1038361,0.02655602,25.82973
"2025-04-08 17:27:41.7",41872,0.08159065,0.1099758,0.02796936,25.82522
"2025-04-08 17:27:41.75",41873,0.07909966,0.1141815,0.02478218,25.77927
"2025-04-08 17:27:41.8",41874,0.07943916,0.1141605,0.0220108,25.80446
"2025-04-08 17:27:41.85",41875,0.07804298,0.1155071,0.02131653,25.80279
"2025-04-08 17:27:41.9",41876,0.07831001,0.1156979,0.01937294,25.80429
"2025-04-08 17:27:41.95",41877,0.07667351,0.1152992,0.01929092,25.80545
"2025-04-08 17:27:42",41878,0.07803917,0.1158409,0.02240753,25.78226
"2025-04-08 17:27:42.05",41879,0.08284187,0.1122856,0.02145767,25.77942
"2025-04-08 17:27:42.1",41880,0.08120346,0.1134796,0.02017784,25.72608
"2025-04-08 17:27:42.15",41881,0.08115959,0.1152229,0.02219963,25.755
"2025-04-08 17:27:42.2",41882,0.08661079,0.1146564,0.02351761,25.73853
"2025-04-08 17:27:42.25",41883,0.08263588,0.1141777,0.02185059,25.77123
"2025-04-08 17:27:42.3",41884,0.07637405,0.1105537,0.03427887,25.72105
"2025-04-08 17:27:42.35",41885,0.07792664,0.110733,0.03642654,25.70827
"2025-04-08 17:27:42.4",41886,0.0771656,0.1084576,0.03666687,25.77556
"2025-04-08 17:27:42.45",41887,0.08067894,0.1123619,0.03796577,25.73093
"2025-04-08 17:27:42.5",41888,0.07737732,0.1096745,0.03357315,25.75926
"2025-04-08 17:27:42.55",41889,0.07592583,0.1090298,0.02984238,25.73003
"2025-04-08 17:27:42.6",41890,0.0769825,0.1081676,0.03491592,25.78539
"2025-04-08 17:27:42.65",41891,0.07744217,0.1084919,0.03289032,25.75449
"2025-04-08 17:27:42.7",41892,0.08026123,0.1098309,0.03066635,25.76095
"2025-04-08 17:27:42.75",41893,0.07664108,0.1059494,0.03199577,25.78419
"2025-04-08 17:27:42.8",41894,0.07840538,0.1044998,0.03444099,25.78448
"2025-04-08 17:27:42.85",41895,0.07983208,0.1043205,0.03457069,25.78352
"2025-04-08 17:27:42.9",41896,0.07530785,0.1028233,0.03274345,25.81522
"2025-04-08 17:27:42.95",41897,0.07732201,0.1030025,0.02747154,25.76087
"2025-04-08 17:27:43",41898,0.07356071,0.101984,0.03149223,25.79974
"2025-04-08 17:27:43.05",41899,0.07748604,0.1013031,0.02954292,25.78567
"2025-04-08 17:27:43.1",41900,0.07302666,0.1047153,0.03105736,25.77996
"2025-04-08 17:27:43.15",41901,0.07744026,0.1053867,0.02827072,25.77973
"2025-04-08 17:27:43.2",41902,0.07599831,0.1052589,0.03181648,25.78248
"2025-04-08 17:27:43.25",41903,0.0768261,0.1068764,0.02646255,25.74269
"2025-04-08 17:27:43.3",41904,0.07676888,0.1055164,0.0260582,25.75791
"2025-04-08 17:27:43.35",41905,0.0747757,0.1047783,0.02558899,25.78079
"2025-04-08 17:27:43.4",41906,0.07365799,0.105648,0.02725601,25.74345
"2025-04-08 17:27:43.45",41907,0.07624054,0.1053524,0.027668,25.77588
"2025-04-08 17:27:43.5",41908,0.08063507,0.1074409,0.02759552,25.75504
"2025-04-08 17:27:43.55",41909,0.08330536,0.1079044,0.02664566,25.75414
"2025-04-08 17:27:43.6",41910,0.08616447,0.1072292,0.02334404,25.75301
"2025-04-08 17:27:43.65",41911,0.08648872,0.1061535,0.02021217,25.77617
"2025-04-08 17:27:43.7",41912,0.09096146,0.1077728,0.02056313,25.75041
"2025-04-08 17:27:43.75",41913,0.09294891,0.1103401,0.02197266,25.73608
"2025-04-08 17:27:43.8",41914,0.0946064,0.1090889,0.02408791,25.77336
"2025-04-08 17:27:43.85",41915,0.09601593,0.1109486,0.02703285,25.75047
"2025-04-08 17:27:43.9",41916,0.09668541,0.1102066,0.02474785,25.73669
"2025-04-08 17:27:43.95",41917,0.09300613,0.109066,0.02076912,25.77254
"2025-04-08 17:27:44",41918,0.09056091,0.110939,0.02211571,25.74869
"2025-04-08 17:27:44.05",41919,0.08957672,0.1147251,0.02310944,25.76411
"2025-04-08 17:27:44.1",41920,0.08994102,0.1190987,0.02248955,25.76428
"2025-04-08 17:27:44.15",41921,0.09085655,0.1229839,0.02376938,25.74026
"2025-04-08 17:27:44.2",41922,0.09345818,0.124157,0.02413177,25.7065
"2025-04-08 17:27:44.25",41923,0.0920105,0.1256084,0.02397728,25.73736
"2025-04-08 17:27:44.3",41924,0.08789063,0.1288147,0.02312279,25.76015
"2025-04-08 17:27:44.35",41925,0.09073257,0.130003,0.02742386,25.73739
"2025-04-08 17:27:44.4",41926,0.08906937,0.1295357,0.02227783,25.75982
"2025-04-08 17:27:44.45",41927,0.08500671,0.1310616,0.0206604,25.7628
"2025-04-08 17:27:44.5",41928,0.08944321,0.1335449,0.01979446,25.76037
"2025-04-08 17:27:44.55",41929,0.09040451,0.1329975,0.01983261,25.76203
"2025-04-08 17:27:44.6",41930,0.08666229,0.1320152,0.02543831,25.7272
"2025-04-08 17:27:44.65",41931,0.08985519,0.1307755,0.02522278,25.73944
"2025-04-08 17:27:44.7",41932,0.08745575,0.129982,0.02411079,25.7621
"2025-04-08 17:27:44.75",41933,0.08659554,0.1323376,0.02224541,25.76266
"2025-04-08 17:27:44.8",41934,0.08732414,0.1291771,0.02160263,25.73887
"2025-04-08 17:27:44.85",41935,0.0843811,0.1295624,0.02423859,25.73637
"2025-04-08 17:27:44.9",41936,0.08398056,0.1311893,0.02828789,25.73869
"2025-04-08 17:27:44.95",41937,0.08269119,0.1284962,0.03626823,25.75745
"2025-04-08 17:27:45",41938,0.08224297,0.1288757,0.03678322,25.77079
"2025-04-08 17:27:45.05",41939,0.08332634,0.1274242,0.03269005,25.75923
"2025-04-08 17:27:45.1",41940,0.07649803,0.128294,0.03938484,25.73747
"2025-04-08 17:27:45.15",41941,0.07465935,0.1283073,0.03881454,25.75759
"2025-04-08 17:27:45.2",41942,0.07783699,0.1282291,0.03864098,25.73652
"2025-04-08 17:27:45.25",41943,0.07954407,0.1268005,0.03277206,25.75776
"2025-04-08 17:27:45.3",41944,0.08271408,0.1270161,0.03456688,25.76965
"2025-04-08 17:27:45.35",41945,0.08242798,0.1265087,0.04022789,25.76105
"2025-04-08 17:27:45.4",41946,0.08161354,0.1259842,0.03679848,25.78946
"2025-04-08 17:27:45.45",41947,0.07961845,0.1238441,0.03988075,25.80138
"2025-04-08 17:27:45.5",41948,0.0798645,0.1209297,0.03468704,25.78233
"2025-04-08 17:27:45.55",41949,0.07824516,0.1203156,0.03466034,25.786
"2025-04-08 17:27:45.6",41950,0.08146667,0.1197186,0.03860283,25.80437
"2025-04-08 17:27:45.65",41951,0.07894707,0.1188679,0.037714,25.79335
"2025-04-08 17:27:45.7",41952,0.07577133,0.116869,0.03428459,25.79714
"2025-04-08 17:27:45.75",41953,0.07839012,0.1147537,0.03472137,25.82248
"2025-04-08 17:27:45.8",41954,0.07748413,0.1151333,0.03590584,25.8254
"2025-04-08 17:27:45.85",41955,0.07544136,0.1132221,0.03498459,25.79639
"2025-04-08 17:27:45.9",41956,0.0801754,0.1143436,0.04117393,25.81004
"2025-04-08 17:27:45.95",41957,0.08251762,0.1138096,0.03310204,25.78998
"2025-04-08 17:27:46",41958,0.08166313,0.1139088,0.03238106,25.79571
"2025-04-08 17:27:46.05",41959,0.07952499,0.1145115,0.03394127,25.80501
"2025-04-08 17:27:46.1",41960,0.07922363,0.1142044,0.0371685,25.80651
"2025-04-08 17:27:46.15",41961,0.07883644,0.1112442,0.03640175,25.80389
"2025-04-08 17:27:46.2",41962,0.07843018,0.1113853,0.03731346,25.80457
"2025-04-08 17:27:46.25",41963,0.08527756,0.1113224,0.03477669,25.80026
"2025-04-08 17:27:46.3",41964,0.08710289,0.1102943,0.03668213,25.8008
"2025-04-08 17:27:46.35",41965,0.08872604,0.1103058,0.03391838,25.80174
"2025-04-08 17:27:46.4",41966,0.08963585,0.1071892,0.03493881,25.81484
"2025-04-08 17:27:46.45",41967,0.09249306,0.1065216,0.03151131,25.80223
"2025-04-08 17:27:46.5",41968,0.09443092,0.1056995,0.03203583,25.80197
"2025-04-08 17:27:46.55",41969,0.09900475,0.1067486,0.03486824,25.80135
"2025-04-08 17:27:46.6",41970,0.09840584,0.1066036,0.0351696,25.7987
"2025-04-08 17:27:46.65",41971,0.1005116,0.1071053,0.03652573,25.81661
"2025-04-08 17:27:46.7",41972,0.100769,0.1056938,0.03341103,25.81324
"2025-04-08 17:27:46.75",41973,0.09591484,0.1050911,0.03201866,25.7975
"2025-04-08 17:27:46.8",41974,0.09518433,0.1040592,0.03077316,25.79787
"2025-04-08 17:27:46.85",41975,0.09513283,0.1044445,0.03290558,25.83484
"2025-04-08 17:27:46.9",41976,0.09482574,0.1028862,0.03144264,25.83073
"2025-04-08 17:27:46.95",41977,0.09419632,0.1017857,0.02962112,25.79507
"2025-04-08 17:27:47",41978,0.09728241,0.1059971,0.03147697,25.79301
"2025-04-08 17:27:47.05",41979,0.09586525,0.1078205,0.0344696,25.78915
"2025-04-08 17:27:47.1",41980,0.09783745,0.1115017,0.03292847,25.77326
"2025-04-08 17:27:47.15",41981,0.0967865,0.1110935,0.02927208,25.78859
"2025-04-08 17:27:47.2",41982,0.09742165,0.1167183,0.02823067,25.78519
"2025-04-08 17:27:47.25",41983,0.09687614,0.1183987,0.02820015,25.76862
"2025-04-08 17:27:47.3",41984,0.09387016,0.1178646,0.02861214,25.76995
"2025-04-08 17:27:47.35",41985,0.09145927,0.118227,0.02823639,25.76742
"2025-04-08 17:27:47.4",41986,0.09265518,0.1206284,0.02801514,25.76812
"2025-04-08 17:27:47.45",41987,0.09603119,0.1229916,0.02812004,25.78292
"2025-04-08 17:27:47.5",41988,0.09296036,0.1217384,0.02858353,25.78273
"2025-04-08 17:27:47.55",41989,0.09496498,0.1205997,0.02808571,25.76595
"2025-04-08 17:27:47.6",41990,0.09212112,0.1210861,0.02770615,25.76904
"2025-04-08 17:27:47.65",41991,0.09094048,0.1215839,0.02595329,25.76949
"2025-04-08 17:27:47.7",41992,0.09528351,0.1221085,0.02981949,25.76582
"2025-04-08 17:27:47.75",41993,0.09278107,0.1208458,0.03037643,25.76833
"2025-04-08 17:27:47.8",41994,0.09150696,0.1204319,0.03128815,25.76642
"2025-04-08 17:27:47.85",41995,0.08954239,0.1210518,0.03427124,25.76423
"2025-04-08 17:27:47.9",41996,0.08631516,0.1196899,0.0337677,25.76269
"2025-04-08 17:27:47.95",41997,0.08343124,0.1185741,0.03573227,25.78039
"2025-04-08 17:27:48",41998,0.0852375,0.1200695,0.03899956,25.76528
"2025-04-08 17:27:48.05",41999,0.08849335,0.1207581,0.03845978,25.76553
"2025-04-08 17:27:48.1",42000,0.08521271,0.1207466,0.03563309,25.76633
"2025-04-08 17:27:48.15",42001,0.08345413,0.1206112,0.03735924,25.76417
"2025-04-08 17:27:48.2",42002,0.08423233,0.1209812,0.03817368,25.76923
"2025-04-08 17:27:48.25",42003,0.08505821,0.1210918,0.03751564,25.7813
"2025-04-08 17:27:48.3",42004,0.08489037,0.1169853,0.03733063,25.76721
"2025-04-08 17:27:48.35",42005,0.07909203,0.1134892,0.0386982,25.76299
"2025-04-08 17:27:48.4",42006,0.07801056,0.1111908,0.03810692,25.79627
"2025-04-08 17:27:48.45",42007,0.08586693,0.1126347,0.02942276,25.76449
"2025-04-08 17:27:48.5",42008,0.07968521,0.114542,0.03391838,25.79205
"2025-04-08 17:27:48.55",42009,0.08727646,0.1127148,0.03341103,25.74098
"2025-04-08 17:27:48.6",42010,0.08949089,0.11096,0.02710915,25.78891
"2025-04-08 17:27:48.65",42011,0.1021709,0.1125736,0.02984047,25.7591
"2025-04-08 17:27:48.7",42012,0.1039219,0.1115036,0.02783585,25.75378
"2025-04-08 17:27:48.75",42013,0.1009865,0.1108894,0.02555847,25.7842
"2025-04-08 17:27:48.8",42014,0.09918213,0.1109924,0.02398109,25.74733
"2025-04-08 17:27:48.85",42015,0.1016045,0.1109486,0.025383,25.77544
"2025-04-08 17:27:48.9",42016,0.1027565,0.1106358,0.02265739,25.76143
"2025-04-08 17:27:48.95",42017,0.1022472,0.1110153,0.02523422,25.74823
"2025-04-08 17:27:49",42018,0.1021748,0.1177845,0.02384949,25.74588
"2025-04-08 17:27:49.05",42019,0.1015549,0.1252403,0.01934242,25.74958
"2025-04-08 17:27:49.1",42020,0.09539032,0.1276417,0.02520561,25.7657
"2025-04-08 17:27:49.15",42021,0.09971428,0.1326141,0.02556801,25.734
"2025-04-08 17:27:49.2",42022,0.09698868,0.1289482,0.02188873,25.7439
"2025-04-08 17:27:49.25",42023,0.09584236,0.1273537,0.02208328,25.76193
"2025-04-08 17:27:49.3",42024,0.09675407,0.1272278,0.02316093,25.74509
"2025-04-08 17:27:49.35",42025,0.09547424,0.1277828,0.02305031,25.77569
"2025-04-08 17:27:49.4",42026,0.09160233,0.1275234,0.02498627,25.79778
"2025-04-08 17:27:49.45",42027,0.08895493,0.1278706,0.02375793,25.75911
"2025-04-08 17:27:49.5",42028,0.08694458,0.128685,0.01903915,25.74153
"2025-04-08 17:27:49.55",42029,0.08801651,0.1269054,0.02012444,25.75652
"2025-04-08 17:27:49.6",42030,0.09127998,0.1257114,0.02279663,25.76012
"2025-04-08 17:27:49.65",42031,0.09045792,0.1250954,0.0189743,25.75444
"2025-04-08 17:27:49.7",42032,0.08778191,0.1226044,0.02357864,25.73696
"2025-04-08 17:27:49.75",42033,0.08669853,0.1201706,0.02121353,25.75202
"2025-04-08 17:27:49.8",42034,0.08949661,0.121912,0.01791763,25.7862
"2025-04-08 17:27:49.85",42035,0.08862495,0.1189594,0.01814079,25.73214
"2025-04-08 17:27:49.9",42036,0.08762741,0.1180038,0.01814079,25.73685
"2025-04-08 17:27:49.95",42037,0.08688354,0.1226673,0.01510239,25.7859
"2025-04-08 17:27:50",42038,0.08671761,0.1223545,0.01169586,25.73434
"2025-04-08 17:27:50.05",42039,0.08661652,0.1207123,0.01194,25.73476
"2025-04-08 17:27:50.1",42040,0.1002884,0.1205158,0.0195694,25.78511
"2025-04-08 17:27:50.15",42041,0.1058559,0.119812,0.01833534,25.75964
"2025-04-08 17:27:50.2",42042,0.1072578,0.1211205,0.01435471,25.70939
"2025-04-08 17:27:50.25",42043,0.1074715,0.1221237,0.01444244,25.76122
"2025-04-08 17:27:50.3",42044,0.1043968,0.1236954,0.01671219,25.78226
"2025-04-08 17:27:50.35",42045,0.1030807,0.1222687,0.01542664,25.73051
"2025-04-08 17:27:50.4",42046,0.1076488,0.1220474,0.01319695,25.74521
"2025-04-08 17:27:50.45",42047,0.1074524,0.1221905,0.01612854,25.74396
"2025-04-08 17:27:50.5",42048,0.1067944,0.1188278,0.01197624,25.75896
"2025-04-08 17:27:50.55",42049,0.1051369,0.1227322,0.01652718,25.80467
"2025-04-08 17:27:50.6",42050,0.1049576,0.1231308,0.01838493,25.75592
"2025-04-08 17:27:50.65",42051,0.1007061,0.1219559,0.01397324,25.799
"2025-04-08 17:27:50.7",42052,0.1037331,0.1224937,0.01571655,25.75887
"2025-04-08 17:27:50.75",42053,0.1042538,0.1231308,0.01668358,25.75491
"2025-04-08 17:27:50.8",42054,0.1053696,0.1219788,0.01794434,25.7561
"2025-04-08 17:27:50.85",42055,0.1062126,0.1209526,0.01939583,25.74448
"2025-04-08 17:27:50.9",42056,0.1057396,0.1219292,0.01779556,25.80027
"2025-04-08 17:27:50.95",42057,0.1041813,0.121439,0.01337051,25.75546
"2025-04-08 17:27:51",42058,0.1046391,0.1182766,0.02116203,25.74243
"2025-04-08 17:27:51.05",42059,0.102354,0.121769,0.01644707,25.75522
"2025-04-08 17:27:51.1",42060,0.1045666,0.1220245,0.01862526,25.73833
"2025-04-08 17:27:51.15",42061,0.09888649,0.1183891,0.01752663,25.75635
"2025-04-08 17:27:51.2",42062,0.1001835,0.1175346,0.01678848,25.77576
"2025-04-08 17:27:51.25",42063,0.1010704,0.115612,0.01995087,25.73586
"2025-04-08 17:27:51.3",42064,0.09429359,0.1134968,0.01686287,25.73966
"2025-04-08 17:27:51.35",42065,0.09276009,0.1135921,0.01524925,25.77738
"2025-04-08 17:27:51.4",42066,0.09311676,0.1139374,0.01631355,25.75646
"2025-04-08 17:27:51.45",42067,0.09176064,0.1134624,0.01385689,25.74024
"2025-04-08 17:27:51.5",42068,0.09177208,0.1093464,0.01324081,25.75858
"2025-04-08 17:27:51.55",42069,0.09135628,0.1120663,0.01501465,25.77626
"2025-04-08 17:27:51.6",42070,0.08901596,0.10779,0.01895142,25.75256
"2025-04-08 17:27:51.65",42071,0.08766747,0.1061401,0.01581001,25.77512
"2025-04-08 17:27:51.7",42072,0.09363174,0.1025047,0.01743126,25.7379
"2025-04-08 17:27:51.75",42073,0.09692192,0.1026287,0.01593399,25.75002
"2025-04-08 17:27:51.8",42074,0.0983429,0.0990715,0.01673126,25.77148
"2025-04-08 17:27:51.85",42075,0.1035118,0.09973907,0.02219009,25.77299
"2025-04-08 17:27:51.9",42076,0.1043377,0.1012039,0.01981735,25.73468
"2025-04-08 17:27:51.95",42077,0.1016903,0.1003647,0.01554489,25.75007
"2025-04-08 17:27:52",42078,0.09932899,0.09765244,0.01543808,25.7515
"2025-04-08 17:27:52.05",42079,0.1008854,0.09880257,0.01523781,25.75287
"2025-04-08 17:27:52.1",42080,0.09831238,0.09942055,0.01747131,25.77422
"2025-04-08 17:27:52.15",42081,0.09502792,0.09834862,0.01976013,25.77754
"2025-04-08 17:27:52.2",42082,0.09931183,0.0994072,0.01614189,25.75231
"2025-04-08 17:27:52.25",42083,0.09973526,0.09832191,0.01462746,25.77341
"2025-04-08 17:27:52.3",42084,0.09848022,0.09534645,0.01429176,25.77465
"2025-04-08 17:27:52.35",42085,0.09737968,0.09554672,0.01849174,25.73542
"2025-04-08 17:27:52.4",42086,0.09758949,0.09598351,0.02039719,25.77139
"2025-04-08 17:27:52.45",42087,0.09499168,0.0951004,0.02167511,25.7727
"2025-04-08 17:27:52.5",42088,0.09607697,0.09072113,0.02392578,25.7722
"2025-04-08 17:27:52.55",42089,0.09452057,0.09255219,0.02183723,25.74839
"2025-04-08 17:27:52.6",42090,0.09596634,0.09171486,0.01733208,25.79388
"2025-04-08 17:27:52.65",42091,0.09321213,0.09117317,0.02127838,25.77321
"2025-04-08 17:27:52.7",42092,0.09540176,0.09157562,0.0249157,25.7943
"2025-04-08 17:27:52.75",42093,0.09383011,0.09140396,0.02247429,25.80135
"2025-04-08 17:27:52.8",42094,0.09020805,0.09123421,0.0187149,25.77729
"2025-04-08 17:27:52.85",42095,0.09011078,0.08805275,0.02160263,25.80022
"2025-04-08 17:27:52.9",42096,0.09156609,0.08839607,0.02431107,25.79917
"2025-04-08 17:27:52.95",42097,0.09668541,0.09147072,0.02728462,25.78343
"2025-04-08 17:27:53",42098,0.09166336,0.08704758,0.02639961,25.80217
"2025-04-08 17:27:53.05",42099,0.09024239,0.08808899,0.02189445,25.80048
"2025-04-08 17:27:53.1",42100,0.08782196,0.08402061,0.02297592,25.79893
"2025-04-08 17:27:53.15",42101,0.08582306,0.08379555,0.02500343,25.79929
"2025-04-08 17:27:53.2",42102,0.08675003,0.08433342,0.02507782,25.79175
"2025-04-08 17:27:53.25",42103,0.08999634,0.08758163,0.02683449,25.78722
"2025-04-08 17:27:53.3",42104,0.08842468,0.08060646,0.02156258,25.78364
"2025-04-08 17:27:53.35",42105,0.08990669,0.07803154,0.02095985,25.77576
"2025-04-08 17:27:53.4",42106,0.08942032,0.07558632,0.02848434,25.75327
"2025-04-08 17:27:53.45",42107,0.08847427,0.07431984,0.02591896,25.77741
"2025-04-08 17:27:53.5",42108,0.08795547,0.07365227,0.02482986,25.77834
"2025-04-08 17:27:53.55",42109,0.08571243,0.07454681,0.03105927,25.7578
"2025-04-08 17:27:53.6",42110,0.08586884,0.08400917,0.02420998,25.78077
"2025-04-08 17:27:53.65",42111,0.08570099,0.08452606,0.0279808,25.7597
"2025-04-08 17:27:53.7",42112,0.08473969,0.08748817,0.02980804,25.78404
"2025-04-08 17:27:53.75",42113,0.08213806,0.08590317,0.0274334,25.75243
"2025-04-08 17:27:53.8",42114,0.08140182,0.08557701,0.02588081,25.75948
"2025-04-08 17:27:53.85",42115,0.08088493,0.08688354,0.02786446,25.78372
"2025-04-08 17:27:53.9",42116,0.07467079,0.08486176,0.02906609,25.78285
"2025-04-08 17:27:53.95",42117,0.07636642,0.08743095,0.02875328,25.75164
"2025-04-08 17:27:54",42118,0.08079147,0.08572388,0.0246067,25.73253
"2025-04-08 17:27:54.05",42119,0.08132744,0.0859623,0.02800941,25.75511
"2025-04-08 17:27:54.1",42120,0.07949638,0.08390236,0.03055382,25.7298
"2025-04-08 17:27:54.15",42121,0.07970047,0.08452606,0.0240097,25.75296
"2025-04-08 17:27:54.2",42122,0.08034897,0.08365059,0.02499199,25.73055
"2025-04-08 17:27:54.25",42123,0.08300209,0.08344841,0.02179909,25.74998
"2025-04-08 17:27:54.3",42124,0.08496857,0.08288002,0.02340317,25.74937
"2025-04-08 17:27:54.35",42125,0.08189011,0.08229446,0.02438545,25.72953
"2025-04-08 17:27:54.4",42126,0.08280563,0.08413124,0.02466202,25.72971
"2025-04-08 17:27:54.45",42127,0.08087349,0.08229446,0.0261116,25.74904
"2025-04-08 17:27:54.5",42128,0.08314133,0.0838623,0.02729225,25.7514
"2025-04-08 17:27:54.55",42129,0.08003807,0.08302498,0.02573586,25.73199
"2025-04-08 17:27:54.6",42130,0.08103561,0.08337212,0.02350235,25.72916
"2025-04-08 17:27:54.65",42131,0.08655357,0.08568764,0.02215767,25.70614
"2025-04-08 17:27:54.7",42132,0.08289528,0.08432198,0.0242939,25.73003
"2025-04-08 17:27:54.75",42133,0.07964134,0.08104897,0.02217674,25.70724
"2025-04-08 17:27:54.8",42134,0.078228,0.08314705,0.01882744,25.70707
"2025-04-08 17:27:54.85",42135,0.08012199,0.08183479,0.0225811,25.7066
"2025-04-08 17:27:54.9",42136,0.08083534,0.08152962,0.02218246,25.70637
"2025-04-08 17:27:54.95",42137,0.08396912,0.08310509,0.02425575,25.69025
"2025-04-08 17:27:55",42138,0.08489037,0.08150101,0.02396584,25.70497
"2025-04-08 17:27:55.05",42139,0.08621025,0.08316994,0.02244186,25.6909
"2025-04-08 17:27:55.1",42140,0.08285713,0.08246803,0.02205467,25.69276
"2025-04-08 17:27:55.15",42141,0.08438873,0.08451462,0.02770615,25.69167
"2025-04-08 17:27:55.2",42142,0.08317757,0.08656502,0.02345085,25.70562
"2025-04-08 17:27:55.25",42143,0.07873535,0.0862236,0.01903343,25.70702
"2025-04-08 17:27:55.3",42144,0.07709885,0.08696175,0.01635933,25.67915
"2025-04-08 17:27:55.35",42145,0.08115959,0.08423615,0.01990128,25.68998
"2025-04-08 17:27:55.4",42146,0.08135033,0.08651733,0.01155663,25.68005
"2025-04-08 17:27:55.45",42147,0.08189583,0.085392,0.01491165,25.68359
"2025-04-08 17:27:55.5",42148,0.08207512,0.08530807,0.0136776,25.70894
"2025-04-08 17:27:55.55",42149,0.08207512,0.08322525,0.01082611,25.69172
"2025-04-08 17:27:55.6",42150,0.07801437,0.08473587,0.01356506,25.73001
"2025-04-08 17:27:55.65",42151,0.0785408,0.08202171,0.01177216,25.65605
"2025-04-08 17:27:55.7",42152,0.07987976,0.08238983,0.008317947,25.63741
"2025-04-08 17:27:55.75",42153,0.07774162,0.08138466,0.01104164,25.74683
"2025-04-08 17:27:55.8",42154,0.07791519,0.0813961,0.01000786,25.70396
"2025-04-08 17:27:55.85",42155,0.07878685,0.08244514,0.007925034,25.70442
"2025-04-08 17:27:55.9",42156,0.07940102,0.08328056,0.009195328,25.68732
"2025-04-08 17:27:55.95",42157,0.08027267,0.08349037,0.006011963,25.68941
"2025-04-08 17:27:56",42158,0.08203506,0.08201599,0.009836197,25.63879
"2025-04-08 17:27:56.05",42159,0.08285141,0.08430481,0.008329391,25.68893
"2025-04-08 17:27:56.1",42160,0.07782555,0.08066177,0.01122475,25.68896
"2025-04-08 17:27:56.15",42161,0.08219719,0.08302116,0.009460449,25.6756
"2025-04-08 17:27:56.2",42162,0.07791901,0.08217049,0.006824493,25.67408
"2025-04-08 17:27:56.25",42163,0.07876778,0.08322716,0.008852005,25.67386
"2025-04-08 17:27:56.3",42164,0.08081245,0.07978058,0.0060215,25.67247
"2025-04-08 17:27:56.35",42165,0.07782173,0.0781765,0.00884819,25.65308
"2025-04-08 17:27:56.4",42166,0.07988167,0.08347321,0.003425598,25.67221
"2025-04-08 17:27:56.45",42167,0.07857513,0.07988548,0.002067566,25.67136
"2025-04-08 17:27:56.5",42168,0.07913208,0.08188438,0.004213333,25.67365
"2025-04-08 17:27:56.55",42169,0.08093071,0.07963371,0.005176544,25.68614
"2025-04-08 17:27:56.6",42170,0.08105469,0.08053017,-0.0009479523,25.67284
"2025-04-08 17:27:56.65",42171,0.08283424,0.08032799,-0.00528717,25.64915
"2025-04-08 17:27:56.7",42172,0.07851219,0.07937241,0.0009937286,25.636
"2025-04-08 17:27:56.75",42173,0.07728958,0.08006096,0.001745224,25.65177
"2025-04-08 17:27:56.8",42174,0.07856178,0.08003044,0.003881454,25.65051
"2025-04-08 17:27:56.85",42175,0.08296776,0.08017731,0.0006752014,25.67384
"2025-04-08 17:27:56.9",42176,0.07896042,0.07861328,-0.002735138,25.67443
"2025-04-08 17:27:56.95",42177,0.08043289,0.0822773,0.001306534,25.64978
"2025-04-08 17:27:57",42178,0.08049965,0.08143806,-0.00293541,25.67107
"2025-04-08 17:27:57.05",42179,0.07808685,0.07792664,-0.0005474091,25.67274
"2025-04-08 17:27:57.1",42180,0.07398224,0.07893753,0.003480911,25.68357
"2025-04-08 17:27:57.15",42181,0.07954025,0.0810833,-0.0007133484,25.68039
"2025-04-08 17:27:57.2",42182,0.07917023,0.08159065,-0.003826141,25.66063
"2025-04-08 17:27:57.25",42183,0.07493782,0.08186531,-0.0005512238,25.67515
"2025-04-08 17:27:57.3",42184,0.07547569,0.08334351,0.0001583099,25.65552
"2025-04-08 17:27:57.35",42185,0.0787487,0.08268356,2.288818E-05,25.68089
"2025-04-08 17:27:57.4",42186,0.07878113,0.08080101,-0.002885818,25.69955
"2025-04-08 17:27:57.45",42187,0.07783699,0.08175087,0.000541687,25.69853
"2025-04-08 17:27:57.5",42188,0.07839012,0.08113098,9.155273E-05,25.6964
"2025-04-08 17:27:57.55",42189,0.07693291,0.07311821,0.0004768372,25.68845
"2025-04-08 17:27:57.6",42190,0.07632256,0.06844902,0.00276947,25.68786
"2025-04-08 17:27:57.65",42191,0.08103752,0.06497955,0.003412247,25.70097
"2025-04-08 17:27:57.7",42192,0.08191872,0.06088829,-0.001684189,25.69877
"2025-04-08 17:27:57.75",42193,0.07966805,0.05841446,-0.002965927,25.66187
"2025-04-08 17:27:57.8",42194,0.07850647,0.05759811,0.0008544922,25.68034
"2025-04-08 17:27:57.85",42195,0.07851219,0.06038475,-0.002075195,25.69116
"2025-04-08 17:27:57.9",42196,0.07757378,0.05948067,-0.0003414154,25.64
"2025-04-08 17:27:57.95",42197,0.07693672,0.06177521,0.001514435,25.67546
"2025-04-08 17:27:58",42198,0.08024979,0.06266212,0.001123428,25.6722
"2025-04-08 17:27:58.05",42199,0.08696365,0.06007576,0.0001144409,25.63668
"2025-04-08 17:27:58.1",42200,0.08278465,0.06214523,-0.0005626678,25.63633
"2025-04-08 17:27:58.15",42201,0.08121681,0.06229591,0.00365448,25.67153
"2025-04-08 17:27:58.2",42202,0.0814209,0.06365204,0.00279808,25.66786
"2025-04-08 17:27:58.25",42203,0.08004189,0.06231499,-0.001478195,25.63371
"2025-04-08 17:27:58.3",42204,0.07777023,0.06241798,0.003417969,25.63365
"2025-04-08 17:27:58.35",42205,0.07812691,0.06162262,0.004550934,25.6459
"2025-04-08 17:27:58.4",42206,0.07755852,0.06171227,0.003612518,25.66645
"2025-04-08 17:27:58.45",42207,0.07818413,0.06436539,-0.0003299713,25.66718
"2025-04-08 17:27:58.5",42208,0.07889366,0.06429482,-0.001750946,25.63173
"2025-04-08 17:27:58.55",42209,0.07442856,0.06591988,-0.002737045,25.62724
"2025-04-08 17:27:58.6",42210,0.07945251,0.06504822,-0.001981735,25.66338
"2025-04-08 17:27:58.65",42211,0.08020401,0.06422806,-0.0009307861,25.6659
"2025-04-08 17:27:58.7",42212,0.07723236,0.06471252,-0.002847672,25.63082
"2025-04-08 17:27:58.75",42213,0.07790375,0.06534767,-0.001657486,25.63024
"2025-04-08 17:27:58.8",42214,0.0801754,0.06423759,0.002340317,25.63017
"2025-04-08 17:27:58.85",42215,0.07988739,0.06284332,-0.002298355,25.63331
"2025-04-08 17:27:58.9",42216,0.08184624,0.06159782,-0.005144119,25.63309
"2025-04-08 17:27:58.95",42217,0.08091927,0.0629406,-0.004892349,25.61556
"2025-04-08 17:27:59",42218,0.08010483,0.06649971,-0.001239777,25.63177
"2025-04-08 17:27:59.05",42219,0.07797813,0.06351089,-0.005691528,25.6342
"2025-04-08 17:27:59.1",42220,0.07485008,0.06428146,0.0001506805,25.61646
"2025-04-08 17:27:59.15",42221,0.07839012,0.06352806,-0.003175735,25.63064
"2025-04-08 17:27:59.2",42222,0.08317566,0.06570625,-0.0006313324,25.64098
"2025-04-08 17:27:59.25",42223,0.07899475,0.06110382,-0.002887726,25.63256
"2025-04-08 17:27:59.3",42224,0.07719994,0.06132126,-0.003595352,25.61707
"2025-04-08 17:27:59.35",42225,0.08042336,0.06092072,-0.005058289,25.57951
"2025-04-08 17:27:59.4",42226,0.08235931,0.060606,-0.00321579,25.62066
"2025-04-08 17:27:59.45",42227,0.07928276,0.06126785,-0.00394249,25.63101
"2025-04-08 17:27:59.5",42228,0.07930946,0.06066513,-0.002428055,25.63245
"2025-04-08 17:27:59.55",42229,0.07932663,0.06009865,-0.003913879,25.61929
"2025-04-08 17:27:59.6",42230,0.08132172,0.05993843,-0.0002784729,25.63198
"2025-04-08 17:27:59.65",42231,0.08140182,0.05786133,-0.002758026,25.63285
"2025-04-08 17:27:59.7",42232,0.08288002,0.06082535,-0.00393486,25.60226
"2025-04-08 17:27:59.75",42233,0.07493782,0.05965233,-0.001428604,25.61987
"2025-04-08 17:27:59.8",42234,0.06176376,0.06051254,-0.004150391,25.62154
"2025-04-08 17:27:59.85",42235,0.0629921,0.05760956,-0.005376816,25.56059
"2025-04-08 17:27:59.9",42236,0.05828285,0.0571785,-0.008008957,25.62053
"2025-04-08 17:27:59.95",42237,0.05597305,0.05724716,-0.007328033,25.58381
"2025-04-08 17:28:00",42238,0.06088638,0.05738068,-0.003082275,25.58015
"2025-04-08 17:28:00.05",42239,0.0627594,0.05751991,-0.002305984,25.55647
"2025-04-08 17:28:00.1",42240,0.06079674,0.05404091,-0.007173538,25.55747
"2025-04-08 17:28:00.15",42241,0.06056786,0.05377388,-0.008615494,25.5558
"2025-04-08 17:28:00.2",42242,0.06058502,0.05483437,-0.0090065,25.55475
"2025-04-08 17:28:00.25",42243,0.06447411,0.05646324,-0.004844666,25.55383
"2025-04-08 17:28:00.3",42244,0.0585804,0.05313492,-0.006813049,25.61613
"2025-04-08 17:28:00.35",42245,0.05973816,0.05470467,-0.005727768,25.57759
"2025-04-08 17:28:00.4",42246,0.05967903,0.05475998,-0.006990433,25.55547
"2025-04-08 17:28:00.45",42247,0.06201363,0.0540638,-0.008930206,25.57887
"2025-04-08 17:28:00.5",42248,0.05798149,0.05638123,-0.008796692,25.55814
"2025-04-08 17:28:00.55",42249,0.05901718,0.05460358,-0.003923416,25.55708
"2025-04-08 17:28:00.6",42250,0.06117249,0.05503845,-0.002943039,25.5783
"2025-04-08 17:28:00.65",42251,0.06522751,0.05365562,-0.000875473,25.55728
"2025-04-08 17:28:00.7",42252,0.05729675,0.05338669,-0.009260178,25.55753
"2025-04-08 17:28:00.75",42253,0.06225586,0.05438232,-0.002840042,25.57978
"2025-04-08 17:28:00.8",42254,0.0630703,0.05318451,-0.006202698,25.55558
"2025-04-08 17:28:00.85",42255,0.06059837,0.05332947,-0.01007271,25.55775
"2025-04-08 17:28:00.9",42256,0.0610714,0.05413055,-0.008371353,25.59993
"2025-04-08 17:28:00.95",42257,0.06093216,0.0547142,-0.00684166,25.57716
"2025-04-08 17:28:01",42258,0.0650692,0.05409431,-0.004802704,25.55384
"2025-04-08 17:28:01.05",42259,0.05841446,0.05335426,-0.009721756,25.57769
"2025-04-08 17:28:01.1",42260,0.05970764,0.05327415,-0.006732941,25.55492
"2025-04-08 17:28:01.15",42261,0.06443977,0.055336,-0.01002884,25.55386
"2025-04-08 17:28:01.2",42262,0.06223869,0.05575371,-0.01419449,25.61242
"2025-04-08 17:28:01.25",42263,0.06271935,0.05477142,-0.009561539,25.5493
"2025-04-08 17:28:01.3",42264,0.06256676,0.05484009,-0.01214409,25.58035
"2025-04-08 17:28:01.35",42265,0.06345749,0.05572701,-0.008430481,25.55441
"2025-04-08 17:28:01.4",42266,0.06269646,0.05365944,-0.00733757,25.55609
"2025-04-08 17:28:01.45",42267,0.06273651,0.05265045,-0.01046371,25.55408
"2025-04-08 17:28:01.5",42268,0.05911255,0.05214119,-0.007665634,25.55399
"2025-04-08 17:28:01.55",42269,0.06181526,0.05291176,-0.007062912,25.55397
"2025-04-08 17:28:01.6",42270,0.06497383,0.05223465,-0.01237488,25.55435
"2025-04-08 17:28:01.65",42271,0.0635128,0.0521183,-0.01288414,25.55504
"2025-04-08 17:28:01.7",42272,0.06064224,0.05279541,-0.01417732,25.55423
"2025-04-08 17:28:01.75",42273,0.06092453,0.0510006,-0.01307297,25.55412
"2025-04-08 17:28:01.8",42274,0.06098938,0.05241585,-0.0141468,25.57813
"2025-04-08 17:28:01.85",42275,0.06031799,0.05117989,-0.01078796,25.55746
"2025-04-08 17:28:01.9",42276,0.06500244,0.05178261,-0.01143265,25.55701
"2025-04-08 17:28:01.95",42277,0.06357384,0.05286026,-0.01536369,25.59958
"2025-04-08 17:28:02",42278,0.06828117,0.05273819,-0.01489258,25.58117
"2025-04-08 17:28:02.05",42279,0.06632614,0.05225754,-0.01524353,25.55851
"2025-04-08 17:28:02.1",42280,0.0637455,0.0524826,-0.01596642,25.5518
"2025-04-08 17:28:02.15",42281,0.06333923,0.04984093,-0.01530075,25.5545
"2025-04-08 17:28:02.2",42282,0.06201363,0.05114555,-0.013134,25.54643
"2025-04-08 17:28:02.25",42283,0.061306,0.05177689,-0.01313972,25.55563
"2025-04-08 17:28:02.3",42284,0.0636692,0.05319595,-0.01260948,25.57618
"2025-04-08 17:28:02.35",42285,0.06193733,0.05223656,-0.01710129,25.52226
"2025-04-08 17:28:02.4",42286,0.06095314,0.05212402,-0.01613426,25.52236
"2025-04-08 17:28:02.45",42287,0.06489182,0.05120277,-0.01359749,25.54479
"2025-04-08 17:28:02.5",42288,0.06320572,0.05181313,-0.01273918,25.54213
"2025-04-08 17:28:02.55",42289,0.06554413,0.05483818,-0.01503944,25.57252
"2025-04-08 17:28:02.6",42290,0.06233406,0.05393982,-0.01820946,25.52468
"2025-04-08 17:28:02.65",42291,0.06092072,0.05374908,-0.01808739,25.52481
"2025-04-08 17:28:02.7",42292,0.06106186,0.05521774,-0.01520729,25.52321
"2025-04-08 17:28:02.75",42293,0.06109428,0.05712318,-0.01161385,25.52144
"2025-04-08 17:28:02.8",42294,0.06445122,0.05370522,-0.01716042,25.54543
"2025-04-08 17:28:02.85",42295,0.05914879,0.0534935,-0.01762962,25.55312
"2025-04-08 17:28:02.9",42296,0.06193161,0.05825615,-0.01260948,25.49998
"2025-04-08 17:28:02.95",42297,0.06211472,0.05737877,-0.01374435,25.52216
"2025-04-08 17:28:03",42298,0.06121063,0.0566597,-0.02036667,25.55243
"2025-04-08 17:28:03.05",42299,0.06149673,0.05987549,-0.01818466,25.5229
"2025-04-08 17:28:03.1",42300,0.06007576,0.06003189,-0.0174675,25.52098
"2025-04-08 17:28:03.15",42301,0.05940247,0.05608559,-0.0226059,25.52232
"2025-04-08 17:28:03.2",42302,0.06140518,0.05890274,-0.01640129,25.50138
"2025-04-08 17:28:03.25",42303,0.06102562,0.05965996,-0.01438522,25.50119
"2025-04-08 17:28:03.3",42304,0.06123924,0.06040764,-0.01452065,25.54245
"2025-04-08 17:28:03.35",42305,0.06049538,0.06085396,-0.01784325,25.50174
"2025-04-08 17:28:03.4",42306,0.05797577,0.06132889,-0.01602745,25.48589
"2025-04-08 17:28:03.45",42307,0.05764771,0.062603,-0.01380348,25.49972
"2025-04-08 17:28:03.5",42308,0.06040764,0.05824089,-0.01393318,25.48564
"2025-04-08 17:28:03.55",42309,0.0578537,0.05646896,-0.01574707,25.48642
"2025-04-08 17:28:03.6",42310,0.05669403,0.0568943,-0.01626015,25.50143
"2025-04-08 17:28:03.65",42311,0.05609703,0.05573845,-0.01428604,25.49941
"2025-04-08 17:28:03.7",42312,0.05443573,0.05536461,-0.01005173,25.48663
"2025-04-08 17:28:03.75",42313,0.05639267,0.05573082,-0.01707077,25.48822
"2025-04-08 17:28:03.8",42314,0.05220795,0.05613518,-0.008392334,25.47015
"2025-04-08 17:28:03.85",42315,0.05661392,0.05697632,-0.01450729,25.48409
"2025-04-08 17:28:03.9",42316,0.05674171,0.05570602,-0.01553154,25.48376
"2025-04-08 17:28:03.95",42317,0.05727386,0.05513573,-0.0085392,25.4855
"2025-04-08 17:28:04",42318,0.05382156,0.05686569,-0.006258011,25.46944
"2025-04-08 17:28:04.05",42319,0.0544529,0.05535889,-0.009281158,25.48566
"2025-04-08 17:28:04.1",42320,0.05699539,0.05540848,-0.01143074,25.47471
"2025-04-08 17:28:04.15",42321,0.05529785,0.05484009,-0.008516312,25.4749
"2025-04-08 17:28:04.2",42322,0.05275154,0.05612755,-0.00336647,25.50514
"2025-04-08 17:28:04.25",42323,0.04921913,0.05265045,-0.004331589,25.4737
"2025-04-08 17:28:04.3",42324,0.05033302,0.05494499,-0.006259918,25.47443
"2025-04-08 17:28:04.35",42325,0.05032158,0.05353165,-0.003036499,25.47402
"2025-04-08 17:28:04.4",42326,0.05379868,0.05586243,-0.003026962,25.46892
"2025-04-08 17:28:04.45",42327,0.05358887,0.05307388,-0.007184982,25.47012
"2025-04-08 17:28:04.5",42328,0.0514946,0.05241394,-0.009212494,25.45654
"2025-04-08 17:28:04.55",42329,0.05429077,0.0524807,-0.0037117,25.45381
"2025-04-08 17:28:04.6",42330,0.05094528,0.05364799,-0.003093719,25.48217
"2025-04-08 17:28:04.65",42331,0.05521965,0.05545235,-0.001834869,25.50036
"2025-04-08 17:28:04.7",42332,0.05369377,0.05448151,-0.001455307,25.47035
"2025-04-08 17:28:04.75",42333,0.05416489,0.0532074,-0.00279808,25.45566
"2025-04-08 17:28:04.8",42334,0.05419731,0.05324554,-0.002668381,25.46857
"2025-04-08 17:28:04.85",42335,0.05367661,0.05328178,-0.00107193,25.46841
"2025-04-08 17:28:04.9",42336,0.05273438,0.05489349,0.003034592,25.471
"2025-04-08 17:28:04.95",42337,0.05682755,0.05622292,-0.002574921,25.47198
"2025-04-08 17:28:05",42338,0.05654335,0.05498505,0.001354218,25.45412
"2025-04-08 17:28:05.05",42339,0.05405045,0.05225754,-0.00144577,25.45388
"2025-04-08 17:28:05.1",42340,0.05389595,0.05479431,0.0004024506,25.47119
"2025-04-08 17:28:05.15",42341,0.05658722,0.0556488,0.004364014,25.45377
"2025-04-08 17:28:05.2",42342,0.05582619,0.05572128,0.00626564,25.45277
"2025-04-08 17:28:05.25",42343,0.05248642,0.05455017,0.005939484,25.47074
"2025-04-08 17:28:05.3",42344,0.05344772,0.05538559,0.007026672,25.48428
"2025-04-08 17:28:05.35",42345,0.05405807,0.0559063,0.001609802,25.46883
"2025-04-08 17:28:05.4",42346,0.05646896,0.0553875,0.001630783,25.46657
"2025-04-08 17:28:05.45",42347,0.05644798,0.05775452,0.003206253,25.48553
"2025-04-08 17:28:05.5",42348,0.05443001,0.05873299,0.00916481,25.48473
"2025-04-08 17:28:05.55",42349,0.05379295,0.05994415,0.005802155,25.42902
"2025-04-08 17:28:05.6",42350,0.05202293,0.05964661,0.007732391,25.46793
"2025-04-08 17:28:05.65",42351,0.05523491,0.06047821,0.007131577,25.45518
"2025-04-08 17:28:05.7",42352,0.05370331,0.05844116,0.009225845,25.4542
"2025-04-08 17:28:05.75",42353,0.05816078,0.0588932,0.003044128,25.45381
"2025-04-08 17:28:05.8",42354,0.05908203,0.0567646,0.003955841,25.43546
"2025-04-08 17:28:05.85",42355,0.05535889,0.05674362,0.006368637,25.45605
"2025-04-08 17:28:05.9",42356,0.05560875,0.05766296,0.007600784,25.47033
"2025-04-08 17:28:05.95",42357,0.06168747,0.05792809,0.003334045,25.42909
"2025-04-08 17:28:06",42358,0.06209183,0.05681038,0.005630493,25.45383
"2025-04-08 17:28:06.05",42359,0.05898666,0.05621338,0.008943558,25.40212
"2025-04-08 17:28:06.1",42360,0.05925179,0.05750847,0.002298355,25.40096
"2025-04-08 17:28:06.15",42361,0.05616188,0.05715179,0.002937317,25.46726
"2025-04-08 17:28:06.2",42362,0.05464935,0.05648232,0.003923416,25.45382
"2025-04-08 17:28:06.25",42363,0.05994987,0.05648613,0.0005970001,25.47116
"2025-04-08 17:28:06.3",42364,0.06172943,0.05677795,0.004808426,25.43226
"2025-04-08 17:28:06.35",42365,0.06677437,0.05750656,0.002971649,25.4326
"2025-04-08 17:28:06.4",42366,0.07050896,0.05709457,-0.0004119873,25.43697
"2025-04-08 17:28:06.45",42367,0.0682888,0.05687332,0.006708145,25.45892
"2025-04-08 17:28:06.5",42368,0.06537056,0.05816078,0.0008544922,25.47112
"2025-04-08 17:28:06.55",42369,0.06215096,0.05812836,-3.623962E-05,25.4544
"2025-04-08 17:28:06.6",42370,0.06483459,0.05948639,0.002130508,25.46892
"2025-04-08 17:28:06.65",42371,0.06160164,0.05656433,-0.002471924,25.43159
"2025-04-08 17:28:06.7",42372,0.0638752,0.05747032,0.003545761,25.42963
"2025-04-08 17:28:06.75",42373,0.06437111,0.05749893,-0.001882553,25.48183
"2025-04-08 17:28:06.8",42374,0.06204224,0.05631256,-0.002876282,25.45232
"2025-04-08 17:28:06.85",42375,0.05905151,0.05650139,-0.002248764,25.45321
"2025-04-08 17:28:06.9",42376,0.06061363,0.05890465,0.0001087189,25.40029
"2025-04-08 17:28:06.95",42377,0.06069756,0.06015396,0.001443863,25.39666
"2025-04-08 17:28:07",42378,0.06241226,0.05894852,-0.003376007,25.3997
"2025-04-08 17:28:07.05",42379,0.05854797,0.0610714,-3.814697E-06,25.45317
"2025-04-08 17:28:07.1",42380,0.05919075,0.06232071,0.004364014,25.40079
"2025-04-08 17:28:07.15",42381,0.06216049,0.06212807,-0.0001888275,25.40045
"2025-04-08 17:28:07.2",42382,0.06297684,0.06477547,-0.004611969,25.39996
"2025-04-08 17:28:07.25",42383,0.06331635,0.06449509,-0.005235672,25.43243
"2025-04-08 17:28:07.3",42384,0.06562424,0.06727028,-0.008018494,25.40016
"2025-04-08 17:28:07.35",42385,0.0666008,0.06778336,-0.007421494,25.42913
"2025-04-08 17:28:07.4",42386,0.06417274,0.06561089,-0.003669739,25.40105
"2025-04-08 17:28:07.45",42387,0.0651989,0.06019402,-0.003181458,25.43237
"2025-04-08 17:28:07.5",42388,0.0645504,0.06463051,-0.007486343,25.42316
"2025-04-08 17:28:07.55",42389,0.06513023,0.06409264,-0.00381279,25.42845
"2025-04-08 17:28:07.6",42390,0.06702614,0.06580162,-0.005889893,25.42141
"2025-04-08 17:28:07.65",42391,0.0656395,0.07791519,-0.002370834,25.43187
"2025-04-08 17:28:07.7",42392,0.0670929,0.07889366,-0.00684166,25.4226
"2025-04-08 17:28:07.75",42393,0.06238365,0.079216,-0.00544548,25.42903
"2025-04-08 17:28:07.8",42394,0.06163597,0.0789547,-0.005632401,25.46822
"2025-04-08 17:28:07.85",42395,0.06305504,0.07767487,-0.002220154,25.45306
"2025-04-08 17:28:07.9",42396,0.06035805,0.07623863,-0.005411148,25.42385
"2025-04-08 17:28:07.95",42397,0.06098175,0.07596016,-0.003147125,25.45085
"2025-04-08 17:28:08",42398,0.06333923,0.07399559,-0.002607346,25.45226
"2025-04-08 17:28:08.05",42399,0.06064606,0.07235718,0.002708435,25.46827
"2025-04-08 17:28:08.1",42400,0.062603,0.07160378,0.0008945465,25.48351
"2025-04-08 17:28:08.15",42401,0.05839157,0.0718441,0.002368927,25.49524
"2025-04-08 17:28:08.2",42402,0.05971336,0.071455,-0.003725052,25.468
"2025-04-08 17:28:08.25",42403,0.06233788,0.06745911,-0.00110054,25.46627
"2025-04-08 17:28:08.3",42404,0.05847549,0.06802559,-8.392334E-05,25.49751
"2025-04-08 17:28:08.35",42405,0.06569672,0.06872177,0.003503799,25.49532
"2025-04-08 17:28:08.4",42406,0.06171417,0.06665802,0.001993179,25.4959
"2025-04-08 17:28:08.45",42407,0.06518364,0.06592941,-0.001104355,25.49953
"2025-04-08 17:28:08.5",42408,0.06751633,0.06637001,-0.001550674,25.47138
"2025-04-08 17:28:08.55",42409,0.06451607,0.06671143,-0.003267288,25.50042
"2025-04-08 17:28:08.6",42410,0.06398773,0.06757355,-0.0009746552,25.48621
"2025-04-08 17:28:08.65",42411,0.0648365,0.06309891,-0.005718231,25.48495
"2025-04-08 17:28:08.7",42412,0.06369209,0.06381416,-0.007995605,25.50234
"2025-04-08 17:28:08.75",42413,0.06048965,0.06482315,-0.009248734,25.46896
"2025-04-08 17:28:08.8",42414,0.06339073,0.06399155,-0.008453369,25.49435
"2025-04-08 17:28:08.85",42415,0.06152916,0.06128311,-0.005947113,25.48141
"2025-04-08 17:28:08.9",42416,0.06089973,0.06132317,-0.007606506,25.4978
"2025-04-08 17:28:08.95",42417,0.06407547,0.06174088,-0.01249695,25.51665
"2025-04-08 17:28:09",42418,0.05799294,0.06120682,-0.01065445,25.49435
"2025-04-08 17:28:09.05",42419,0.0602169,0.06126595,-0.008460999,25.48071
"2025-04-08 17:28:09.1",42420,0.05897141,0.05799294,-0.007862091,25.49622
"2025-04-08 17:28:09.15",42421,0.05610275,0.05759811,-0.009677887,25.53942
"2025-04-08 17:28:09.2",42422,0.05469513,0.05815697,-0.01220322,25.51622
"2025-04-08 17:28:09.25",42423,0.05386162,0.06064224,-0.009147644,25.56735
"2025-04-08 17:28:09.3",42424,0.04799843,0.06013298,-0.01166725,25.5718
"2025-04-08 17:28:09.35",42425,0.04921532,0.06094742,-0.01196098,25.54071
"2025-04-08 17:28:09.4",42426,0.05044365,0.06178093,-0.007287979,25.49423
"2025-04-08 17:28:09.45",42427,0.05174637,0.06097794,-0.009901047,25.56791
"2025-04-08 17:28:09.5",42428,0.05387688,0.05978203,-0.01467514,25.54715
"2025-04-08 17:28:09.55",42429,0.04729271,0.06046677,-0.01971436,25.51856
"2025-04-08 17:28:09.6",42430,0.0495739,0.06059837,-0.0146637,25.5439
"2025-04-08 17:28:09.65",42431,0.04874611,0.06113243,-0.0195694,25.5244
"2025-04-08 17:28:09.7",42432,0.04938126,0.06064034,-0.01849556,25.54698
"2025-04-08 17:28:09.75",42433,0.04998016,0.05847931,-0.01440239,25.54626
"2025-04-08 17:28:09.8",42434,0.04883575,0.06093216,-0.01926231,25.53749
"2025-04-08 17:28:09.85",42435,0.05149269,0.06131172,-0.01576614,25.56548
"2025-04-08 17:28:09.9",42436,0.04838753,0.06199455,-0.01657486,25.54387
"2025-04-08 17:28:09.95",42437,0.04783058,0.0621109,-0.01739693,25.54654
"2025-04-08 17:28:10",42438,0.05290604,0.06355095,-0.01898003,25.54664
"2025-04-08 17:28:10.05",42439,0.04987526,0.062994,-0.01838303,25.59137
"2025-04-08 17:28:10.1",42440,0.04700851,0.06167603,-0.02189064,25.5691
"2025-04-08 17:28:10.15",42441,0.04546165,0.06188583,-0.02088737,25.59144
"2025-04-08 17:28:10.2",42442,0.05064011,0.06200981,-0.0218811,25.54599
"2025-04-08 17:28:10.25",42443,0.04862976,0.06068611,-0.02283669,25.56615
"2025-04-08 17:28:10.3",42444,0.04922676,0.05967903,-0.02108192,25.56884
"2025-04-08 17:28:10.35",42445,0.05054283,0.06258011,-0.01880264,25.57021
"2025-04-08 17:28:10.4",42446,0.04746056,0.06245041,-0.02332497,25.59144
"2025-04-08 17:28:10.45",42447,0.04927254,0.06201363,-0.02141762,25.59088
"2025-04-08 17:28:10.5",42448,0.04966736,0.06168556,-0.024786,25.59216
"2025-04-08 17:28:10.55",42449,0.05086327,0.05999756,-0.02571106,25.60582
"2025-04-08 17:28:10.6",42450,0.05381584,0.06224442,-0.02072906,25.58984
"2025-04-08 17:28:10.65",42451,0.0494957,0.06287003,-0.02163887,25.60548
"2025-04-08 17:28:10.7",42452,0.05369568,0.06226158,-0.02232742,25.59525
"2025-04-08 17:28:10.75",42453,0.05267906,0.06556892,-0.02195168,25.59476
"2025-04-08 17:28:10.8",42454,0.04894638,0.06517029,-0.02129936,25.59392
"2025-04-08 17:28:10.85",42455,0.05007362,0.06632805,-0.01909447,25.60712
"2025-04-08 17:28:10.9",42456,0.05028343,0.06851768,-0.02200127,25.60908
"2025-04-08 17:28:10.95",42457,0.04899025,0.06498528,-0.02349854,25.60871
"2025-04-08 17:28:11",42458,0.04956818,0.06880188,-0.02498436,25.60604
"2025-04-08 17:28:11.05",42459,0.04964447,0.06488037,-0.02442551,25.60278
"2025-04-08 17:28:11.1",42460,0.04739952,0.06529808,-0.02279091,25.60356
"2025-04-08 17:28:11.15",42461,0.04768944,0.064991,-0.02281189,25.58777
"2025-04-08 17:28:11.2",42462,0.04749298,0.06511879,-0.02461052,25.60339
"2025-04-08 17:28:11.25",42463,0.04495811,0.06306458,-0.02214432,25.58739
"2025-04-08 17:28:11.3",42464,0.04691315,0.06284332,-0.02254295,25.60117
"2025-04-08 17:28:11.35",42465,0.04730988,0.06189728,-0.02247238,25.61766
"2025-04-08 17:28:11.4",42466,0.04739571,0.06206512,-0.01882362,25.58925
"2025-04-08 17:28:11.45",42467,0.04576492,0.06289864,-0.01759148,25.5882
"2025-04-08 17:28:11.5",42468,0.04370117,0.06245041,-0.01977921,25.58967
"2025-04-08 17:28:11.55",42469,0.04685783,0.06273651,-0.01785469,25.60345
"2025-04-08 17:28:11.6",42470,0.04668999,0.05950928,-0.01878166,25.60364
"2025-04-08 17:28:11.65",42471,0.04660797,0.05977058,-0.01801682,25.58679
"2025-04-08 17:28:11.7",42472,0.04620934,0.05908966,-0.02341652,25.61954
"2025-04-08 17:28:11.75",42473,0.0475235,0.05884933,-0.02574539,25.60627
"2025-04-08 17:28:11.8",42474,0.04415131,0.0585022,-0.02441406,25.60408
"2025-04-08 17:28:11.85",42475,0.04284286,0.06043434,-0.024683,25.62014
"2025-04-08 17:28:11.9",42476,0.04284096,0.06069756,-0.01802254,25.63284
"2025-04-08 17:28:11.95",42477,0.04102898,0.05729485,-0.02336121,25.63432
"2025-04-08 17:28:12",42478,0.04458046,0.05592918,-0.02250671,25.61974
"2025-04-08 17:28:12.05",42479,0.04347992,0.05666924,-0.01993179,25.62122
"2025-04-08 17:28:12.1",42480,0.04006767,0.0570507,-0.02002716,25.61701
"2025-04-08 17:28:12.15",42481,0.04257584,0.05612373,-0.02295303,25.60397
"2025-04-08 17:28:12.2",42482,0.04259872,0.05573845,-0.02211952,25.62006
"2025-04-08 17:28:12.25",42483,0.04430962,0.05587769,-0.02442551,25.6189
"2025-04-08 17:28:12.3",42484,0.04217148,0.05603981,-0.02147293,25.61833
"2025-04-08 17:28:12.35",42485,0.0425148,0.05518913,-0.02172852,25.61803
"2025-04-08 17:28:12.4",42486,0.04195404,0.05379868,-0.0223217,25.60349
"2025-04-08 17:28:12.45",42487,0.0408535,0.05063438,-0.02110481,25.60454
"2025-04-08 17:28:12.5",42488,0.04136276,0.0540638,-0.0252018,25.60552
"2025-04-08 17:28:12.55",42489,0.03992653,0.05259323,-0.02290344,25.60426
"2025-04-08 17:28:12.6",42490,0.03936768,0.05399132,-0.02558327,25.61806
"2025-04-08 17:28:12.65",42491,0.04602432,0.05105209,-0.01706123,25.61877
"2025-04-08 17:28:12.7",42492,0.04331589,0.05044746,-0.01482582,25.61919
"2025-04-08 17:28:12.75",42493,0.04111671,0.05123138,-0.01430321,25.65563
"2025-04-08 17:28:12.8",42494,0.04414368,0.05496597,-0.01589775,25.6335
"2025-04-08 17:28:12.85",42495,0.04347992,0.05118179,-0.01534081,25.65426
"2025-04-08 17:28:12.9",42496,0.04523468,0.05004883,-0.01684952,25.66902
"2025-04-08 17:28:12.95",42497,0.04672813,0.05095673,-0.0157547,25.67425
"2025-04-08 17:28:13",42498,0.04466248,0.05142784,-0.01398468,25.65778
"2025-04-08 17:28:13.05",42499,0.04705429,0.05433464,-0.01268196,25.67204
"2025-04-08 17:28:13.1",42500,0.04800987,0.05061722,-0.01523018,25.675
"2025-04-08 17:28:13.15",42501,0.04340172,0.05072212,-0.014328,25.66237
"2025-04-08 17:28:13.2",42502,0.04270172,0.05103683,-0.01589966,25.67146
"2025-04-08 17:28:13.25",42503,0.04196167,0.0512886,-0.01329041,25.66936
"2025-04-08 17:28:13.3",42504,0.04481316,0.04795456,-0.01165009,25.63219
"2025-04-08 17:28:13.35",42505,0.04640007,0.04774475,-0.01359177,25.67129
"2025-04-08 17:28:13.4",42506,0.04659462,0.04772758,-0.01371384,25.65319
"2025-04-08 17:28:13.45",42507,0.04160309,0.04838181,-0.01046944,25.66726
"2025-04-08 17:28:13.5",42508,0.04549599,0.0484333,-0.01357079,25.65217
"2025-04-08 17:28:13.55",42509,0.0459404,0.04531288,-0.01245117,25.66678
"2025-04-08 17:28:13.6",42510,0.04495239,0.04813766,-0.008600235,25.66886
"2025-04-08 17:28:13.65",42511,0.04669571,0.04539108,-0.008464813,25.63145
"2025-04-08 17:28:13.7",42512,0.04494286,0.04577065,-0.01085472,25.63146
"2025-04-08 17:28:13.75",42513,0.04678726,0.04226685,-0.01166153,25.66925
"2025-04-08 17:28:13.8",42514,0.04536247,0.04290009,-0.01344681,25.65483
"2025-04-08 17:28:13.85",42515,0.04190445,0.04276848,-0.0129261,25.65474
"2025-04-08 17:28:13.9",42516,0.04185867,0.04240608,-0.01353645,25.66798
"2025-04-08 17:28:13.95",42517,0.04337883,0.04230499,-0.01255989,25.66723
"2025-04-08 17:28:14",42518,0.04450226,0.04262924,-0.00948143,25.65587
"2025-04-08 17:28:14.05",42519,0.04594231,0.04251862,-0.01101875,25.65392
"2025-04-08 17:28:14.1",42520,0.04525948,0.04225731,-0.01115227,25.65398
"2025-04-08 17:28:14.15",42521,0.04278755,0.04318428,-0.01155853,25.6534
"2025-04-08 17:28:14.2",42522,0.04608154,0.04269791,-0.007566452,25.70526
"2025-04-08 17:28:14.25",42523,0.04384613,0.04216194,-0.007511139,25.6552
"2025-04-08 17:28:14.3",42524,0.0476284,0.0427475,-0.01021194,25.68604
"2025-04-08 17:28:14.35",42525,0.04567337,0.0445919,-0.007062912,25.70473
"2025-04-08 17:28:14.4",42526,0.04836464,0.0450325,-0.01068878,25.7046
"2025-04-08 17:28:14.45",42527,0.0440712,0.04621696,-0.01291084,25.70372
"2025-04-08 17:28:14.5",42528,0.04795265,0.04443359,-0.01048088,25.70608
"2025-04-08 17:28:14.55",42529,0.04347229,0.04115677,-0.01246262,25.68356
"2025-04-08 17:28:14.6",42530,0.04221725,0.04145813,-0.009386063,25.70463
"2025-04-08 17:28:14.65",42531,0.04083252,0.04352951,-0.005138397,25.70629
"2025-04-08 17:28:14.7",42532,0.04747963,0.04034233,-0.007265091,25.68466
"2025-04-08 17:28:14.75",42533,0.04509926,0.03940773,-0.009023666,25.68453
"2025-04-08 17:28:14.8",42534,0.04190826,0.03983116,-0.009119034,25.70632
"2025-04-08 17:28:14.85",42535,0.04475784,0.0399456,-0.006439209,25.70524
"2025-04-08 17:28:14.9",42536,0.04598236,0.03948784,-0.00444603,25.68311
"2025-04-08 17:28:14.95",42537,0.04535675,0.03870583,-0.006002426,25.70748
"2025-04-08 17:28:15",42538,0.04636574,0.03933525,-0.003616333,25.68587
"2025-04-08 17:28:15.05",42539,0.04778481,0.03944588,-0.007699966,25.70553
"2025-04-08 17:28:15.1",42540,0.04815483,0.04055405,-0.009275436,25.70581
"2025-04-08 17:28:15.15",42541,0.04753494,0.03955841,-0.006998062,25.72867
"2025-04-08 17:28:15.2",42542,0.04831123,0.03904915,-0.00758934,25.71043
"2025-04-08 17:28:15.25",42543,0.04954529,0.03919601,-0.004928589,25.74022
"2025-04-08 17:28:15.3",42544,0.04646301,0.04040337,-0.003911972,25.70885
"2025-04-08 17:28:15.35",42545,0.04623985,0.04046822,-0.005281448,25.70833
"2025-04-08 17:28:15.4",42546,0.04530525,0.04025269,-0.005220413,25.73653
"2025-04-08 17:28:15.45",42547,0.04397583,0.03965187,-0.005104065,25.73186
"2025-04-08 17:28:15.5",42548,0.04502106,0.03963661,-0.005126953,25.73714
"2025-04-08 17:28:15.55",42549,0.04610252,0.04042816,-0.004785538,25.73466
"2025-04-08 17:28:15.6",42550,0.04608917,0.04015732,-0.002780914,25.70372
"2025-04-08 17:28:15.65",42551,0.04611015,0.03969383,-0.004417419,25.72641
"2025-04-08 17:28:15.7",42552,0.04236794,0.0389328,-0.004325867,25.72839
"2025-04-08 17:28:15.75",42553,0.04359627,0.03987122,-0.00526619,25.72717
"2025-04-08 17:28:15.8",42554,0.0469799,0.04164314,-0.001472473,25.72424
"2025-04-08 17:28:15.85",42555,0.04899025,0.04134178,-0.001913071,25.73269
"2025-04-08 17:28:15.9",42556,0.04264259,0.04026985,-0.0006732941,25.72556
"2025-04-08 17:28:15.95",42557,0.04519272,0.04000664,-0.0005054474,25.72651
"2025-04-08 17:28:16",42558,0.04503059,0.04139519,-0.0002384186,25.73547
"2025-04-08 17:28:16.05",42559,0.04704857,0.04226875,0.0003528595,25.72675
"2025-04-08 17:28:16.1",42560,0.04758453,0.04317856,-0.0007915497,25.72519
"2025-04-08 17:28:16.15",42561,0.04921913,0.03941345,-0.001401901,25.70653
"2025-04-08 17:28:16.2",42562,0.04612732,0.04218864,-0.001106262,25.72809
"2025-04-08 17:28:16.25",42563,0.04415894,0.03940392,-0.001356125,25.70514
"2025-04-08 17:28:16.3",42564,0.04195404,0.04208946,0.0007343292,25.72649
"2025-04-08 17:28:16.35",42565,0.04387474,0.03922844,0.000415802,25.70444
"2025-04-08 17:28:16.4",42566,0.04345703,0.03899002,0.0002403259,25.72775
"2025-04-08 17:28:16.45",42567,0.04364777,0.03935623,0.0007820129,25.7281
"2025-04-08 17:28:16.5",42568,0.04173279,0.0423336,0.0003414154,25.70399
"2025-04-08 17:28:16.55",42569,0.04576874,0.04035759,0.0001792908,25.7248
"2025-04-08 17:28:16.6",42570,0.042099,0.04093361,0.0006713867,25.70586
"2025-04-08 17:28:16.65",42571,0.04678154,0.04397774,0.003839493,25.72679
"2025-04-08 17:28:16.7",42572,0.04437447,0.04272079,0.0003681183,25.72588
"2025-04-08 17:28:16.75",42573,0.04638863,0.04393578,0.002721786,25.72644
"2025-04-08 17:28:16.8",42574,0.04375839,0.04256821,0.003568649,25.72614
"2025-04-08 17:28:16.85",42575,0.0451889,0.04286957,0.003202438,25.72745
"2025-04-08 17:28:16.9",42576,0.04255867,0.04252434,0.0041008,25.72546
"2025-04-08 17:28:16.95",42577,0.04535675,0.04313278,0.003713608,25.72668
"2025-04-08 17:28:17",42578,0.04489708,0.04268646,0.003063202,25.72427
"2025-04-08 17:28:17.05",42579,0.04573059,0.04151726,0.003168106,25.72686
"2025-04-08 17:28:17.1",42580,0.04074669,0.04155731,0.003194809,25.72636
"2025-04-08 17:28:17.15",42581,0.0407753,0.03915787,0.00362587,25.72565
"2025-04-08 17:28:17.2",42582,0.04308701,0.04216576,0.003530502,25.70234
"2025-04-08 17:28:17.25",42583,0.046278,0.04123306,0.003099442,25.72507
"2025-04-08 17:28:17.3",42584,0.04628944,0.04122353,0.003055573,25.73532
"2025-04-08 17:28:17.35",42585,0.0492363,0.0436821,0.005836487,25.72888
"2025-04-08 17:28:17.4",42586,0.04317284,0.045187,0.003694534,25.72849
"2025-04-08 17:28:17.45",42587,0.04514313,0.04471207,0.005027771,25.73082
"2025-04-08 17:28:17.5",42588,0.04526711,0.0418644,0.00569725,25.71453
"2025-04-08 17:28:17.55",42589,0.04391479,0.04196739,0.006307602,25.73125
"2025-04-08 17:28:17.6",42590,0.04576874,0.04475784,0.005662918,25.72984
"2025-04-08 17:28:17.65",42591,0.04495239,0.04545021,0.005870819,25.7282
"2025-04-08 17:28:17.7",42592,0.04666138,0.04460907,0.005350113,25.72676
"2025-04-08 17:28:17.75",42593,0.04372978,0.04176903,0.005144119,25.72836
"2025-04-08 17:28:17.8",42594,0.0427494,0.04136086,0.006412506,25.72787
"2025-04-08 17:28:17.85",42595,0.04504776,0.04191589,0.008787155,25.72643
"2025-04-08 17:28:17.9",42596,0.04630661,0.04454041,0.009019852,25.72517
"2025-04-08 17:28:17.95",42597,0.0414238,0.04187202,0.004882813,25.72555
"2025-04-08 17:28:18",42598,0.04448318,0.04188347,0.008255005,25.72488
"2025-04-08 17:28:18.05",42599,0.04362488,0.04152489,0.009075165,25.72532
"2025-04-08 17:28:18.1",42600,0.04538536,0.04122353,0.006837845,25.70409
"2025-04-08 17:28:18.15",42601,0.04213905,0.0415802,0.009725571,25.7231
"2025-04-08 17:28:18.2",42602,0.04326057,0.04149818,0.01006126,25.73337
"2025-04-08 17:28:18.25",42603,0.0428772,0.04145813,0.01036263,25.72592
"2025-04-08 17:28:18.3",42604,0.04067039,0.04240227,0.0132103,25.70541
"2025-04-08 17:28:18.35",42605,0.04280853,0.041502,0.0124836,25.70342
"2025-04-08 17:28:18.4",42606,0.04208946,0.04175949,0.01174545,25.72663
"2025-04-08 17:28:18.45",42607,0.04299736,0.04390907,0.01179123,25.70444
"2025-04-08 17:28:18.5",42608,0.0420208,0.04132462,0.01379967,25.72862
"2025-04-08 17:28:18.55",42609,0.03912735,0.04199791,0.01145744,25.728
"2025-04-08 17:28:18.6",42610,0.04257011,0.04242897,0.01357079,25.70313
"2025-04-08 17:28:18.65",42611,0.03899574,0.04205513,0.01330948,25.70384
"2025-04-08 17:28:18.7",42612,0.04332924,0.04136276,0.01351738,25.72757
"2025-04-08 17:28:18.75",42613,0.03993988,0.04244995,0.01395607,25.72794
"2025-04-08 17:28:18.8",42614,0.03885078,0.04619217,0.01626587,25.70475
"2025-04-08 17:28:18.85",42615,0.04253578,0.04454994,0.01622009,25.72467
"2025-04-08 17:28:18.9",42616,0.04155731,0.04427147,0.01567078,25.7025
"2025-04-08 17:28:18.95",42617,0.04303932,0.04273796,0.01635742,25.70586
"2025-04-08 17:28:19",42618,0.04301071,0.04356766,0.0167942,25.75641
"2025-04-08 17:28:19.05",42619,0.04400444,0.044384,0.01678467,25.72354
"2025-04-08 17:28:19.1",42620,0.04339409,0.04472542,0.01627159,25.73281
"2025-04-08 17:28:19.15",42621,0.04319572,0.04387665,0.01599693,25.73264
"2025-04-08 17:28:19.2",42622,0.04197311,0.04409409,0.0188961,25.77306
"2025-04-08 17:28:19.25",42623,0.04191017,0.04462242,0.01950455,25.73348
"2025-04-08 17:28:19.3",42624,0.04351425,0.04417229,0.01924133,25.78436
"2025-04-08 17:28:19.35",42625,0.04381561,0.04390526,0.01611519,25.77085
"2025-04-08 17:28:19.4",42626,0.04308701,0.04350281,0.01872826,25.73444
"2025-04-08 17:28:19.45",42627,0.04627609,0.04392624,0.01739693,25.77068
"2025-04-08 17:28:19.5",42628,0.04639626,0.04405022,0.01916122,25.75603
"2025-04-08 17:28:19.55",42629,0.0485096,0.04690933,0.01689148,25.77048
"2025-04-08 17:28:19.6",42630,0.04562378,0.04695129,0.01630974,25.77357
"2025-04-08 17:28:19.65",42631,0.04836082,0.04323769,0.0160923,25.73656
"2025-04-08 17:28:19.7",42632,0.04797935,0.04680061,0.0165062,25.7753
"2025-04-08 17:28:19.75",42633,0.04710388,0.04719353,0.01670647,25.77302
"2025-04-08 17:28:19.8",42634,0.04432869,0.04672813,0.01594162,25.77317
"2025-04-08 17:28:19.85",42635,0.04611588,0.04634285,0.01566124,25.77397
"2025-04-08 17:28:19.9",42636,0.04530144,0.04969406,0.01619148,25.76089
"2025-04-08 17:28:19.95",42637,0.04480743,0.04940987,0.01408005,25.73507
"2025-04-08 17:28:20",42638,0.04516029,0.04977989,0.01626396,25.72803
"2025-04-08 17:28:20.05",42639,0.04467392,0.05036926,0.01618004,25.73281
"2025-04-08 17:28:20.1",42640,0.04308701,0.04933739,0.01594734,25.70346
"2025-04-08 17:28:20.15",42641,0.04231071,0.04944801,0.01373863,25.72649
"2025-04-08 17:28:20.2",42642,0.0449295,0.05018044,0.01381111,25.72479
"2025-04-08 17:28:20.25",42643,0.04234695,0.04935455,0.01420784,25.72459
"2025-04-08 17:28:20.3",42644,0.04342842,0.04995918,0.01383018,25.72587
"2025-04-08 17:28:20.35",42645,0.04239082,0.04863358,0.0152092,25.72662
"2025-04-08 17:28:20.4",42646,0.03911209,0.04704857,0.01335907,25.70463
"2025-04-08 17:28:20.45",42647,0.04023933,0.04976082,0.01263809,25.72498
"2025-04-08 17:28:20.5",42648,0.04248428,0.04980659,0.01245499,25.72473
"2025-04-08 17:28:20.55",42649,0.04336166,0.04902458,0.01157951,25.70262
"2025-04-08 17:28:20.6",42650,0.0397892,0.04993439,0.01143837,25.72665
"2025-04-08 17:28:20.65",42651,0.04034996,0.0495224,0.009244919,25.70417
"2025-04-08 17:28:20.7",42652,0.03765869,0.04963875,0.009506226,25.68246
"2025-04-08 17:28:20.75",42653,0.03754807,0.04992867,0.008993149,25.68158
"2025-04-08 17:28:20.8",42654,0.03774834,0.05020332,0.008411407,25.7053
"2025-04-08 17:28:20.85",42655,0.03743744,0.04901886,0.007875443,25.65408
"2025-04-08 17:28:20.9",42656,0.03716469,0.04979515,0.008317947,25.66714
"2025-04-08 17:28:20.95",42657,0.03670502,0.05053711,0.008584976,25.68126
"2025-04-08 17:28:21",42658,0.03648567,0.05076218,0.008323669,25.65113
"2025-04-08 17:28:21.05",42659,0.03757095,0.05482101,0.004587173,25.65086
"2025-04-08 17:28:21.1",42660,0.03702354,0.05431938,0.00532341,25.66729
"2025-04-08 17:28:21.15",42661,0.03704453,0.05282211,0.005893707,25.63214
"2025-04-08 17:28:21.2",42662,0.03458214,0.05417824,0.005512238,25.66683
"2025-04-08 17:28:21.25",42663,0.03430939,0.05808449,0.008321762,25.65134
"2025-04-08 17:28:21.3",42664,0.03513145,0.05390549,0.005271912,25.65189
"2025-04-08 17:28:21.35",42665,0.03516197,0.05329704,0.005720139,25.65154
"2025-04-08 17:28:21.4",42666,0.03711128,0.05238152,0.00526619,25.6016
"2025-04-08 17:28:21.45",42667,0.03401756,0.05221558,0.006391525,25.63097
"2025-04-08 17:28:21.5",42668,0.03748131,0.05650902,0.00850296,25.6227
"2025-04-08 17:28:21.55",42669,0.03453064,0.05158997,0.002918243,25.6278
"2025-04-08 17:28:21.6",42670,0.03487206,0.05187225,0.00252533,25.60006
"2025-04-08 17:28:21.65",42671,0.03452301,0.05379295,0.002323151,25.59988
"2025-04-08 17:28:21.7",42672,0.0348835,0.05093575,0.003520966,25.6162
"2025-04-08 17:28:21.75",42673,0.03515053,0.05169487,0.002334595,25.60181
"2025-04-08 17:28:21.8",42674,0.03683472,0.05440712,0.002943039,25.60086
"2025-04-08 17:28:21.85",42675,0.03709602,0.05490494,0.002470016,25.60233
"2025-04-08 17:28:21.9",42676,0.03665924,0.0546875,0.002267838,25.60445
"2025-04-08 17:28:21.95",42677,0.03219795,0.05421448,0.002473831,25.59061
"2025-04-08 17:28:22",42678,0.03409004,0.05452728,0.003040314,25.61991
"2025-04-08 17:28:22.05",42679,0.03484917,0.0548172,0.003156662,25.58904
"2025-04-08 17:28:22.1",42680,0.0317955,0.05784988,0.002742767,25.58658
"2025-04-08 17:28:22.15",42681,0.03196907,0.0571003,0.002435684,25.60217
"2025-04-08 17:28:22.2",42682,0.03204727,0.05714035,0.002637863,25.60294
"2025-04-08 17:28:22.25",42683,0.03101349,0.05702972,0.003324509,25.6161
"2025-04-08 17:28:22.3",42684,0.03115845,0.05788422,0.002901077,25.56432
"2025-04-08 17:28:22.35",42685,0.02882385,0.05831718,0.003379822,25.58344
"2025-04-08 17:28:22.4",42686,0.0317688,0.06015396,0.00252533,25.56322
"2025-04-08 17:28:22.45",42687,0.02856064,0.0603466,0.00576973,25.56425
"2025-04-08 17:28:22.5",42688,0.02812767,0.05973053,0.004495621,25.58572
"2025-04-08 17:28:22.55",42689,0.02881241,0.06057549,0.006782532,25.58456
"2025-04-08 17:28:22.6",42690,0.02898788,0.06024551,0.008052826,25.56171
"2025-04-08 17:28:22.65",42691,0.0292778,0.06017685,0.006938934,25.56409
"2025-04-08 17:28:22.7",42692,0.02970886,0.05970192,0.004236221,25.60049
"2025-04-08 17:28:22.75",42693,0.02916145,0.06018257,0.00472641,25.58582
"2025-04-08 17:28:22.8",42694,0.02860832,0.06049156,0.007293701,25.58525
"2025-04-08 17:28:22.85",42695,0.02637863,0.06041718,0.003793716,25.56294
"2025-04-08 17:28:22.9",42696,0.02951813,0.06072044,0.005228043,25.58665
"2025-04-08 17:28:22.95",42697,0.0291481,0.05982208,0.00554657,25.60076
"2025-04-08 17:28:23",42698,0.02621078,0.05988693,0.005161285,25.58765
"2025-04-08 17:28:23.05",42699,0.02593613,0.06019402,0.002977371,25.56223
"2025-04-08 17:28:23.1",42700,0.02635765,0.0599556,0.005373001,25.5863
"2025-04-08 17:28:23.15",42701,0.02668571,0.06033325,0.005126953,25.58401
"2025-04-08 17:28:23.2",42702,0.02951622,0.0605526,0.004871368,25.58584
"2025-04-08 17:28:23.25",42703,0.02629089,0.06168175,0.004898071,25.58548
"2025-04-08 17:28:23.3",42704,0.02577019,0.05970192,0.005765915,25.58602
"2025-04-08 17:28:23.35",42705,0.02604485,0.06260872,0.005338669,25.58644
"2025-04-08 17:28:23.4",42706,0.02618217,0.06264496,0.005357742,25.58374
"2025-04-08 17:28:23.45",42707,0.02680206,0.06150246,0.004940033,25.58493
"2025-04-08 17:28:23.5",42708,0.02712631,0.06121635,0.0052948,25.56696
"2025-04-08 17:28:23.55",42709,0.02327347,0.06022644,0.005346298,25.58749
"2025-04-08 17:28:23.6",42710,0.02618408,0.06029701,0.005161285,25.58583
"2025-04-08 17:28:23.65",42711,0.024189,0.06075859,0.005735397,25.58422
"2025-04-08 17:28:23.7",42712,0.02695274,0.06033325,0.005279541,25.56297
"2025-04-08 17:28:23.75",42713,0.02661133,0.05991554,0.005187988,25.5857
"2025-04-08 17:28:23.8",42714,0.02601051,0.05959892,0.004709244,25.58559
"2025-04-08 17:28:23.85",42715,0.02310181,0.0593071,0.008924484,25.58743
"2025-04-08 17:28:23.9",42716,0.02648926,0.05930138,0.008544922,25.58579
"2025-04-08 17:28:23.95",42717,0.02849007,0.05979729,0.005664825,25.58381
"2025-04-08 17:28:24",42718,0.02556992,0.05946732,0.008556366,25.58633
"2025-04-08 17:28:24.05",42719,0.02813911,0.05932236,0.007919312,25.59051
"2025-04-08 17:28:24.1",42720,0.02752495,0.05896568,0.00784111,25.58894
"2025-04-08 17:28:24.15",42721,0.02479935,0.05951881,0.008117676,25.59097
"2025-04-08 17:28:24.2",42722,0.02526093,0.06025696,0.008255005,25.58783
"2025-04-08 17:28:24.25",42723,0.02756691,0.05989838,0.004987717,25.58881
"2025-04-08 17:28:24.3",42724,0.02717209,0.05985451,0.005363464,25.59109
"2025-04-08 17:28:24.35",42725,0.02514458,0.05962563,0.008005142,25.56599
"2025-04-08 17:28:24.4",42726,0.02516174,0.06290245,0.008852005,25.56461
"2025-04-08 17:28:24.45",42727,0.02573013,0.06342697,0.005418777,25.5849
"2025-04-08 17:28:24.5",42728,0.02579117,0.06303787,0.00538063,25.58521
"2025-04-08 17:28:24.55",42729,0.02825546,0.06607437,0.007646561,25.58863
"2025-04-08 17:28:24.6",42730,0.02593803,0.06261253,0.005735397,25.58547
"2025-04-08 17:28:24.65",42731,0.02548027,0.06246948,0.005598068,25.58574
"2025-04-08 17:28:24.7",42732,0.02547455,0.06328773,0.006261826,25.58374
"2025-04-08 17:28:24.75",42733,0.02557373,0.06330681,0.005987167,25.58458
"2025-04-08 17:28:24.8",42734,0.02596092,0.06253433,0.006059647,25.58294
"2025-04-08 17:28:24.85",42735,0.02538872,0.06274796,0.006788254,25.58607
"2025-04-08 17:28:24.9",42736,0.02763557,0.06227303,0.007268906,25.56272
"2025-04-08 17:28:24.95",42737,0.02795982,0.06632805,0.008907318,25.56302
"2025-04-08 17:28:25",42738,0.02884865,0.06236076,0.006614685,25.56208
"2025-04-08 17:28:25.05",42739,0.02910805,0.06550026,0.005971909,25.56225
"2025-04-08 17:28:25.1",42740,0.02918816,0.0648632,0.005306244,25.56226
"2025-04-08 17:28:25.15",42741,0.02548027,0.06502533,0.00359726,25.56247
"2025-04-08 17:28:25.2",42742,0.02824211,0.06518745,0.005893707,25.56362
"2025-04-08 17:28:25.25",42743,0.02862549,0.06270409,0.003009796,25.56205
"2025-04-08 17:28:25.3",42744,0.02957153,0.06308365,0.002429962,25.58507
"2025-04-08 17:28:25.35",42745,0.0256958,0.06298256,0.001703262,25.54201
"2025-04-08 17:28:25.4",42746,0.02764702,0.06347847,0.003082275,25.56466
"2025-04-08 17:28:25.45",42747,0.02610588,0.06427002,0.002473831,25.56298
"2025-04-08 17:28:25.5",42748,0.02791023,0.06505203,0.002559662,25.56296
"2025-04-08 17:28:25.55",42749,0.02863312,0.06750107,-0.0007247925,25.56333
"2025-04-08 17:28:25.6",42750,0.02882385,0.06848907,0.002058029,25.56438
"2025-04-08 17:28:25.65",42751,0.02801323,0.06709671,0.002298355,25.56581
"2025-04-08 17:28:25.7",42752,0.02813911,0.06384087,0.002710342,25.54105
"2025-04-08 17:28:25.75",42753,0.02847862,0.06710434,-0.0004463196,25.56384
"2025-04-08 17:28:25.8",42754,0.0281105,0.06627083,0.002183914,25.53303
"2025-04-08 17:28:25.85",42755,0.02895355,0.06769562,0.002197266,25.58542
"2025-04-08 17:28:25.9",42756,0.02803612,0.06513596,-0.0004386902,25.5415
"2025-04-08 17:28:25.95",42757,0.02813911,0.06790733,0.0004138947,25.56353
"2025-04-08 17:28:26",42758,0.02490807,0.06814766,0.0002288818,25.54063
"2025-04-08 17:28:26.05",42759,0.02881432,0.0680294,-0.0001926422,25.56313
"2025-04-08 17:28:26.1",42760,0.02924538,0.06745911,0.000207901,25.54028
"2025-04-08 17:28:26.15",42761,0.02985382,0.0669117,-0.0004806519,25.564
"2025-04-08 17:28:26.2",42762,0.03008842,0.06748772,-5.531311E-05,25.58517
"2025-04-08 17:28:26.25",42763,0.03175545,0.06746483,8.583069E-05,25.56578
"2025-04-08 17:28:26.3",42764,0.029953,0.06771278,0.0003356934,25.56415
"2025-04-08 17:28:26.35",42765,0.03121948,0.06825829,0.002693176,25.58783
"2025-04-08 17:28:26.4",42766,0.03038979,0.06746674,0.002374649,25.54585
"2025-04-08 17:28:26.45",42767,0.0300293,0.07030487,0.00210762,25.57024
"2025-04-08 17:28:26.5",42768,0.02892113,0.07065392,0.002557755,25.56796
"2025-04-08 17:28:26.55",42769,0.02866173,0.07069016,0.003068924,25.56796
"2025-04-08 17:28:26.6",42770,0.02792549,0.07141495,-8.773804E-05,25.5646
"2025-04-08 17:28:26.65",42771,0.0277462,0.07114029,0.002346039,25.58395
"2025-04-08 17:28:26.7",42772,0.03076363,0.07052803,0.002441406,25.58645
"2025-04-08 17:28:26.75",42773,0.02754021,0.07102203,0.002206802,25.54331
"2025-04-08 17:28:26.8",42774,0.03080559,0.07058907,-0.0005950928,25.58408
"2025-04-08 17:28:26.85",42775,0.02971649,0.07086182,-0.0001163483,25.58631
"2025-04-08 17:28:26.9",42776,0.03042793,0.07398224,0.002531052,25.58446
"2025-04-08 17:28:26.95",42777,0.03189087,0.07360458,0.0005970001,25.56335
"2025-04-08 17:28:27",42778,0.03080559,0.07105637,0.0008068085,25.58425
"2025-04-08 17:28:27.05",42779,0.03419304,0.07086182,0.004116058,25.56349
"2025-04-08 17:28:27.1",42780,0.03353882,0.07040215,0.004743576,25.56281
"2025-04-08 17:28:27.15",42781,0.03319359,0.07072067,0.004335403,25.56289
"2025-04-08 17:28:27.2",42782,0.03331566,0.07073212,0.003730774,25.55997
"2025-04-08 17:28:27.25",42783,0.03168488,0.07047462,0.0001850128,25.58414
"2025-04-08 17:28:27.3",42784,0.03384018,0.07074928,0.002325058,25.56291
"2025-04-08 17:28:27.35",42785,0.03378868,0.06982994,0.00255394,25.58401
"2025-04-08 17:28:27.4",42786,0.03366089,0.0702877,0.002725601,25.56207
"2025-04-08 17:28:27.45",42787,0.0335331,0.06830215,0.002988815,25.59841
"2025-04-08 17:28:27.5",42788,0.03712273,0.0678463,0.002386093,25.58359
"2025-04-08 17:28:27.55",42789,0.03757095,0.06562996,0.004465103,25.59825
"2025-04-08 17:28:27.6",42790,0.03670883,0.06509209,0.005073547,25.5991
"2025-04-08 17:28:27.65",42791,0.03609085,0.06582832,0.004940033,25.59927
"2025-04-08 17:28:27.7",42792,0.03852081,0.06199837,0.004384995,25.59977
"2025-04-08 17:28:27.75",42793,0.03628731,0.06228256,0.005340576,25.59981
"2025-04-08 17:28:27.8",42794,0.04010201,0.06173515,0.004552841,25.58514
"2025-04-08 17:28:27.85",42795,0.03705597,0.05867577,0.007249832,25.60023
"2025-04-08 17:28:27.9",42796,0.03717422,0.05621147,0.007450104,25.58681
"2025-04-08 17:28:27.95",42797,0.03652,0.05553055,0.007478714,25.61694
"2025-04-08 17:28:28",42798,0.03623581,0.05539703,0.007564545,25.59958
"2025-04-08 17:28:28.05",42799,0.03607941,0.05472565,0.007282257,25.62811
"2025-04-08 17:28:28.1",42800,0.03682327,0.05172157,0.01000214,25.62885
"2025-04-08 17:28:28.15",42801,0.03914642,0.05172348,0.009784698,25.6284
"2025-04-08 17:28:28.2",42802,0.03892708,0.05119133,0.007539749,25.59998
"2025-04-08 17:28:28.25",42803,0.0389328,0.05145836,0.01107025,25.63142
"2025-04-08 17:28:28.3",42804,0.0396862,0.05162239,0.01043892,25.64976
"2025-04-08 17:28:28.35",42805,0.03821754,0.05143929,0.01080322,25.59966
"2025-04-08 17:28:28.4",42806,0.04171944,0.05110359,0.01073074,25.63136
"2025-04-08 17:28:28.45",42807,0.03901863,0.05083275,0.01078033,25.63244
"2025-04-08 17:28:28.5",42808,0.04123306,0.05027199,0.01026535,25.65462
"2025-04-08 17:28:28.55",42809,0.04020691,0.05119705,0.01130486,25.61826
"2025-04-08 17:28:28.6",42810,0.04151726,0.05107498,0.01070213,25.63076
"2025-04-08 17:28:28.65",42811,0.04073715,0.05156136,0.01334763,25.63103
"2025-04-08 17:28:28.7",42812,0.04046249,0.05130386,0.0129528,25.63122
"2025-04-08 17:28:28.75",42813,0.03960228,0.0504837,0.01244354,25.63275
"2025-04-08 17:28:28.8",42814,0.03922462,0.04845428,0.01305199,25.6536
"2025-04-08 17:28:28.85",42815,0.03875351,0.05123138,0.01297569,25.61677
"2025-04-08 17:28:28.9",42816,0.03901291,0.05194664,0.01367188,25.65141
"2025-04-08 17:28:28.95",42817,0.03965759,0.05203438,0.01268005,25.64939
"2025-04-08 17:28:29",42818,0.03635979,0.05228233,0.01291275,25.62827
"2025-04-08 17:28:29.05",42819,0.03850937,0.04929733,0.01283646,25.68066
"2025-04-08 17:28:29.1",42820,0.03846359,0.04919434,0.01306343,25.59962
"2025-04-08 17:28:29.15",42821,0.03777313,0.04985619,0.01367188,25.62715
"2025-04-08 17:28:29.2",42822,0.03998756,0.04878044,0.01425743,25.66271
"2025-04-08 17:28:29.25",42823,0.03904915,0.04871178,0.01467323,25.61231
"2025-04-08 17:28:29.3",42824,0.04176903,0.05195236,0.0144062,25.64848
"2025-04-08 17:28:29.35",42825,0.04147339,0.04863548,0.01471901,25.66476
"2025-04-08 17:28:29.4",42826,0.04105377,0.04883575,0.01438713,25.65024
"2025-04-08 17:28:29.45",42827,0.04064369,0.04894257,0.01447296,25.65005
"2025-04-08 17:28:29.5",42828,0.04175949,0.04938316,0.01384735,25.6646
"2025-04-08 17:28:29.55",42829,0.03908348,0.04916,0.01327705,25.66403
"2025-04-08 17:28:29.6",42830,0.03935242,0.04872894,0.01283073,25.66619
"2025-04-08 17:28:29.65",42831,0.04143524,0.05156136,0.01299286,25.68008
"2025-04-08 17:28:29.7",42832,0.03876495,0.05178261,0.01367188,25.65088
"2025-04-08 17:28:29.75",42833,0.03831863,0.05423546,0.01294708,25.64948
"2025-04-08 17:28:29.8",42834,0.0390892,0.05539703,0.01312065,25.66438
"2025-04-08 17:28:29.85",42835,0.03984451,0.05487633,0.0121994,25.6516
"2025-04-08 17:28:29.9",42836,0.04011345,0.05569839,0.01226616,25.66553
"2025-04-08 17:28:29.95",42837,0.03888702,0.05589294,0.01337624,25.66522
"2025-04-08 17:28:30",42838,0.03826141,0.05652046,0.01055145,25.65
"2025-04-08 17:28:30.05",42839,0.03919411,0.05975342,0.01055145,25.61414
"2025-04-08 17:28:30.1",42840,0.03923607,0.05902863,0.01025963,25.62883
"2025-04-08 17:28:30.15",42841,0.03957367,0.05770874,0.009786606,25.61368
"2025-04-08 17:28:30.2",42842,0.03879929,0.05780602,0.009376526,25.61578
"2025-04-08 17:28:30.25",42843,0.03881073,0.05755234,0.007692337,25.63149
"2025-04-08 17:28:30.3",42844,0.03948784,0.06057358,0.007980347,25.65034
"2025-04-08 17:28:30.35",42845,0.0390892,0.06043625,0.007450104,25.5996
"2025-04-08 17:28:30.4",42846,0.03735161,0.05925751,0.007211685,25.61398
"2025-04-08 17:28:30.45",42847,0.0365696,0.05965996,0.007980347,25.60034
"2025-04-08 17:28:30.5",42848,0.0364933,0.06160736,0.004627228,25.59952
"2025-04-08 17:28:30.55",42849,0.03710175,0.05920219,0.005386353,25.61543
"2025-04-08 17:28:30.6",42850,0.03864861,0.06237793,0.007791519,25.59863
"2025-04-08 17:28:30.65",42851,0.03924179,0.0614357,0.004808426,25.60112
"2025-04-08 17:28:30.7",42852,0.03970337,0.06036377,0.004798889,25.60243
"2025-04-08 17:28:30.75",42853,0.0404129,0.06150818,0.005451202,25.60252
"2025-04-08 17:28:30.8",42854,0.03765297,0.06115913,0.005525589,25.60293
"2025-04-08 17:28:30.85",42855,0.03445244,0.06461334,0.005905151,25.61811
"2025-04-08 17:28:30.9",42856,0.03457642,0.0623951,0.005138397,25.61567
"2025-04-08 17:28:30.95",42857,0.03481102,0.06192589,0.005144119,25.60266
"2025-04-08 17:28:31",42858,0.03477287,0.06438828,0.005033493,25.61927
"2025-04-08 17:28:31.05",42859,0.03326035,0.06182098,0.005636215,25.60106
"2025-04-08 17:28:31.1",42860,0.03310204,0.0627079,0.005624771,25.58589
"2025-04-08 17:28:31.15",42861,0.03377724,0.06561279,0.005132675,25.61372
"2025-04-08 17:28:31.2",42862,0.03372765,0.06534767,0.005584717,25.59972
"2025-04-08 17:28:31.25",42863,0.03355408,0.06473541,0.005268097,25.5985
"2025-04-08 17:28:31.3",42864,0.03260612,0.06195831,0.005731583,25.59977
"2025-04-08 17:28:31.35",42865,0.03261566,0.06245804,0.00604248,25.59826
"2025-04-08 17:28:31.4",42866,0.03342247,0.06248283,0.003196716,25.59628
"2025-04-08 17:28:31.45",42867,0.03032303,0.06365585,0.006246567,25.59587
"2025-04-08 17:28:31.5",42868,0.03314018,0.06197548,0.006563187,25.59831
"2025-04-08 17:28:31.55",42869,0.03349876,0.06253052,0.006412506,25.59788
"2025-04-08 17:28:31.6",42870,0.03251076,0.06237221,0.006151199,25.59877
"2025-04-08 17:28:31.65",42871,0.03056717,0.06262589,0.006156921,25.59791
"2025-04-08 17:28:31.7",42872,0.03038216,0.06302452,0.005983353,25.59663
"2025-04-08 17:28:31.75",42873,0.03352737,0.06242752,0.0052948,25.5962
"2025-04-08 17:28:31.8",42874,0.03088951,0.05940628,0.005361557,25.61533
"2025-04-08 17:28:31.85",42875,0.03034401,0.05948448,0.005138397,25.61341
"2025-04-08 17:28:31.9",42876,0.02999878,0.06223297,0.005462646,25.60034
"2025-04-08 17:28:31.95",42877,0.02834892,0.06285286,0.004749298,25.58309
"2025-04-08 17:28:32",42878,0.03132629,0.062603,0.004911423,25.59828
"2025-04-08 17:28:32.05",42879,0.03115273,0.06282043,0.00302887,25.61612
"2025-04-08 17:28:32.1",42880,0.028265,0.06283188,0.002603531,25.61411
"2025-04-08 17:28:32.15",42881,0.03096771,0.06894493,0.002256393,25.59837
"2025-04-08 17:28:32.2",42882,0.02783012,0.06438828,0.005390167,25.59761
"2025-04-08 17:28:32.25",42883,0.03138924,0.06428146,0.004442215,25.61309
"2025-04-08 17:28:32.3",42884,0.03066635,0.06337929,0.004781723,25.56505
"2025-04-08 17:28:32.35",42885,0.02765656,0.06285477,0.005083084,25.58675
"2025-04-08 17:28:32.4",42886,0.03035545,0.06641197,0.005247116,25.59937
"2025-04-08 17:28:32.45",42887,0.03026009,0.06348038,0.005224228,25.58236
"2025-04-08 17:28:32.5",42888,0.02850151,0.06295967,0.004621506,25.5835
"2025-04-08 17:28:32.55",42889,0.03065491,0.06531143,0.004953384,25.60025
"2025-04-08 17:28:32.6",42890,0.03052711,0.06214523,0.005586624,25.60075
"2025-04-08 17:28:32.65",42891,0.0306015,0.06206512,0.004970551,25.58612
"2025-04-08 17:28:32.7",42892,0.0312748,0.06222153,0.005392075,25.615
"2025-04-08 17:28:32.75",42893,0.03199196,0.06205559,0.004976273,25.5989
"2025-04-08 17:28:32.8",42894,0.03236961,0.0608139,0.004413605,25.5631
"2025-04-08 17:28:32.85",42895,0.0323925,0.06159592,0.007896423,25.61792
"2025-04-08 17:28:32.9",42896,0.03235817,0.06142998,0.00841713,25.56635
"2025-04-08 17:28:32.95",42897,0.0352478,0.06164742,0.008005142,25.58889
"2025-04-08 17:28:33",42898,0.03272247,0.06233406,0.008016586,25.60289
"2025-04-08 17:28:33.05",42899,0.0362854,0.05858612,0.007305145,25.60376
"2025-04-08 17:28:33.1",42900,0.03481865,0.0591011,0.01018143,25.60316
"2025-04-08 17:28:33.15",42901,0.03374672,0.05919456,0.01021767,25.6039
"2025-04-08 17:28:33.2",42902,0.03366852,0.05953407,0.01029968,25.58722
"2025-04-08 17:28:33.25",42903,0.03336525,0.05994415,0.01020622,25.58537
"2025-04-08 17:28:33.3",42904,0.03355026,0.06277466,0.01027679,25.56185
"2025-04-08 17:28:33.35",42905,0.03356743,0.06218719,0.01085663,25.56421
"2025-04-08 17:28:33.4",42906,0.0333252,0.06147385,0.01070595,25.58479
"2025-04-08 17:28:33.45",42907,0.03297043,0.0626297,0.01334381,25.564
"2025-04-08 17:28:33.5",42908,0.03285789,0.06258011,0.01123238,25.54135
"2025-04-08 17:28:33.55",42909,0.03277397,0.06256294,0.01378632,25.5596
"2025-04-08 17:28:33.6",42910,0.0341301,0.0627861,0.01355171,25.56036
"2025-04-08 17:28:33.65",42911,0.03351021,0.06237984,0.01192856,25.54079
"2025-04-08 17:28:33.7",42912,0.03285217,0.06233215,0.01430511,25.5404
"2025-04-08 17:28:33.75",42913,0.03547668,0.06253433,0.01310349,25.54014
"2025-04-08 17:28:33.8",42914,0.03349304,0.062994,0.01205826,25.54043
"2025-04-08 17:28:33.85",42915,0.0337162,0.0623436,0.01472664,25.5592
"2025-04-08 17:28:33.9",42916,0.03323174,0.06274796,0.01353836,25.53764
"2025-04-08 17:28:33.95",42917,0.03549385,0.05955696,0.01101875,25.54028
"2025-04-08 17:28:34",42918,0.03314018,0.06222153,0.01397514,25.56406
"2025-04-08 17:28:34.05",42919,0.03614044,0.06248283,0.01366043,25.56011
"2025-04-08 17:28:34.1",42920,0.03330231,0.06288719,0.01104164,25.51006
"2025-04-08 17:28:34.15",42921,0.03385162,0.06619835,0.01101875,25.56149
"2025-04-08 17:28:34.2",42922,0.03446007,0.0656395,0.01293564,25.54077
"2025-04-08 17:28:34.25",42923,0.03356171,0.06558228,0.01022148,25.54014
"2025-04-08 17:28:34.3",42924,0.03347015,0.0642662,0.0106411,25.56371
"2025-04-08 17:28:34.35",42925,0.03281403,0.0645504,0.01014328,25.54059
"2025-04-08 17:28:34.4",42926,0.03064919,0.06613731,0.00966835,25.54042
"2025-04-08 17:28:34.45",42927,0.0313549,0.0663166,0.01001549,25.53353
"2025-04-08 17:28:34.5",42928,0.03128624,0.06695938,0.009624481,25.54354
"2025-04-08 17:28:34.55",42929,0.02796555,0.06368637,0.01025581,25.56322
"2025-04-08 17:28:34.6",42930,0.0306778,0.06583405,0.007211685,25.53539
"2025-04-08 17:28:34.65",42931,0.02837944,0.06589508,0.007156372,25.53281
"2025-04-08 17:28:34.7",42932,0.03143883,0.06271744,0.006937027,25.49119
"2025-04-08 17:28:34.75",42933,0.02806473,0.0626812,0.007217407,25.59888
"2025-04-08 17:28:34.8",42934,0.02762222,0.06142807,0.007232666,25.5414
"2025-04-08 17:28:34.85",42935,0.02720451,0.06221008,0.007703781,25.54237
"2025-04-08 17:28:34.9",42936,0.02786446,0.06203079,0.007883072,25.58427
"2025-04-08 17:28:34.95",42937,0.03125572,0.06216431,0.007469177,25.58398
"2025-04-08 17:28:35",42938,0.03224373,0.06274796,0.007349014,25.53941
"2025-04-08 17:28:35.05",42939,0.03108215,0.06108665,0.007904053,25.56409
"2025-04-08 17:28:35.1",42940,0.02950096,0.06165886,0.007316589,25.54285
"2025-04-08 17:28:35.15",42941,0.02950096,0.06144524,0.004367828,25.54382
"2025-04-08 17:28:35.2",42942,0.02916718,0.06222153,0.005207062,25.54341
"2025-04-08 17:28:35.25",42943,0.02885246,0.0620079,0.004285812,25.53487
"2025-04-08 17:28:35.3",42944,0.02922821,0.06168175,0.007518768,25.53384
"2025-04-08 17:28:35.35",42945,0.0295105,0.05873108,0.004760742,25.56732
"2025-04-08 17:28:35.4",42946,0.03149414,0.06339073,0.006919861,25.56511
"2025-04-08 17:28:35.45",42947,0.02780342,0.0590992,0.004749298,25.5118
"2025-04-08 17:28:35.5",42948,0.02575302,0.06536484,0.005702972,25.5854
"2025-04-08 17:28:35.55",42949,0.02523422,0.06521606,0.008529663,25.53895
"2025-04-08 17:28:35.6",42950,0.0286808,0.06428909,0.004732132,25.53969
"2025-04-08 17:28:35.65",42951,0.0259304,0.06348419,0.004760742,25.5622
"2025-04-08 17:28:35.7",42952,0.02766991,0.06636429,0.007976532,25.56301
"2025-04-08 17:28:35.75",42953,0.02525711,0.06246948,0.005765915,25.49023
"2025-04-08 17:28:35.8",42954,0.02885437,0.06492043,0.006788254,25.53355
"2025-04-08 17:28:35.85",42955,0.02828979,0.06414223,0.00670433,25.48583
"2025-04-08 17:28:35.9",42956,0.02769279,0.06367874,0.007005692,25.53793
"2025-04-08 17:28:35.95",42957,0.03027725,0.06342697,0.006343842,25.53063
"2025-04-08 17:28:36",42958,0.03005219,0.06230736,0.005994797,25.50999
"2025-04-08 17:28:36.05",42959,0.02972412,0.06176376,0.0069561,25.53813
"2025-04-08 17:28:36.1",42960,0.02690506,0.06184387,0.006210327,25.48925
"2025-04-08 17:28:36.15",42961,0.02736664,0.06207085,0.006313324,25.48766
"2025-04-08 17:28:36.2",42962,0.02823257,0.06123352,0.00554657,25.48566
"2025-04-08 17:28:36.25",42963,0.02762222,0.06060219,0.004507065,25.48643
"2025-04-08 17:28:36.3",42964,0.02727699,0.06026077,0.00422287,25.48817
"2025-04-08 17:28:36.35",42965,0.03058815,0.06068993,0.003458023,25.48721
"2025-04-08 17:28:36.4",42966,0.02988434,0.06055069,0.002363205,25.53864
"2025-04-08 17:28:36.45",42967,0.03085709,0.06197548,-0.000585556,25.48819
"2025-04-08 17:28:36.5",42968,0.02778625,0.0634613,-0.0003948212,25.53057
"2025-04-08 17:28:36.55",42969,0.02809334,0.06230164,-0.001119614,25.50968
"2025-04-08 17:28:36.6",42970,0.03093147,0.06149101,0.001586914,25.47536
"2025-04-08 17:28:36.65",42971,0.02796555,0.06150246,0.007076263,25.51202
"2025-04-08 17:28:36.7",42972,0.03062439,0.06461334,0.01113319,25.47398
"2025-04-08 17:28:36.75",42973,0.03012085,0.06204224,0.01100159,25.53191
"2025-04-08 17:28:36.8",42974,0.03068352,0.06132889,0.01102448,25.53077
"2025-04-08 17:28:36.85",42975,0.0284214,0.06116676,0.009767532,25.48852
"2025-04-08 17:28:36.9",42976,0.02830124,0.06039047,0.01046562,25.48825
"2025-04-08 17:28:36.95",42977,0.02774048,0.0602684,0.01046753,25.47649
"2025-04-08 17:28:37",42978,0.02762985,0.06035042,0.01312447,25.48878
"2025-04-08 17:28:37.05",42979,0.02744484,0.06043434,0.01333237,25.4895
"2025-04-08 17:28:37.1",42980,0.02801514,0.05981636,0.01252365,25.47363
"2025-04-08 17:28:37.15",42981,0.02894592,0.05957413,0.01159668,25.48793
"2025-04-08 17:28:37.2",42982,0.02985382,0.0599556,0.01387405,25.51015
"2025-04-08 17:28:37.25",42983,0.03002548,0.05994415,0.01316071,25.4915
"2025-04-08 17:28:37.3",42984,0.02891922,0.05908775,0.01339912,25.51241
"2025-04-08 17:28:37.35",42985,0.02899933,0.05924606,0.01350594,25.49123
"2025-04-08 17:28:37.4",42986,0.02741623,0.06227684,0.01531029,25.53465
"2025-04-08 17:28:37.45",42987,0.02666473,0.05990028,0.01496887,25.53455
"2025-04-08 17:28:37.5",42988,0.02653313,0.05957413,0.01414108,25.51541
"2025-04-08 17:28:37.55",42989,0.02619362,0.06010628,0.01672935,25.53466
"2025-04-08 17:28:37.6",42990,0.02584648,0.06000328,0.01634789,25.56536
"2025-04-08 17:28:37.65",42991,0.02268219,0.05971336,0.01543045,25.54333
"2025-04-08 17:28:37.7",42992,0.02464676,0.06047821,0.01540565,25.54189
"2025-04-08 17:28:37.75",42993,0.02519989,0.06134033,0.01489449,25.58509
"2025-04-08 17:28:37.8",42994,0.02488327,0.05928421,0.01722527,25.58424
"2025-04-08 17:28:37.85",42995,0.0248661,0.05832481,0.0164032,25.58466
"2025-04-08 17:28:37.9",42996,0.024189,0.05867577,0.01701736,25.58451
"2025-04-08 17:28:37.95",42997,0.02343559,0.05866432,0.02056503,25.58027
"2025-04-08 17:28:38",42998,0.02355385,0.05911636,0.01802826,25.55037
"2025-04-08 17:28:38.05",42999,0.02356911,0.05908775,0.02097702,25.5469
"2025-04-08 17:28:38.1",43000,0.02418327,0.05668068,0.02069855,25.54359
"2025-04-08 17:28:38.15",43001,0.02417946,0.05673599,0.02055931,25.52375
"2025-04-08 17:28:38.2",43002,0.02297211,0.0558567,0.02057648,25.5741
"2025-04-08 17:28:38.25",43003,0.02670097,0.05631256,0.0205307,25.56885
"2025-04-08 17:28:38.3",43004,0.02695465,0.05653763,0.02052498,25.55381
"2025-04-08 17:28:38.35",43005,0.02740097,0.05318069,0.02189827,25.59574
"2025-04-08 17:28:38.4",43006,0.02791977,0.05426788,0.02062416,25.58237
"2025-04-08 17:28:38.45",43007,0.02980804,0.05597687,0.02107239,25.58311
"2025-04-08 17:28:38.5",43008,0.02935028,0.05376053,0.02063751,25.59815
"2025-04-08 17:28:38.55",43009,0.02977371,0.05298042,0.02132225,25.56313
"2025-04-08 17:28:38.6",43010,0.02975082,0.05565262,0.02065468,25.58247
"2025-04-08 17:28:38.65",43011,0.03230476,0.05403519,0.02015305,25.62639
"2025-04-08 17:28:38.7",43012,0.03013611,0.05543137,0.01985931,25.62663
"2025-04-08 17:28:38.75",43013,0.03039932,0.05488396,0.01969147,25.58234
"2025-04-08 17:28:38.8",43014,0.0302372,0.05235863,0.01988983,25.59821
"2025-04-08 17:28:38.85",43015,0.03016663,0.05494881,0.01973152,25.58403
"2025-04-08 17:28:38.9",43016,0.03256607,0.05490494,0.01763344,25.56018
"2025-04-08 17:28:38.95",43017,0.02985764,0.05246925,0.01717949,25.59795
"2025-04-08 17:28:39",43018,0.03016663,0.05388451,0.01764488,25.59724
"2025-04-08 17:28:39.05",43019,0.03325272,0.05464935,0.02014732,25.5966
"2025-04-08 17:28:39.1",43020,0.03056145,0.05176544,0.01745796,25.56052
"2025-04-08 17:28:39.15",43021,0.02978706,0.05119324,0.01677704,25.59722
"2025-04-08 17:28:39.2",43022,0.03218079,0.05108452,0.01771164,25.58169
"2025-04-08 17:28:39.25",43023,0.03275108,0.05098915,0.0178318,25.61127
"2025-04-08 17:28:39.3",43024,0.03268242,0.05134773,0.01733017,25.61047
"2025-04-08 17:28:39.35",43025,0.03344727,0.05384636,0.01750565,25.56013
"2025-04-08 17:28:39.4",43026,0.03137016,0.05076218,0.01753807,25.58141
"2025-04-08 17:28:39.45",43027,0.0338192,0.05020332,0.01494026,25.56303
"2025-04-08 17:28:39.5",43028,0.03380203,0.05059814,0.0151825,25.61609
"2025-04-08 17:28:39.55",43029,0.0338974,0.05014229,0.01583862,25.63374
"2025-04-08 17:28:39.6",43030,0.03430748,0.05054474,0.01553917,25.5834
"2025-04-08 17:28:39.65",43031,0.03496361,0.05310059,0.01288033,25.56389
"2025-04-08 17:28:39.7",43032,0.03382874,0.05033302,0.01267433,25.61633
"2025-04-08 17:28:39.75",43033,0.03419876,0.0502243,0.01285172,25.61573
"2025-04-08 17:28:39.8",43034,0.03340912,0.0496006,0.01231575,25.58617
"2025-04-08 17:28:39.85",43035,0.0310421,0.05077934,0.01259613,25.61736
"2025-04-08 17:28:39.9",43036,0.03285789,0.0507679,0.013237,25.59866
"2025-04-08 17:28:39.95",43037,0.03257942,0.05063438,0.01262474,25.59876
"2025-04-08 17:28:40",43038,0.03312683,0.05040932,0.01246834,25.61234
"2025-04-08 17:28:40.05",43039,0.03082848,0.05059052,0.01209259,25.56155
"2025-04-08 17:28:40.1",43040,0.02962875,0.05029678,0.01241493,25.59795
"2025-04-08 17:28:40.15",43041,0.03017044,0.04837036,0.01254654,25.59864
"2025-04-08 17:28:40.2",43042,0.03009224,0.04805946,0.01365662,25.61147
"2025-04-08 17:28:40.25",43043,0.0300293,0.04799271,0.01336098,25.61441
"2025-04-08 17:28:40.3",43044,0.03093719,0.05085564,0.01356506,25.60958
"2025-04-08 17:28:40.35",43045,0.03297043,0.04876137,0.01378059,25.61034
"2025-04-08 17:28:40.4",43046,0.03059006,0.04852676,0.01369667,25.62531
"2025-04-08 17:28:40.45",43047,0.02984238,0.04819298,0.01398468,25.62679
"2025-04-08 17:28:40.5",43048,0.03404045,0.04956818,0.01273346,25.61264
"2025-04-08 17:28:40.55",43049,0.03215218,0.04782486,0.01408195,25.61329
"2025-04-08 17:28:40.6",43050,0.03352737,0.04596519,0.01129532,25.61211
"2025-04-08 17:28:40.65",43051,0.03298378,0.04598808,0.01312637,25.59655
"2025-04-08 17:28:40.7",43052,0.03367233,0.04598808,0.01329803,25.61169
"2025-04-08 17:28:40.75",43053,0.03289604,0.0453167,0.01317024,25.62673
"2025-04-08 17:28:40.8",43054,0.03276825,0.04594612,0.01252937,25.61254
"2025-04-08 17:28:40.85",43055,0.03268242,0.04809189,0.009685516,25.61401
"2025-04-08 17:28:40.9",43056,0.0329361,0.04637718,0.009801865,25.62689
"2025-04-08 17:28:40.95",43057,0.03307343,0.04973984,0.009864807,25.61179
"2025-04-08 17:28:41",43058,0.03285027,0.0502758,0.009227753,25.59629
"2025-04-08 17:28:41.05",43059,0.03313637,0.05023766,0.008840561,25.61343
"2025-04-08 17:28:41.1",43060,0.03027725,0.05237198,0.008970261,25.58224
"2025-04-08 17:28:41.15",43061,0.033638,0.04960632,0.009731293,25.59752
"2025-04-08 17:28:41.2",43062,0.03304863,0.04932022,0.009204865,25.59827
"2025-04-08 17:28:41.25",43063,0.03218842,0.04920387,0.009662628,25.59785
"2025-04-08 17:28:41.3",43064,0.03243828,0.04855728,0.006612778,25.58402
"2025-04-08 17:28:41.35",43065,0.03247261,0.04944992,0.00696373,25.59655
"2025-04-08 17:28:41.4",43066,0.03225899,0.04932213,0.006847382,25.59647
"2025-04-08 17:28:41.45",43067,0.03268814,0.05156708,0.006752014,25.59676
"2025-04-08 17:28:41.5",43068,0.03320885,0.05081749,0.00636673,25.5961
"2025-04-08 17:28:41.55",43069,0.03291702,0.05134392,0.007032394,25.59681
"2025-04-08 17:28:41.6",43070,0.03439903,0.04971313,0.006954193,25.62861
"2025-04-08 17:28:41.65",43071,0.03289223,0.05002594,0.004196167,25.59703
"2025-04-08 17:28:41.7",43072,0.03451729,0.05039978,0.004659653,25.62894
"2025-04-08 17:28:41.75",43073,0.03463364,0.0506382,0.004489899,25.58601
"2025-04-08 17:28:41.8",43074,0.03505707,0.05290604,0.006902695,25.62968
"2025-04-08 17:28:41.85",43075,0.03547668,0.05328178,0.006736755,25.60044
"2025-04-08 17:28:41.9",43076,0.03475189,0.05258942,0.003923416,25.63393
"2025-04-08 17:28:41.95",43077,0.03748512,0.05290222,0.007143021,25.58668
"2025-04-08 17:28:42",43078,0.03639603,0.05309486,0.007089615,25.63273
"2025-04-08 17:28:42.05",43079,0.03590775,0.0533638,0.004850388,25.63014
"2025-04-08 17:28:42.1",43080,0.03649712,0.05350304,0.005149841,25.62828
"2025-04-08 17:28:42.15",43081,0.03678894,0.05599403,0.003978729,25.62775
"2025-04-08 17:28:42.2",43082,0.0363884,0.05602837,0.004575729,25.61211
"2025-04-08 17:28:42.25",43083,0.03538704,0.0533886,0.004095078,25.62907
"2025-04-08 17:28:42.3",43084,0.03739738,0.0564518,0.003944397,25.62923
"2025-04-08 17:28:42.35",43085,0.03768158,0.05607986,0.00472641,25.58479
"2025-04-08 17:28:42.4",43086,0.03747559,0.05615616,0.004699707,25.58118
"2025-04-08 17:28:42.45",43087,0.03800583,0.05625343,0.002017975,25.62562
"2025-04-08 17:28:42.5",43088,0.03794861,0.05667114,0.002124786,25.6244
"2025-04-08 17:28:42.55",43089,0.03804016,0.05599403,0.002565384,25.59596
"2025-04-08 17:28:42.6",43090,0.03813362,0.05299568,0.002218246,25.58125
"2025-04-08 17:28:42.65",43091,0.03487396,0.05353165,0.003358841,25.59675
"2025-04-08 17:28:42.7",43092,0.03728485,0.05368423,0.0006027222,25.58107
"2025-04-08 17:28:42.75",43093,0.03763199,0.05309677,0.0005970001,25.53783
"2025-04-08 17:28:42.8",43094,0.03497505,0.05360413,0.0006313324,25.5576
"2025-04-08 17:28:42.85",43095,0.03813934,0.05334091,-0.003376007,25.58008
"2025-04-08 17:28:42.9",43096,0.0358963,0.05327034,-0.003091812,25.56139
"2025-04-08 17:28:42.95",43097,0.03488922,0.05310822,-0.003355026,25.56173
"2025-04-08 17:28:43",43098,0.03239441,0.05057144,-0.003622055,25.58257
"2025-04-08 17:28:43.05",43099,0.03215981,0.05053139,-0.006387711,25.5402
"2025-04-08 17:28:43.1",43100,0.02906609,0.05373192,-0.005577087,25.54041
"2025-04-08 17:28:43.15",43101,0.02989578,0.05226898,-0.00866127,25.53287
"2025-04-08 17:28:43.2",43102,0.0297966,0.05210304,-0.009756088,25.55896
"2025-04-08 17:28:43.25",43103,0.02758408,0.04992867,-0.01212311,25.53777
"2025-04-08 17:28:43.3",43104,0.02745628,0.04881287,-0.01220131,25.53886
"2025-04-08 17:28:43.35",43105,0.02462387,0.04636574,-0.01449585,25.53362
"2025-04-08 17:28:43.4",43106,0.02526665,0.04689217,-0.01397324,25.53082
"2025-04-08 17:28:43.45",43107,0.02267075,0.04794121,-0.01464653,25.48702
"2025-04-08 17:28:43.5",43108,0.02221107,0.04972839,-0.01457977,25.52962
"2025-04-08 17:28:43.55",43109,0.02223587,0.04740143,-0.0147438,25.48777
"2025-04-08 17:28:43.6",43110,0.01959419,0.04600334,-0.01729965,25.53139
"2025-04-08 17:28:43.65",43111,0.01955223,0.04562569,-0.016819,25.47447
"2025-04-08 17:28:43.7",43112,0.01893234,0.04580688,-0.01727104,25.53337
"2025-04-08 17:28:43.75",43113,0.01915741,0.04611397,-0.0165081,25.47237
"2025-04-08 17:28:43.8",43114,0.01914597,0.04556656,-0.01636696,25.50954
"2025-04-08 17:28:43.85",43115,0.02007866,0.04514313,-0.01677132,25.50849
"2025-04-08 17:28:43.9",43116,0.02052689,0.0445137,-0.01737976,25.50976
"2025-04-08 17:28:43.95",43117,0.02072716,0.04385185,-0.01693153,25.51073
"2025-04-08 17:28:44",43118,0.01767731,0.04408264,-0.02000427,25.51353
"2025-04-08 17:28:44.05",43119,0.01785088,0.04466248,-0.01956177,25.53513
"2025-04-08 17:28:44.1",43120,0.01858139,0.04678154,-0.0195694,25.53381
"2025-04-08 17:28:44.15",43121,0.01806259,0.04786873,-0.01613998,25.5117
"2025-04-08 17:28:44.2",43122,0.01802826,0.04779625,-0.01961708,25.53248
"2025-04-08 17:28:44.25",43123,0.01799965,0.04778481,-0.02000999,25.51388
"2025-04-08 17:28:44.3",43124,0.01741028,0.04719162,-0.01975822,25.49002
"2025-04-08 17:28:44.35",43125,0.01673508,0.04832649,-0.02014923,25.51234
"2025-04-08 17:28:44.4",43126,0.01646042,0.04721451,-0.01970863,25.51289
"2025-04-08 17:28:44.45",43127,0.01656532,0.04742241,-0.01977348,25.49001
"2025-04-08 17:28:44.5",43128,0.01608658,0.04810333,-0.01958656,25.51218
"2025-04-08 17:28:44.55",43129,0.01647568,0.0477581,-0.01978493,25.53262
"2025-04-08 17:28:44.6",43130,0.01693344,0.04785919,-0.0193615,25.53179
"2025-04-08 17:28:44.65",43131,0.01650047,0.04808807,-0.01913643,25.53063
"2025-04-08 17:28:44.7",43132,0.01607895,0.04802513,-0.01971245,25.50893
"2025-04-08 17:28:44.75",43133,0.01634407,0.04730988,-0.01916695,25.5094
"2025-04-08 17:28:44.8",43134,0.01564407,0.04745483,-0.01857376,25.48795
"2025-04-08 17:28:44.85",43135,0.01509666,0.04761696,-0.0181675,25.47229
"2025-04-08 17:28:44.9",43136,0.0157547,0.04795837,-0.01836586,25.53143
"2025-04-08 17:28:44.95",43137,0.01576805,0.0483036,-0.01565742,25.47086
"2025-04-08 17:28:45",43138,0.01599121,0.0483284,-0.01605034,25.46975
"2025-04-08 17:28:45.05",43139,0.01652145,0.04760551,-0.01649094,25.47066
"2025-04-08 17:28:45.1",43140,0.01579475,0.04765511,-0.01923943,25.50785
"2025-04-08 17:28:45.15",43141,0.01632118,0.04717636,-0.01868057,25.4721
"2025-04-08 17:28:45.2",43142,0.01654243,0.04701614,-0.01918983,25.45682
"2025-04-08 17:28:45.25",43143,0.01611519,0.04786301,-0.01859093,25.47316
"2025-04-08 17:28:45.3",43144,0.01391411,0.04782867,-0.01630211,25.48626
"2025-04-08 17:28:45.35",43145,0.01682472,0.04830551,-0.01662636,25.4576
"2025-04-08 17:28:45.4",43146,0.01445007,0.04932594,-0.01744461,25.47298
"2025-04-08 17:28:45.45",43147,0.01703072,0.04951096,-0.0183239,25.47273
"2025-04-08 17:28:45.5",43148,0.01420212,0.04648209,-0.01800919,25.45991
"2025-04-08 17:28:45.55",43149,0.01699448,0.04906273,-0.01782036,25.47437
"2025-04-08 17:28:45.6",43150,0.01678276,0.04683495,-0.01727676,25.4869
"2025-04-08 17:28:45.65",43151,0.01419067,0.04707146,-0.01697731,25.47414
"2025-04-08 17:28:45.7",43152,0.01610374,0.05000687,-0.01688766,25.4864
"2025-04-08 17:28:45.75",43153,0.01335526,0.04946518,-0.01770973,25.45618
"2025-04-08 17:28:45.8",43154,0.01638794,0.04659081,-0.01768112,25.47128
"2025-04-08 17:28:45.85",43155,0.01686096,0.04592705,-0.01777649,25.47269
"2025-04-08 17:28:45.9",43156,0.01622009,0.04556656,-0.01507759,25.45854
"2025-04-08 17:28:45.95",43157,0.01559258,0.04528809,-0.01750755,25.47322
"2025-04-08 17:28:46",43158,0.0156002,0.04567528,-0.0139389,25.4729
"2025-04-08 17:28:46.05",43159,0.01633644,0.04571152,-0.01366043,25.47309
"2025-04-08 17:28:46.1",43160,0.01648903,0.04786301,-0.01432228,25.47218
"2025-04-08 17:28:46.15",43161,0.01795578,0.04504776,-0.01418495,25.47249
"2025-04-08 17:28:46.2",43162,0.01958275,0.04721069,-0.01424599,25.47379
"2025-04-08 17:28:46.25",43163,0.01877785,0.04698753,-0.01444626,25.47556
"2025-04-08 17:28:46.3",43164,0.01827431,0.04370689,-0.01463509,25.4919
"2025-04-08 17:28:46.35",43165,0.01489449,0.04659653,-0.01392174,25.4474
"2025-04-08 17:28:46.4",43166,0.01717567,0.04709244,-0.01392174,25.47717
"2025-04-08 17:28:46.45",43167,0.0176487,0.04767418,-0.01438141,25.44565
"2025-04-08 17:28:46.5",43168,0.01764488,0.04792595,-0.01417732,25.4919
"2025-04-08 17:28:46.55",43169,0.01712418,0.04773331,-0.01468849,25.4605
"2025-04-08 17:28:46.6",43170,0.0178051,0.04829407,-0.01750183,25.48892
"2025-04-08 17:28:46.65",43171,0.01715851,0.048069,-0.01761436,25.46085
"2025-04-08 17:28:46.7",43172,0.01685715,0.04733849,-0.01705551,25.45967
"2025-04-08 17:28:46.75",43173,0.01643181,0.04762268,-0.01693153,25.48802
"2025-04-08 17:28:46.8",43174,0.01580048,0.048069,-0.01645851,25.45837
"2025-04-08 17:28:46.85",43175,0.0152607,0.0506897,-0.01688766,25.44127
"2025-04-08 17:28:46.9",43176,0.0165062,0.04774094,-0.01625633,25.45774
"2025-04-08 17:28:46.95",43177,0.01596451,0.04813194,-0.01574898,25.44232
"2025-04-08 17:28:47",43178,0.01524734,0.05021858,-0.01666832,25.4431
"2025-04-08 17:28:47.05",43179,0.01616478,0.04981232,-0.01589966,25.4727
"2025-04-08 17:28:47.1",43180,0.01535988,0.0501709,-0.01584244,25.47243
"2025-04-08 17:28:47.15",43181,0.01543236,0.0504818,-0.01527786,25.44299
"2025-04-08 17:28:47.2",43182,0.01543236,0.05015945,-0.01563072,25.45638
"2025-04-08 17:28:47.25",43183,0.0153141,0.0498085,-0.01272774,25.45741
"2025-04-08 17:28:47.3",43184,0.01675034,0.05093384,-0.01615715,25.44257
"2025-04-08 17:28:47.35",43185,0.01620483,0.05334091,-0.01636124,25.45686
"2025-04-08 17:28:47.4",43186,0.01610374,0.05239677,-0.01670265,25.4565
"2025-04-08 17:28:47.45",43187,0.01692772,0.04938126,-0.01353264,25.42065
"2025-04-08 17:28:47.5",43188,0.0160675,0.0501194,-0.01627922,25.4592
"2025-04-08 17:28:47.55",43189,0.01555634,0.05072784,-0.0139904,25.45875
"2025-04-08 17:28:47.6",43190,0.01346016,0.05068779,-0.01625061,25.47182
"2025-04-08 17:28:47.65",43191,0.01619911,0.0517292,-0.01789665,25.44202
"2025-04-08 17:28:47.7",43192,0.01412964,0.04940605,-0.01772499,25.45892
"2025-04-08 17:28:47.75",43193,0.01386452,0.05199051,-0.01798248,25.45712
"2025-04-08 17:28:47.8",43194,0.01638222,0.048666,-0.01787758,25.457
"2025-04-08 17:28:47.85",43195,0.01590157,0.051651,-0.01741791,25.45811
"2025-04-08 17:28:47.9",43196,0.01365662,0.05231857,-0.01833344,25.44247
"2025-04-08 17:28:47.95",43197,0.01639175,0.04845428,-0.01757813,25.45879
"2025-04-08 17:28:48",43198,0.01606369,0.05074501,-0.01789665,25.45805
"2025-04-08 17:28:48.05",43199,0.01614761,0.04843903,-0.01706696,25.44408
"2025-04-08 17:28:48.1",43200,0.01556206,0.05157852,-0.01704788,25.4416
"2025-04-08 17:28:48.15",43201,0.01631546,0.05155563,-0.01711464,25.45638
"2025-04-08 17:28:48.2",43202,0.01677704,0.05095863,-0.01670837,25.44193
"2025-04-08 17:28:48.25",43203,0.01673889,0.05095863,-0.01715088,25.44164
"2025-04-08 17:28:48.3",43204,0.0169239,0.04971313,-0.01770973,25.45818
"2025-04-08 17:28:48.35",43205,0.01613998,0.04954529,-0.01689339,25.44559
"2025-04-08 17:28:48.4",43206,0.016819,0.04967308,-0.0170002,25.45914
"2025-04-08 17:28:48.45",43207,0.01728821,0.04956245,-0.01713753,25.44724
"2025-04-08 17:28:48.5",43208,0.01774025,0.04994011,-0.01917267,25.42294
"2025-04-08 17:28:48.55",43209,0.01790047,0.04943848,-0.0197506,25.45974
"2025-04-08 17:28:48.6",43210,0.01764297,0.04983902,-0.01991272,25.44549
"2025-04-08 17:28:48.65",43211,0.01813126,0.05064583,-0.02029991,25.39352
"2025-04-08 17:28:48.7",43212,0.0185051,0.05023003,-0.02096367,25.44625
"2025-04-08 17:28:48.75",43213,0.01797485,0.05263329,-0.02036285,25.44608
"2025-04-08 17:28:48.8",43214,0.01735497,0.05003738,-0.01987076,25.41788
"2025-04-08 17:28:48.85",43215,0.01711273,0.05265617,-0.01998711,25.42384
"2025-04-08 17:28:48.9",43216,0.01641464,0.04990005,-0.01970291,25.46163
"2025-04-08 17:28:48.95",43217,0.01638031,0.05004883,-0.01989365,25.44435
"2025-04-08 17:28:49",43218,0.01651001,0.0501461,-0.0169754,25.44376
"2025-04-08 17:28:49.05",43219,0.01614761,0.05082893,-0.01994133,25.41238
"2025-04-08 17:28:49.1",43220,0.01290703,0.05010796,-0.01981354,25.41122
"2025-04-08 17:28:49.15",43221,0.01588058,0.05048752,-0.01972389,25.44307
"2025-04-08 17:28:49.2",43222,0.01232719,0.05009651,-0.01898575,25.44189
"2025-04-08 17:28:49.25",43223,0.01244354,0.05294037,-0.01845741,25.41856
"2025-04-08 17:28:49.3",43224,0.01521492,0.05058479,-0.01795387,25.41785
"2025-04-08 17:28:49.35",43225,0.0123539,0.05276299,-0.01662064,25.41794
"2025-04-08 17:28:49.4",43226,0.01263809,0.05320358,-0.02133179,25.41656
"2025-04-08 17:28:49.45",43227,0.01638603,0.05242729,-0.020998,25.41743
"2025-04-08 17:28:49.5",43228,0.01646614,0.05283356,-0.02154922,25.41855
"2025-04-08 17:28:49.55",43229,0.01589203,0.0529232,-0.02189827,25.42114
"2025-04-08 17:28:49.6",43230,0.01591873,0.05200768,-0.02153397,25.42172
"2025-04-08 17:28:49.65",43231,0.01519203,0.05267906,-0.02181816,25.42243
"2025-04-08 17:28:49.7",43232,0.01635551,0.05269814,-0.02151108,25.42234
"2025-04-08 17:28:49.75",43233,0.01635551,0.05286598,-0.02134323,25.44341
"2025-04-08 17:28:49.8",43234,0.01638031,0.05381584,-0.02166367,25.41326
"2025-04-08 17:28:49.85",43235,0.01648331,0.05350304,-0.02594757,25.41995
"2025-04-08 17:28:49.9",43236,0.01643753,0.05428123,-0.02550507,25.44362
"2025-04-08 17:28:49.95",43237,0.01621246,0.05419731,-0.02590179,25.42043
"2025-04-08 17:28:50",43238,0.01605606,0.05428123,-0.0257225,25.42119
"2025-04-08 17:28:50.05",43239,0.01599503,0.05435371,-0.02616501,25.39156
"2025-04-08 17:28:50.1",43240,0.01579094,0.05389977,-0.02575684,25.44547
"2025-04-08 17:28:50.15",43241,0.01521301,0.05426216,-0.02558708,25.42168
"2025-04-08 17:28:50.2",43242,0.01551056,0.05437088,-0.02775383,25.42107
"2025-04-08 17:28:50.25",43243,0.0158577,0.05417442,-0.02472687,25.41913
"2025-04-08 17:28:50.3",43244,0.01587486,0.05411148,-0.02536392,25.41763
"2025-04-08 17:28:50.35",43245,0.0158577,0.0540638,-0.02507401,25.44314
"2025-04-08 17:28:50.4",43246,0.01671219,0.05657387,-0.02803421,25.42029
"2025-04-08 17:28:50.45",43247,0.01683235,0.05573845,-0.02536583,25.42059
"2025-04-08 17:28:50.5",43248,0.01644325,0.05459213,-0.02719688,25.44503
"2025-04-08 17:28:50.55",43249,0.01967621,0.05155563,-0.02447319,25.42236
"2025-04-08 17:28:50.6",43250,0.01937103,0.05474281,-0.02451515,25.41361
"2025-04-08 17:28:50.65",43251,0.01690292,0.05192757,-0.02749825,25.44692
"2025-04-08 17:28:50.7",43252,0.01790619,0.0551281,-0.027174,25.44566
"2025-04-08 17:28:50.75",43253,0.01795006,0.05215263,-0.02791595,25.46108
"2025-04-08 17:28:50.8",43254,0.02113342,0.05462646,-0.02786636,25.44932
"2025-04-08 17:28:50.85",43255,0.02090073,0.05281258,-0.02810097,25.44734
"2025-04-08 17:28:50.9",43256,0.02055359,0.05474472,-0.02879906,25.44776
"2025-04-08 17:28:50.95",43257,0.02071381,0.05519485,-0.02863121,25.44824
"2025-04-08 17:28:51",43258,0.02003288,0.05791092,-0.02757072,25.44993
"2025-04-08 17:28:51.05",43259,0.02203369,0.05794525,-0.02749252,25.44715
"2025-04-08 17:28:51.1",43260,0.02214622,0.05870819,-0.02728462,25.44615
"2025-04-08 17:28:51.15",43261,0.02145767,0.05557632,-0.02744102,25.46049
"2025-04-08 17:28:51.2",43262,0.02155304,0.05570412,-0.02799416,25.44389
"2025-04-08 17:28:51.25",43263,0.024786,0.0555191,-0.02742195,25.42096
"2025-04-08 17:28:51.3",43264,0.0216198,0.05854607,-0.0273037,25.44407
"2025-04-08 17:28:51.35",43265,0.02074242,0.05824089,-0.02662849,25.45739
"2025-04-08 17:28:51.4",43266,0.02040672,0.05775452,-0.0273037,25.44419
"2025-04-08 17:28:51.45",43267,0.01789474,0.05753517,-0.02625465,25.44301
"2025-04-08 17:28:51.5",43268,0.02049637,0.05873871,-0.02623749,25.45655
"2025-04-08 17:28:51.55",43269,0.02369118,0.05887222,-0.02567101,25.47304
"2025-04-08 17:28:51.6",43270,0.02367401,0.06129456,-0.02628136,25.4471
"2025-04-08 17:28:51.65",43271,0.02142334,0.0586071,-0.02639961,25.44862
"2025-04-08 17:28:51.7",43272,0.02369308,0.05779457,-0.02557182,25.50177
"2025-04-08 17:28:51.75",43273,0.02153778,0.05818367,-0.02705765,25.46293
"2025-04-08 17:28:51.8",43274,0.02380943,0.06002808,-0.02688789,25.49887
"2025-04-08 17:28:51.85",43275,0.02101707,0.05774307,-0.02666664,25.52076
"2025-04-08 17:28:51.9",43276,0.02171516,0.05831146,-0.0273037,25.51241
"2025-04-08 17:28:51.95",43277,0.02428246,0.06077385,-0.0269413,25.53265
"2025-04-08 17:28:52",43278,0.02401543,0.0613575,-0.02571678,25.54939
"2025-04-08 17:28:52.05",43279,0.02409935,0.05913925,-0.02744865,25.53637
"2025-04-08 17:28:52.1",43280,0.0249939,0.05946922,-0.03116608,25.53537
"2025-04-08 17:28:52.15",43281,0.02439117,0.05885887,-0.02368927,25.53601
"2025-04-08 17:28:52.2",43282,0.02734566,0.05958557,-0.02534294,25.55161
"2025-04-08 17:28:52.25",43283,0.02332306,0.0597496,-0.02567863,25.55363
"2025-04-08 17:28:52.3",43284,0.02685356,0.06233406,-0.01610565,25.53699
"2025-04-08 17:28:52.35",43285,0.02609444,0.05996513,-0.008354187,25.55097
"2025-04-08 17:28:52.4",43286,0.0239315,0.06049156,-0.01008415,25.54844
"2025-04-08 17:28:52.45",43287,0.02667618,0.06014061,-0.008399963,25.54591
"2025-04-08 17:28:52.5",43288,0.02405548,0.06041145,-0.009101868,25.53165
"2025-04-08 17:28:52.55",43289,0.02480316,0.06230736,-0.008337021,25.59057
"2025-04-08 17:28:52.6",43290,0.0266037,0.05864716,-0.009168625,25.57189
"2025-04-08 17:28:52.65",43291,0.02623177,0.06191635,-0.001338959,25.55313
"2025-04-08 17:28:52.7",43292,0.02679062,0.05898857,-0.003885269,25.56554
"2025-04-08 17:28:52.75",43293,0.02771187,0.0587635,-0.001779556,25.57872
"2025-04-08 17:28:52.8",43294,0.02804756,0.06085205,0.0004920959,25.60206
"2025-04-08 17:28:52.85",43295,0.03025436,0.06136322,0.002244949,25.56373
"2025-04-08 17:28:52.9",43296,0.02874565,0.05805588,0.001754761,25.60313
"2025-04-08 17:28:52.95",43297,0.02868652,0.059412,-0.003343582,25.58378
"2025-04-08 17:28:53",43298,0.02773666,0.06197548,0.001661301,25.58002
"2025-04-08 17:28:53.05",43299,0.02840614,0.06108665,0.001005173,25.57907
"2025-04-08 17:28:53.1",43300,0.03078461,0.0639801,0.003017426,25.56068
"2025-04-08 17:28:53.15",43301,0.03027153,0.06132698,0.003562927,25.57632
"2025-04-08 17:28:53.2",43302,0.03051567,0.06786156,-0.002538681,25.57861
"2025-04-08 17:28:53.25",43303,0.03107643,0.06909752,-0.003303528,25.62225
"2025-04-08 17:28:53.3",43304,0.03023911,0.07173347,-0.002641678,25.57949
"2025-04-08 17:28:53.35",43305,0.02962875,0.07672119,0.003063202,25.57822
"2025-04-08 17:28:53.4",43306,0.03196335,0.07876015,-0.0004062653,25.57765
"2025-04-08 17:28:53.45",43307,0.03161621,0.08182526,0.0008106232,25.62727
"2025-04-08 17:28:53.5",43308,0.03181839,0.0821476,0.001834869,25.55645
"2025-04-08 17:28:53.55",43309,0.03168488,0.07990837,0.002906799,25.64011
"2025-04-08 17:28:53.6",43310,0.03310966,0.07973671,-0.0005588531,25.58569
"2025-04-08 17:28:53.65",43311,0.03121948,0.07911491,0.001607895,25.63713
"2025-04-08 17:28:53.7",43312,0.03531456,0.0803051,0.004634857,25.58507
"2025-04-08 17:28:53.75",43313,0.03446579,0.08606339,0.002468109,25.61819
"2025-04-08 17:28:53.8",43314,0.03358459,0.08682442,-0.0009384155,25.61738
"2025-04-08 17:28:53.85",43315,0.03474617,0.0887928,0.005815506,25.61021
"2025-04-08 17:28:53.9",43316,0.03388596,0.08699036,0.007434845,25.61771
"2025-04-08 17:28:53.95",43317,0.03464508,0.08683014,0.007591248,25.58746
"2025-04-08 17:28:54",43318,0.0352478,0.08679008,0.01033401,25.58697
"2025-04-08 17:28:54.05",43319,0.03502846,0.08392334,0.01469421,25.61177
"2025-04-08 17:28:54.1",43320,0.03577805,0.08467674,0.01538277,25.60769
"2025-04-08 17:28:54.15",43321,0.03575134,0.08418655,0.0188961,25.5878
"2025-04-08 17:28:54.2",43322,0.03531456,0.08421898,0.01969719,25.63967
"2025-04-08 17:28:54.25",43323,0.03548241,0.0847187,0.02581024,25.6169
"2025-04-08 17:28:54.3",43324,0.03802681,0.08153534,0.02157021,25.6359
"2025-04-08 17:28:54.35",43325,0.03511238,0.08522606,0.01751518,25.56397
"2025-04-08 17:28:54.4",43326,0.03524208,0.08173943,0.02034187,25.63614
"2025-04-08 17:28:54.45",43327,0.03152657,0.0822773,0.02236748,25.61752
"2025-04-08 17:28:54.5",43328,0.02662277,0.0790329,0.02239609,25.56922
"2025-04-08 17:28:54.55",43329,0.03320885,0.07904243,0.02284813,25.5817
"2025-04-08 17:28:54.6",43330,0.04138374,0.078228,0.02391434,25.63371
"2025-04-08 17:28:54.65",43331,0.0403862,0.08057976,0.02180481,25.66464
"2025-04-08 17:28:54.7",43332,0.04240036,0.07881927,0.02502251,25.63619
"2025-04-08 17:28:54.75",43333,0.03965187,0.07856941,0.02454567,25.6677
"2025-04-08 17:28:54.8",43334,0.04131889,0.0789814,0.02339554,25.64583
"2025-04-08 17:28:54.85",43335,0.04025841,0.07898712,0.02464676,25.67006
"2025-04-08 17:28:54.9",43336,0.04660797,0.08089256,0.02660751,25.67103
"2025-04-08 17:28:54.95",43337,0.04839325,0.07814026,0.02638245,25.69157
"2025-04-08 17:28:55",43338,0.05215073,0.07766342,0.026474,25.72196
"2025-04-08 17:28:55.05",43339,0.05247498,0.07758713,0.02291489,25.70965
"2025-04-08 17:28:55.1",43340,0.0571003,0.07788658,0.02337837,25.6491
"2025-04-08 17:28:55.15",43341,0.05576706,0.07796478,0.02744675,25.6933
"2025-04-08 17:28:55.2",43342,0.05851936,0.07777977,0.02773094,25.66946
"2025-04-08 17:28:55.25",43343,0.05648613,0.07724953,0.02712822,25.6469
"2025-04-08 17:28:55.3",43344,0.05950737,0.07645035,0.02863312,25.69061
"2025-04-08 17:28:55.35",43345,0.05891991,0.07619667,0.02401161,25.66721
"2025-04-08 17:28:55.4",43346,0.05855942,0.07561302,0.01895142,25.66646
"2025-04-08 17:28:55.45",43347,0.05481529,0.07840729,0.02411652,25.64777
"2025-04-08 17:28:55.5",43348,0.05395508,0.07826614,0.02417946,25.70704
"2025-04-08 17:28:55.55",43349,0.05693817,0.07981873,0.02440071,25.69012
"2025-04-08 17:28:55.6",43350,0.05919647,0.07979202,0.02460289,25.6907
"2025-04-08 17:28:55.65",43351,0.05988884,0.08011627,0.02506638,25.66542
"2025-04-08 17:28:55.7",43352,0.06242943,0.0800972,0.02410698,25.68693
"2025-04-08 17:28:55.75",43353,0.06078148,0.08030701,0.0243969,25.7159
"2025-04-08 17:28:55.8",43354,0.06246185,0.07952881,0.02415657,25.68521
"2025-04-08 17:28:55.85",43355,0.06629944,0.07874298,0.02416611,25.68788
"2025-04-08 17:28:55.9",43356,0.06781197,0.07598305,0.02707672,25.68729
"2025-04-08 17:28:55.95",43357,0.06567192,0.07919502,0.02767372,25.66589
"2025-04-08 17:28:56",43358,0.06455612,0.0796814,0.02598572,25.63477
"2025-04-08 17:28:56.05",43359,0.06443405,0.08279228,0.02448463,25.681
"2025-04-08 17:28:56.1",43360,0.06333923,0.08713531,0.02122498,25.65659
"2025-04-08 17:28:56.15",43361,0.06336594,0.0920105,0.0213356,25.6731
"2025-04-08 17:28:56.2",43362,0.06680679,0.09378242,0.02674675,25.67269
"2025-04-08 17:28:56.25",43363,0.06305504,0.09197235,0.02433014,25.67326
"2025-04-08 17:28:56.3",43364,0.06557465,0.09568787,0.02160835,25.63258
"2025-04-08 17:28:56.35",43365,0.06503296,0.09417725,0.02290535,25.63329
"2025-04-08 17:28:56.4",43366,0.06303215,0.09428978,0.02324677,25.62946
"2025-04-08 17:28:56.45",43367,0.06423378,0.09247017,0.02321625,25.64308
"2025-04-08 17:28:56.5",43368,0.06437683,0.09516144,0.0245018,25.6441
"2025-04-08 17:28:56.55",43369,0.06237221,0.09605026,0.02620506,25.62672
"2025-04-08 17:28:56.6",43370,0.06683922,0.09580421,0.0252037,25.6115
"2025-04-08 17:28:56.65",43371,0.06594276,0.09505081,0.02908707,25.63998
"2025-04-08 17:28:56.7",43372,0.06350136,0.09765816,0.03053284,25.63054
"2025-04-08 17:28:56.75",43373,0.06293297,0.09699821,0.03303146,25.63463
"2025-04-08 17:28:56.8",43374,0.06233788,0.0929985,0.03240585,25.63253
"2025-04-08 17:28:56.85",43375,0.06264496,0.09583855,0.0346489,25.65961
"2025-04-08 17:28:56.9",43376,0.06178665,0.09315681,0.03314209,25.60813
"2025-04-08 17:28:56.95",43377,0.06156158,0.09376907,0.03466606,25.63139
"2025-04-08 17:28:57",43378,0.05994797,0.0939045,0.03628731,25.60826
"2025-04-08 17:28:57.05",43379,0.06199837,0.09409523,0.03355408,25.60377
"2025-04-08 17:28:57.1",43380,0.06360054,0.09410667,0.0328331,25.62297
"2025-04-08 17:28:57.15",43381,0.05864143,0.0936718,0.03404617,25.62312
"2025-04-08 17:28:57.2",43382,0.06008911,0.09296227,0.03601646,25.61132
"2025-04-08 17:28:57.25",43383,0.06231117,0.09211922,0.03665352,25.59437
"2025-04-08 17:28:57.3",43384,0.05655289,0.0895195,0.03218651,25.65038
"2025-04-08 17:28:57.35",43385,0.05570412,0.08791351,0.02824211,25.6501
"2025-04-08 17:28:57.4",43386,0.05653191,0.09265327,0.03373528,25.62976
"2025-04-08 17:28:57.45",43387,0.05200195,0.08849907,0.03373528,25.68246
"2025-04-08 17:28:57.5",43388,0.05325127,0.09096146,0.03644753,25.65115
"2025-04-08 17:28:57.55",43389,0.05263138,0.09021759,0.03240395,25.65804
"2025-04-08 17:28:57.6",43390,0.05080032,0.09057999,0.03163528,25.65194
"2025-04-08 17:28:57.65",43391,0.05131531,0.08999443,0.02916527,25.65284
"2025-04-08 17:28:57.7",43392,0.0534687,0.09269714,0.03118706,25.66205
"2025-04-08 17:28:57.75",43393,0.05111885,0.09863091,0.02622223,25.6602
"2025-04-08 17:28:57.8",43394,0.05143356,0.09790802,0.02633858,25.66041
"2025-04-08 17:28:57.85",43395,0.05035019,0.1018143,0.02813911,25.67919
"2025-04-08 17:28:57.9",43396,0.04891777,0.1022358,0.02910423,25.6579
"2025-04-08 17:28:57.95",43397,0.05502129,0.1045895,0.02319336,25.65427
"2025-04-08 17:28:58",43398,0.05979347,0.1018753,0.02039719,25.65443
"2025-04-08 17:28:58.05",43399,0.06147766,0.09732819,0.01959229,25.67944
"2025-04-08 17:28:58.1",43400,0.06271744,0.0975914,0.0213623,25.65787
"2025-04-08 17:28:58.15",43401,0.06562805,0.09581566,0.02192688,25.68163
"2025-04-08 17:28:58.2",43402,0.07080078,0.09729004,0.02061081,25.65917
"2025-04-08 17:28:58.25",43403,0.06786919,0.09830666,0.01431656,25.68073
"2025-04-08 17:28:58.3",43404,0.0703373,0.09890175,0.01754951,25.65733
"2025-04-08 17:28:58.35",43405,0.07328606,0.09894943,0.01414871,25.65573
"2025-04-08 17:28:58.4",43406,0.07421875,0.09824944,0.01396179,25.67583
"2025-04-08 17:28:58.45",43407,0.07645226,0.1027107,0.01156044,25.65043
"2025-04-08 17:28:58.5",43408,0.07541275,0.1026745,0.01019287,25.64624
"2025-04-08 17:28:58.55",43409,0.07403564,0.107687,0.008266449,25.64452
"2025-04-08 17:28:58.6",43410,0.07271004,0.1151161,0.007726669,25.64312
"2025-04-08 17:28:58.65",43411,0.07386589,0.1143799,0.002233505,25.63639
"2025-04-08 17:28:58.7",43412,0.07546997,0.1173496,0.005491257,25.63683
"2025-04-08 17:28:58.75",43413,0.07534599,0.1169319,0.006875992,25.63526
"2025-04-08 17:28:58.8",43414,0.07653046,0.1183758,0.004228592,25.63636
"2025-04-08 17:28:58.85",43415,0.07554054,0.1184216,0.008792877,25.61279
"2025-04-08 17:28:58.9",43416,0.07395744,0.1161728,0.01365471,25.63069
"2025-04-08 17:28:58.95",43417,0.07295036,0.1129055,0.01698303,25.61076
"2025-04-08 17:28:59",43418,0.07071495,0.1131992,0.01777077,25.63327
"2025-04-08 17:28:59.05",43419,0.06932068,0.1131325,0.02061653,25.58821
"2025-04-08 17:28:59.1",43420,0.07021332,0.1113224,0.01755905,25.61208
"2025-04-08 17:28:59.15",43421,0.06849861,0.1134796,0.0184803,25.61823
"2025-04-08 17:28:59.2",43422,0.06487083,0.1112556,0.01437759,25.59724
"2025-04-08 17:28:59.25",43423,0.07038307,0.1081924,0.01946449,25.60915
"2025-04-08 17:28:59.3",43424,0.0697937,0.1090794,0.01774597,25.593
"2025-04-08 17:28:59.35",43425,0.07062721,0.1058273,0.01437187,25.62561
"2025-04-08 17:28:59.4",43426,0.0658474,0.1062908,0.0140419,25.59777
"2025-04-08 17:28:59.45",43427,0.06758499,0.1061115,0.01836395,25.62204
"2025-04-08 17:28:59.5",43428,0.07227898,0.1049576,0.01485825,25.62424
"2025-04-08 17:28:59.55",43429,0.06938744,0.1057281,0.01462936,25.64546
"2025-04-08 17:28:59.6",43430,0.06949806,0.1048889,0.01306534,25.62196
"2025-04-08 17:28:59.65",43431,0.07263184,0.104784,0.01340485,25.62026
"2025-04-08 17:28:59.7",43432,0.07804489,0.1040363,0.00787735,25.61944
"2025-04-08 17:28:59.75",43433,0.079422,0.1052303,0.007907867,25.66227
"2025-04-08 17:28:59.8",43434,0.08211136,0.1083908,0.009494781,25.66622
"2025-04-08 17:28:59.85",43435,0.08434486,0.105566,0.01142883,25.66527
"2025-04-08 17:28:59.9",43436,0.08681297,0.104454,0.008556366,25.61431
"2025-04-08 17:28:59.95",43437,0.08616829,0.1078568,0.00761795,25.61081
"2025-04-08 17:29:00",43438,0.08165169,0.1083584,0.009037018,25.6068
"2025-04-08 17:29:00.05",43439,0.08345032,0.1175003,0.01083755,25.62419
"2025-04-08 17:29:00.1",43440,0.08267212,0.1190128,0.01171684,25.58425
"2025-04-08 17:29:00.15",43441,0.07904243,0.1214275,0.007240295,25.60052
"2025-04-08 17:29:00.2",43442,0.0784359,0.1222191,0.006853104,25.59926
"2025-04-08 17:29:00.25",43443,0.08007813,0.1229801,0.006793976,25.62194
"2025-04-08 17:29:00.3",43444,0.08162308,0.1226902,0.006629944,25.64207
"2025-04-08 17:29:00.35",43445,0.07952309,0.1231117,0.007556915,25.64227
"2025-04-08 17:29:00.4",43446,0.07854652,0.1214085,0.01075363,25.62088
"2025-04-08 17:29:00.45",43447,0.08231735,0.1185894,0.007450104,25.64437
"2025-04-08 17:29:00.5",43448,0.0791378,0.1205711,0.01265526,25.5996
"2025-04-08 17:29:00.55",43449,0.07866478,0.1199226,0.02051353,25.62031
"2025-04-08 17:29:00.6",43450,0.07946777,0.120472,0.02197266,25.59807
"2025-04-08 17:29:00.65",43451,0.07746124,0.1199017,0.01990509,25.59614
"2025-04-08 17:29:00.7",43452,0.07180595,0.121254,0.01919746,25.5969
"2025-04-08 17:29:00.75",43453,0.0759201,0.1203079,0.0177269,25.61924
"2025-04-08 17:29:00.8",43454,0.07213974,0.1177673,0.01903915,25.61735
"2025-04-08 17:29:00.85",43455,0.07218552,0.1208,0.02495956,25.64874
"2025-04-08 17:29:00.9",43456,0.07352448,0.1195164,0.02061653,25.64688
"2025-04-08 17:29:00.95",43457,0.07451439,0.1189175,0.01589394,25.61602
"2025-04-08 17:29:01",43458,0.07401848,0.115345,0.02033997,25.62225
"2025-04-08 17:29:01.05",43459,0.07369423,0.1177082,0.02163696,25.60702
"2025-04-08 17:29:01.1",43460,0.07560158,0.114954,0.02052498,25.6783
"2025-04-08 17:29:01.15",43461,0.07224655,0.1088886,0.01774979,25.72679
"2025-04-08 17:29:01.2",43462,0.07520103,0.1090183,0.0176487,25.67567
"2025-04-08 17:29:01.25",43463,0.07573128,0.1115799,0.01863289,25.67352
"2025-04-08 17:29:01.3",43464,0.07483101,0.1097755,0.01444817,25.73832
"2025-04-08 17:29:01.35",43465,0.07668495,0.1090107,0.0135498,25.68104
"2025-04-08 17:29:01.4",43466,0.07391167,0.1090717,0.01515961,25.72206
"2025-04-08 17:29:01.45",43467,0.07429504,0.1089573,0.01486969,25.72208
"2025-04-08 17:29:01.5",43468,0.08151627,0.1081085,0.01251793,25.70029
"2025-04-08 17:29:01.55",43469,0.08228302,0.1079941,0.01201439,25.72119
"2025-04-08 17:29:01.6",43470,0.09232903,0.10676,0.01025391,25.67432
"2025-04-08 17:29:01.65",43471,0.09141922,0.1064758,0.007860184,25.73316
"2025-04-08 17:29:01.7",43472,0.08935928,0.1069107,0.008182526,25.71751
"2025-04-08 17:29:01.75",43473,0.09033012,0.1038551,0.009975433,25.71564
"2025-04-08 17:29:01.8",43474,0.09346962,0.1069221,0.008087158,25.71473
"2025-04-08 17:29:01.85",43475,0.09373283,0.10923,0.0141964,25.71016
"2025-04-08 17:29:01.9",43476,0.09619904,0.1083126,0.01457024,25.70795
"2025-04-08 17:29:01.95",43477,0.09659195,0.1126938,0.0126667,25.70599
"2025-04-08 17:29:02",43478,0.09428024,0.1193562,0.01256561,25.70226
"2025-04-08 17:29:02.05",43479,0.09692574,0.1221962,0.008752823,25.70315
"2025-04-08 17:29:02.1",43480,0.0921669,0.1234913,0.00954628,25.65845
"2025-04-08 17:29:02.15",43481,0.09079933,0.1197357,0.01691818,25.71492
"2025-04-08 17:29:02.2",43482,0.09059334,0.1205292,0.02015305,25.71565
"2025-04-08 17:29:02.25",43483,0.0896225,0.1206379,0.02008438,25.67896
"2025-04-08 17:29:02.3",43484,0.08624077,0.1193619,0.02153206,25.67636
"2025-04-08 17:29:02.35",43485,0.08585739,0.1196327,0.02552414,25.71326
"2025-04-08 17:29:02.4",43486,0.08395195,0.1197586,0.02475166,25.64288
"2025-04-08 17:29:02.45",43487,0.08744431,0.1192951,0.02711678,25.67604
"2025-04-08 17:29:02.5",43488,0.08708,0.1186886,0.02340698,25.67648
"2025-04-08 17:29:02.55",43489,0.08634758,0.117651,0.0222683,25.67523
"2025-04-08 17:29:02.6",43490,0.08395767,0.1176624,0.02680397,25.64673
"2025-04-08 17:29:02.65",43491,0.08326721,0.1147137,0.02700806,25.6534
"2025-04-08 17:29:02.7",43492,0.08606339,0.1166973,0.02669525,25.70009
"2025-04-08 17:29:02.75",43493,0.08762169,0.112257,0.02631569,25.6805
"2025-04-08 17:29:02.8",43494,0.08377457,0.1115475,0.02612877,25.64782
"2025-04-08 17:29:02.85",43495,0.08180618,0.1101112,0.02605057,25.67766
"2025-04-08 17:29:02.9",43496,0.08067513,0.1072464,0.02886391,25.65118
"2025-04-08 17:29:02.95",43497,0.08122826,0.1086369,0.02981186,25.64496
"2025-04-08 17:29:03",43498,0.08347702,0.1052475,0.02371597,25.64286
"2025-04-08 17:29:03.05",43499,0.08559608,0.1088333,0.02492142,25.64256
"2025-04-08 17:29:03.1",43500,0.07990456,0.1052532,0.02695847,25.67365
"2025-04-08 17:29:03.15",43501,0.08421326,0.1019192,0.02239609,25.64503
"2025-04-08 17:29:03.2",43502,0.09012222,0.1008625,0.02209473,25.65176
"2025-04-08 17:29:03.25",43503,0.09316063,0.09943962,0.02142906,25.6728
"2025-04-08 17:29:03.3",43504,0.0955143,0.1004066,0.02656746,25.69595
"2025-04-08 17:29:03.35",43505,0.09750175,0.1000996,0.02784157,25.6927
"2025-04-08 17:29:03.4",43506,0.0999012,0.1017513,0.02627754,25.63733
"2025-04-08 17:29:03.45",43507,0.09857941,0.1010857,0.02364731,25.66071
"2025-04-08 17:29:03.5",43508,0.101366,0.1008625,0.0218277,25.63858
"2025-04-08 17:29:03.55",43509,0.1003113,0.09786415,0.02049828,25.62674
"2025-04-08 17:29:03.6",43510,0.1026173,0.1008224,0.02367592,25.69171
"2025-04-08 17:29:03.65",43511,0.09940147,0.1044369,0.02094841,25.63646
"2025-04-08 17:29:03.7",43512,0.09871483,0.1121941,0.02179909,25.66246
"2025-04-08 17:29:03.75",43513,0.09502602,0.1104469,0.02249718,25.66077
"2025-04-08 17:29:03.8",43514,0.09682465,0.1150723,0.02508736,25.63427
"2025-04-08 17:29:03.85",43515,0.1003056,0.1121235,0.02535629,25.64138
"2025-04-08 17:29:03.9",43516,0.100172,0.1098785,0.0215435,25.64051
"2025-04-08 17:29:03.95",43517,0.09512138,0.1104126,0.0227375,25.6944
"2025-04-08 17:29:04",43518,0.1013165,0.110033,0.02185059,25.63289
"2025-04-08 17:29:04.05",43519,0.102623,0.1091957,0.0220623,25.63233
"2025-04-08 17:29:04.1",43520,0.101326,0.1086197,0.02180481,25.67784
"2025-04-08 17:29:04.15",43521,0.1052933,0.1063137,0.02018547,25.63548
"2025-04-08 17:29:04.2",43522,0.09851646,0.1042576,0.02257538,25.69408
"2025-04-08 17:29:04.25",43523,0.09428024,0.1060562,0.02221298,25.62852
"2025-04-08 17:29:04.3",43524,0.09285545,0.1057625,0.02314949,25.63383
"2025-04-08 17:29:04.35",43525,0.09052086,0.1068573,0.01768684,25.62663
"2025-04-08 17:29:04.4",43526,0.08948326,0.1070633,0.01371193,25.60365
"2025-04-08 17:29:04.45",43527,0.09062576,0.1065083,0.01858711,25.62379
"2025-04-08 17:29:04.5",43528,0.09395027,0.108017,0.0213356,25.62368
"2025-04-08 17:29:04.55",43529,0.09231186,0.1045647,0.01725388,25.62228
"2025-04-08 17:29:04.6",43530,0.08952522,0.1046009,0.02010155,25.62676
"2025-04-08 17:29:04.65",43531,0.08763123,0.1049347,0.02343941,25.62634
"2025-04-08 17:29:04.7",43532,0.08398628,0.1024208,0.01818085,25.62707
"2025-04-08 17:29:04.75",43533,0.08534813,0.1001091,0.01914215,25.64653
"2025-04-08 17:29:04.8",43534,0.08630943,0.09992599,0.01847649,25.59649
"2025-04-08 17:29:04.85",43535,0.08501244,0.1004677,0.02018547,25.62328
"2025-04-08 17:29:04.9",43536,0.08491325,0.1013985,0.01991272,25.62279
"2025-04-08 17:29:04.95",43537,0.08218193,0.1006298,0.01893234,25.61465
"2025-04-08 17:29:05",43538,0.08449554,0.1001244,0.01174736,25.62173
"2025-04-08 17:29:05.05",43539,0.08662033,0.09922218,0.01190758,25.62263
"2025-04-08 17:29:05.1",43540,0.09780312,0.09756279,0.01864815,25.62226
"2025-04-08 17:29:05.15",43541,0.1026115,0.09494781,0.01404762,25.64423
"2025-04-08 17:29:05.2",43542,0.1004791,0.09793091,0.01662636,25.61246
"2025-04-08 17:29:05.25",43543,0.1009178,0.09579659,0.01416016,25.64246
"2025-04-08 17:29:05.3",43544,0.09772873,0.09618759,0.01433754,25.61497
"2025-04-08 17:29:05.35",43545,0.0942688,0.09629631,0.01060677,25.61301
"2025-04-08 17:29:05.4",43546,0.09879303,0.09573555,0.01711464,25.67353
"2025-04-08 17:29:05.45",43547,0.1010818,0.09429741,0.01516533,25.6154
"2025-04-08 17:29:05.5",43548,0.1007977,0.09327316,0.01914597,25.61598
"2025-04-08 17:29:05.55",43549,0.09959984,0.09329033,0.01984978,25.67461
"2025-04-08 17:29:05.6",43550,0.09404945,0.09123421,0.01414871,25.61615
"2025-04-08 17:29:05.65",43551,0.09579277,0.09194374,0.01660347,25.63689
"2025-04-08 17:29:05.7",43552,0.0953846,0.09181213,0.01600266,25.61282
"2025-04-08 17:29:05.75",43553,0.09533501,0.09194374,0.01748657,25.58524
"2025-04-08 17:29:05.8",43554,0.09189796,0.09059906,0.01360703,25.60973
"2025-04-08 17:29:05.85",43555,0.08963394,0.09023476,0.01543808,25.63322
"2025-04-08 17:29:05.9",43556,0.08916473,0.08995438,0.01256561,25.65648
"2025-04-08 17:29:05.95",43557,0.08899689,0.08883476,0.01017761,25.64072
"2025-04-08 17:29:06",43558,0.08782196,0.08811188,0.01234245,25.60814
"2025-04-08 17:29:06.05",43559,0.0916748,0.08460999,0.01189041,25.61442
"2025-04-08 17:29:06.1",43560,0.09077263,0.08215332,0.01577759,25.61206
"2025-04-08 17:29:06.15",43561,0.08735275,0.08267784,0.01424789,25.61382
"2025-04-08 17:29:06.2",43562,0.08448982,0.08667946,0.01314926,25.60257
"2025-04-08 17:29:06.25",43563,0.0839138,0.08769035,0.01311493,25.60244
"2025-04-08 17:29:06.3",43564,0.07968521,0.08585739,0.01011467,25.60974
"2025-04-08 17:29:06.35",43565,0.08317184,0.08646011,0.005937576,25.57936
"2025-04-08 17:29:06.4",43566,0.08851051,0.08613014,0.01176834,25.60075
"2025-04-08 17:29:06.45",43567,0.09472084,0.0853138,0.008365631,25.60872
"2025-04-08 17:29:06.5",43568,0.09457588,0.08466339,0.01211929,25.63801
"2025-04-08 17:29:06.55",43569,0.09790802,0.08683586,0.01054382,25.63968
"2025-04-08 17:29:06.6",43570,0.09267426,0.0865345,0.008081436,25.61523
"2025-04-08 17:29:06.65",43571,0.08826828,0.08636665,0.01304817,25.61204
"2025-04-08 17:29:06.7",43572,0.09031296,0.08725739,0.01181412,25.6494
"2025-04-08 17:29:06.75",43573,0.09246254,0.08545303,0.01098251,25.68761
"2025-04-08 17:29:06.8",43574,0.09091568,0.08421898,0.01058006,25.62088
"2025-04-08 17:29:06.85",43575,0.09228897,0.0875206,0.0124054,25.62158
"2025-04-08 17:29:06.9",43576,0.09012794,0.08452225,0.01231575,25.62328
"2025-04-08 17:29:06.95",43577,0.08815765,0.08385849,0.008996964,25.62698
"2025-04-08 17:29:07",43578,0.08284569,0.08519173,0.01207161,25.64132
"2025-04-08 17:29:07.05",43579,0.08196449,0.08130646,0.01165581,25.61046
"2025-04-08 17:29:07.1",43580,0.08260536,0.08419991,0.006311417,25.58948
"2025-04-08 17:29:07.15",43581,0.08280945,0.08436203,0.009840012,25.61247
"2025-04-08 17:29:07.2",43582,0.07555389,0.08509064,0.01196289,25.58858
"2025-04-08 17:29:07.25",43583,0.07646751,0.08378029,0.01422119,25.62695
"2025-04-08 17:29:07.3",43584,0.07417297,0.08438873,0.01524353,25.62634
"2025-04-08 17:29:07.35",43585,0.0771904,0.08398438,0.01026726,25.6255
"2025-04-08 17:29:07.4",43586,0.07361412,0.0831356,0.008407593,25.61069
"2025-04-08 17:29:07.45",43587,0.07476044,0.08292007,0.01295853,25.60779
"2025-04-08 17:29:07.5",43588,0.07727242,0.08298492,0.01565552,25.62319
"2025-04-08 17:29:07.55",43589,0.07559204,0.08053398,0.0141964,25.62302
"2025-04-08 17:29:07.6",43590,0.07401657,0.08340645,0.01561737,25.56552
"2025-04-08 17:29:07.65",43591,0.07409096,0.08192444,0.01343918,25.56598
"2025-04-08 17:29:07.7",43592,0.07191849,0.08147812,0.01400948,25.56679
"2025-04-08 17:29:07.75",43593,0.07271194,0.08102989,0.005411148,25.58943
"2025-04-08 17:29:07.8",43594,0.07275391,0.07904434,0.007774353,25.62355
"2025-04-08 17:29:07.85",43595,0.07350159,0.07746887,-0.001379013,25.58641
"2025-04-08 17:29:07.9",43596,0.06784058,0.0751915,-0.001461029,25.55706
"2025-04-08 17:29:07.95",43597,0.06900215,0.07571983,-0.006856918,25.58651
"2025-04-08 17:29:08",43598,0.06922531,0.07612991,-0.003427505,25.58662
"2025-04-08 17:29:08.05",43599,0.07087135,0.08553886,-0.005741119,25.56341
"2025-04-08 17:29:08.1",43600,0.07012939,0.08527756,-0.002696991,25.56201
"2025-04-08 17:29:08.15",43601,0.06862259,0.08921242,-0.00274086,25.56255
"2025-04-08 17:29:08.2",43602,0.06989479,0.08836555,-0.0001831055,25.56149
"2025-04-08 17:29:08.25",43603,0.06492615,0.08391762,-0.00434494,25.56348
"2025-04-08 17:29:08.3",43604,0.06672859,0.08524704,-0.006046295,25.55685
"2025-04-08 17:29:08.35",43605,0.06825829,0.08594704,-0.004276276,25.55579
"2025-04-08 17:29:08.4",43606,0.06297493,0.08595848,-0.003742218,25.53396
"2025-04-08 17:29:08.45",43607,0.06708717,0.08522606,-0.007051468,25.55704
"2025-04-08 17:29:08.5",43608,0.06628036,0.08576202,-0.005460739,25.56485
"2025-04-08 17:29:08.55",43609,0.06385994,0.08504105,-0.003578186,25.55761
"2025-04-08 17:29:08.6",43610,0.06620216,0.0817585,-0.005001068,25.55647
"2025-04-08 17:29:08.65",43611,0.06762695,0.08179665,-0.001256943,25.55712
"2025-04-08 17:29:08.7",43612,0.06721878,0.07849503,-0.001556396,25.56706
"2025-04-08 17:29:08.75",43613,0.06953239,0.08197975,-0.005952835,25.53898
"2025-04-08 17:29:08.8",43614,0.07020378,0.08119965,-0.007219315,25.55593
"2025-04-08 17:29:08.85",43615,0.064785,0.07880211,-0.005121231,25.53425
"2025-04-08 17:29:08.9",43616,0.06402969,0.07846642,-0.003957748,25.58497
"2025-04-08 17:29:08.95",43617,0.07003593,0.08075905,-0.003850937,25.55444
"2025-04-08 17:29:09",43618,0.07142067,0.07897568,-0.00633049,25.53352
"2025-04-08 17:29:09.05",43619,0.0678978,0.07499886,-0.004253387,25.55298
"2025-04-08 17:29:09.1",43620,0.06449509,0.07206154,-0.002233505,25.6048
"2025-04-08 17:29:09.15",43621,0.07072067,0.06468391,-0.001054764,25.5534
"2025-04-08 17:29:09.2",43622,0.06830978,0.05909538,-0.003948212,25.61641
"2025-04-08 17:29:09.25",43623,0.07019806,0.05735779,-0.00353241,25.60281
"2025-04-08 17:29:09.3",43624,0.06565094,0.05272675,-0.006721497,25.57908
"2025-04-08 17:29:09.35",43625,0.06407547,0.05244255,-0.007123947,25.58118
"2025-04-08 17:29:09.4",43626,0.06471443,0.05303955,-0.003940582,25.58257
"2025-04-08 17:29:09.45",43627,0.06774521,0.05311966,-0.002445221,25.58412
"2025-04-08 17:29:09.5",43628,0.0680027,0.05304527,-0.00128746,25.58393
"2025-04-08 17:29:09.55",43629,0.06702042,0.05560875,-0.003627777,25.55285
"2025-04-08 17:29:09.6",43630,0.06809616,0.05515289,-0.004650116,25.55235
"2025-04-08 17:29:09.65",43631,0.06570816,0.05547714,-0.006343842,25.55177
"2025-04-08 17:29:09.7",43632,0.06956482,0.05612373,-0.009235382,25.55215
"2025-04-08 17:29:09.75",43633,0.06505203,0.05603981,-0.01125336,25.58019
"2025-04-08 17:29:09.8",43634,0.06382561,0.05323982,-0.01104736,25.55195
"2025-04-08 17:29:09.85",43635,0.06732178,0.05478287,-0.00418663,25.55623
"2025-04-08 17:29:09.9",43636,0.06677437,0.0555706,-0.006204605,25.55031
"2025-04-08 17:29:09.95",43637,0.06739235,0.05888939,-0.001064301,25.55898
"2025-04-08 17:29:10",43638,0.06449509,0.05728912,-0.001623154,25.5504
"2025-04-08 17:29:10.05",43639,0.06450462,0.05776405,0.001337051,25.55355
"2025-04-08 17:29:10.1",43640,0.06765556,0.05751801,-0.003499985,25.56061
"2025-04-08 17:29:10.15",43641,0.06424332,0.05988121,-0.00361824,25.53077
"2025-04-08 17:29:10.2",43642,0.06773567,0.05800438,-0.004356384,25.52903
"2025-04-08 17:29:10.25",43643,0.06498528,0.06023216,-0.004199982,25.52991
"2025-04-08 17:29:10.3",43644,0.06353378,0.05988693,-0.0058918,25.5276
"2025-04-08 17:29:10.35",43645,0.06681252,0.05619621,-0.002731323,25.53002
"2025-04-08 17:29:10.4",43646,0.06788635,0.05830002,-0.000579834,25.52791
"2025-04-08 17:29:10.45",43647,0.07194138,0.05828476,-0.004249573,25.53046
"2025-04-08 17:29:10.5",43648,0.07263756,0.05810738,-0.006587982,25.5303
"2025-04-08 17:29:10.55",43649,0.07200623,0.05981064,-0.008996964,25.54992
"2025-04-08 17:29:10.6",43650,0.07325745,0.0605011,-0.006721497,25.50564
"2025-04-08 17:29:10.65",43651,0.07414436,0.06082535,-0.005895615,25.52972
"2025-04-08 17:29:10.7",43652,0.06566238,0.06079292,-0.01009178,25.53132
"2025-04-08 17:29:10.75",43653,0.06688499,0.06171989,-0.00636673,25.52832
"2025-04-08 17:29:10.8",43654,0.06638145,0.06064034,-0.01052666,25.55305
"2025-04-08 17:29:10.85",43655,0.05297852,0.06054688,-0.0110836,25.53271
"2025-04-08 17:29:10.9",43656,0.04868889,0.06082153,-0.009441376,25.5332
"2025-04-08 17:29:10.95",43657,0.04593658,0.06097603,-0.01356316,25.5321
"2025-04-08 17:29:11",43658,0.05075455,0.06087494,-0.01213455,25.49477
"2025-04-08 17:29:11.05",43659,0.04685211,0.06108093,-0.008214951,25.52797
"2025-04-08 17:29:11.1",43660,0.0481472,0.06092453,-0.01355934,25.50454
"2025-04-08 17:29:11.15",43661,0.04998016,0.06069183,-0.009895325,25.52747
"2025-04-08 17:29:11.2",43662,0.05204773,0.05996704,-0.01320267,25.50323
"2025-04-08 17:29:11.25",43663,0.04633713,0.05655479,-0.007984161,25.48756
"2025-04-08 17:29:11.3",43664,0.04510307,0.05685616,-0.01366997,25.50415
"2025-04-08 17:29:11.35",43665,0.04549599,0.05864906,-0.01238632,25.5052
"2025-04-08 17:29:11.4",43666,0.0473671,0.05890274,-0.007444382,25.50507
"2025-04-08 17:29:11.45",43667,0.04545593,0.05903435,-0.006450653,25.50052
"2025-04-08 17:29:11.5",43668,0.04420471,0.05923271,-0.009483337,25.52205
"2025-04-08 17:29:11.55",43669,0.04427338,0.0586319,-0.01173401,25.50198
"2025-04-08 17:29:11.6",43670,0.04647255,0.05889511,-0.004953384,25.4942
"2025-04-08 17:29:11.65",43671,0.04396629,0.05849648,-0.007705688,25.51281
"2025-04-08 17:29:11.7",43672,0.04600334,0.0574646,-0.01028442,25.48033
"2025-04-08 17:29:11.75",43673,0.04441643,0.05789948,-0.01131248,25.50258
"2025-04-08 17:29:11.8",43674,0.04331589,0.05923271,-0.007009506,25.55368
"2025-04-08 17:29:11.85",43675,0.04743767,0.0566864,-0.01166153,25.53584
"2025-04-08 17:29:11.9",43676,0.04743767,0.05926704,-0.01255798,25.5353
"2025-04-08 17:29:11.95",43677,0.04916954,0.05941391,-0.00696373,25.53378
"2025-04-08 17:29:12",43678,0.04411507,0.05654335,-0.008548737,25.5334
"2025-04-08 17:29:12.05",43679,0.04530525,0.05797768,-0.01362419,25.53333
"2025-04-08 17:29:12.1",43680,0.04781914,0.05909538,-0.01106071,25.53243
"2025-04-08 17:29:12.15",43681,0.05069351,0.05796814,-0.008716583,25.51038
"2025-04-08 17:29:12.2",43682,0.05026627,0.05785942,-0.01158714,25.55139
"2025-04-08 17:29:12.25",43683,0.04692459,0.06157875,-0.01206589,25.53092
"2025-04-08 17:29:12.3",43684,0.04668999,0.0598526,-0.01375008,25.50723
"2025-04-08 17:29:12.35",43685,0.04460907,0.06048965,-0.01275635,25.52734
"2025-04-08 17:29:12.4",43686,0.05010223,0.0645504,-0.01232529,25.52554
"2025-04-08 17:29:12.45",43687,0.04752922,0.06041718,-0.01078224,25.52354
"2025-04-08 17:29:12.5",43688,0.04794693,0.06226158,-0.01484299,25.52467
"2025-04-08 17:29:12.55",43689,0.04940414,0.06135178,-0.01048279,25.52283
"2025-04-08 17:29:12.6",43690,0.05443001,0.06131172,-0.01107788,25.52251
"2025-04-08 17:29:12.65",43691,0.05527496,0.06003761,-0.01387787,25.52132
"2025-04-08 17:29:12.7",43692,0.05309105,0.06007576,-0.01655197,25.52104
"2025-04-08 17:29:12.75",43693,0.05019951,0.06259155,-0.01356888,25.4999
"2025-04-08 17:29:12.8",43694,0.05200195,0.0622654,-0.01128006,25.49834
"2025-04-08 17:29:12.85",43695,0.05683899,0.06233215,-0.01655197,25.52419
"2025-04-08 17:29:12.9",43696,0.05166626,0.06242943,-0.01679611,25.4875
"2025-04-08 17:29:12.95",43697,0.05472565,0.0628624,-0.01204681,25.50249
"2025-04-08 17:29:13",43698,0.05709457,0.0627079,-0.01024055,25.50303
"2025-04-08 17:29:13.05",43699,0.05690384,0.06217575,-0.01164818,25.52638
"2025-04-08 17:29:13.1",43700,0.05305672,0.06238556,-0.0107708,25.52641
"2025-04-08 17:29:13.15",43701,0.05517769,0.06249428,-0.01545334,25.52725
"2025-04-08 17:29:13.2",43702,0.0568943,0.06282616,-0.01444817,25.50634
"2025-04-08 17:29:13.25",43703,0.05826187,0.06295776,-0.01679802,25.52502
"2025-04-08 17:29:13.3",43704,0.05916786,0.06527138,-0.01418877,25.52438
"2025-04-08 17:29:13.35",43705,0.05690956,0.0654068,-0.01104164,25.48637
"2025-04-08 17:29:13.4",43706,0.05389023,0.06186295,-0.01688766,25.49981
"2025-04-08 17:29:13.45",43707,0.05139923,0.06492043,-0.01197815,25.52112
"2025-04-08 17:29:13.5",43708,0.05396271,0.06225967,-0.01415253,25.52142
"2025-04-08 17:29:13.55",43709,0.05516243,0.06435966,-0.01464081,25.52204
"2025-04-08 17:29:13.6",43710,0.0549221,0.06376839,-0.01434517,25.52075
"2025-04-08 17:29:13.65",43711,0.05325317,0.06370354,-0.01407814,25.52264
"2025-04-08 17:29:13.7",43712,0.05440712,0.06486893,-0.01584244,25.50227
"2025-04-08 17:29:13.75",43713,0.05294418,0.06420517,-0.01542282,25.4987
"2025-04-08 17:29:13.8",43714,0.05216408,0.06420326,-0.01346207,25.5259
"2025-04-08 17:29:13.85",43715,0.05461502,0.06481361,-0.01247978,25.49921
"2025-04-08 17:29:13.9",43716,0.05336952,0.06198311,-0.01092339,25.5004
"2025-04-08 17:29:13.95",43717,0.05541992,0.06207275,-0.009651184,25.52138
"2025-04-08 17:29:14",43718,0.05137634,0.06210899,-0.01046944,25.52043
"2025-04-08 17:29:14.05",43719,0.05387306,0.06425476,-0.01058769,25.49837
"2025-04-08 17:29:14.1",43720,0.05273438,0.06447983,-0.01087952,25.49974
"2025-04-08 17:29:14.15",43721,0.04987335,0.06362534,-0.01068115,25.50006
"2025-04-08 17:29:14.2",43722,0.05134392,0.06385994,-0.01230621,25.49976
"2025-04-08 17:29:14.25",43723,0.04845619,0.061306,-0.01071739,25.52252
"2025-04-08 17:29:14.3",43724,0.04707718,0.06303215,-0.00888443,25.50246
"2025-04-08 17:29:14.35",43725,0.05125427,0.06316566,-0.01005554,25.52288
"2025-04-08 17:29:14.4",43726,0.05086899,0.06374741,-0.00872612,25.54369
"2025-04-08 17:29:14.45",43727,0.05034447,0.06354523,-0.006187439,25.48409
"2025-04-08 17:29:14.5",43728,0.04944801,0.06494331,-0.01200485,25.52197
"2025-04-08 17:29:14.55",43729,0.04763985,0.06539536,-0.00933075,25.50018
"2025-04-08 17:29:14.6",43730,0.05187225,0.06647301,-0.01197433,25.48282
"2025-04-08 17:29:14.65",43731,0.05160141,0.06601524,-0.009901047,25.49828
"2025-04-08 17:29:14.7",43732,0.05083275,0.06603622,-0.01219559,25.49869
"2025-04-08 17:29:14.75",43733,0.05211449,0.06666183,-0.01177216,25.52
"2025-04-08 17:29:14.8",43734,0.04779625,0.06220436,-0.009559631,25.51985
"2025-04-08 17:29:14.85",43735,0.05289459,0.06058121,-0.01269722,25.48438
"2025-04-08 17:29:14.9",43736,0.05394363,0.05971909,-0.01182747,25.48563
"2025-04-08 17:29:14.95",43737,0.05466652,0.05990982,-0.01280594,25.49977
"2025-04-08 17:29:15",43738,0.04852104,0.0598278,-0.006544113,25.49916
"2025-04-08 17:29:15.05",43739,0.05270386,0.05903435,-0.01470184,25.46877
"2025-04-08 17:29:15.1",43740,0.05219269,0.05952835,-0.01175499,25.49927
"2025-04-08 17:29:15.15",43741,0.05132484,0.06036186,-0.009252548,25.48435
"2025-04-08 17:29:15.2",43742,0.05381584,0.06046295,-0.01154137,25.45351
"2025-04-08 17:29:15.25",43743,0.05576134,0.05807877,-0.01349831,25.48289
"2025-04-08 17:29:15.3",43744,0.05775452,0.05907822,-0.0177021,25.46804
"2025-04-08 17:29:15.35",43745,0.05873299,0.05857086,-0.01463509,25.47087
"2025-04-08 17:29:15.4",43746,0.05757523,0.05800438,-0.01307869,25.50076
"2025-04-08 17:29:15.45",43747,0.05530357,0.05646324,-0.01415634,25.48763
"2025-04-08 17:29:15.5",43748,0.05285645,0.05663109,-0.01019287,25.4733
"2025-04-08 17:29:15.55",43749,0.0555706,0.0535717,-0.01028442,25.48718
"2025-04-08 17:29:15.6",43750,0.05313683,0.05395126,-0.01268578,25.47088
"2025-04-08 17:29:15.65",43751,0.05455017,0.05448532,-0.01047134,25.46834
"2025-04-08 17:29:15.7",43752,0.05448723,0.05484581,-0.01853943,25.46859
"2025-04-08 17:29:15.75",43753,0.05376625,0.05472755,-0.01690483,25.48289
"2025-04-08 17:29:15.8",43754,0.05319023,0.05509949,-0.01390457,25.46621
"2025-04-08 17:29:15.85",43755,0.05566597,0.05489922,-0.01550102,25.47928
"2025-04-08 17:29:15.9",43756,0.05131531,0.05490112,-0.01528358,25.46496
"2025-04-08 17:29:15.95",43757,0.05175209,0.0523777,-0.01448441,25.46548
"2025-04-08 17:29:16",43758,0.05603981,0.05190086,-0.009531021,25.46474
"2025-04-08 17:29:16.05",43759,0.05438042,0.05172348,-0.01196861,25.45071
"2025-04-08 17:29:16.1",43760,0.04886246,0.05311775,-0.009866714,25.46896
"2025-04-08 17:29:16.15",43761,0.05042648,0.0535202,-0.01155853,25.46698
"2025-04-08 17:29:16.2",43762,0.04982948,0.05334663,-0.01148033,25.47053
"2025-04-08 17:29:16.25",43763,0.0496769,0.05033684,-0.008611679,25.45216
"2025-04-08 17:29:16.3",43764,0.04888916,0.05129623,-0.01198006,25.45448
"2025-04-08 17:29:16.35",43765,0.05179024,0.05056572,-0.01142502,25.48251
"2025-04-08 17:29:16.4",43766,0.0508461,0.05302429,-0.01094437,25.46732
"2025-04-08 17:29:16.45",43767,0.04855156,0.05335999,-0.0100174,25.48254
"2025-04-08 17:29:16.5",43768,0.04950714,0.05424118,-0.00756073,25.4821
"2025-04-08 17:29:16.55",43769,0.04926109,0.05369568,-0.007274628,25.45322
"2025-04-08 17:29:16.6",43770,0.04685783,0.05388451,-0.008001328,25.48096
"2025-04-08 17:29:16.65",43771,0.04717255,0.05421829,-0.007364273,25.46597
"2025-04-08 17:29:16.7",43772,0.04696274,0.05504608,-0.01089478,25.46644
"2025-04-08 17:29:16.75",43773,0.04743958,0.05520821,-0.01223564,25.47878
"2025-04-08 17:29:16.8",43774,0.04532814,0.0552578,-0.01407814,25.46752
"2025-04-08 17:29:16.85",43775,0.04513168,0.05597878,-0.01284981,25.45374
"2025-04-08 17:29:16.9",43776,0.04869461,0.05926704,-0.007242203,25.45199
"2025-04-08 17:29:16.95",43777,0.05011368,0.0558548,-0.009883881,25.48099
"2025-04-08 17:29:17",43778,0.04503059,0.05826378,-0.01080513,25.48103
"2025-04-08 17:29:17.05",43779,0.04723167,0.05744743,-0.006084442,25.49918
"2025-04-08 17:29:17.1",43780,0.04896736,0.05711746,-0.00419426,25.49632
"2025-04-08 17:29:17.15",43781,0.04919815,0.05945587,-0.008834839,25.45153
"2025-04-08 17:29:17.2",43782,0.04509926,0.05570412,-0.0102787,25.49453
"2025-04-08 17:29:17.25",43783,0.04326057,0.05927467,-0.006969452,25.47923
"2025-04-08 17:29:17.3",43784,0.04434395,0.05945778,-0.002351761,25.50478
"2025-04-08 17:29:17.35",43785,0.04733849,0.05927849,-0.006799698,25.51705
"2025-04-08 17:29:17.4",43786,0.04717064,0.0594902,-0.01039696,25.48054
"2025-04-08 17:29:17.45",43787,0.04655266,0.0582943,-0.008710861,25.46689
"2025-04-08 17:29:17.5",43788,0.04684639,0.058815,-0.01137924,25.51794
"2025-04-08 17:29:17.55",43789,0.04704094,0.05835342,-0.004970551,25.48204
"2025-04-08 17:29:17.6",43790,0.04958725,0.06096077,-0.006383896,25.48511
"2025-04-08 17:29:17.65",43791,0.05086708,0.05834198,-0.002767563,25.54408
"2025-04-08 17:29:17.7",43792,0.04613876,0.059515,-0.005701065,25.50046
"2025-04-08 17:29:17.75",43793,0.04927063,0.05794525,-0.004951477,25.48676
"2025-04-08 17:29:17.8",43794,0.04922485,0.05857658,-0.006650925,25.5022
"2025-04-08 17:29:17.85",43795,0.04786491,0.0593586,-0.01059914,25.48342
"2025-04-08 17:29:17.9",43796,0.04823685,0.05975342,-0.006671906,25.49588
"2025-04-08 17:29:17.95",43797,0.0448761,0.05962563,-0.002868652,25.4949
"2025-04-08 17:29:18",43798,0.04959869,0.05964851,-0.007003784,25.49354
"2025-04-08 17:29:18.05",43799,0.04724503,0.0590992,-0.005174637,25.48042
"2025-04-08 17:29:18.1",43800,0.05154419,0.05963135,-0.005138397,25.49327
"2025-04-08 17:29:18.15",43801,0.05166054,0.05802345,-0.007549286,25.4808
"2025-04-08 17:29:18.2",43802,0.04995728,0.05856323,-0.01132584,25.47982
"2025-04-08 17:29:18.25",43803,0.05083275,0.05818558,-0.005573273,25.49618
"2025-04-08 17:29:18.3",43804,0.04717064,0.058218,-0.007907867,25.49561
"2025-04-08 17:29:18.35",43805,0.0488739,0.05791092,-0.008779526,25.48299
"2025-04-08 17:29:18.4",43806,0.05291748,0.05928993,-0.005973816,25.46588
"2025-04-08 17:29:18.45",43807,0.05244827,0.05923843,-0.001976013,25.47948
"2025-04-08 17:29:18.5",43808,0.05121994,0.05642319,-0.005723953,25.47882
"2025-04-08 17:29:18.55",43809,0.0548439,0.05717468,-0.003725052,25.48022
"2025-04-08 17:29:18.6",43810,0.05686188,0.05711365,-0.007610321,25.47864
"2025-04-08 17:29:18.65",43811,0.05640411,0.05630684,-0.008575439,25.49361
"2025-04-08 17:29:18.7",43812,0.0557785,0.05649185,-0.01111794,25.46511
"2025-04-08 17:29:18.75",43813,0.0583744,0.0561676,-0.01099968,25.46472
"2025-04-08 17:29:18.8",43814,0.05780983,0.05550957,-0.01145363,25.45025
"2025-04-08 17:29:18.85",43815,0.05904007,0.05605125,-0.005918503,25.47995
"2025-04-08 17:29:18.9",43816,0.05874443,0.05549049,-0.007606506,25.48077
"2025-04-08 17:29:18.95",43817,0.05714607,0.05482292,-0.008504868,25.46506
"2025-04-08 17:29:19",43818,0.06158447,0.05653191,-0.008453369,25.46703
"2025-04-08 17:29:19.05",43819,0.05578995,0.05991364,-0.009050369,25.46611
"2025-04-08 17:29:19.1",43820,0.05634117,0.05737877,-0.005992889,25.46838
"2025-04-08 17:29:19.15",43821,0.05789948,0.05790329,-0.002595901,25.51782
"2025-04-08 17:29:19.2",43822,0.06013489,0.0584259,-0.005872726,25.45081
"2025-04-08 17:29:19.25",43823,0.05932426,0.05815697,-0.008365631,25.495
"2025-04-08 17:29:19.3",43824,0.06258011,0.06041336,-0.003349304,25.49454
"2025-04-08 17:29:19.35",43825,0.05782509,0.06052399,-0.00403595,25.49179
"2025-04-08 17:29:19.4",43826,0.05893326,0.05928421,-0.0032444,25.49439
"2025-04-08 17:29:19.45",43827,0.05729675,0.05765533,-0.0004634857,25.49467
"2025-04-08 17:29:19.5",43828,0.06163025,0.05784798,-0.001111984,25.49528
"2025-04-08 17:29:19.55",43829,0.06196976,0.05763626,0.001577377,25.4942
"2025-04-08 17:29:19.6",43830,0.06004524,0.05684471,-0.0004749298,25.48125
"2025-04-08 17:29:19.65",43831,0.05939484,0.05651474,-0.003742218,25.49676
"2025-04-08 17:29:19.7",43832,0.06074715,0.05746269,-0.0009098053,25.5406
"2025-04-08 17:29:19.75",43833,0.06104469,0.05731201,-0.001958847,25.49699
"2025-04-08 17:29:19.8",43834,0.0610981,0.06069565,0.002319336,25.49593
"2025-04-08 17:29:19.85",43835,0.06335449,0.06089401,0.002620697,25.54139
"2025-04-08 17:29:19.9",43836,0.06226158,0.05989265,0.002630234,25.50072
"2025-04-08 17:29:19.95",43837,0.05907249,0.06145096,0.004497528,25.5444
"2025-04-08 17:29:20",43838,0.06160164,0.06026268,0.004972458,25.54446
"2025-04-08 17:29:20.05",43839,0.05853081,0.06104279,0.001859665,25.5414
"2025-04-08 17:29:20.1",43840,0.05810165,0.05994987,0.001974106,25.51753
"2025-04-08 17:29:20.15",43841,0.05887222,0.06112289,0.003669739,25.53996
"2025-04-08 17:29:20.2",43842,0.0564537,0.06035614,0.004116058,25.538
"2025-04-08 17:29:20.25",43843,0.05678749,0.06059837,0.004020691,25.53815
"2025-04-08 17:29:20.3",43844,0.05731964,0.05798149,0.002737045,25.53856
"2025-04-08 17:29:20.35",43845,0.05891991,0.05949783,0.001256943,25.51592
"2025-04-08 17:29:20.4",43846,0.05796051,0.05960655,0.004680634,25.53668
"2025-04-08 17:29:20.45",43847,0.05735016,0.05982208,0.001516342,25.53925
"2025-04-08 17:29:20.5",43848,0.05418587,0.06002045,0.003904343,25.53807
"2025-04-08 17:29:20.55",43849,0.05636978,0.05718613,0.005224228,25.53831
"2025-04-08 17:29:20.6",43850,0.05112076,0.05779457,0.007507324,25.53876
"2025-04-08 17:29:20.65",43851,0.05559921,0.05741882,0.009357452,25.53595
"2025-04-08 17:29:20.7",43852,0.05214691,0.05774307,0.00484848,25.54439
"2025-04-08 17:29:20.75",43853,0.05381584,0.05767441,0.00460434,25.53684
"2025-04-08 17:29:20.8",43854,0.05283546,0.0580616,0.008399963,25.53779
"2025-04-08 17:29:20.85",43855,0.05171776,0.05787659,0.007568359,25.54358
"2025-04-08 17:29:20.9",43856,0.05333519,0.05552483,0.007640839,25.53731
"2025-04-08 17:29:20.95",43857,0.05572701,0.05701256,0.006095886,25.53642
"2025-04-08 17:29:21",43858,0.05448151,0.05532646,0.006187439,25.54154
"2025-04-08 17:29:21.05",43859,0.05449295,0.05469513,0.008239746,25.56711
"2025-04-08 17:29:21.1",43860,0.05306816,0.05372238,0.006319046,25.56808
"2025-04-08 17:29:21.15",43861,0.05419159,0.05448723,0.007860184,25.56667
"2025-04-08 17:29:21.2",43862,0.05494881,0.05690575,0.009580612,25.53754
"2025-04-08 17:29:21.25",43863,0.05513,0.05482864,0.008390427,25.56528
"2025-04-08 17:29:21.3",43864,0.0521431,0.05663681,0.007038116,25.53803
"2025-04-08 17:29:21.35",43865,0.05033875,0.0567379,0.004669189,25.54496
"2025-04-08 17:29:21.4",43866,0.05291748,0.05677032,0.00415802,25.56596
"2025-04-08 17:29:21.45",43867,0.05425644,0.05757713,0.00605011,25.54419
"2025-04-08 17:29:21.5",43868,0.05319595,0.0567894,0.00642395,25.54385
"2025-04-08 17:29:21.55",43869,0.05736732,0.05609703,0.005126953,25.53757
"2025-04-08 17:29:21.6",43870,0.05550766,0.05872154,0.004285812,25.54289
"2025-04-08 17:29:21.65",43871,0.05362701,0.05746841,0.009540558,25.56551
"2025-04-08 17:29:21.7",43872,0.05342484,0.05795097,0.006746292,25.5883
"2025-04-08 17:29:21.75",43873,0.05645752,0.05764389,0.009954453,25.51488
"2025-04-08 17:29:21.8",43874,0.05730057,0.05746269,0.01174164,25.51536
"2025-04-08 17:29:21.85",43875,0.05508995,0.05727386,0.01005554,25.5153
"2025-04-08 17:29:21.9",43876,0.05349922,0.05542374,0.01096916,25.51352
"2025-04-08 17:29:21.95",43877,0.05557632,0.05957031,0.007362366,25.53768
"2025-04-08 17:29:22",43878,0.0559063,0.05629158,0.009778976,25.51567
"2025-04-08 17:29:22.05",43879,0.05444908,0.06052971,0.01338768,25.54658
"2025-04-08 17:29:22.1",43880,0.05926704,0.06025696,0.01144981,25.51768
"2025-04-08 17:29:22.15",43881,0.05907631,0.05995941,0.0123539,25.53996
"2025-04-08 17:29:22.2",43882,0.05978012,0.06032753,0.003915787,25.57095
"2025-04-08 17:29:22.25",43883,0.05761528,0.06029701,0.006212234,25.50144
"2025-04-08 17:29:22.3",43884,0.05617905,0.06013489,0.009552002,25.54808
"2025-04-08 17:29:22.35",43885,0.05646896,0.05947495,0.009641647,25.51894
"2025-04-08 17:29:22.4",43886,0.05623436,0.05636978,0.006908417,25.51762
"2025-04-08 17:29:22.45",43887,0.05374336,0.05877686,0.009513855,25.54607
"2025-04-08 17:29:22.5",43888,0.05317497,0.05674744,0.01232147,25.54678
"2025-04-08 17:29:22.55",43889,0.05559921,0.05895996,0.009500504,25.51623
"2025-04-08 17:29:22.6",43890,0.05383873,0.05688667,0.01025391,25.54462
"2025-04-08 17:29:22.65",43891,0.05033875,0.05904961,0.01180077,25.54266
"2025-04-08 17:29:22.7",43892,0.05451584,0.05864716,0.01291847,25.54465
"2025-04-08 17:29:22.75",43893,0.05403328,0.05646896,0.01063538,25.56704
"2025-04-08 17:29:22.8",43894,0.04963875,0.0568943,0.01376343,25.54554
"2025-04-08 17:29:22.85",43895,0.05021477,0.05983734,0.01396751,25.51603
"2025-04-08 17:29:22.9",43896,0.0521965,0.05725098,0.01563454,25.56517
"2025-04-08 17:29:22.95",43897,0.05118561,0.05647659,0.01680565,25.58895
"2025-04-08 17:29:23",43898,0.05227089,0.05833435,0.01684952,25.54465
"2025-04-08 17:29:23.05",43899,0.05090141,0.05805969,0.01617432,25.54476
"2025-04-08 17:29:23.1",43900,0.05377197,0.05903435,0.01507378,25.54662
"2025-04-08 17:29:23.15",43901,0.05038261,0.06004524,0.01569557,25.54457
"2025-04-08 17:29:23.2",43902,0.04911613,0.06002045,0.01667786,25.57858
"2025-04-08 17:29:23.25",43903,0.05258369,0.05918503,0.01718521,25.59042
"2025-04-08 17:29:23.3",43904,0.05248833,0.05916786,0.01586151,25.56039
"2025-04-08 17:29:23.35",43905,0.05165482,0.06154442,0.01115417,25.55257
"2025-04-08 17:29:23.4",43906,0.04911041,0.0615921,0.01166916,25.54541
"2025-04-08 17:29:23.45",43907,0.053442,0.06132317,0.0118084,25.56592
"2025-04-08 17:29:23.5",43908,0.05389404,0.06250572,0.01531029,25.55964
"2025-04-08 17:29:23.55",43909,0.05348587,0.06339645,0.01491165,25.53706
"2025-04-08 17:29:23.6",43910,0.0545311,0.0649128,0.01016617,25.55837
"2025-04-08 17:29:23.65",43911,0.05514145,0.06422043,0.01354408,25.56487
"2025-04-08 17:29:23.7",43912,0.05388451,0.06439018,0.0143261,25.56592
"2025-04-08 17:29:23.75",43913,0.05464935,0.06361961,0.01420403,25.56393
"2025-04-08 17:29:23.8",43914,0.05470085,0.06428337,0.01226425,25.56509
"2025-04-08 17:29:23.85",43915,0.05494881,0.06359482,0.009534836,25.56678
"2025-04-08 17:29:23.9",43916,0.05287361,0.06251335,0.008365631,25.5651
"2025-04-08 17:29:23.95",43917,0.05269814,0.06199455,0.008857727,25.56452
"2025-04-08 17:29:24",43918,0.05254936,0.05925751,0.01146507,25.56557
"2025-04-08 17:29:24.05",43919,0.05654907,0.05851936,0.01460457,25.56732
"2025-04-08 17:29:24.1",43920,0.05441856,0.0584259,0.01185799,25.56885
"2025-04-08 17:29:24.15",43921,0.05484009,0.05891418,0.01192474,25.56737
"2025-04-08 17:29:24.2",43922,0.05440331,0.05911636,0.01221085,25.547
"2025-04-08 17:29:24.25",43923,0.05989456,0.06303215,0.008815765,25.53942
"2025-04-08 17:29:24.3",43924,0.0538826,0.05874252,0.007089615,25.53913
"2025-04-08 17:29:24.35",43925,0.05364799,0.05964088,0.009477615,25.53987
"2025-04-08 17:29:24.4",43926,0.05332565,0.0593586,0.00802803,25.56863
"2025-04-08 17:29:24.45",43927,0.05221367,0.05957031,0.01230431,25.56942
"2025-04-08 17:29:24.5",43928,0.05595589,0.05994225,0.006580353,25.54192
"2025-04-08 17:29:24.55",43929,0.05353355,0.05919647,0.009544373,25.56792
"2025-04-08 17:29:24.6",43930,0.05017662,0.05924416,0.003894806,25.541
"2025-04-08 17:29:24.65",43931,0.05193901,0.0592804,0.005519867,25.56873
"2025-04-08 17:29:24.7",43932,0.04842758,0.05828285,0.009244919,25.56525
"2025-04-08 17:29:24.75",43933,0.04893684,0.05913925,0.008955002,25.56664
"2025-04-08 17:29:24.8",43934,0.04773903,0.05891418,0.007774353,25.54279
"2025-04-08 17:29:24.85",43935,0.04738426,0.05858803,0.005435944,25.56378
"2025-04-08 17:29:24.9",43936,0.04667854,0.05895615,0.007883072,25.53491
"2025-04-08 17:29:24.95",43937,0.04921341,0.05921173,0.01271629,25.5649
"2025-04-08 17:29:25",43938,0.04872513,0.06136894,0.01042747,25.56423
"2025-04-08 17:29:25.05",43939,0.05191231,0.05877495,0.009271622,25.56497
"2025-04-08 17:29:25.1",43940,0.05031013,0.06202507,0.008335114,25.56655
"2025-04-08 17:29:25.15",43941,0.04715538,0.06153679,0.009117126,25.56618
"2025-04-08 17:29:25.2",43942,0.05434227,0.05926132,0.01041603,25.56637
"2025-04-08 17:29:25.25",43943,0.04832268,0.05930138,0.01136589,25.56451
"2025-04-08 17:29:25.3",43944,0.04707146,0.06113243,0.0143261,25.58647
"2025-04-08 17:29:25.35",43945,0.04823685,0.0626297,0.008365631,25.58559
"2025-04-08 17:29:25.4",43946,0.04846191,0.06103325,0.0104847,25.54269
"2025-04-08 17:29:25.45",43947,0.0501709,0.06162453,0.01136017,25.60046
"2025-04-08 17:29:25.5",43948,0.05185509,0.06175995,0.01091385,25.58656
"2025-04-08 17:29:25.55",43949,0.04786491,0.06118393,0.003160477,25.56303
"2025-04-08 17:29:25.6",43950,0.04681206,0.06200027,0.005653381,25.56577
"2025-04-08 17:29:25.65",43951,0.04600525,0.06131172,0.00799942,25.56516
"2025-04-08 17:29:25.7",43952,0.04452515,0.06454659,0.008260727,25.5649
"2025-04-08 17:29:25.75",43953,0.04704285,0.0648632,0.01211357,25.54374
"2025-04-08 17:29:25.8",43954,0.04829979,0.0659008,0.006614685,25.51492
"2025-04-08 17:29:25.85",43955,0.04577446,0.06541252,0.003643036,25.56612
"2025-04-08 17:29:25.9",43956,0.04504967,0.06691933,0.00746727,25.54466
"2025-04-08 17:29:25.95",43957,0.04578018,0.06583023,0.009037018,25.54385
"2025-04-08 17:29:26",43958,0.04644585,0.06550407,0.00594902,25.56665
"2025-04-08 17:29:26.05",43959,0.04780579,0.0681591,0.00459671,25.56735
"2025-04-08 17:29:26.1",43960,0.04382515,0.06529808,0.006072998,25.54266
"2025-04-08 17:29:26.15",43961,0.04395485,0.06479263,0.006908417,25.54427
"2025-04-08 17:29:26.2",43962,0.04262924,0.06544304,0.006690979,25.5419
"2025-04-08 17:29:26.25",43963,0.04247856,0.06422234,0.006641388,25.54147
"2025-04-08 17:29:26.3",43964,0.04249001,0.06513023,0.009592056,25.56296
"2025-04-08 17:29:26.35",43965,0.04305649,0.06416702,0.006673813,25.54227
"2025-04-08 17:29:26.4",43966,0.04296494,0.06375122,0.006765366,25.51325
"2025-04-08 17:29:26.45",43967,0.04697418,0.06327629,0.001655579,25.56254
"2025-04-08 17:29:26.5",43968,0.04568672,0.06370354,0.003023148,25.5432
"2025-04-08 17:29:26.55",43969,0.04564476,0.06400871,0.003620148,25.54253
"2025-04-08 17:29:26.6",43970,0.04812622,0.06431198,0.002759933,25.56725
"2025-04-08 17:29:26.65",43971,0.04330444,0.06357193,0.002542496,25.56851
"2025-04-08 17:29:26.7",43972,0.04296684,0.06350136,0.005548477,25.59132
"2025-04-08 17:29:26.75",43973,0.04174232,0.06366348,0.005607605,25.57076
"2025-04-08 17:29:26.8",43974,0.04467964,0.06225586,0.003107071,25.57083
"2025-04-08 17:29:26.85",43975,0.04123306,0.06333923,0.005601883,25.54661
"2025-04-08 17:29:26.9",43976,0.03826141,0.06116104,0.005971909,25.54713
"2025-04-08 17:29:26.95",43977,0.03596115,0.06121826,0.003448486,25.51569
"2025-04-08 17:29:27",43978,0.03591347,0.06151772,0.002401352,25.54304
"2025-04-08 17:29:27.05",43979,0.03555489,0.06172943,0.003614426,25.56483
"2025-04-08 17:29:27.1",43980,0.03544998,0.06198883,0.003038406,25.54201
"2025-04-08 17:29:27.15",43981,0.03977203,0.06339645,0.003608704,25.54197
"2025-04-08 17:29:27.2",43982,0.04056931,0.06561852,0.003339767,25.54119
"2025-04-08 17:29:27.25",43983,0.0387764,0.06323433,0.006528854,25.54232
"2025-04-08 17:29:27.3",43984,0.03765869,0.06315613,0.006631851,25.56386
"2025-04-08 17:29:27.35",43985,0.04122734,0.06190872,0.008695602,25.54239
"2025-04-08 17:29:27.4",43986,0.03811073,0.06221199,0.008249283,25.54163
"2025-04-08 17:29:27.45",43987,0.03728676,0.0593586,0.006435394,25.53442
"2025-04-08 17:29:27.5",43988,0.03771591,0.06202507,0.007938385,25.5637
"2025-04-08 17:29:27.55",43989,0.04024696,0.06183815,0.007101059,25.54156
"2025-04-08 17:29:27.6",43990,0.03849602,0.06199265,0.006299973,25.56507
"2025-04-08 17:29:27.65",43991,0.03618622,0.06189728,0.006238937,25.56392
"2025-04-08 17:29:27.7",43992,0.03747559,0.06200409,0.005714417,25.54298
"2025-04-08 17:29:27.75",43993,0.03959274,0.06157303,0.005065918,25.53642
"2025-04-08 17:29:27.8",43994,0.03820801,0.06165314,0.005016327,25.54499
"2025-04-08 17:29:27.85",43995,0.0410347,0.06077003,0.005748749,25.56491
"2025-04-08 17:29:27.9",43996,0.03636551,0.06084251,0.005620956,25.58753
"2025-04-08 17:29:27.95",43997,0.03424644,0.06112671,0.005914688,25.56635
"2025-04-08 17:29:28",43998,0.03268814,0.06160164,0.006536484,25.58734
"2025-04-08 17:29:28.05",43999,0.03549194,0.06389046,0.008874893,25.58871
"2025-04-08 17:29:28.1",44000,0.03662682,0.06370926,0.006662369,25.56548
"2025-04-08 17:29:28.15",44001,0.03608513,0.06370354,0.006084442,25.58662
"2025-04-08 17:29:28.2",44002,0.03378868,0.06346321,0.008966446,25.56388
"2025-04-08 17:29:28.25",44003,0.03480721,0.06488037,0.00566864,25.58775
"2025-04-08 17:29:28.3",44004,0.03585625,0.0628376,0.009120941,25.60079
"2025-04-08 17:29:28.35",44005,0.03732491,0.06027412,0.008985519,25.60113
"2025-04-08 17:29:28.4",44006,0.03312111,0.05956268,0.009393692,25.58548
"2025-04-08 17:29:28.45",44007,0.03310394,0.06205368,0.00891304,25.58672
"2025-04-08 17:29:28.5",44008,0.03129768,0.06207085,0.009534836,25.5999
"2025-04-08 17:29:28.55",44009,0.0374794,0.06074142,0.008283615,25.60077
"2025-04-08 17:29:28.6",44010,0.03596115,0.0611496,0.008636475,25.58636
"2025-04-08 17:29:28.65",44011,0.03536415,0.06099892,0.008613586,25.59972
"2025-04-08 17:29:28.7",44012,0.03498459,0.06070137,0.008623123,25.58546
"2025-04-08 17:29:28.75",44013,0.03300095,0.060709,0.007820129,25.60203
"2025-04-08 17:29:28.8",44014,0.03806877,0.05820084,0.005111694,25.59066
"2025-04-08 17:29:28.85",44015,0.03494644,0.06026268,0.008394241,25.60363
"2025-04-08 17:29:28.9",44016,0.03567123,0.06087112,0.005590439,25.59148
"2025-04-08 17:29:28.95",44017,0.03352737,0.06122398,0.005910873,25.59208
"2025-04-08 17:29:29",44018,0.03568268,0.06127739,0.008411407,25.59187
"2025-04-08 17:29:29.05",44019,0.03498077,0.06119537,0.005914688,25.60619
"2025-04-08 17:29:29.1",44020,0.03513718,0.06084824,0.005552292,25.60577
"2025-04-08 17:29:29.15",44021,0.03302956,0.06068039,0.005598068,25.58956
"2025-04-08 17:29:29.2",44022,0.03678894,0.06098366,0.006227493,25.60292
"2025-04-08 17:29:29.25",44023,0.02997589,0.0610981,0.006093979,25.58827
"2025-04-08 17:29:29.3",44024,0.03211021,0.06138992,0.006355286,25.58577
"2025-04-08 17:29:29.35",44025,0.03247833,0.06187439,0.00689888,25.56347
"2025-04-08 17:29:29.4",44026,0.03436089,0.06100845,0.006475449,25.58567
"2025-04-08 17:29:29.45",44027,0.0329113,0.06229401,0.003274918,25.5831
"2025-04-08 17:29:29.5",44028,0.03225899,0.06419182,0.004207611,25.56371
"2025-04-08 17:29:29.55",44029,0.03104591,0.06152534,0.004634857,25.56115
"2025-04-08 17:29:29.6",44030,0.03271103,0.06340981,0.007383347,25.57028
"2025-04-08 17:29:29.65",44031,0.03037071,0.06350136,0.002134323,25.56181
"2025-04-08 17:29:29.7",44032,0.03183556,0.0636692,0.003480911,25.53991
"2025-04-08 17:29:29.75",44033,0.02936745,0.06141663,0.00207901,25.56056
"2025-04-08 17:29:29.8",44034,0.03094292,0.06106567,0.001192093,25.49114
"2025-04-08 17:29:29.85",44035,0.02830696,0.06130981,0.0013237,25.53391
"2025-04-08 17:29:29.9",44036,0.03116417,0.06088257,-0.001131058,25.53617
"2025-04-08 17:29:29.95",44037,0.03302574,0.06070328,-0.002328873,25.4912
"2025-04-08 17:29:30",44038,0.02867889,0.06027412,-0.002195358,25.514
"2025-04-08 17:29:30.05",44039,0.02662277,0.06299782,-0.001819611,25.53575
"2025-04-08 17:29:30.1",44040,0.02503395,0.06339645,-0.002891541,25.51517
"2025-04-08 17:29:30.15",44041,0.02540588,0.06313705,-0.005365372,25.536
"2025-04-08 17:29:30.2",44042,0.02562332,0.06441116,-0.005477905,25.537
"2025-04-08 17:29:30.25",44043,0.02556801,0.06685638,-0.004951477,25.53444
"2025-04-08 17:29:30.3",44044,0.02872467,0.06816292,-0.004293442,25.51357
"2025-04-08 17:29:30.35",44045,0.0271225,0.07027435,-0.004802704,25.53665
"2025-04-08 17:29:30.4",44046,0.02679825,0.06893539,-0.004308701,25.53378
"2025-04-08 17:29:30.45",44047,0.02669716,0.07159805,-0.003862381,25.51371
"2025-04-08 17:29:30.5",44048,0.02639008,0.06771851,-0.003864288,25.48992
"2025-04-08 17:29:30.55",44049,0.02678108,0.06752777,-0.004484177,25.49075
"2025-04-08 17:29:30.6",44050,0.0268364,0.06983948,-0.004276276,25.54201
"2025-04-08 17:29:30.65",44051,0.02921104,0.06951523,-0.007364273,25.5409
"2025-04-08 17:29:30.7",44052,0.02747154,0.06690598,-0.006889343,25.51166
"2025-04-08 17:29:30.75",44053,0.0301857,0.06841087,-0.007270813,25.49081
"2025-04-08 17:29:30.8",44054,0.02806473,0.0687294,-0.007715225,25.53425
"2025-04-08 17:29:30.85",44055,0.03019905,0.06894493,-0.007711411,25.51244
"2025-04-08 17:29:30.9",44056,0.03434944,0.07112503,-0.007181168,25.54436
"2025-04-08 17:29:30.95",44057,0.03419304,0.0711689,-0.007671356,25.51514
"2025-04-08 17:29:31",44058,0.03498077,0.07030869,-0.008018494,25.51399
"2025-04-08 17:29:31.05",44059,0.03398895,0.07117271,-0.006917953,25.51846
"2025-04-08 17:29:31.1",44060,0.03396797,0.07063866,-0.004243851,25.51779
"2025-04-08 17:29:31.15",44061,0.03298378,0.07158661,-0.007392883,25.51865
"2025-04-08 17:29:31.2",44062,0.03242111,0.07130814,-0.007425308,25.51865
"2025-04-08 17:29:31.25",44063,0.03508568,0.07123756,-0.006774902,25.56776
"2025-04-08 17:29:31.3",44064,0.03448296,0.07173347,-0.006750107,25.5469
"2025-04-08 17:29:31.35",44065,0.03403091,0.0739994,-0.006559372,25.51654
"2025-04-08 17:29:31.4",44066,0.03460884,0.07487869,-0.006784439,25.51421
"2025-04-08 17:29:31.45",44067,0.034235,0.07490349,-0.006599426,25.51307
"2025-04-08 17:29:31.5",44068,0.03441429,0.07691383,-0.007322311,25.51273
"2025-04-08 17:29:31.55",44069,0.03415871,0.07482719,-0.007520676,25.53291
"2025-04-08 17:29:31.6",44070,0.03730774,0.07444,-0.006847382,25.51169
"2025-04-08 17:29:31.65",44071,0.03363419,0.07477188,-0.007833481,25.56197
"2025-04-08 17:29:31.7",44072,0.03843689,0.07482719,-0.006755829,25.53256
"2025-04-08 17:29:31.75",44073,0.03774261,0.07418442,-0.006486893,25.56134
"2025-04-08 17:29:31.8",44074,0.03837585,0.07719612,-0.006315231,25.56203
"2025-04-08 17:29:31.85",44075,0.03849792,0.07406235,-0.003320694,25.56277
"2025-04-08 17:29:31.9",44076,0.03734207,0.07440186,-0.005521774,25.60114
"2025-04-08 17:29:31.95",44077,0.03773117,0.07448578,-0.00592804,25.58575
"2025-04-08 17:29:32",44078,0.04033089,0.07484245,-0.006500244,25.563
"2025-04-08 17:29:32.05",44079,0.03857422,0.07375526,-0.006774902,25.58473
"2025-04-08 17:29:32.1",44080,0.03784943,0.07390404,-0.007068634,25.58686
"2025-04-08 17:29:32.15",44081,0.03767204,0.07341957,-0.004119873,25.56324
"2025-04-08 17:29:32.2",44082,0.03756332,0.07377243,-0.004617691,25.58629
"2025-04-08 17:29:32.25",44083,0.03738594,0.07158279,-0.00500679,25.58628
"2025-04-08 17:29:32.3",44084,0.03919601,0.0712738,-0.00198555,25.58775
"2025-04-08 17:29:32.35",44085,0.03970909,0.07094383,-0.00217247,25.60312
"2025-04-08 17:29:32.4",44086,0.03966904,0.06882477,-0.002407074,25.60143
"2025-04-08 17:29:32.45",44087,0.03923988,0.06952286,-0.001987457,25.61878
"2025-04-08 17:29:32.5",44088,0.03936386,0.07039261,0.0006046295,25.63101
"2025-04-08 17:29:32.55",44089,0.03946877,0.07229614,0.0001926422,25.61569
"2025-04-08 17:29:32.6",44090,0.04282761,0.06913185,7.820129E-05,25.59956
"2025-04-08 17:29:32.65",44091,0.04248047,0.06842041,0.0005893707,25.59927
"2025-04-08 17:29:32.7",44092,0.0421505,0.06847191,0.0004043579,25.62757
"2025-04-08 17:29:32.75",44093,0.04012108,0.06758499,0.0006084442,25.62907
"2025-04-08 17:29:32.8",44094,0.04026794,0.07064438,-0.0001449585,25.59885
"2025-04-08 17:29:32.85",44095,0.03982162,0.06618881,-0.0005111694,25.59805
"2025-04-08 17:29:32.9",44096,0.04294205,0.06659508,0.0001792908,25.61365
"2025-04-08 17:29:32.95",44097,0.04291344,0.06341743,-0.00229454,25.58504
"2025-04-08 17:29:33",44098,0.04269791,0.06578445,-0.001998901,25.58451
"2025-04-08 17:29:33.05",44099,0.0437355,0.06513596,-0.002323151,25.59959
"2025-04-08 17:29:33.1",44100,0.0402565,0.06543159,-0.002651215,25.61647
"2025-04-08 17:29:33.15",44101,0.04312706,0.06193733,-0.002616882,25.58596
"2025-04-08 17:29:33.2",44102,0.0438633,0.06537819,-0.001747131,25.60163
"2025-04-08 17:29:33.25",44103,0.04193687,0.06276321,-0.002019882,25.56538
"2025-04-08 17:29:33.3",44104,0.04207802,0.06555176,-0.005031586,25.58975
"2025-04-08 17:29:33.35",44105,0.04316711,0.06355667,-0.004339218,25.54033
"2025-04-08 17:29:33.4",44106,0.04096794,0.06595802,-0.004465103,25.5891
"2025-04-08 17:29:33.45",44107,0.04395294,0.06593132,-0.001251221,25.5678
"2025-04-08 17:29:33.5",44108,0.04081535,0.06652069,-0.004484177,25.58699
"2025-04-08 17:29:33.55",44109,0.0379734,0.06612587,-0.004991531,25.56646
"2025-04-08 17:29:33.6",44110,0.0370388,0.06621933,-0.002046585,25.5416
"2025-04-08 17:29:33.65",44111,0.03680611,0.06596375,-0.005081177,25.56479
"2025-04-08 17:29:33.7",44112,0.04021835,0.06336212,-0.004571915,25.562
"2025-04-08 17:29:33.75",44113,0.03640938,0.06353569,-0.004495621,25.54005
"2025-04-08 17:29:33.8",44114,0.03696823,0.06384659,-0.004850388,25.54057
"2025-04-08 17:29:33.85",44115,0.03727531,0.06348419,-0.004432678,25.56252
"2025-04-08 17:29:33.9",44116,0.03750229,0.06393051,-0.005235672,25.53909
"2025-04-08 17:29:33.95",44117,0.0377388,0.06328773,-0.004953384,25.56165
"2025-04-08 17:29:34",44118,0.03755379,0.06088829,-0.004646301,25.56248
"2025-04-08 17:29:34.05",44119,0.04002762,0.06036949,-0.003429413,25.53918
"2025-04-08 17:29:34.1",44120,0.03984261,0.06313705,-0.001361847,25.56343
"2025-04-08 17:29:34.15",44121,0.03995132,0.06036186,-0.0009975433,25.56127
"2025-04-08 17:29:34.2",44122,0.03659821,0.06036377,-0.001491547,25.56376
"2025-04-08 17:29:34.25",44123,0.03988647,0.06019974,-0.003852844,25.54114
"2025-04-08 17:29:34.3",44124,0.03987122,0.06007767,-0.004528046,25.59966
"2025-04-08 17:29:34.35",44125,0.03948212,0.05699921,-0.003158569,25.58562
"2025-04-08 17:29:34.4",44126,0.03995514,0.05758095,-0.001562119,25.56429
"2025-04-08 17:29:34.45",44127,0.03937531,0.05999756,-0.002189636,25.54137
"2025-04-08 17:29:34.5",44128,0.03936768,0.05988693,-0.004756927,25.58706
"2025-04-08 17:29:34.55",44129,0.039814,0.05807114,-0.005132675,25.58451
"2025-04-08 17:29:34.6",44130,0.03896713,0.06129456,-0.004674911,25.56306
"2025-04-08 17:29:34.65",44131,0.03974724,0.06178474,-0.004919052,25.54074
"2025-04-08 17:29:34.7",44132,0.03969193,0.05887794,-0.002550125,25.58559
"2025-04-08 17:29:34.75",44133,0.04221725,0.05961418,-0.002792358,25.59882
"2025-04-08 17:29:34.8",44134,0.04019547,0.06009483,-0.003087997,25.56332
"2025-04-08 17:29:34.85",44135,0.04275322,0.06007195,-0.002561569,25.58342
"2025-04-08 17:29:34.9",44136,0.04277039,0.05934143,-0.005596161,25.56229
"2025-04-08 17:29:34.95",44137,0.04315567,0.05825806,-0.005308151,25.56322
"2025-04-08 17:29:35",44138,0.04323387,0.05890274,-0.002803802,25.61417
"2025-04-08 17:29:35.05",44139,0.04294777,0.05581665,-0.002428055,25.56299
"2025-04-08 17:29:35.1",44140,0.04192734,0.05776596,-0.005685806,25.59945
"2025-04-08 17:29:35.15",44141,0.04269791,0.05788803,-0.005025864,25.56258
"2025-04-08 17:29:35.2",44142,0.04249573,0.05771446,-0.005607605,25.61545
"2025-04-08 17:29:35.25",44143,0.04240608,0.05737305,-0.004873276,25.58595
"2025-04-08 17:29:35.3",44144,0.0422287,0.05733681,-0.004444122,25.56439
"2025-04-08 17:29:35.35",44145,0.04229927,0.05683327,-0.004785538,25.58669
"2025-04-08 17:29:35.4",44146,0.04325485,0.05423737,-0.004180908,25.56335
"2025-04-08 17:29:35.45",44147,0.04403114,0.0574646,-0.004915237,25.5641
"2025-04-08 17:29:35.5",44148,0.04676247,0.05757713,-0.004878998,25.56399
"2025-04-08 17:29:35.55",44149,0.0442791,0.05726242,-0.00548172,25.56515
"2025-04-08 17:29:35.6",44150,0.04543304,0.06008911,-0.004867554,25.56435
"2025-04-08 17:29:35.65",44151,0.04399872,0.05714035,-0.004802704,25.60122
"2025-04-08 17:29:35.7",44152,0.04408646,0.05820465,-0.005191803,25.54366
"2025-04-08 17:29:35.75",44153,0.04382706,0.05530739,-0.005325317,25.56528
"2025-04-08 17:29:35.8",44154,0.04330063,0.05749893,-0.005203247,25.51385
"2025-04-08 17:29:35.85",44155,0.04046249,0.05493355,-0.005144119,25.54285
"2025-04-08 17:29:35.9",44156,0.04280281,0.05747032,-0.005699158,25.5641
"2025-04-08 17:29:35.95",44157,0.04235268,0.05548286,-0.005365372,25.56284
"2025-04-08 17:29:36",44158,0.04220009,0.05713844,-0.008594513,25.54145
"2025-04-08 17:29:36.05",44159,0.04153633,0.05491066,-0.008111954,25.5863
"2025-04-08 17:29:36.1",44160,0.04243469,0.05778313,-0.004964828,25.51175
"2025-04-08 17:29:36.15",44161,0.04178619,0.05729103,-0.005096436,25.54022
"2025-04-08 17:29:36.2",44162,0.04180908,0.05444908,-0.007158279,25.58518
"2025-04-08 17:29:36.25",44163,0.03794861,0.05746269,-0.006084442,25.56271
"2025-04-08 17:29:36.3",44164,0.04224586,0.05739212,-0.003288269,25.56485
"2025-04-08 17:29:36.35",44165,0.04217911,0.05760384,-0.005605698,25.58387
"2025-04-08 17:29:36.4",44166,0.0394249,0.05426788,-0.005722046,25.5625
"2025-04-08 17:29:36.45",44167,0.04240799,0.05739212,-0.003604889,25.56322
"2025-04-08 17:29:36.5",44168,0.03868294,0.05497932,-0.006450653,25.51116
"2025-04-08 17:29:36.55",44169,0.04200363,0.05506325,-0.006456375,25.56173
"2025-04-08 17:29:36.6",44170,0.04283524,0.05573845,-0.007190704,25.56032
"2025-04-08 17:29:36.65",44171,0.0428524,0.0580883,-0.00459671,25.56139
"2025-04-08 17:29:36.7",44172,0.03997803,0.05826759,-0.00756073,25.58311
"2025-04-08 17:29:36.75",44173,0.04296684,0.05519104,-0.007291794,25.56054
"2025-04-08 17:29:36.8",44174,0.04021263,0.05456352,-0.008224487,25.56154
"2025-04-08 17:29:36.85",44175,0.0400219,0.05464935,-0.007957458,25.5331
"2025-04-08 17:29:36.9",44176,0.04026985,0.05594444,-0.008029938,25.5621
"2025-04-08 17:29:36.95",44177,0.04028893,0.05521774,-0.008319855,25.5634
"2025-04-08 17:29:37",44178,0.03965759,0.05571556,-0.008430481,25.56208
"2025-04-08 17:29:37.05",44179,0.03992271,0.05886078,-0.008537292,25.53358
"2025-04-08 17:29:37.1",44180,0.03955841,0.0562973,-0.005701065,25.58752
"2025-04-08 17:29:37.15",44181,0.039814,0.05578232,-0.008789063,25.56318
"2025-04-08 17:29:37.2",44182,0.03629303,0.05243111,-0.008991241,25.585
"2025-04-08 17:29:37.25",44183,0.03901672,0.05507851,-0.008096695,25.56409
"2025-04-08 17:29:37.3",44184,0.03861046,0.0550518,-0.006025314,25.56274
"2025-04-08 17:29:37.35",44185,0.03871727,0.05424118,-0.006034851,25.58462
"2025-04-08 17:29:37.4",44186,0.03640747,0.05156136,-0.004987717,25.54105
"2025-04-08 17:29:37.45",44187,0.03580475,0.0514698,-0.005029678,25.56385
"2025-04-08 17:29:37.5",44188,0.03609657,0.05117416,-0.007684708,25.58339
"2025-04-08 17:29:37.55",44189,0.03677177,0.05132103,-0.004825592,25.53362
"2025-04-08 17:29:37.6",44190,0.03684044,0.05158806,-0.004199982,25.56384
"2025-04-08 17:29:37.65",44191,0.03769493,0.0518055,-0.00476265,25.58583
"2025-04-08 17:29:37.7",44192,0.03871155,0.04875755,-0.004571915,25.54173
"2025-04-08 17:29:37.75",44193,0.0390892,0.04908752,-0.004560471,25.51233
"2025-04-08 17:29:37.8",44194,0.03900146,0.05147743,-0.004873276,25.5641
"2025-04-08 17:29:37.85",44195,0.03863144,0.04906273,-0.004878998,25.53673
"2025-04-08 17:29:37.9",44196,0.0382061,0.04917526,-0.005138397,25.56607
"2025-04-08 17:29:37.95",44197,0.03791618,0.04618263,-0.005119324,25.56545
"2025-04-08 17:29:38",44198,0.03833008,0.04692078,-0.002502441,25.5639
"2025-04-08 17:29:38.05",44199,0.03686714,0.04669762,-0.002292633,25.56315
"2025-04-08 17:29:38.1",44200,0.03749657,0.04636192,-0.002813339,25.56262
"2025-04-08 17:29:38.15",44201,0.03749084,0.04672432,-0.005397797,25.56202
"2025-04-08 17:29:38.2",44202,0.03646851,0.04666138,-0.003047943,25.58475
"2025-04-08 17:29:38.25",44203,0.03593445,0.04670715,-0.002590179,25.56338
"2025-04-08 17:29:38.3",44204,0.03619194,0.04604149,-0.002672195,25.56213
"2025-04-08 17:29:38.35",44205,0.03583527,0.04680824,-0.002813339,25.5841
"2025-04-08 17:29:38.4",44206,0.03622055,0.04618835,-0.002735138,25.56303
"2025-04-08 17:29:38.45",44207,0.03589058,0.04624557,-0.002561569,25.61461
"2025-04-08 17:29:38.5",44208,0.03615379,0.04609299,-0.0008907318,25.58367
"2025-04-08 17:29:38.55",44209,0.03626442,0.04645538,-0.001895905,25.56345
"2025-04-08 17:29:38.6",44210,0.03609467,0.04632759,0.001905441,25.56258
"2025-04-08 17:29:38.65",44211,0.03479958,0.04618645,0.001728058,25.58488
"2025-04-08 17:29:38.7",44212,0.03573799,0.04583168,0.0008049011,25.56171
"2025-04-08 17:29:38.75",44213,0.04436684,0.04606056,0.001068115,25.56148
"2025-04-08 17:29:38.8",44214,0.04390335,0.04349709,0.001197815,25.56238
"2025-04-08 17:29:38.85",44215,0.04463387,0.04581833,0.0006999969,25.56287
"2025-04-08 17:29:38.9",44216,0.04315376,0.04636574,0.000207901,25.56372
"2025-04-08 17:29:38.95",44217,0.04272079,0.04679489,0.0001678467,25.54008
"2025-04-08 17:29:39",44218,0.04302216,0.04620361,0.0001983643,25.56072
"2025-04-08 17:29:39.05",44219,0.04199791,0.04642868,0.0004711151,25.58392
"2025-04-08 17:29:39.1",44220,0.04204941,0.04671288,-5.340576E-05,25.56044
"2025-04-08 17:29:39.15",44221,0.04167366,0.04843712,0.0004634857,25.54024
"2025-04-08 17:29:39.2",44222,0.04127884,0.04837799,0.0005321503,25.5849
"2025-04-08 17:29:39.25",44223,0.04357338,0.04921532,-0.0002384186,25.53916
"2025-04-08 17:29:39.3",44224,0.04025841,0.04608154,-7.629395E-05,25.58253
"2025-04-08 17:29:39.35",44225,0.03911209,0.04624367,-4.768372E-05,25.58369
"2025-04-08 17:29:39.4",44226,0.04133987,0.04847908,0.0002193451,25.59737
"2025-04-08 17:29:39.45",44227,0.03941917,0.04563522,-0.0004138947,25.5835
"2025-04-08 17:29:39.5",44228,0.03813934,0.04555511,0.002389908,25.62771
"2025-04-08 17:29:39.55",44229,0.03723526,0.04421616,-0.000585556,25.56331
"2025-04-08 17:29:39.6",44230,0.03652763,0.04729271,0.002141953,25.59743
"2025-04-08 17:29:39.65",44231,0.03550339,0.04396057,-0.0007591248,25.59642
"2025-04-08 17:29:39.7",44232,0.0358181,0.04279709,-0.0006923676,25.62775
"2025-04-08 17:29:39.75",44233,0.03876495,0.0410881,0.001945496,25.62788
"2025-04-08 17:29:39.8",44234,0.03836823,0.04014397,-0.0002670288,25.62863
"2025-04-08 17:29:39.85",44235,0.03600502,0.03631973,0.002414703,25.61448
"2025-04-08 17:29:39.9",44236,0.03713036,0.03975868,0.002206802,25.61359
"2025-04-08 17:29:39.95",44237,0.04027939,0.04706573,0.001691818,25.5988
"2025-04-08 17:29:40",44238,0.03783226,0.05095291,0.002010345,25.61494
"2025-04-08 17:29:40.05",44239,0.03951454,0.05138779,0.005105972,25.61626
"2025-04-08 17:29:40.1",44240,0.0386219,0.05172348,0.004753113,25.60557
"2025-04-08 17:29:40.15",44241,0.03918076,0.05156136,0.004451752,25.61684
"2025-04-08 17:29:40.2",44242,0.038414,0.0513916,0.001817703,25.61794
"2025-04-08 17:29:40.25",44243,0.03821373,0.05064583,0.005016327,25.60205
"2025-04-08 17:29:40.3",44244,0.03755379,0.05066299,0.005016327,25.61661
"2025-04-08 17:29:40.35",44245,0.03760529,0.05025291,0.004888535,25.6003
"2025-04-08 17:29:40.4",44246,0.03687286,0.05236435,0.002082825,25.59973
"2025-04-08 17:29:40.45",44247,0.03754234,0.05252838,0.004899979,25.61513
"2025-04-08 17:29:40.5",44248,0.03672218,0.05131912,0.002389908,25.599
"2025-04-08 17:29:40.55",44249,0.03662109,0.05402756,0.005178452,25.62864
"2025-04-08 17:29:40.6",44250,0.03987312,0.05280495,0.004648209,25.61384
"2025-04-08 17:29:40.65",44251,0.03893852,0.05235291,0.00538063,25.61227
"2025-04-08 17:29:40.7",44252,0.03675652,0.05201912,0.006122589,25.62659
"2025-04-08 17:29:40.75",44253,0.0389595,0.04831123,0.006572723,25.62663
"2025-04-08 17:29:40.8",44254,0.03902435,0.04832077,0.004060745,25.61211
"2025-04-08 17:29:40.85",44255,0.03914642,0.04779625,0.004001617,25.61292
"2025-04-08 17:29:40.9",44256,0.03806877,0.04769516,0.0069561,25.58332
"2025-04-08 17:29:40.95",44257,0.0397377,0.04666138,0.00614357,25.58109
"2025-04-08 17:29:41",44258,0.03985596,0.04613876,0.006481171,25.62734
"2025-04-08 17:29:41.05",44259,0.03982735,0.04256439,0.005254745,25.59873
"2025-04-08 17:29:41.1",44260,0.04059601,0.0428772,0.002702713,25.58129
"2025-04-08 17:29:41.15",44261,0.03894615,0.04237366,-0.001031876,25.58233
"2025-04-08 17:29:41.2",44262,0.03936768,0.04431152,0.0008163452,25.56047
"2025-04-08 17:29:41.25",44263,0.0398159,0.04481316,-0.002845764,25.58432
"2025-04-08 17:29:41.3",44264,0.04089737,0.04571724,-0.001049042,25.5968
"2025-04-08 17:29:41.35",44265,0.03798866,0.04366302,0.009870529,25.58246
"2025-04-08 17:29:41.4",44266,0.04112244,0.04384804,0.00850296,25.59679
"2025-04-08 17:29:41.45",44267,0.04064941,0.04387093,0.01076889,25.597
"2025-04-08 17:29:41.5",44268,0.04117393,0.04412842,0.01182365,25.59045
"2025-04-08 17:29:41.55",44269,0.03977203,0.04361916,0.01109886,25.56078
"2025-04-08 17:29:41.6",44270,0.03940201,0.04566765,0.001642227,25.55889
"2025-04-08 17:29:41.65",44271,0.03961563,0.04502106,0.004634857,25.58199
"2025-04-08 17:29:41.7",44272,0.03883362,0.04506111,0.004682541,25.59773
"2025-04-08 17:29:41.75",44273,0.03947067,0.04413986,0.004478455,25.59686
"2025-04-08 17:29:41.8",44274,0.03840446,0.04438019,0.004579544,25.59576
"2025-04-08 17:29:41.85",44275,0.03874779,0.04395485,0.004470825,25.58312
"2025-04-08 17:29:41.9",44276,0.03935623,0.04347992,0.00435257,25.58207
"2025-04-08 17:29:41.95",44277,0.03879356,0.04353905,0.004627228,25.59716
"2025-04-08 17:29:42",44278,0.03910637,0.04371834,0.004642487,25.58467
"2025-04-08 17:29:42.05",44279,0.04013824,0.04340553,0.004556656,25.58125
"2025-04-08 17:29:42.1",44280,0.04063034,0.04288292,0.004489899,25.58113
"2025-04-08 17:29:42.15",44281,0.03930283,0.04294205,0.004442215,25.59781
"2025-04-08 17:29:42.2",44282,0.03869438,0.04275703,0.004940033,25.59846
"2025-04-08 17:29:42.25",44283,0.03831863,0.04268646,0.004453659,25.59956
"2025-04-08 17:29:42.3",44284,0.0386219,0.04280281,0.007522583,25.60107
"2025-04-08 17:29:42.35",44285,0.03790474,0.04324341,0.007003784,25.58601
"2025-04-08 17:29:42.4",44286,0.03804016,0.04239082,0.007232666,25.60191
"2025-04-08 17:29:42.45",44287,0.03744125,0.04031754,0.007740021,25.60397
"2025-04-08 17:29:42.5",44288,0.03907394,0.04257584,0.007266998,25.6003
"2025-04-08 17:29:42.55",44289,0.03725243,0.03983116,0.007333755,25.58486
"2025-04-08 17:29:42.6",44290,0.03608894,0.04207611,0.007810593,25.56257
"2025-04-08 17:29:42.65",44291,0.03629684,0.04269218,0.007680893,25.56274
"2025-04-08 17:29:42.7",44292,0.03583336,0.04285431,0.007513046,25.58476
"2025-04-08 17:29:42.75",44293,0.03583336,0.04261208,0.007606506,25.59746
"2025-04-08 17:29:42.8",44294,0.03561592,0.04308701,0.007333755,25.58312
"2025-04-08 17:29:42.85",44295,0.03556442,0.04017258,0.008104324,25.5826
"2025-04-08 17:29:42.9",44296,0.03519249,0.04348373,0.008110046,25.56031
"2025-04-08 17:29:42.95",44297,0.03828621,0.04341888,0.008312225,25.5313
"2025-04-08 17:29:43",44298,0.03578377,0.04080963,0.008804321,25.58271
"2025-04-08 17:29:43.05",44299,0.03581047,0.03985405,0.009630203,25.58366
"2025-04-08 17:29:43.1",44300,0.03826714,0.04358101,0.006145477,25.56059
"2025-04-08 17:29:43.15",44301,0.03593445,0.0404911,0.005529404,25.53913
"2025-04-08 17:29:43.2",44302,0.03578758,0.04059219,0.0054245,25.56041
"2025-04-08 17:29:43.25",44303,0.03594971,0.038414,0.005346298,25.50967
"2025-04-08 17:29:43.3",44304,0.03600121,0.04044151,0.005184174,25.53938
"2025-04-08 17:29:43.35",44305,0.03531265,0.04007912,0.005094528,25.53157
"2025-04-08 17:29:43.4",44306,0.03868866,0.04303932,0.005361557,25.56109
"2025-04-08 17:29:43.45",44307,0.03924751,0.04288292,0.004680634,25.48817
"2025-04-08 17:29:43.5",44308,0.03578377,0.04261208,0.00462532,25.51071
"2025-04-08 17:29:43.55",44309,0.03574562,0.04006195,0.004663467,25.51065
"2025-04-08 17:29:43.6",44310,0.03615379,0.04161835,0.004590988,25.51002
"2025-04-08 17:29:43.65",44311,0.03631973,0.04507256,0.00475502,25.48751
"2025-04-08 17:29:43.7",44312,0.03547096,0.04447746,0.002223969,25.48873
"2025-04-08 17:29:43.75",44313,0.03681564,0.04608345,0.0008449554,25.48784
"2025-04-08 17:29:43.8",44314,0.03582382,0.04394913,0.001766205,25.4735
"2025-04-08 17:29:43.85",44315,0.03606415,0.04768372,0.002006531,25.51135
"2025-04-08 17:29:43.9",44316,0.03606415,0.04440689,0.001806259,25.47623
"2025-04-08 17:29:43.95",44317,0.03615761,0.04413795,-0.0004558563,25.51173
"2025-04-08 17:29:44",44318,0.03711891,0.04460144,-0.001562119,25.48972
"2025-04-08 17:29:44.05",44319,0.03640747,0.04326057,0.001583099,25.45899
"2025-04-08 17:29:44.1",44320,0.03623199,0.04589081,-0.0006732941,25.49058
"2025-04-08 17:29:44.15",44321,0.03606796,0.04340744,-0.001426697,25.51121
"2025-04-08 17:29:44.2",44322,0.03668785,0.04544067,-0.0001487732,25.44411
"2025-04-08 17:29:44.25",44323,0.03630257,0.04598808,-0.0006465912,25.46071
"2025-04-08 17:29:44.3",44324,0.03331947,0.0456295,-0.0005397797,25.53268
"2025-04-08 17:29:44.35",44325,0.03695107,0.04476357,-0.003507614,25.47562
"2025-04-08 17:29:44.4",44326,0.03783417,0.04444122,-0.0003128052,25.46109
"2025-04-08 17:29:44.45",44327,0.03442764,0.04548264,-0.0001735687,25.51469
"2025-04-08 17:29:44.5",44328,0.03456688,0.04470634,-0.000333786,25.46392
"2025-04-08 17:29:44.55",44329,0.03443909,0.04520035,-0.002159119,25.45824
"2025-04-08 17:29:44.6",44330,0.03463936,0.04480171,-0.0002670288,25.44852
"2025-04-08 17:29:44.65",44331,0.03437424,0.04537773,-0.003227234,25.42654
"2025-04-08 17:29:44.7",44332,0.03422928,0.04540443,-0.00302124,25.45046
"2025-04-08 17:29:44.75",44333,0.03067207,0.04567337,-0.00268364,25.47735
"2025-04-08 17:29:44.8",44334,0.03287506,0.0457592,-0.002664566,25.44736
"2025-04-08 17:29:44.85",44335,0.03299141,0.04800415,-0.003137589,25.44588
"2025-04-08 17:29:44.9",44336,0.03372955,0.04550743,-0.002920151,25.49024
"2025-04-08 17:29:44.95",44337,0.03253937,0.04587555,-0.005794525,25.47299
"2025-04-08 17:29:45",44338,0.03254318,0.0482769,-0.005487442,25.47491
"2025-04-08 17:29:45.05",44339,0.03536415,0.04585457,-0.004434586,25.45969
"2025-04-08 17:29:45.1",44340,0.03174019,0.04564095,-0.00463295,25.47289
"2025-04-08 17:29:45.15",44341,0.03234482,0.04907608,-0.004652023,25.47301
"2025-04-08 17:29:45.2",44342,0.03292465,0.04840469,-0.003578186,25.42176
"2025-04-08 17:29:45.25",44343,0.03524017,0.04588699,-0.004018784,25.44272
"2025-04-08 17:29:45.3",44344,0.03181267,0.04624557,-0.007034302,25.47307
"2025-04-08 17:29:45.35",44345,0.03264046,0.04601479,-0.003875732,25.45846
"2025-04-08 17:29:45.4",44346,0.03231621,0.04580879,-0.00415802,25.4428
"2025-04-08 17:29:45.45",44347,0.03229332,0.0460186,-0.004657745,25.44227
"2025-04-08 17:29:45.5",44348,0.03217125,0.04604721,-0.004936218,25.44316
"2025-04-08 17:29:45.55",44349,0.03252029,0.04684258,-0.004461288,25.44462
"2025-04-08 17:29:45.6",44350,0.02997589,0.04572296,-0.008214951,25.44324
"2025-04-08 17:29:45.65",44351,0.03313446,0.04646111,-0.008405685,25.51073
"2025-04-08 17:29:45.7",44352,0.03242683,0.04881096,-0.007966995,25.44248
"2025-04-08 17:29:45.75",44353,0.03323174,0.04719925,-0.007974625,25.42184
"2025-04-08 17:29:45.8",44354,0.03252029,0.04645729,-0.01119804,25.41944
"2025-04-08 17:29:45.85",44355,0.03428078,0.04728127,-0.009033203,25.45794
"2025-04-08 17:29:45.9",44356,0.03336906,0.04845619,-0.01133728,25.48892
"2025-04-08 17:29:45.95",44357,0.03347588,0.04818344,-0.01109123,25.45878
"2025-04-08 17:29:46",44358,0.03386879,0.04792595,-0.01159286,25.44458
"2025-04-08 17:29:46.05",44359,0.03269958,0.04764175,-0.01148796,25.48677
"2025-04-08 17:29:46.1",44360,0.03344154,0.04614258,-0.01148224,25.45766
"2025-04-08 17:29:46.15",44361,0.03329277,0.04792595,-0.01155281,25.45937
"2025-04-08 17:29:46.2",44362,0.03362656,0.04709244,-0.01170921,25.45793
"2025-04-08 17:29:46.25",44363,0.03361511,0.04690742,-0.01109695,25.47308
"2025-04-08 17:29:46.3",44364,0.033638,0.0434742,-0.011446,25.47192
"2025-04-08 17:29:46.35",44365,0.0334816,0.04340172,-0.01158905,25.45683
"2025-04-08 17:29:46.4",44366,0.03320313,0.04660797,-0.01164436,25.45909
"2025-04-08 17:29:46.45",44367,0.03306389,0.04310989,-0.01426315,25.44171
"2025-04-08 17:29:46.5",44368,0.03433037,0.04280281,-0.01412392,25.45795
"2025-04-08 17:29:46.55",44369,0.03446579,0.04245567,-0.01439095,25.45856
"2025-04-08 17:29:46.6",44370,0.0341301,0.04273796,-0.01370811,25.47289
"2025-04-08 17:29:46.65",44371,0.0322876,0.04078102,-0.01382828,25.4601
"2025-04-08 17:29:46.7",44372,0.03487778,0.04246902,-0.01435661,25.47556
"2025-04-08 17:29:46.75",44373,0.03540993,0.04218864,-0.01378632,25.51265
"2025-04-08 17:29:46.8",44374,0.03525925,0.04288292,-0.01418877,25.4474
"2025-04-08 17:29:46.85",44375,0.03491211,0.04309464,-0.01367569,25.46217
"2025-04-08 17:29:46.9",44376,0.03434372,0.04265213,-0.01447296,25.46219
"2025-04-08 17:29:46.95",44377,0.03437424,0.04225159,-0.01381111,25.47504
"2025-04-08 17:29:47",44378,0.03101349,0.0399456,-0.01384354,25.44495
"2025-04-08 17:29:47.05",44379,0.03090668,0.03960991,-0.01329041,25.51276
"2025-04-08 17:29:47.1",44380,0.03077888,0.03964424,-0.0139122,25.47401
"2025-04-08 17:29:47.15",44381,0.03047943,0.03986549,-0.01414108,25.48933
"2025-04-08 17:29:47.2",44382,0.02978516,0.04012108,-0.01406097,25.46027
"2025-04-08 17:29:47.25",44383,0.0330143,0.04024124,-0.0135994,25.44528
"2025-04-08 17:29:47.3",44384,0.03231621,0.03736877,-0.01341438,25.51025
"2025-04-08 17:29:47.35",44385,0.02912521,0.03724098,-0.01339149,25.45948
"2025-04-08 17:29:47.4",44386,0.03180695,0.03980064,-0.01341248,25.47218
"2025-04-08 17:29:47.45",44387,0.03233337,0.03791809,-0.0133419,25.45776
"2025-04-08 17:29:47.5",44388,0.02985382,0.0376091,-0.01230621,25.47334
"2025-04-08 17:29:47.55",44389,0.03240395,0.04003525,-0.01157188,25.47211
"2025-04-08 17:29:47.6",44390,0.03238297,0.03732491,-0.01270485,25.48779
"2025-04-08 17:29:47.65",44391,0.02984047,0.03729248,-0.01565933,25.48643
"2025-04-08 17:29:47.7",44392,0.02973938,0.03689957,-0.01594925,25.48784
"2025-04-08 17:29:47.75",44393,0.03264046,0.03786659,-0.0129776,25.50879
"2025-04-08 17:29:47.8",44394,0.03255653,0.03759193,-0.01338387,25.4731
"2025-04-08 17:29:47.85",44395,0.03231049,0.03761673,-0.01347542,25.5086
"2025-04-08 17:29:47.9",44396,0.03274536,0.03567886,-0.01338387,25.4728
"2025-04-08 17:29:47.95",44397,0.03264046,0.03501701,-0.01272202,25.51052
"2025-04-08 17:29:48",44398,0.03243637,0.03486824,-0.01350784,25.48994
"2025-04-08 17:29:48.05",44399,0.03271675,0.03507996,-0.01356316,25.50876
"2025-04-08 17:29:48.1",44400,0.03262901,0.03599739,-0.01340294,25.51142
"2025-04-08 17:29:48.15",44401,0.03186798,0.0365715,-0.01408768,25.48781
"2025-04-08 17:29:48.2",44402,0.03567123,0.03708076,-0.01382065,25.52972
"2025-04-08 17:29:48.25",44403,0.03355598,0.03727341,-0.01389503,25.51016
"2025-04-08 17:29:48.3",44404,0.03306198,0.03705597,-0.01432991,25.537
"2025-04-08 17:29:48.35",44405,0.03275108,0.03798485,-0.01105118,25.50914
"2025-04-08 17:29:48.4",44406,0.03229904,0.0337162,-0.01429749,25.50872
"2025-04-08 17:29:48.45",44407,0.03581047,0.03704453,-0.01407242,25.54062
"2025-04-08 17:29:48.5",44408,0.03282738,0.03334236,-0.01195717,25.53838
"2025-04-08 17:29:48.55",44409,0.03256226,0.03389168,-0.01094437,25.59653
"2025-04-08 17:29:48.6",44410,0.03235054,0.03575706,-0.01190567,25.55949
"2025-04-08 17:29:48.65",44411,0.03292274,0.03258324,-0.01139641,25.56039
"2025-04-08 17:29:48.7",44412,0.03305244,0.03264427,-0.01132965,25.55975
"2025-04-08 17:29:48.75",44413,0.03676796,0.03128052,-0.0112114,25.58068
"2025-04-08 17:29:48.8",44414,0.03426552,0.02961922,-0.01144218,25.53799
"2025-04-08 17:29:48.85",44415,0.03804398,0.03176689,-0.01077271,25.59804
"2025-04-08 17:29:48.9",44416,0.03482819,0.03219414,-0.008413315,25.5599
"2025-04-08 17:29:48.95",44417,0.03443336,0.03205299,-0.0109005,25.58527
"2025-04-08 17:29:49",44418,0.03785515,0.03186989,-0.01100159,25.58864
"2025-04-08 17:29:49.05",44419,0.03434372,0.03176117,-0.01120377,25.58559
"2025-04-08 17:29:49.1",44420,0.0343132,0.03203583,-0.008304596,25.56337
"2025-04-08 17:29:49.15",44421,0.0337944,0.03222656,-0.008850098,25.54034
"2025-04-08 17:29:49.2",44422,0.03365517,0.03249359,-0.0084095,25.56293
"2025-04-08 17:29:49.25",44423,0.03352165,0.02931023,-0.008699417,25.58437
"2025-04-08 17:29:49.3",44424,0.03059006,0.02936172,-0.008398056,25.53938
"2025-04-08 17:29:49.35",44425,0.03294563,0.0295887,-0.008945465,25.58281
"2025-04-08 17:29:49.4",44426,0.03328323,0.02980614,-0.008106232,25.56213
"2025-04-08 17:29:49.45",44427,0.03317451,0.03000832,-0.0091362,25.56142
"2025-04-08 17:29:49.5",44428,0.03013802,0.02981377,-0.008838654,25.56044
"2025-04-08 17:29:49.55",44429,0.02917671,0.02994347,-0.009078979,25.55974
"2025-04-08 17:29:49.6",44430,0.02989006,0.03010941,-0.008852005,25.58119
"2025-04-08 17:29:49.65",44431,0.0299015,0.02965546,-0.005466461,25.53839
"2025-04-08 17:29:49.7",44432,0.03001976,0.02963066,-0.005208969,25.5593
"2025-04-08 17:29:49.75",44433,0.02937889,0.02933884,-0.005260468,25.53789
"2025-04-08 17:29:49.8",44434,0.02964401,0.02727699,-0.004812241,25.53781
"2025-04-08 17:29:49.85",44435,0.02984238,0.02972412,-0.005584717,25.55927
"2025-04-08 17:29:49.9",44436,0.02998734,0.0271492,-0.004947662,25.55911
"2025-04-08 17:29:49.95",44437,0.02772331,0.02919197,-0.002775192,25.62592
"2025-04-08 17:29:50",44438,0.02973938,0.02897644,-0.002897263,25.56116
"2025-04-08 17:29:50.05",44439,0.02989578,0.02666283,-0.002828598,25.61134
"2025-04-08 17:29:50.1",44440,0.03011513,0.02648926,-0.003253937,25.59663
"2025-04-08 17:29:50.15",44441,0.03022194,0.02711678,-0.003250122,25.62779
"2025-04-08 17:29:50.2",44442,0.02752495,0.0267067,-0.003488541,25.61279
"2025-04-08 17:29:50.25",44443,0.0294838,0.02701378,-0.003572464,25.61192
"2025-04-08 17:29:50.3",44444,0.0296402,0.02712822,-0.0009269714,25.62831
"2025-04-08 17:29:50.35",44445,0.02693748,0.02972794,-0.0008430481,25.61185
"2025-04-08 17:29:50.4",44446,0.02727699,0.03071976,-0.0009212494,25.61371
"2025-04-08 17:29:50.45",44447,0.02789307,0.03078461,-0.001472473,25.56322
"2025-04-08 17:29:50.5",44448,0.0272541,0.03019714,-0.001003265,25.61396
"2025-04-08 17:29:50.55",44449,0.02823448,0.03072357,-0.001026154,25.61397
"2025-04-08 17:29:50.6",44450,0.02420044,0.03066063,-0.001111984,25.59695
"2025-04-08 17:29:50.65",44451,0.02758408,0.03113556,0.001470566,25.59952
"2025-04-08 17:29:50.7",44452,0.02443123,0.03285027,0.001968384,25.58199
"2025-04-08 17:29:50.75",44453,0.027668,0.03218842,0.001720428,25.59859
"2025-04-08 17:29:50.8",44454,0.02693558,0.03284073,0.001451492,25.61433
"2025-04-08 17:29:50.85",44455,0.02499962,0.03223038,0.0008506775,25.61242
"2025-04-08 17:29:50.9",44456,0.0244236,0.03457642,0.001834869,25.58358
"2025-04-08 17:29:50.95",44457,0.0218029,0.0339756,0.001407623,25.6129
"2025-04-08 17:29:51",44458,0.02114105,0.03427696,0.001968384,25.61226
"2025-04-08 17:29:51.05",44459,0.02524567,0.03348351,0.002027512,25.59766
"2025-04-08 17:29:51.1",44460,0.02541351,0.03633499,0.002206802,25.61423
"2025-04-08 17:29:51.15",44461,0.02573776,0.03655243,0.002244949,25.61436
"2025-04-08 17:29:51.2",44462,0.02389908,0.03576088,0.004413605,25.65255
"2025-04-08 17:29:51.25",44463,0.02297211,0.03642082,0.001720428,25.63367
"2025-04-08 17:29:51.3",44464,0.02585793,0.03680992,0.001817703,25.60249
"2025-04-08 17:29:51.35",44465,0.02603722,0.03938675,0.002269745,25.63211
"2025-04-08 17:29:51.4",44466,0.02548599,0.03645325,0.001760483,25.6324
"2025-04-08 17:29:51.45",44467,0.02571869,0.0398941,0.001464844,25.63185
"2025-04-08 17:29:51.5",44468,0.02731705,0.03993416,0.001312256,25.63018
"2025-04-08 17:29:51.55",44469,0.02868652,0.04007339,-0.001527786,25.56272
"2025-04-08 17:29:51.6",44470,0.03091431,0.04553986,0.001726151,25.59085
"2025-04-08 17:29:51.65",44471,0.03028297,0.03688431,-0.001245499,25.59985
"2025-04-08 17:29:51.7",44472,0.03264046,0.03968811,-0.003435135,25.5835
"2025-04-08 17:29:51.75",44473,0.03181267,0.04003906,-0.003572464,25.61416
"2025-04-08 17:29:51.8",44474,0.03535843,0.03757668,-0.003070831,25.62598
"2025-04-08 17:29:51.85",44475,0.03261757,0.03735924,-0.002954483,25.61427
"2025-04-08 17:29:51.9",44476,0.034935,0.03690529,-0.002868652,25.61124
"2025-04-08 17:29:51.95",44477,0.03541374,0.03731346,-0.00226593,25.58359
"2025-04-08 17:29:52",44478,0.03467369,0.03734016,-0.002037048,25.61304
"2025-04-08 17:29:52.05",44479,0.03486633,0.03762817,-0.002523422,25.59808
"2025-04-08 17:29:52.1",44480,0.03490067,0.03722954,-0.002069473,25.61198
"2025-04-08 17:29:52.15",44481,0.03776741,0.03983688,-0.002080917,25.62761
"2025-04-08 17:29:52.2",44482,0.03775406,0.04032326,-0.002664566,25.62598
"2025-04-08 17:29:52.25",44483,0.03572845,0.03998184,-0.002815247,25.62708
"2025-04-08 17:29:52.3",44484,0.03510094,0.03959656,-0.003093719,25.62723
"2025-04-08 17:29:52.35",44485,0.03847504,0.03979492,-0.0003833771,25.59561
"2025-04-08 17:29:52.4",44486,0.03798866,0.04016685,-0.0006370544,25.59757
"2025-04-08 17:29:52.45",44487,0.03808594,0.04030037,-0.001594543,25.59958
"2025-04-08 17:29:52.5",44488,0.03898811,0.04023552,-0.0005111694,25.59837
"2025-04-08 17:29:52.55",44489,0.03834152,0.04071426,0.001239777,25.59817
"2025-04-08 17:29:52.6",44490,0.03873825,0.0412159,0.0008907318,25.62714
"2025-04-08 17:29:52.65",44491,0.0389061,0.03839874,0.0007553101,25.59805
"2025-04-08 17:29:52.7",44492,0.03815651,0.03886223,0.001180649,25.61257
"2025-04-08 17:29:52.75",44493,0.03809547,0.03874207,0.003261566,25.64757
"2025-04-08 17:29:52.8",44494,0.03839874,0.03855515,0.00368309,25.5826
"2025-04-08 17:29:52.85",44495,0.0383873,0.03878784,0.003910065,25.62775
"2025-04-08 17:29:52.9",44496,0.03885651,0.03886604,0.006885529,25.61272
"2025-04-08 17:29:52.95",44497,0.0383873,0.03815651,0.006998062,25.62608
"2025-04-08 17:29:53",44498,0.03829002,0.03814507,0.007015228,25.59738
"2025-04-08 17:29:53.05",44499,0.03878784,0.03728104,0.007022858,25.62542
"2025-04-08 17:29:53.1",44500,0.03600121,0.03751945,0.007266998,25.66309
"2025-04-08 17:29:53.15",44501,0.03918457,0.03773117,0.009746552,25.6461
"2025-04-08 17:29:53.2",44502,0.03616333,0.0373745,0.009714127,25.64706
"2025-04-08 17:29:53.25",44503,0.0398922,0.03667068,0.009630203,25.6274
"2025-04-08 17:29:53.3",44504,0.0387001,0.03375626,0.009298325,25.62779
"2025-04-08 17:29:53.35",44505,0.03976631,0.03410339,0.01233292,25.62884
"2025-04-08 17:29:53.4",44506,0.04071426,0.03377151,0.009502411,25.64964
"2025-04-08 17:29:53.45",44507,0.04034042,0.03427505,0.009506226,25.66565
"2025-04-08 17:29:53.5",44508,0.04042816,0.03177261,0.01264572,25.6822
"2025-04-08 17:29:53.55",44509,0.03796005,0.03474998,0.00966835,25.68213
"2025-04-08 17:29:53.6",44510,0.03975487,0.03407478,0.009239197,25.65342
"2025-04-08 17:29:53.65",44511,0.03915215,0.03443909,0.01193428,25.67962
"2025-04-08 17:29:53.7",44512,0.03928375,0.03428078,0.009292603,25.65119
"2025-04-08 17:29:53.75",44513,0.03887749,0.03438759,0.01204109,25.61336
"2025-04-08 17:29:53.8",44514,0.0383873,0.0312748,0.009082794,25.66412
"2025-04-08 17:29:53.85",44515,0.03897858,0.03214645,0.01188087,25.65023
"2025-04-08 17:29:53.9",44516,0.03884506,0.03282928,0.009569168,25.70065
"2025-04-08 17:29:53.95",44517,0.03765869,0.03546524,0.01213837,25.67884
"2025-04-08 17:29:54",44518,0.03849792,0.03457642,0.01040649,25.6991
"2025-04-08 17:29:54.05",44519,0.03711891,0.03512383,0.01033401,25.66273
"2025-04-08 17:29:54.1",44520,0.0383358,0.03486633,0.01035118,25.6765
"2025-04-08 17:29:54.15",44521,0.03775597,0.03478813,0.01061821,25.66177
"2025-04-08 17:29:54.2",44522,0.0383091,0.03463364,0.01055717,25.67704
"2025-04-08 17:29:54.25",44523,0.03759193,0.03444862,0.01186752,25.6095
"2025-04-08 17:29:54.3",44524,0.03759956,0.03450966,0.008600235,25.64463
"2025-04-08 17:29:54.35",44525,0.03807259,0.03465652,0.008613586,25.62532
"2025-04-08 17:29:54.4",44526,0.04073143,0.03495026,0.008144379,25.66062
"2025-04-08 17:29:54.45",44527,0.03794098,0.03761482,0.008022308,25.66122
"2025-04-08 17:29:54.5",44528,0.03878403,0.03459358,0.007915497,25.6623
"2025-04-08 17:29:54.55",44529,0.04107666,0.03761101,0.005346298,25.66105
"2025-04-08 17:29:54.6",44530,0.03903961,0.03773308,0.004413605,25.6476
"2025-04-08 17:29:54.65",44531,0.04096031,0.03755951,0.004703522,25.67744
"2025-04-08 17:29:54.7",44532,0.04160118,0.03759193,0.004037857,25.64921
"2025-04-08 17:29:54.75",44533,0.04108238,0.03824615,0.004430771,25.62556
"2025-04-08 17:29:54.8",44534,0.04092026,0.03844261,0.003171921,25.70027
"2025-04-08 17:29:54.85",44535,0.04199409,0.03960419,0.003759384,25.67776
"2025-04-08 17:29:54.9",44536,0.04131889,0.03924751,0.003688812,25.64924
"2025-04-08 17:29:54.95",44537,0.04128456,0.03855515,0.003652573,25.64781
"2025-04-08 17:29:55",44538,0.04130554,0.03878784,0.001125336,25.64848
"2025-04-08 17:29:55.05",44539,0.04135704,0.03935242,0.003843307,25.62669
"2025-04-08 17:29:55.1",44540,0.04117393,0.04141235,0.004308701,25.6498
"2025-04-08 17:29:55.15",44541,0.03883171,0.04117393,0.0008163452,25.62811
"2025-04-08 17:29:55.2",44542,0.04143906,0.04099464,0.003688812,25.66277
"2025-04-08 17:29:55.25",44543,0.03871727,0.04066277,0.003736496,25.67651
"2025-04-08 17:29:55.3",44544,0.03826714,0.04359055,0.004323959,25.66165
"2025-04-08 17:29:55.35",44545,0.03848267,0.04051781,0.003921509,25.64727
"2025-04-08 17:29:55.4",44546,0.04136086,0.04235077,0.001594543,25.66055
"2025-04-08 17:29:55.45",44547,0.04193878,0.03967476,0.001794815,25.66161
"2025-04-08 17:29:55.5",44548,0.03883171,0.04198647,0.004430771,25.66216
"2025-04-08 17:29:55.55",44549,0.0426693,0.04224014,0.004659653,25.67893
"2025-04-08 17:29:55.6",44550,0.03936958,0.0420723,0.004184723,25.66555
"2025-04-08 17:29:55.65",44551,0.04284859,0.04231071,0.004659653,25.66618
"2025-04-08 17:29:55.7",44552,0.04061508,0.04177666,0.004039764,25.68287
"2025-04-08 17:29:55.75",44553,0.04320145,0.04524994,0.004610062,25.66399
"2025-04-08 17:29:55.8",44554,0.04017448,0.04229355,0.004657745,25.66457
"2025-04-08 17:29:55.85",44555,0.04225159,0.04532242,0.004257202,25.66494
"2025-04-08 17:29:55.9",44556,0.04183578,0.04196739,0.004171371,25.66592
"2025-04-08 17:29:55.95",44557,0.03894424,0.04491043,0.003967285,25.68026
"2025-04-08 17:29:56",44558,0.03874779,0.04541588,0.00715065,25.6795
"2025-04-08 17:29:56.05",44559,0.03834724,0.04532051,0.007463455,25.6651
"2025-04-08 17:29:56.1",44560,0.04155159,0.0456295,0.006980896,25.66496
"2025-04-08 17:29:56.15",44561,0.04126167,0.04558945,0.006679535,25.70052
"2025-04-08 17:29:56.2",44562,0.03869438,0.0488739,0.007511139,25.66383
"2025-04-08 17:29:56.25",44563,0.03773689,0.04845047,0.007389069,25.64906
"2025-04-08 17:29:56.3",44564,0.03736877,0.04885101,0.007686615,25.67569
"2025-04-08 17:29:56.35",44565,0.04006004,0.04841042,0.008172989,25.67657
"2025-04-08 17:29:56.4",44566,0.03786659,0.04837608,0.008289337,25.69708
"2025-04-08 17:29:56.45",44567,0.03726387,0.04851532,0.00786972,25.67657
"2025-04-08 17:29:56.5",44568,0.03787613,0.05133629,0.008150101,25.67722
"2025-04-08 17:29:56.55",44569,0.03793526,0.0512352,0.008300781,25.67545
"2025-04-08 17:29:56.6",44570,0.03814507,0.05088425,0.008161545,25.66224
"2025-04-08 17:29:56.65",44571,0.03815079,0.04899597,0.005752563,25.67701
"2025-04-08 17:29:56.7",44572,0.03508949,0.05111313,0.007680893,25.67734
"2025-04-08 17:29:56.75",44573,0.03561974,0.05076599,0.004875183,25.66413
"2025-04-08 17:29:56.8",44574,0.03557777,0.05039215,0.004627228,25.6783
"2025-04-08 17:29:56.85",44575,0.03555489,0.05100822,0.004207611,25.6773
"2025-04-08 17:29:56.9",44576,0.03300667,0.05352592,0.004713058,25.67709
"2025-04-08 17:29:56.95",44577,0.03255653,0.05140495,0.004049301,25.67697
"2025-04-08 17:29:57",44578,0.03243256,0.0512867,0.00422287,25.67807
"2025-04-08 17:29:57.05",44579,0.0328083,0.05470657,0.003898621,25.67796
"2025-04-08 17:29:57.1",44580,0.03271866,0.05695152,0.003652573,25.67799
"2025-04-08 17:29:57.15",44581,0.03210831,0.05520248,0.003892899,25.66154
"2025-04-08 17:29:57.2",44582,0.03028679,0.05598831,0.003850937,25.67641
"2025-04-08 17:29:57.25",44583,0.02965164,0.05511284,0.001285553,25.66107
"2025-04-08 17:29:57.3",44584,0.02756119,0.05522537,0.001296997,25.67728
"2025-04-08 17:29:57.35",44585,0.02727127,0.0549736,0.001800537,25.66411
"2025-04-08 17:29:57.4",44586,0.03038788,0.054636,0.001419067,25.67785
"2025-04-08 17:29:57.45",44587,0.02470779,0.05471611,0.002124786,25.66286
"2025-04-08 17:29:57.5",44588,0.02747726,0.05429649,0.001693726,25.66277
"2025-04-08 17:29:57.55",44589,0.02453995,0.0538826,0.001588821,25.62572
"2025-04-08 17:29:57.6",44590,0.0246582,0.05408096,0.001420975,25.66393
"2025-04-08 17:29:57.65",44591,0.02548027,0.05376244,0.001754761,25.62646
"2025-04-08 17:29:57.7",44592,0.02267075,0.05037498,0.002094269,25.66273
"2025-04-08 17:29:57.75",44593,0.02317238,0.05066109,0.002134323,25.62719
"2025-04-08 17:29:57.8",44594,0.02379417,0.05249405,0.00170517,25.61246
"2025-04-08 17:29:57.85",44595,0.02301216,0.05316734,0.002061844,25.61378
"2025-04-08 17:29:57.9",44596,0.02342415,0.05070114,0.001714706,25.6133
"2025-04-08 17:29:57.95",44597,0.02547264,0.05286789,0.00160408,25.6306
"2025-04-08 17:29:58",44598,0.02319145,0.05346489,0.001588821,25.61505
"2025-04-08 17:29:58.05",44599,0.02253723,0.0540123,0.001638412,25.59992
"2025-04-08 17:29:58.1",44600,0.02242851,0.05371666,0.002040863,25.61545
"2025-04-08 17:29:58.15",44601,0.02232361,0.05099678,0.002073288,25.62864
"2025-04-08 17:29:58.2",44602,0.02215576,0.05358315,0.002183914,25.59903
"2025-04-08 17:29:58.25",44603,0.0217247,0.05077934,0.00207901,25.59744
"2025-04-08 17:29:58.3",44604,0.02190018,0.05067253,0.001859665,25.61275
"2025-04-08 17:29:58.35",44605,0.02164841,0.0512085,0.002233505,25.59629
"2025-04-08 17:29:58.4",44606,0.02125168,0.05406952,0.002044678,25.61355
"2025-04-08 17:29:58.45",44607,0.02144814,0.05154228,0.0026474,25.62656
"2025-04-08 17:29:58.5",44608,0.02084923,0.05141449,0.002948761,25.66209
"2025-04-08 17:29:58.55",44609,0.02042961,0.05119133,0.003568649,25.58036
"2025-04-08 17:29:58.6",44610,0.02330589,0.05316162,0.003303528,25.61065
"2025-04-08 17:29:58.65",44611,0.02368736,0.05405807,0.003347397,25.61076
"2025-04-08 17:29:58.7",44612,0.02070045,0.05079079,0.003602982,25.5924
"2025-04-08 17:29:58.75",44613,0.02374268,0.05098152,0.003519058,25.59518
"2025-04-08 17:29:58.8",44614,0.02333641,0.05069542,0.00353241,25.6116
"2025-04-08 17:29:58.85",44615,0.02318954,0.0510025,0.002820969,25.61266
"2025-04-08 17:29:58.9",44616,0.02142525,0.05098915,0.002073288,25.59509
"2025-04-08 17:29:58.95",44617,0.02145958,0.04795837,0.003095627,25.58361
"2025-04-08 17:29:59",44618,0.02350235,0.04781914,0.002166748,25.59553
"2025-04-08 17:29:59.05",44619,0.02142906,0.04759026,0.002426147,25.61282
"2025-04-08 17:29:59.1",44620,0.02403831,0.05079651,0.002765656,25.62576
"2025-04-08 17:29:59.15",44621,0.02461433,0.04891205,0.001686096,25.61237
"2025-04-08 17:29:59.2",44622,0.02466011,0.05181694,0.001152039,25.62614
"2025-04-08 17:29:59.25",44623,0.02172089,0.0517292,0.001848221,25.61346
"2025-04-08 17:29:59.3",44624,0.02149773,0.05002403,0.001644135,25.6279
"2025-04-08 17:29:59.35",44625,0.02435112,0.0529747,0.001893997,25.58083
"2025-04-08 17:29:59.4",44626,0.02405548,0.05239677,0.001319885,25.598
"2025-04-08 17:29:59.45",44627,0.02492714,0.05376816,-0.001148224,25.61196
"2025-04-08 17:29:59.5",44628,0.02182579,0.05277824,0.001714706,25.5603
"2025-04-08 17:29:59.55",44629,0.02402115,0.04974937,0.001588821,25.55999
"2025-04-08 17:29:59.6",44630,0.02393341,0.05215263,-0.0006427765,25.58205
"2025-04-08 17:29:59.65",44631,0.02451324,0.04992485,-0.000421524,25.55997
"2025-04-08 17:29:59.7",44632,0.02409554,0.05176735,0.001285553,25.58221
"2025-04-08 17:29:59.75",44633,0.02397537,0.05197525,-0.0007152557,25.5817
"2025-04-08 17:29:59.8",44634,0.02368736,0.04923058,-0.0007534027,25.58192
"2025-04-08 17:29:59.85",44635,0.02424622,0.04854965,-0.0004062653,25.58233
"2025-04-08 17:29:59.9",44636,0.02436638,0.04764938,0.002397537,25.58372
"2025-04-08 17:29:59.95",44637,0.02512741,0.05066681,0.00195694,25.58498
"2025-04-08 17:30:00",44638,0.02515984,0.05042648,-0.0004997253,25.5424
"2025-04-08 17:30:00.05",44639,0.02596283,0.05012131,-0.0004253387,25.54066
"2025-04-08 17:30:00.1",44640,0.02633095,0.04992867,0.002298355,25.58505
"2025-04-08 17:30:00.15",44641,0.02598572,0.04982185,-0.0007286072,25.56351
"2025-04-08 17:30:00.2",44642,0.02280617,0.05011559,0.001726151,25.5653
"2025-04-08 17:30:00.25",44643,0.02530289,0.04694366,-0.0008678436,25.56389
"2025-04-08 17:30:00.3",44644,0.02500916,0.04744148,-0.001314163,25.5652
"2025-04-08 17:30:00.35",44645,0.02516365,0.05045128,-0.0006217957,25.56392
"2025-04-08 17:30:00.4",44646,0.02263451,0.0508213,-0.0007591248,25.54217
"2025-04-08 17:30:00.45",44647,0.02522659,0.05000114,-0.001296997,25.5342
"2025-04-08 17:30:00.5",44648,0.02413177,0.05113411,-0.000995636,25.54067
"2025-04-08 17:30:00.55",44649,0.02414322,0.0510006,-0.0008106232,25.50935
"2025-04-08 17:30:00.6",44650,0.0239315,0.04802132,-0.0007648468,25.50969
"2025-04-08 17:30:00.65",44651,0.02434158,0.04834747,-0.000213623,25.50879
"2025-04-08 17:30:00.7",44652,0.02334404,0.05068779,-2.861023E-05,25.53233
"2025-04-08 17:30:00.75",44653,0.02351189,0.04828644,-0.0004024506,25.50914
"2025-04-08 17:30:00.8",44654,0.02073479,0.04775047,-0.0001525879,25.50825
"2025-04-08 17:30:00.85",44655,0.02306557,0.04766083,0.0005302429,25.5073
"2025-04-08 17:30:00.9",44656,0.02308083,0.04834175,0.0002670288,25.50713
"2025-04-08 17:30:00.95",44657,0.02359962,0.04835892,0.0006256104,25.5086
"2025-04-08 17:30:01",44658,0.02380562,0.05053711,0.0003414154,25.53851
"2025-04-08 17:30:01.05",44659,0.02125359,0.05036354,0.0007362366,25.53014
"2025-04-08 17:30:01.1",44660,0.02323341,0.05008888,0.0002002716,25.50841
"2025-04-08 17:30:01.15",44661,0.02406311,0.0507412,0.0002212524,25.5068
"2025-04-08 17:30:01.2",44662,0.02090836,0.05089188,-0.0001621246,25.50897
"2025-04-08 17:30:01.25",44663,0.0238533,0.05018425,-8.392334E-05,25.50917
"2025-04-08 17:30:01.3",44664,0.02353859,0.05126381,-0.0001964569,25.50825
"2025-04-08 17:30:01.35",44665,0.02406311,0.05091667,-0.0002861023,25.50953
"2025-04-08 17:30:01.4",44666,0.0238018,0.05160332,-0.0009002686,25.53187
"2025-04-08 17:30:01.45",44667,0.02447891,0.05147362,-0.001144409,25.47355
"2025-04-08 17:30:01.5",44668,0.02149963,0.05177689,-0.0007286072,25.51082
"2025-04-08 17:30:01.55",44669,0.02453232,0.0543499,-0.001279831,25.47392
"2025-04-08 17:30:01.6",44670,0.02490807,0.05226135,-0.001178741,25.47401
"2025-04-08 17:30:01.65",44671,0.02131462,0.05217171,-0.001386642,25.47283
"2025-04-08 17:30:01.7",44672,0.0238533,0.0524292,0.001182556,25.48701
"2025-04-08 17:30:01.75",44673,0.02434158,0.05134201,-0.0008964539,25.47404
"2025-04-08 17:30:01.8",44674,0.02125359,0.0520668,-0.001306534,25.47279
"2025-04-08 17:30:01.85",44675,0.02173996,0.05135727,-0.001302719,25.48808
"2025-04-08 17:30:01.9",44676,0.02078056,0.05126762,-0.00110054,25.47247
"2025-04-08 17:30:01.95",44677,0.02118874,0.05119705,0.001848221,25.47182
"2025-04-08 17:30:02",44678,0.02059555,0.05308914,-0.0008049011,25.4717
"2025-04-08 17:30:02.05",44679,0.02153015,0.0511055,0.00164032,25.47379
"2025-04-08 17:30:02.1",44680,0.02160645,0.05356979,-0.0005474091,25.47411
"2025-04-08 17:30:02.15",44681,0.02185822,0.05264664,0.002155304,25.50978
"2025-04-08 17:30:02.2",44682,0.02378082,0.0495739,0.00189209,25.47463
"2025-04-08 17:30:02.25",44683,0.02315521,0.05282021,0.001737595,25.47454
"2025-04-08 17:30:02.3",44684,0.02067375,0.04898262,0.001413345,25.46185
"2025-04-08 17:30:02.35",44685,0.02322769,0.04924583,0.001903534,25.47618
"2025-04-08 17:30:02.4",44686,0.02017784,0.05217743,0.00169754,25.47588
"2025-04-08 17:30:02.45",44687,0.02045631,0.05234528,0.001663208,25.49197
"2025-04-08 17:30:02.5",44688,0.02056122,0.05194473,0.001256943,25.47935
"2025-04-08 17:30:02.55",44689,0.02001953,0.05185318,0.00135994,25.47741
"2025-04-08 17:30:02.6",44690,0.01941299,0.05310631,0.001588821,25.49243
"2025-04-08 17:30:02.65",44691,0.01947403,0.05518341,0.001913071,25.49166
"2025-04-08 17:30:02.7",44692,0.01913261,0.05260086,0.002033234,25.46046
"2025-04-08 17:30:02.75",44693,0.01854134,0.0558815,0.001461029,25.47435
"2025-04-08 17:30:02.8",44694,0.01825523,0.05543327,0.001428604,25.47479
"2025-04-08 17:30:02.85",44695,0.01703453,0.05557442,0.002031326,25.48794
"2025-04-08 17:30:02.9",44696,0.01449203,0.05590248,0.001834869,25.48618
"2025-04-08 17:30:02.95",44697,0.01809502,0.05596542,0.001888275,25.4717
"2025-04-08 17:30:03",44698,0.01572609,0.05616188,0.003305435,25.48736
"2025-04-08 17:30:03.05",44699,0.01814461,0.05869675,0.002868652,25.47212
"2025-04-08 17:30:03.1",44700,0.01810646,0.05509186,0.002809525,25.48577
"2025-04-08 17:30:03.15",44701,0.01532936,0.05547333,0.004970551,25.4874
"2025-04-08 17:30:03.2",44702,0.01598167,0.05820274,0.005550385,25.45731
"2025-04-08 17:30:03.25",44703,0.01570511,0.05812073,0.005462646,25.47395
"2025-04-08 17:30:03.3",44704,0.01587677,0.05835342,0.004907608,25.47264
"2025-04-08 17:30:03.35",44705,0.01587677,0.05810928,0.005613327,25.47381
"2025-04-08 17:30:03.4",44706,0.01605415,0.05770302,0.00437355,25.41969
"2025-04-08 17:30:03.45",44707,0.01890755,0.0611515,0.004880905,25.4576
"2025-04-08 17:30:03.5",44708,0.01883698,0.06080818,0.004579544,25.45766
"2025-04-08 17:30:03.55",44709,0.01865196,0.06088066,0.004362106,25.46017
"2025-04-08 17:30:03.6",44710,0.01589394,0.06123543,0.004030228,25.48724
"2025-04-08 17:30:03.65",44711,0.01552391,0.06262779,0.003875732,25.44427
"2025-04-08 17:30:03.7",44712,0.01848412,0.05994606,0.003595352,25.44357
"2025-04-08 17:30:03.75",44713,0.01859093,0.06255913,0.003534317,25.4741
"2025-04-08 17:30:03.8",44714,0.01907539,0.06283569,0.001281738,25.44411
"2025-04-08 17:30:03.85",44715,0.01858521,0.0633812,0.003488541,25.47386
"2025-04-08 17:30:03.9",44716,0.01792145,0.06529236,0.00359726,25.47332
"2025-04-08 17:30:03.95",44717,0.01883698,0.06542397,0.00374794,25.48727
"2025-04-08 17:30:04",44718,0.01860619,0.06482315,0.003417969,25.44378
"2025-04-08 17:30:04.05",44719,0.01858521,0.06493378,0.004270554,25.47226
"2025-04-08 17:30:04.1",44720,0.01780891,0.06201935,0.004085541,25.45751
"2025-04-08 17:30:04.15",44721,0.01797676,0.0616436,0.003904343,25.45654
"2025-04-08 17:30:04.2",44722,0.01853371,0.06162071,0.004264832,25.44201
"2025-04-08 17:30:04.25",44723,0.01847267,0.06116295,0.003875732,25.45808
"2025-04-08 17:30:04.3",44724,0.01877403,0.06394386,0.004537582,25.45914
"2025-04-08 17:30:04.35",44725,0.01964569,0.06336021,0.004310608,25.44294
"2025-04-08 17:30:04.4",44726,0.02004242,0.06349945,0.00440979,25.45977
"2025-04-08 17:30:04.45",44727,0.02043533,0.06105804,0.004304886,25.44463
"2025-04-08 17:30:04.5",44728,0.02066231,0.063097,0.00204277,25.46062
"2025-04-08 17:30:04.55",44729,0.02214432,0.06319046,0.004171371,25.44677
"2025-04-08 17:30:04.6",44730,0.02087021,0.06076813,0.001579285,25.42295
"2025-04-08 17:30:04.65",44731,0.01991081,0.06057167,0.003730774,25.46062
"2025-04-08 17:30:04.7",44732,0.02001953,0.06044388,0.001750946,25.44429
"2025-04-08 17:30:04.75",44733,0.019701,0.06120491,0.001117706,25.46113
"2025-04-08 17:30:04.8",44734,0.01942444,0.06157303,0.001407623,25.44586
"2025-04-08 17:30:04.85",44735,0.01968956,0.0618,0.001535416,25.44563
"2025-04-08 17:30:04.9",44736,0.01934624,0.06207466,0.001636505,25.47335
"2025-04-08 17:30:04.95",44737,0.01882172,0.05881691,0.004861832,25.44406
"2025-04-08 17:30:05",44738,0.01911163,0.06161118,0.002210617,25.44363
"2025-04-08 17:30:05.05",44739,0.01850128,0.06119728,0.002027512,25.45642
"2025-04-08 17:30:05.1",44740,0.01815414,0.05870819,0.002346039,25.44233
"2025-04-08 17:30:05.15",44741,0.01718903,0.05893707,0.002490997,25.45593
"2025-04-08 17:30:05.2",44742,0.01803398,0.05881119,0.002801895,25.45612
"2025-04-08 17:30:05.25",44743,0.01796722,0.05565643,0.003406525,25.45581
"2025-04-08 17:30:05.3",44744,0.0181942,0.05860138,0.003271103,25.47029
"2025-04-08 17:30:05.35",44745,0.01808167,0.05615044,0.003730774,25.45658
"2025-04-08 17:30:05.4",44746,0.01795578,0.05852127,0.003406525,25.47
"2025-04-08 17:30:05.45",44747,0.02032661,0.05598259,0.003925323,25.47231
"2025-04-08 17:30:05.5",44748,0.0184288,0.05585289,0.003572464,25.48801
"2025-04-08 17:30:05.55",44749,0.01832199,0.05544472,0.002937317,25.45798
"2025-04-08 17:30:05.6",44750,0.01854706,0.0558033,0.002590179,25.4728
"2025-04-08 17:30:05.65",44751,0.01885414,0.05561256,0.002378464,25.45837
"2025-04-08 17:30:05.7",44752,0.01829338,0.05545044,0.001756668,25.45817
"2025-04-08 17:30:05.75",44753,0.01823425,0.05587387,0.003980637,25.47177
"2025-04-08 17:30:05.8",44754,0.01870728,0.05624771,0.004232407,25.47279
"2025-04-08 17:30:05.85",44755,0.01868439,0.05430222,0.004014969,25.47298
"2025-04-08 17:30:05.9",44756,0.01887703,0.05436707,0.003835678,25.53863
"2025-04-08 17:30:05.95",44757,0.01868629,0.05426216,0.004325867,25.45962
"2025-04-08 17:30:06",44758,0.02146721,0.05897903,0.00368309,25.53181
"2025-04-08 17:30:06.05",44759,0.01845741,0.05508614,0.004243851,25.45984
"2025-04-08 17:30:06.1",44760,0.01900864,0.05527115,0.004449844,25.48774
"2025-04-08 17:30:06.15",44761,0.01778221,0.05421638,0.0009975433,25.47263
"2025-04-08 17:30:06.2",44762,0.01790428,0.05463982,0.003528595,25.47347
"2025-04-08 17:30:06.25",44763,0.02087021,0.05408287,0.00396347,25.51006
"2025-04-08 17:30:06.3",44764,0.02148438,0.05386353,0.003847122,25.47321
"2025-04-08 17:30:06.35",44765,0.02127075,0.05356979,0.004171371,25.47367
"2025-04-08 17:30:06.4",44766,0.0218029,0.05377007,0.00446701,25.53053
"2025-04-08 17:30:06.45",44767,0.01868439,0.05603027,0.001552582,25.48923
"2025-04-08 17:30:06.5",44768,0.01879692,0.05604362,0.001913071,25.487
"2025-04-08 17:30:06.55",44769,0.01963425,0.05533218,0.001773834,25.48718
"2025-04-08 17:30:06.6",44770,0.02007484,0.05527878,0.001424789,25.51102
"2025-04-08 17:30:06.65",44771,0.02259445,0.05457497,0.001791,25.48753
"2025-04-08 17:30:06.7",44772,0.02315331,0.05253601,0.001581192,25.47388
"2025-04-08 17:30:06.75",44773,0.0232029,0.05254173,0.003684998,25.48955
"2025-04-08 17:30:06.8",44774,0.02046585,0.05278587,0.004003525,25.49242
"2025-04-08 17:30:06.85",44775,0.02380562,0.05188751,0.004091263,25.53479
"2025-04-08 17:30:06.9",44776,0.0233326,0.0519371,0.001657486,25.49097
"2025-04-08 17:30:06.95",44777,0.02334213,0.05239677,0.004230499,25.49393
"2025-04-08 17:30:07",44778,0.02293587,0.05264664,0.003585815,25.53488
"2025-04-08 17:30:07.05",44779,0.02274132,0.05265808,0.003850937,25.48926
"2025-04-08 17:30:07.1",44780,0.02270699,0.05037498,0.00381279,25.51155
"2025-04-08 17:30:07.15",44781,0.02499008,0.05345726,0.003892899,25.48972
"2025-04-08 17:30:07.2",44782,0.02493668,0.05408096,0.003557205,25.45987
"2025-04-08 17:30:07.25",44783,0.02491951,0.05377007,0.001075745,25.48736
"2025-04-08 17:30:07.3",44784,0.02109337,0.05356789,0.001449585,25.47065
"2025-04-08 17:30:07.35",44785,0.02383041,0.05389404,0.001558304,25.50879
"2025-04-08 17:30:07.4",44786,0.02336121,0.05434418,0.004276276,25.47019
"2025-04-08 17:30:07.45",44787,0.02124977,0.05350113,0.003707886,25.47079
"2025-04-08 17:30:07.5",44788,0.02128792,0.05377388,0.00279808,25.45403
"2025-04-08 17:30:07.55",44789,0.02172852,0.0538044,0.002254486,25.47047
"2025-04-08 17:30:07.6",44790,0.02389717,0.0533905,0.006120682,25.45432
"2025-04-08 17:30:07.65",44791,0.02437019,0.0534687,0.00274086,25.46917
"2025-04-08 17:30:07.7",44792,0.02377892,0.05383682,0.003362656,25.47175
"2025-04-08 17:30:07.75",44793,0.02127075,0.05371857,0.0003051758,25.44096
"2025-04-08 17:30:07.8",44794,0.02137375,0.05362511,9.536743E-05,25.4557
"2025-04-08 17:30:07.85",44795,0.02194214,0.05315018,0.0001449585,25.47165
"2025-04-08 17:30:07.9",44796,0.02204132,0.05539322,-0.0002403259,25.47075
"2025-04-08 17:30:07.95",44797,0.02233124,0.05679131,-0.00144577,25.47224
"2025-04-08 17:30:08",44798,0.02201843,0.05645752,-0.0001564026,25.47216
"2025-04-08 17:30:08.05",44799,0.02185822,0.05657959,-0.00122261,25.44405
"2025-04-08 17:30:08.1",44800,0.02231216,0.0592041,-0.001516342,25.45708
"2025-04-08 17:30:08.15",44801,0.01857567,0.05734444,-0.0008163452,25.47358
"2025-04-08 17:30:08.2",44802,0.0189209,0.06009674,-0.001655579,25.45705
"2025-04-08 17:30:08.25",44803,0.01856804,0.06061554,-0.001270294,25.45747
"2025-04-08 17:30:08.3",44804,0.01840591,0.05729866,-0.001342773,25.45936
"2025-04-08 17:30:08.35",44805,0.01839638,0.0605011,-0.00151062,25.47317
"2025-04-08 17:30:08.4",44806,0.01870155,0.05780029,-0.0007820129,25.4585
"2025-04-08 17:30:08.45",44807,0.01604462,0.06076813,-0.0005779266,25.46149
"2025-04-08 17:30:08.5",44808,0.01836205,0.05936432,-0.0003623962,25.42152
"2025-04-08 17:30:08.55",44809,0.01819038,0.05950928,-0.0007038116,25.44521
"2025-04-08 17:30:08.6",44810,0.01548767,0.05693054,-0.00107193,25.45888
"2025-04-08 17:30:08.65",44811,0.01823425,0.05643272,-0.001012802,25.47481
"2025-04-08 17:30:08.7",44812,0.01644707,0.05966187,-0.000711441,25.47404
"2025-04-08 17:30:08.75",44813,0.01656342,0.05834389,-0.0005149841,25.44351
"2025-04-08 17:30:08.8",44814,0.0198307,0.05819702,1.716614E-05,25.44408
"2025-04-08 17:30:08.85",44815,0.01936913,0.05846024,-0.0001411438,25.4221
"2025-04-08 17:30:08.9",44816,0.01768684,0.05867767,-0.0004920959,25.42043
"2025-04-08 17:30:08.95",44817,0.01765251,0.05752945,-0.0003700256,25.44743
"2025-04-08 17:30:09",44818,0.01867485,0.05748367,-0.0002479553,25.42492
"2025-04-08 17:30:09.05",44819,0.01787186,0.05414009,-0.0004138947,25.41807
"2025-04-08 17:30:09.1",44820,0.02026558,0.05737305,0.001256943,25.45531
"2025-04-08 17:30:09.15",44821,0.01750374,0.05482101,-0.001018524,25.44798
"2025-04-08 17:30:09.2",44822,0.01941299,0.05545807,-0.0006027222,25.44853
"2025-04-08 17:30:09.25",44823,0.0178051,0.05563545,-0.001073837,25.41739
"2025-04-08 17:30:09.3",44824,0.01693344,0.05295372,-0.001224518,25.4221
"2025-04-08 17:30:09.35",44825,0.01663208,0.05371857,-0.001764297,25.42579
"2025-04-08 17:30:09.4",44826,0.01707077,0.05286598,-0.001726151,25.41685
"2025-04-08 17:30:09.45",44827,0.01924515,0.05228043,-0.001552582,25.41165
"2025-04-08 17:30:09.5",44828,0.01798058,0.05598831,-0.0009498596,25.41525
"2025-04-08 17:30:09.55",44829,0.01787758,0.05353546,-0.0027771,25.41643
"2025-04-08 17:30:09.6",44830,0.01736641,0.0533905,-0.000202179,25.44682
"2025-04-08 17:30:09.65",44831,0.01755905,0.05290794,-0.0006446838,25.42316
"2025-04-08 17:30:09.7",44832,0.01775932,0.05542374,-0.002849579,25.4152
"2025-04-08 17:30:09.75",44833,0.01940536,0.05306053,-0.002189636,25.41583
"2025-04-08 17:30:09.8",44834,0.01861763,0.05604935,-0.002130508,25.42458
"2025-04-08 17:30:09.85",44835,0.01946259,0.05584908,-0.002542496,25.42803
"2025-04-08 17:30:09.9",44836,0.01873779,0.053339,-0.002786636,25.42688
"2025-04-08 17:30:09.95",44837,0.02213669,0.05652428,-0.003112793,25.44655
"2025-04-08 17:30:10",44838,0.01976967,0.05856705,-0.002962112,25.45322
"2025-04-08 17:30:10.05",44839,0.01935196,0.05591393,-0.005578995,25.45419
"2025-04-08 17:30:10.1",44840,0.02207756,0.05588722,-0.005874634,25.46177
"2025-04-08 17:30:10.15",44841,0.01911163,0.05897331,-0.005578995,25.48596
"2025-04-08 17:30:10.2",44842,0.02239037,0.05626678,-0.006511688,25.48685
"2025-04-08 17:30:10.25",44843,0.02171707,0.05919266,-0.005548477,25.45421
"2025-04-08 17:30:10.3",44844,0.021595,0.05966568,-0.009002686,25.49628
"2025-04-08 17:30:10.35",44845,0.02210426,0.05994606,-0.008323669,25.43284
"2025-04-08 17:30:10.4",44846,0.02474022,0.05990028,-0.006149292,25.46183
"2025-04-08 17:30:10.45",44847,0.02511024,0.06230736,-0.00879097,25.45833
"2025-04-08 17:30:10.5",44848,0.02443695,0.0606823,-0.009283066,25.46635
"2025-04-08 17:30:10.55",44849,0.02441025,0.06127739,-0.009708405,25.47735
"2025-04-08 17:30:10.6",44850,0.0223217,0.06018257,-0.009183884,25.47422
"2025-04-08 17:30:10.65",44851,0.02497864,0.06018829,-0.00941658,25.47548
"2025-04-08 17:30:10.7",44852,0.02441025,0.06056786,-0.01177979,25.50662
"2025-04-08 17:30:10.75",44853,0.02455711,0.06038094,-0.008666992,25.50683
"2025-04-08 17:30:10.8",44854,0.02354622,0.05970764,-0.008443832,25.50587
"2025-04-08 17:30:10.85",44855,0.02352333,0.05986404,-0.008874893,25.48167
"2025-04-08 17:30:10.9",44856,0.02402496,0.05887604,-0.008466721,25.50561
"2025-04-08 17:30:10.95",44857,0.02488899,0.05923843,-0.007808685,25.51917
"2025-04-08 17:30:11",44858,0.02469635,0.05891991,-0.008672714,25.48349
"2025-04-08 17:30:11.05",44859,0.02558708,0.05607796,-0.01110458,25.50545
"2025-04-08 17:30:11.1",44860,0.02496147,0.05493546,-0.01142311,25.50742
"2025-04-08 17:30:11.15",44861,0.02576637,0.05491066,-0.00850296,25.52565
"2025-04-08 17:30:11.2",44862,0.02530861,0.05482483,-0.007902145,25.51031
"2025-04-08 17:30:11.25",44863,0.02619934,0.05483246,-0.01054001,25.48825
"2025-04-08 17:30:11.3",44864,0.02850914,0.05763435,-0.01131439,25.48636
"2025-04-08 17:30:11.35",44865,0.025774,0.05510902,-0.01130295,25.52518
"2025-04-08 17:30:11.4",44866,0.02485275,0.05554199,-0.008312225,25.52377
"2025-04-08 17:30:11.45",44867,0.02766037,0.05801582,-0.008960724,25.51007
"2025-04-08 17:30:11.5",44868,0.02523804,0.05532837,-0.01177788,25.50952
"2025-04-08 17:30:11.55",44869,0.02449036,0.05554962,-0.01628494,25.51139
"2025-04-08 17:30:11.6",44870,0.02428246,0.05512619,-0.01015282,25.48589
"2025-04-08 17:30:11.65",44871,0.02422142,0.05344582,-0.01039314,25.50777
"2025-04-08 17:30:11.7",44872,0.02113914,0.05288887,-0.004291534,25.50995
"2025-04-08 17:30:11.75",44873,0.02313805,0.05550575,-0.001018524,25.52429
"2025-04-08 17:30:11.8",44874,0.02292633,0.05562973,-0.001493454,25.4771
"2025-04-08 17:30:11.85",44875,0.020401,0.05547333,-0.004772186,25.55146
"2025-04-08 17:30:11.9",44876,0.02012825,0.05613708,-5.722046E-05,25.55215
"2025-04-08 17:30:11.95",44877,0.0210247,0.05570602,-0.004211426,25.50801
"2025-04-08 17:30:12",44878,0.02125359,0.05308914,-0.002599716,25.5369
"2025-04-08 17:30:12.05",44879,0.02145195,0.05274391,0.004554749,25.50685
"2025-04-08 17:30:12.1",44880,0.02109337,0.05240059,0.007766724,25.53844
"2025-04-08 17:30:12.15",44881,0.0210495,0.05299187,0.007152557,25.50817
"2025-04-08 17:30:12.2",44882,0.02176857,0.05549049,0.007171631,25.51803
"2025-04-08 17:30:12.25",44883,0.02130699,0.05377579,0.00686264,25.50289
"2025-04-08 17:30:12.3",44884,0.02142906,0.0532608,0.009292603,25.50381
"2025-04-08 17:30:12.35",44885,0.0212822,0.05379868,0.008611679,25.50412
"2025-04-08 17:30:12.4",44886,0.02206421,0.05649376,0.01160431,25.54602
"2025-04-08 17:30:12.45",44887,0.02194023,0.05681801,0.008180618,25.51762
"2025-04-08 17:30:12.5",44888,0.02177048,0.05679512,0.01272583,25.51808
"2025-04-08 17:30:12.55",44889,0.02235985,0.05865669,0.01296043,25.51772
"2025-04-08 17:30:12.6",44890,0.0217514,0.05569267,0.01072884,25.53165
"2025-04-08 17:30:12.65",44891,0.02190208,0.05807114,0.009756088,25.5311
"2025-04-08 17:30:12.7",44892,0.02169609,0.05607033,0.01397896,25.5162
"2025-04-08 17:30:12.75",44893,0.02184677,0.05481339,0.01464081,25.52322
"2025-04-08 17:30:12.8",44894,0.02172279,0.05588531,0.01473808,25.54198
"2025-04-08 17:30:12.85",44895,0.02184296,0.05534554,0.01327896,25.54591
"2025-04-08 17:30:12.9",44896,0.02183723,0.05498695,0.01618767,25.52531
"2025-04-08 17:30:12.95",44897,0.02166367,0.05459213,0.01346779,25.52859
"2025-04-08 17:30:13",44898,0.02386475,0.05398369,0.01012421,25.54675
"2025-04-08 17:30:13.05",44899,0.02205849,0.05456161,0.01408958,25.54863
"2025-04-08 17:30:13.1",44900,0.02053833,0.05757904,0.01350212,25.54659
"2025-04-08 17:30:13.15",44901,0.02412415,0.05459785,0.01469994,25.56371
"2025-04-08 17:30:13.2",44902,0.02443123,0.05364227,0.01325607,25.549
"2025-04-08 17:30:13.25",44903,0.02440453,0.05382729,0.01068878,25.55156
"2025-04-08 17:30:13.3",44904,0.02500725,0.05417061,0.01297188,25.53636
"2025-04-08 17:30:13.35",44905,0.02497482,0.05216789,0.009695053,25.5507
"2025-04-08 17:30:13.4",44906,0.02603722,0.05255318,0.01171494,25.55113
"2025-04-08 17:30:13.45",44907,0.02706909,0.05350113,0.009553909,25.55103
"2025-04-08 17:30:13.5",44908,0.02518272,0.05368996,0.0113678,25.56447
"2025-04-08 17:30:13.55",44909,0.02524376,0.05390549,0.0127449,25.56283
"2025-04-08 17:30:13.6",44910,0.02529907,0.05350113,0.01296616,25.54919
"2025-04-08 17:30:13.65",44911,0.0218792,0.05460358,0.01473045,25.54898
"2025-04-08 17:30:13.7",44912,0.02191353,0.05568695,0.01526642,25.53125
"2025-04-08 17:30:13.75",44913,0.02151108,0.05669022,0.01453018,25.54955
"2025-04-08 17:30:13.8",44914,0.02488518,0.06291771,0.008939743,25.55051
"2025-04-08 17:30:13.85",44915,0.02339935,0.06877518,0.01177216,25.5351
"2025-04-08 17:30:13.9",44916,0.02094269,0.07220459,0.01492119,25.54889
"2025-04-08 17:30:13.95",44917,0.02352333,0.07200813,0.01211929,25.53343
"2025-04-08 17:30:14",44918,0.02272987,0.07079124,0.006952286,25.53397
"2025-04-08 17:30:14.05",44919,0.02589035,0.07089424,0.007661819,25.53349
"2025-04-08 17:30:14.1",44920,0.02560997,0.07339668,0.005914688,25.53306
"2025-04-08 17:30:14.15",44921,0.02359009,0.07031631,0.007873535,25.54523
"2025-04-08 17:30:14.2",44922,0.02631569,0.07060814,0.009536743,25.52434
"2025-04-08 17:30:14.25",44923,0.02443123,0.07092667,0.01011848,25.52421
"2025-04-08 17:30:14.3",44924,0.02648735,0.07088661,0.008811951,25.5239
"2025-04-08 17:30:14.35",44925,0.027565,0.07352448,0.01006317,25.521
"2025-04-08 17:30:14.4",44926,0.02712059,0.07076454,0.007577896,25.5203
"2025-04-08 17:30:14.45",44927,0.0275898,0.07175827,0.004241943,25.52034
"2025-04-08 17:30:14.5",44928,0.02767754,0.06903839,0.00806427,25.53238
"2025-04-08 17:30:14.55",44929,0.02812576,0.07231522,0.01046562,25.518
"2025-04-08 17:30:14.6",44930,0.02707291,0.07194901,0.009321213,25.51736
"2025-04-08 17:30:14.65",44931,0.02734184,0.07132339,0.01063156,25.51604
"2025-04-08 17:30:14.7",44932,0.02765465,0.07716942,0.005046844,25.51881
"2025-04-08 17:30:14.75",44933,0.02685547,0.07965469,0.005619049,25.51994
"2025-04-08 17:30:14.8",44934,0.02990532,0.07835007,0.009586334,25.52164
"2025-04-08 17:30:14.85",44935,0.02912521,0.07837677,0.01051521,25.52103
"2025-04-08 17:30:14.9",44936,0.02934647,0.07888985,0.0103302,25.52079
"2025-04-08 17:30:14.95",44937,0.02649307,0.079319,0.01324463,25.51855
"2025-04-08 17:30:15",44938,0.02646637,0.07824898,0.01724625,25.5209
"2025-04-08 17:30:15.05",44939,0.02659416,0.07617569,0.0165596,25.53358
"2025-04-08 17:30:15.1",44940,0.02684975,0.07547951,0.01903152,25.52144
"2025-04-08 17:30:15.15",44941,0.02931786,0.07570076,0.01736069,25.49063
"2025-04-08 17:30:15.2",44942,0.02957726,0.07584,0.01640892,25.52123
"2025-04-08 17:30:15.25",44943,0.02602005,0.0799675,0.02083588,25.52303
"2025-04-08 17:30:15.3",44944,0.02932358,0.07557869,0.02098846,25.52161
"2025-04-08 17:30:15.35",44945,0.02973366,0.07595253,0.02259445,25.52169
"2025-04-08 17:30:15.4",44946,0.02748871,0.07658958,0.02267456,25.52177
"2025-04-08 17:30:15.45",44947,0.03013992,0.07668304,0.02251625,25.52467
"2025-04-08 17:30:15.5",44948,0.03018951,0.07574463,0.01804924,25.49802
"2025-04-08 17:30:15.55",44949,0.02314758,0.07603836,0.01975632,25.52422
"2025-04-08 17:30:15.6",44950,0.02353859,0.07324982,0.01981354,25.53115
"2025-04-08 17:30:15.65",44951,0.02425385,0.07592392,0.01928329,25.50312
"2025-04-08 17:30:15.7",44952,0.03718758,0.07356644,0.01623917,25.51561
"2025-04-08 17:30:15.75",44953,0.03960037,0.07594872,0.01880836,25.54851
"2025-04-08 17:30:15.8",44954,0.05029488,0.07564163,0.01621628,25.55322
"2025-04-08 17:30:15.85",44955,0.05360222,0.0750103,0.02011681,25.52944
"2025-04-08 17:30:15.9",44956,0.05406761,0.07350731,0.0134182,25.52939
"2025-04-08 17:30:15.95",44957,0.05360794,0.0715847,0.01219749,25.51875
"2025-04-08 17:30:16",44958,0.05359268,0.07425499,0.01364136,25.5292
"2025-04-08 17:30:16.05",44959,0.05705833,0.07207298,0.01109123,25.52571
"2025-04-08 17:30:16.1",44960,0.0624218,0.07114983,0.01439667,25.54819
"2025-04-08 17:30:16.15",44961,0.06349182,0.07217026,0.0156765,25.52667
"2025-04-08 17:30:16.2",44962,0.06303406,0.07141685,0.0175705,25.52585
"2025-04-08 17:30:16.25",44963,0.06563377,0.07273483,0.01688194,25.54563
"2025-04-08 17:30:16.3",44964,0.06165504,0.07961655,0.01390457,25.48911
"2025-04-08 17:30:16.35",44965,0.06056595,0.07631111,0.009321213,25.51702
"2025-04-08 17:30:16.4",44966,0.06007004,0.0824604,0.01021385,25.51397
"2025-04-08 17:30:16.45",44967,0.06624794,0.08593941,0.01402092,25.51291
"2025-04-08 17:30:16.5",44968,0.06151009,0.08938026,0.01683617,25.53677
"2025-04-08 17:30:16.55",44969,0.06583977,0.08631325,0.0124855,25.50736
"2025-04-08 17:30:16.6",44970,0.06750679,0.08578682,0.01206589,25.51537
"2025-04-08 17:30:16.65",44971,0.06517982,0.08705139,0.01359177,25.51447
"2025-04-08 17:30:16.7",44972,0.06790543,0.08708763,0.01520157,25.53638
"2025-04-08 17:30:16.75",44973,0.06617928,0.08646393,0.01762581,25.53493
"2025-04-08 17:30:16.8",44974,0.06800461,0.08568764,0.02270699,25.53371
"2025-04-08 17:30:16.85",44975,0.06766891,0.08544731,0.02412605,25.53538
"2025-04-08 17:30:16.9",44976,0.06596565,0.08467674,0.02695274,25.50511
"2025-04-08 17:30:16.95",44977,0.06310272,0.08550835,0.02840996,25.5351
"2025-04-08 17:30:17",44978,0.06960297,0.08613777,0.02259636,25.55099
"2025-04-08 17:30:17.05",44979,0.07027817,0.08592796,0.02281761,25.53152
"2025-04-08 17:30:17.1",44980,0.06875229,0.08794403,0.02536964,25.54947
"2025-04-08 17:30:17.15",44981,0.06725121,0.08527374,0.02622604,25.54991
"2025-04-08 17:30:17.2",44982,0.06955147,0.08539772,0.02845955,25.53954
"2025-04-08 17:30:17.25",44983,0.07028961,0.08444595,0.02820396,25.54945
"2025-04-08 17:30:17.3",44984,0.06859589,0.08368683,0.02299118,25.5614
"2025-04-08 17:30:17.35",44985,0.06540298,0.07777214,0.02270699,25.56469
"2025-04-08 17:30:17.4",44986,0.06329727,0.08085442,0.02434349,25.58243
"2025-04-08 17:30:17.45",44987,0.06724167,0.08018494,0.02680206,25.58349
"2025-04-08 17:30:17.5",44988,0.06715012,0.08206367,0.02837563,25.56956
"2025-04-08 17:30:17.55",44989,0.06860924,0.08272171,0.0279789,25.56931
"2025-04-08 17:30:17.6",44990,0.06624794,0.08247757,0.0252533,25.58469
"2025-04-08 17:30:17.65",44991,0.06945229,0.08303261,0.02411842,25.58302
"2025-04-08 17:30:17.7",44992,0.07793617,0.08176231,0.02064133,25.59049
"2025-04-08 17:30:17.75",44993,0.08515739,0.08446312,0.01942253,25.54067
"2025-04-08 17:30:17.8",44994,0.08769226,0.08552551,0.01411247,25.5414
"2025-04-08 17:30:17.85",44995,0.08514404,0.08604622,0.01905441,25.5405
"2025-04-08 17:30:17.9",44996,0.08503532,0.08312798,0.02045631,25.53899
"2025-04-08 17:30:17.95",44997,0.08872032,0.08492088,0.01729012,25.55942
"2025-04-08 17:30:18",44998,0.09009933,0.08550453,0.01712608,25.55669
"2025-04-08 17:30:18.05",44999,0.09409714,0.08230209,0.0169754,25.57113
"2025-04-08 17:30:18.1",45000,0.08880234,0.09012794,0.01831055,25.55061
"2025-04-08 17:30:18.15",45001,0.08861732,0.09469032,0.02145195,25.54906
"2025-04-08 17:30:18.2",45002,0.09058952,0.09662247,0.0207634,25.54766
"2025-04-08 17:30:18.25",45003,0.091362,0.09828186,0.01866722,25.52526
"2025-04-08 17:30:18.3",45004,0.09085846,0.09823799,0.0164566,25.54741
"2025-04-08 17:30:18.35",45005,0.08773041,0.0953598,0.01553726,25.56218
"2025-04-08 17:30:18.4",45006,0.0911808,0.09633636,0.01711464,25.54687
"2025-04-08 17:30:18.45",45007,0.09242249,0.09245682,0.01884079,25.54799
"2025-04-08 17:30:18.5",45008,0.09472466,0.09696388,0.02121735,25.56071
"2025-04-08 17:30:18.55",45009,0.09547806,0.09658813,0.02246094,25.56358
"2025-04-08 17:30:18.6",45010,0.09674454,0.09671593,0.02347374,25.54596
"2025-04-08 17:30:18.65",45011,0.0909214,0.09332275,0.02256203,25.56007
"2025-04-08 17:30:18.7",45012,0.09202576,0.09388733,0.02204895,25.56203
"2025-04-08 17:30:18.75",45013,0.08999443,0.09671211,0.02701378,25.55811
"2025-04-08 17:30:18.8",45014,0.08765411,0.09610748,0.03764534,25.55764
"2025-04-08 17:30:18.85",45015,0.08889961,0.09633636,0.03801537,25.57095
"2025-04-08 17:30:18.9",45016,0.09141159,0.09557915,0.03613281,25.54419
"2025-04-08 17:30:18.95",45017,0.08771896,0.09410286,0.03369713,25.5904
"2025-04-08 17:30:19",45018,0.08651924,0.091959,0.03426361,25.54372
"2025-04-08 17:30:19.05",45019,0.0852108,0.0946579,0.03961372,25.55762
"2025-04-08 17:30:19.1",45020,0.08486176,0.09411049,0.04153442,25.57378
"2025-04-08 17:30:19.15",45021,0.08439827,0.09397507,0.03964043,25.56057
"2025-04-08 17:30:19.2",45022,0.08382607,0.09161949,0.04206467,25.58868
"2025-04-08 17:30:19.25",45023,0.08596802,0.09246635,0.04091835,25.58977
"2025-04-08 17:30:19.3",45024,0.08511734,0.09253311,0.0422554,25.54555
"2025-04-08 17:30:19.35",45025,0.08514595,0.09189796,0.03950119,25.57935
"2025-04-08 17:30:19.4",45026,0.0828495,0.09236526,0.03933144,25.59872
"2025-04-08 17:30:19.45",45027,0.08119202,0.09586716,0.03879738,25.57546
"2025-04-08 17:30:19.5",45028,0.08533669,0.09708977,0.04166031,25.59422
"2025-04-08 17:30:19.55",45029,0.08089447,0.09378433,0.04025269,25.60194
"2025-04-08 17:30:19.6",45030,0.0793972,0.09532738,0.03936005,25.58759
"2025-04-08 17:30:19.65",45031,0.08129883,0.09909058,0.04068565,25.60465
"2025-04-08 17:30:19.7",45032,0.08292961,0.09652328,0.04271889,25.6099
"2025-04-08 17:30:19.75",45033,0.08309555,0.0962925,0.04241943,25.59624
"2025-04-08 17:30:19.8",45034,0.08283806,0.0994873,0.04342079,25.59454
"2025-04-08 17:30:19.85",45035,0.08022118,0.09827995,0.04315948,25.61108
"2025-04-08 17:30:19.9",45036,0.07854271,0.1002674,0.03580475,25.59578
"2025-04-08 17:30:19.95",45037,0.07880783,0.103426,0.03816032,25.59538
"2025-04-08 17:30:20",45038,0.07572556,0.1010246,0.04329109,25.62347
"2025-04-08 17:30:20.05",45039,0.07660103,0.1032219,0.04042625,25.60921
"2025-04-08 17:30:20.1",45040,0.07553482,0.1040096,0.04010201,25.59515
"2025-04-08 17:30:20.15",45041,0.076828,0.1044254,0.04227448,25.59406
"2025-04-08 17:30:20.2",45042,0.07818794,0.1043072,0.04320717,25.60846
"2025-04-08 17:30:20.25",45043,0.07959366,0.1045361,0.04174995,25.64317
"2025-04-08 17:30:20.3",45044,0.07787514,0.1038933,0.03948402,25.62466
"2025-04-08 17:30:20.35",45045,0.07679749,0.1038437,0.03744698,25.60725
"2025-04-08 17:30:20.4",45046,0.07632637,0.1053352,0.03403282,25.64467
"2025-04-08 17:30:20.45",45047,0.07673073,0.1055794,0.0304184,25.59061
"2025-04-08 17:30:20.5",45048,0.07828331,0.1053886,0.03281975,25.60617
"2025-04-08 17:30:20.55",45049,0.08441544,0.1052608,0.03076172,25.59084
"2025-04-08 17:30:20.6",45050,0.08829689,0.1040497,0.02630806,25.60536
"2025-04-08 17:30:20.65",45051,0.08965302,0.1068096,0.02966499,25.60474
"2025-04-08 17:30:20.7",45052,0.09031296,0.1071663,0.02625465,25.60435
"2025-04-08 17:30:20.75",45053,0.09117126,0.1067581,0.02290726,25.58904
"2025-04-08 17:30:20.8",45054,0.0922699,0.1104107,0.02556229,25.60248
"2025-04-08 17:30:20.85",45055,0.09718132,0.1106186,0.02632713,25.58623
"2025-04-08 17:30:20.9",45056,0.09811783,0.1070442,0.02985382,25.60144
"2025-04-08 17:30:20.95",45057,0.09659004,0.106926,0.02888489,25.60332
"2025-04-08 17:30:21",45058,0.09571266,0.1063004,0.02483559,25.60032
"2025-04-08 17:30:21.05",45059,0.0943718,0.1047153,0.02352142,25.59637
"2025-04-08 17:30:21.1",45060,0.09199905,0.1059837,0.026371,25.59339
"2025-04-08 17:30:21.15",45061,0.08992577,0.1049118,0.02617073,25.59197
"2025-04-08 17:30:21.2",45062,0.09525299,0.1097965,0.02598381,25.58919
"2025-04-08 17:30:21.25",45063,0.09251595,0.1106682,0.02919769,25.58734
"2025-04-08 17:30:21.3",45064,0.09542847,0.1152096,0.02761078,25.58459
"2025-04-08 17:30:21.35",45065,0.09579086,0.1149197,0.03025055,25.56765
"2025-04-08 17:30:21.4",45066,0.0933094,0.1124649,0.03071022,25.58257
"2025-04-08 17:30:21.45",45067,0.09230042,0.1141872,0.02970886,25.59791
"2025-04-08 17:30:21.5",45068,0.09101677,0.1126022,0.02708626,25.58324
"2025-04-08 17:30:21.55",45069,0.09372902,0.1112938,0.02602959,25.58558
"2025-04-08 17:30:21.6",45070,0.09339333,0.1095676,0.02979279,25.59916
"2025-04-08 17:30:21.65",45071,0.09160233,0.1086617,0.03061676,25.59716
"2025-04-08 17:30:21.7",45072,0.09154129,0.1087017,0.03669167,25.64021
"2025-04-08 17:30:21.75",45073,0.08960342,0.1084938,0.03702545,25.64014
"2025-04-08 17:30:21.8",45074,0.09350014,0.1081924,0.04362869,25.64565
"2025-04-08 17:30:21.85",45075,0.0877533,0.1040611,0.04114914,25.64871
"2025-04-08 17:30:21.9",45076,0.08387184,0.1043453,0.04569817,25.63731
"2025-04-08 17:30:21.95",45077,0.08481026,0.1046124,0.04795456,25.63995
"2025-04-08 17:30:22",45078,0.08204651,0.1047859,0.04963112,25.6706
"2025-04-08 17:30:22.05",45079,0.08825684,0.1062737,0.04750824,25.6459
"2025-04-08 17:30:22.1",45080,0.08668518,0.1030121,0.0440197,25.64494
"2025-04-08 17:30:22.15",45081,0.08540726,0.1032505,0.04371071,25.66854
"2025-04-08 17:30:22.2",45082,0.08460808,0.1028061,0.04888916,25.67231
"2025-04-08 17:30:22.25",45083,0.08460808,0.1020851,0.04756546,25.67559
"2025-04-08 17:30:22.3",45084,0.08428955,0.1021328,0.04758072,25.65642
"2025-04-08 17:30:22.35",45085,0.08398819,0.1004581,0.04725647,25.68719
"2025-04-08 17:30:22.4",45086,0.08402824,0.1011791,0.04757118,25.70398
"2025-04-08 17:30:22.45",45087,0.08454895,0.1010456,0.04625702,25.70469
"2025-04-08 17:30:22.5",45088,0.08399963,0.1000347,0.04955482,25.70808
"2025-04-08 17:30:22.55",45089,0.08295631,0.09698105,0.04438782,25.7289
"2025-04-08 17:30:22.6",45090,0.07871628,0.09818077,0.04149246,25.68574
"2025-04-08 17:30:22.65",45091,0.07948685,0.09815788,0.0425396,25.70753
"2025-04-08 17:30:22.7",45092,0.08170128,0.0937748,0.04445839,25.67595
"2025-04-08 17:30:22.75",45093,0.08688164,0.09783936,0.04670525,25.70544
"2025-04-08 17:30:22.8",45094,0.08474731,0.09764862,0.04384613,25.70206
"2025-04-08 17:30:22.85",45095,0.08714867,0.09874535,0.04463196,25.68079
"2025-04-08 17:30:22.9",45096,0.0854454,0.09869385,0.04019737,25.67351
"2025-04-08 17:30:22.95",45097,0.08605957,0.0985775,0.04054642,25.70252
"2025-04-08 17:30:23",45098,0.08395195,0.09643745,0.04104233,25.64956
"2025-04-08 17:30:23.05",45099,0.07945824,0.09918976,0.04243279,25.70264
"2025-04-08 17:30:23.1",45100,0.08194351,0.09661674,0.04282761,25.69878
"2025-04-08 17:30:23.15",45101,0.08838463,0.09613609,0.04010391,25.69736
"2025-04-08 17:30:23.2",45102,0.08938599,0.0981636,0.03944588,25.67461
"2025-04-08 17:30:23.25",45103,0.08925056,0.09803009,0.038908,25.67583
"2025-04-08 17:30:23.3",45104,0.09246635,0.09721375,0.03937149,25.69784
"2025-04-08 17:30:23.35",45105,0.09406471,0.09736443,0.03768539,25.67435
"2025-04-08 17:30:23.4",45106,0.09445,0.09720421,0.03503227,25.67522
"2025-04-08 17:30:23.45",45107,0.09445572,0.09674644,0.03618813,25.64587
"2025-04-08 17:30:23.5",45108,0.09898567,0.09776878,0.03747177,25.66576
"2025-04-08 17:30:23.55",45109,0.1011467,0.0978508,0.0400486,25.64542
"2025-04-08 17:30:23.6",45110,0.1007309,0.0976181,0.03603935,25.67392
"2025-04-08 17:30:23.65",45111,0.09784698,0.097332,0.03345299,25.64323
"2025-04-08 17:30:23.7",45112,0.09595108,0.09696198,0.03212166,25.67249
"2025-04-08 17:30:23.75",45113,0.0961647,0.0968132,0.03154373,25.69442
"2025-04-08 17:30:23.8",45114,0.09355736,0.0958519,0.02994347,25.67196
"2025-04-08 17:30:23.85",45115,0.09334946,0.09623718,0.0314579,25.67067
"2025-04-08 17:30:23.9",45116,0.0968132,0.1014977,0.03461266,25.6666
"2025-04-08 17:30:23.95",45117,0.09286308,0.1033134,0.03229713,25.63449
"2025-04-08 17:30:24",45118,0.09677696,0.1055088,0.03162193,25.65606
"2025-04-08 17:30:24.05",45119,0.09466934,0.1121273,0.02655983,25.6821
"2025-04-08 17:30:24.1",45120,0.09088135,0.1162033,0.02868271,25.65077
"2025-04-08 17:30:24.15",45121,0.0912323,0.1172695,0.02870941,25.60741
"2025-04-08 17:30:24.2",45122,0.08831596,0.116972,0.02899551,25.68085
"2025-04-08 17:30:24.25",45123,0.08991432,0.1162148,0.02550507,25.65338
"2025-04-08 17:30:24.3",45124,0.09047508,0.11623,0.02733231,25.68197
"2025-04-08 17:30:24.35",45125,0.08868217,0.1156387,0.03177071,25.65864
"2025-04-08 17:30:24.4",45126,0.09012032,0.1183701,0.03348541,25.64876
"2025-04-08 17:30:24.45",45127,0.08998299,0.1178665,0.0327301,25.67828
"2025-04-08 17:30:24.5",45128,0.08633423,0.1197872,0.03299332,25.62499
"2025-04-08 17:30:24.55",45129,0.07988358,0.1167622,0.03497505,25.65524
"2025-04-08 17:30:24.6",45130,0.08278275,0.1176224,0.03744698,25.65343
"2025-04-08 17:30:24.65",45131,0.08350945,0.1197662,0.0398922,25.62549
"2025-04-08 17:30:24.7",45132,0.08434105,0.1199455,0.04185677,25.62431
"2025-04-08 17:30:24.75",45133,0.08496094,0.1196651,0.0397644,25.62711
"2025-04-08 17:30:24.8",45134,0.08346367,0.1185989,0.03570366,25.60226
"2025-04-08 17:30:24.85",45135,0.08309174,0.1217022,0.03590965,25.62295
"2025-04-08 17:30:24.9",45136,0.08081245,0.1210823,0.03831673,25.58636
"2025-04-08 17:30:24.95",45137,0.07795715,0.1185474,0.03922272,25.64746
"2025-04-08 17:30:25",45138,0.08100319,0.1205044,0.03879547,25.62592
"2025-04-08 17:30:25.05",45139,0.08150482,0.1172695,0.04099846,25.60417
"2025-04-08 17:30:25.1",45140,0.07923698,0.1175365,0.04039574,25.60511
"2025-04-08 17:30:25.15",45141,0.08123589,0.1148357,0.04026604,25.60439
"2025-04-08 17:30:25.2",45142,0.07939339,0.1123161,0.04020882,25.62643
"2025-04-08 17:30:25.25",45143,0.07825851,0.1120682,0.03940392,25.607
"2025-04-08 17:30:25.3",45144,0.07858276,0.1109257,0.03875732,25.6064
"2025-04-08 17:30:25.35",45145,0.0763588,0.1104736,0.04120827,25.60597
"2025-04-08 17:30:25.4",45146,0.07559395,0.1100693,0.04176331,25.60508
"2025-04-08 17:30:25.45",45147,0.07633972,0.1093273,0.04401207,25.6285
"2025-04-08 17:30:25.5",45148,0.07302666,0.108736,0.04338646,25.65675
"2025-04-08 17:30:25.55",45149,0.07537079,0.1104279,0.03853035,25.62532
"2025-04-08 17:30:25.6",45150,0.08204651,0.1095676,0.03520012,25.62418
"2025-04-08 17:30:25.65",45151,0.0818615,0.1107559,0.03489113,25.60151
"2025-04-08 17:30:25.7",45152,0.07999039,0.1076527,0.03582954,25.62291
"2025-04-08 17:30:25.75",45153,0.0806675,0.1099072,0.03677559,25.65215
"2025-04-08 17:30:25.8",45154,0.07931328,0.1108799,0.039505,25.60044
"2025-04-08 17:30:25.85",45155,0.08043671,0.1109581,0.03645515,25.62324
"2025-04-08 17:30:25.9",45156,0.08158684,0.1098022,0.04128838,25.60105
"2025-04-08 17:30:25.95",45157,0.08684921,0.1078758,0.03551865,25.60281
"2025-04-08 17:30:26",45158,0.09162331,0.1062737,0.03261566,25.64948
"2025-04-08 17:30:26.05",45159,0.09506989,0.1028004,0.03631783,25.64915
"2025-04-08 17:30:26.1",45160,0.09720421,0.1033077,0.03684235,25.61842
"2025-04-08 17:30:26.15",45161,0.1013012,0.1013145,0.03672409,25.61552
"2025-04-08 17:30:26.2",45162,0.09917068,0.1015472,0.03477669,25.64027
"2025-04-08 17:30:26.25",45163,0.09501839,0.09825134,0.03640747,25.63615
"2025-04-08 17:30:26.3",45164,0.09918976,0.09767914,0.03673172,25.5846
"2025-04-08 17:30:26.35",45165,0.1003208,0.0978241,0.03398132,25.63367
"2025-04-08 17:30:26.4",45166,0.09750938,0.09874535,0.03957367,25.65482
"2025-04-08 17:30:26.45",45167,0.0990448,0.1003304,0.03543282,25.60442
"2025-04-08 17:30:26.5",45168,0.09899712,0.1073627,0.03134155,25.60822
"2025-04-08 17:30:26.55",45169,0.09929276,0.1080818,0.03264236,25.65967
"2025-04-08 17:30:26.6",45170,0.1004181,0.1124096,0.039505,25.64422
"2025-04-08 17:30:26.65",45171,0.1002903,0.1102085,0.03618813,25.63798
"2025-04-08 17:30:26.7",45172,0.09996223,0.1110477,0.03519058,25.6321
"2025-04-08 17:30:26.75",45173,0.1028328,0.1107407,0.03941154,25.65998
"2025-04-08 17:30:26.8",45174,0.09711456,0.1105461,0.03582001,25.63625
"2025-04-08 17:30:26.85",45175,0.09599686,0.1109905,0.0364399,25.60643
"2025-04-08 17:30:26.9",45176,0.09611893,0.110239,0.03553009,25.63581
"2025-04-08 17:30:26.95",45177,0.09479141,0.1087799,0.03349113,25.63556
"2025-04-08 17:30:27",45178,0.0949192,0.1093502,0.03393936,25.60521
"2025-04-08 17:30:27.05",45179,0.09874535,0.1099987,0.03889656,25.61227
"2025-04-08 17:30:27.1",45180,0.09567833,0.1061878,0.03630066,25.63538
"2025-04-08 17:30:27.15",45181,0.09392357,0.1055794,0.03633881,25.65817
"2025-04-08 17:30:27.2",45182,0.09472466,0.1050758,0.03959465,25.58534
"2025-04-08 17:30:27.25",45183,0.09221458,0.1045914,0.03892517,25.66054
"2025-04-08 17:30:27.3",45184,0.09075165,0.101572,0.04003143,25.6283
"2025-04-08 17:30:27.35",45185,0.08965111,0.1004925,0.04341698,25.65823
"2025-04-08 17:30:27.4",45186,0.08448219,0.1005878,0.04441643,25.65609
"2025-04-08 17:30:27.45",45187,0.08836174,0.1008434,0.04351616,25.65478
"2025-04-08 17:30:27.5",45188,0.0845871,0.09876633,0.04365158,25.65483
"2025-04-08 17:30:27.55",45189,0.08444023,0.09770393,0.04314232,25.65631
"2025-04-08 17:30:27.6",45190,0.08306694,0.0984478,0.04302597,25.63229
"2025-04-08 17:30:27.65",45191,0.08282661,0.09892273,0.04033279,25.6552
"2025-04-08 17:30:27.7",45192,0.08021545,0.0996151,0.04237747,25.65263
"2025-04-08 17:30:27.75",45193,0.07966614,0.09612465,0.04457855,25.67538
"2025-04-08 17:30:27.8",45194,0.08242416,0.09525871,0.04638672,25.65205
"2025-04-08 17:30:27.85",45195,0.08006477,0.0955658,0.04557037,25.68703
"2025-04-08 17:30:27.9",45196,0.08310509,0.09411621,0.04591751,25.65188
"2025-04-08 17:30:27.95",45197,0.08479309,0.09500694,0.04866982,25.65174
"2025-04-08 17:30:28",45198,0.08410263,0.09460068,0.04728127,25.68895
"2025-04-08 17:30:28.05",45199,0.08205223,0.09286308,0.04291725,25.68717
"2025-04-08 17:30:28.1",45200,0.08029175,0.09270668,0.04488945,25.67318
"2025-04-08 17:30:28.15",45201,0.07860947,0.08921242,0.04578972,25.66932
"2025-04-08 17:30:28.2",45202,0.07938576,0.08791542,0.04449844,25.68468
"2025-04-08 17:30:28.25",45203,0.07764626,0.08669281,0.04589653,25.68353
"2025-04-08 17:30:28.3",45204,0.08129692,0.0857811,0.04482841,25.68434
"2025-04-08 17:30:28.35",45205,0.08366966,0.0848217,0.0455265,25.68153
"2025-04-08 17:30:28.4",45206,0.08080482,0.0835247,0.04454422,25.68423
"2025-04-08 17:30:28.45",45207,0.08250427,0.08332062,0.04427719,25.66855
"2025-04-08 17:30:28.5",45208,0.08403015,0.0836525,0.04317093,25.68127
"2025-04-08 17:30:28.55",45209,0.0800705,0.08126831,0.04444313,25.68283
"2025-04-08 17:30:28.6",45210,0.079319,0.08179855,0.04329681,25.68365
"2025-04-08 17:30:28.65",45211,0.07788658,0.0803318,0.04204178,25.68407
"2025-04-08 17:30:28.7",45212,0.07932663,0.08039665,0.03935051,25.66872
"2025-04-08 17:30:28.75",45213,0.07941628,0.08158875,0.03586388,25.68237
"2025-04-08 17:30:28.8",45214,0.07984924,0.08120728,0.03612137,25.69579
"2025-04-08 17:30:28.85",45215,0.09160614,0.07998085,0.04296684,25.68004
"2025-04-08 17:30:28.9",45216,0.09902191,0.0796051,0.04649353,25.70852
"2025-04-08 17:30:28.95",45217,0.09994698,0.07937241,0.03894234,25.66474
"2025-04-08 17:30:29",45218,0.09603119,0.08340454,0.04382706,25.67831
"2025-04-08 17:30:29.05",45219,0.09720802,0.0799675,0.04239845,25.66437
"2025-04-08 17:30:29.1",45220,0.09597588,0.07989502,0.04332733,25.67795
"2025-04-08 17:30:29.15",45221,0.09752083,0.08286858,0.04258919,25.70741
"2025-04-08 17:30:29.2",45222,0.09909058,0.08200073,0.04224777,25.69224
"2025-04-08 17:30:29.25",45223,0.09707451,0.08213043,0.03887939,25.63745
"2025-04-08 17:30:29.3",45224,0.09559631,0.08508301,0.04190063,25.70632
"2025-04-08 17:30:29.35",45225,0.09363365,0.08617973,0.04001999,25.68899
"2025-04-08 17:30:29.4",45226,0.09077454,0.08649063,0.04417992,25.68851
"2025-04-08 17:30:29.45",45227,0.0893116,0.08602333,0.04577255,25.70361
"2025-04-08 17:30:29.5",45228,0.08930016,0.08514023,0.04388046,25.68854
"2025-04-08 17:30:29.55",45229,0.08361626,0.08885384,0.03962708,25.68806
"2025-04-08 17:30:29.6",45230,0.08641243,0.08843613,0.03879738,25.69024
"2025-04-08 17:30:29.65",45231,0.08757973,0.08714867,0.04170227,25.69076
"2025-04-08 17:30:29.7",45232,0.1025314,0.08711815,0.04543114,25.70586
"2025-04-08 17:30:29.75",45233,0.09854507,0.08678818,0.04252815,25.70707
"2025-04-08 17:30:29.8",45234,0.1026592,0.08649063,0.03985405,25.70492
"2025-04-08 17:30:29.85",45235,0.1015987,0.08586121,0.04456139,25.69062
"2025-04-08 17:30:29.9",45236,0.09901428,0.08593369,0.04301453,25.70513
"2025-04-08 17:30:29.95",45237,0.0953083,0.0887146,0.0424881,25.68754
"2025-04-08 17:30:30",45238,0.1000633,0.08846664,0.04269028,25.72471
"2025-04-08 17:30:30.05",45239,0.09667206,0.08942413,0.04105186,25.73819
"2025-04-08 17:30:30.1",45240,0.09517097,0.0878582,0.04095078,25.72554
"2025-04-08 17:30:30.15",45241,0.0965786,0.08774376,0.0408287,25.70242
"2025-04-08 17:30:30.2",45242,0.09436417,0.09045219,0.04657173,25.72305
"2025-04-08 17:30:30.25",45243,0.08764648,0.08895302,0.04276085,25.67483
"2025-04-08 17:30:30.3",45244,0.08662605,0.08896637,0.04271317,25.70422
"2025-04-08 17:30:30.35",45245,0.0844593,0.08943939,0.04277992,25.69141
"2025-04-08 17:30:30.4",45246,0.08302498,0.09246635,0.04441071,25.7055
"2025-04-08 17:30:30.45",45247,0.08504486,0.09095764,0.0434227,25.70881
"2025-04-08 17:30:30.5",45248,0.08581161,0.09108925,0.04043961,25.73884
"2025-04-08 17:30:30.55",45249,0.08508492,0.08888817,0.04630661,25.72209
"2025-04-08 17:30:30.6",45250,0.08233643,0.08789444,0.04413605,25.73479
"2025-04-08 17:30:30.65",45251,0.08304024,0.08743477,0.04642677,25.74894
"2025-04-08 17:30:30.7",45252,0.08261681,0.08714867,0.04472351,25.80203
"2025-04-08 17:30:30.75",45253,0.08194542,0.08778572,0.04697227,25.73591
"2025-04-08 17:30:30.8",45254,0.08084679,0.0886364,0.04912186,25.74977
"2025-04-08 17:30:30.85",45255,0.07759857,0.08918381,0.04628181,25.69758
"2025-04-08 17:30:30.9",45256,0.07756615,0.08712196,0.04592896,25.72038
"2025-04-08 17:30:30.95",45257,0.07631493,0.08828354,0.0420475,25.71909
"2025-04-08 17:30:31",45258,0.07904053,0.08771324,0.04132843,25.6692
"2025-04-08 17:30:31.05",45259,0.07623672,0.0879612,0.04118538,25.68514
"2025-04-08 17:30:31.1",45260,0.0761261,0.0890789,0.03707695,25.69968
"2025-04-08 17:30:31.15",45261,0.07466125,0.08885193,0.03938866,25.68522
"2025-04-08 17:30:31.2",45262,0.07248878,0.08877373,0.04304504,25.6834
"2025-04-08 17:30:31.25",45263,0.07221794,0.08830643,0.04227066,25.73802
"2025-04-08 17:30:31.3",45264,0.07688713,0.09043884,0.03503418,25.66899
"2025-04-08 17:30:31.35",45265,0.07626534,0.09093285,0.03446198,25.65487
"2025-04-08 17:30:31.4",45266,0.07789803,0.08968544,0.03384781,25.66957
"2025-04-08 17:30:31.45",45267,0.0767231,0.08903313,0.03964043,25.6325
"2025-04-08 17:30:31.5",45268,0.07579231,0.08805466,0.03422737,25.6082
"2025-04-08 17:30:31.55",45269,0.07690811,0.08963013,0.03443909,25.62975
"2025-04-08 17:30:31.6",45270,0.07820511,0.08851433,0.03584671,25.60652
"2025-04-08 17:30:31.65",45271,0.07510567,0.09162903,0.0329895,25.63348
"2025-04-08 17:30:31.7",45272,0.07959366,0.0890274,0.03404808,25.66001
"2025-04-08 17:30:31.75",45273,0.08175659,0.08857536,0.03584099,25.65997
"2025-04-08 17:30:31.8",45274,0.07262802,0.08793831,0.03278351,25.62931
"2025-04-08 17:30:31.85",45275,0.07865143,0.09007835,0.02997398,25.64275
"2025-04-08 17:30:31.9",45276,0.07928848,0.08917809,0.03198242,25.59409
"2025-04-08 17:30:31.95",45277,0.0779686,0.08557701,0.02741432,25.60108
"2025-04-08 17:30:32",45278,0.07520294,0.08322906,0.02853203,25.56766
"2025-04-08 17:30:32.05",45279,0.07357979,0.0839119,0.02933502,25.60886
"2025-04-08 17:30:32.1",45280,0.07574463,0.08204651,0.03251266,25.58611
"2025-04-08 17:30:32.15",45281,0.07535934,0.08054352,0.02940941,25.53461
"2025-04-08 17:30:32.2",45282,0.07341576,0.0789299,0.03227234,25.5344
"2025-04-08 17:30:32.25",45283,0.07461929,0.08032608,0.03132439,25.5676
"2025-04-08 17:30:32.3",45284,0.07751656,0.08427238,0.02806854,25.56909
"2025-04-08 17:30:32.35",45285,0.07480621,0.08534813,0.02795792,25.54139
"2025-04-08 17:30:32.4",45286,0.07422638,0.08857536,0.02991104,25.59282
"2025-04-08 17:30:32.45",45287,0.0695858,0.09293747,0.02700043,25.5703
"2025-04-08 17:30:32.5",45288,0.06986427,0.09381866,0.02925873,25.57037
"2025-04-08 17:30:32.55",45289,0.06527328,0.09450531,0.02855301,25.56982
"2025-04-08 17:30:32.6",45290,0.06626892,0.09561729,0.02804565,25.56817
"2025-04-08 17:30:32.65",45291,0.07029152,0.09548187,0.02778435,25.56071
"2025-04-08 17:30:32.7",45292,0.06947517,0.09559059,0.03121376,25.59203
"2025-04-08 17:30:32.75",45293,0.07102203,0.09498978,0.0270195,25.56981
"2025-04-08 17:30:32.8",45294,0.07022285,0.09425926,0.02505112,25.57135
"2025-04-08 17:30:32.85",45295,0.06692696,0.09511566,0.02660561,25.53863
"2025-04-08 17:30:32.9",45296,0.06626129,0.0954113,0.02807426,25.56844
"2025-04-08 17:30:32.95",45297,0.06970787,0.09495354,0.03055954,25.54527
"2025-04-08 17:30:33",45298,0.06954193,0.09471703,0.02904129,25.53772
"2025-04-08 17:30:33.05",45299,0.07277679,0.09531975,0.02756119,25.56622
"2025-04-08 17:30:33.1",45300,0.07331848,0.09787178,0.02589417,25.5674
"2025-04-08 17:30:33.15",45301,0.07220078,0.09738731,0.03025627,25.56673
"2025-04-08 17:30:33.2",45302,0.0689373,0.09746933,0.03244591,25.56621
"2025-04-08 17:30:33.25",45303,0.06982231,0.09667397,0.0334034,25.5684
"2025-04-08 17:30:33.3",45304,0.06512451,0.09591675,0.03115273,25.5912
"2025-04-08 17:30:33.35",45305,0.06821823,0.09500694,0.02779007,25.56884
"2025-04-08 17:30:33.4",45306,0.06805611,0.09544563,0.03284836,25.56419
"2025-04-08 17:30:33.45",45307,0.06784821,0.09469414,0.02928162,25.59649
"2025-04-08 17:30:33.5",45308,0.06705475,0.09456062,0.0273304,25.59464
"2025-04-08 17:30:33.55",45309,0.0690403,0.09330368,0.02653694,25.57237
"2025-04-08 17:30:33.6",45310,0.06720543,0.09571075,0.02945328,25.61518
"2025-04-08 17:30:33.65",45311,0.06643105,0.09490776,0.03088379,25.56869
"2025-04-08 17:30:33.7",45312,0.06785965,0.09174538,0.03107452,25.58983
"2025-04-08 17:30:33.75",45313,0.06896019,0.09458542,0.03183365,25.58919
"2025-04-08 17:30:33.8",45314,0.07112694,0.09380722,0.03471565,25.58904
"2025-04-08 17:30:33.85",45315,0.06911659,0.09346008,0.03445053,25.58807
"2025-04-08 17:30:33.9",45316,0.07099342,0.09205246,0.03540802,25.56493
"2025-04-08 17:30:33.95",45317,0.06956863,0.09306526,0.0341568,25.56688
"2025-04-08 17:30:34",45318,0.06641006,0.09307671,0.03378868,25.56055
"2025-04-08 17:30:34.05",45319,0.0669651,0.09295464,0.03159142,25.58707
"2025-04-08 17:30:34.1",45320,0.06957054,0.09155655,0.02927399,25.58686
"2025-04-08 17:30:34.15",45321,0.07446098,0.09135628,0.0315876,25.56274
"2025-04-08 17:30:34.2",45322,0.07336807,0.09057999,0.0229187,25.58566
"2025-04-08 17:30:34.25",45323,0.07155609,0.09072304,0.02251625,25.58587
"2025-04-08 17:30:34.3",45324,0.07118416,0.09008217,0.02061844,25.56362
"2025-04-08 17:30:34.35",45325,0.06702232,0.08982468,0.01765251,25.58537
"2025-04-08 17:30:34.4",45326,0.06765938,0.08775902,0.01935196,25.56277
"2025-04-08 17:30:34.45",45327,0.06576729,0.08965302,0.01462173,25.56391
"2025-04-08 17:30:34.5",45328,0.06827354,0.09021759,0.01500511,25.56345
"2025-04-08 17:30:34.55",45329,0.06772614,0.08839035,0.0176239,25.56342
"2025-04-08 17:30:34.6",45330,0.06848526,0.08846664,0.01541328,25.56332
"2025-04-08 17:30:34.65",45331,0.06977081,0.09041214,0.01589966,25.55634
"2025-04-08 17:30:34.7",45332,0.06970215,0.087677,0.01446342,25.56252
"2025-04-08 17:30:34.75",45333,0.06827545,0.08573151,0.01511002,25.5573
"2025-04-08 17:30:34.8",45334,0.06768036,0.0850544,0.01515007,25.55542
"2025-04-08 17:30:34.85",45335,0.06459999,0.08519745,0.01667595,25.56401
"2025-04-08 17:30:34.9",45336,0.06700134,0.08419037,0.01473045,25.55672
"2025-04-08 17:30:34.95",45337,0.06710052,0.08429527,0.0162735,25.5349
"2025-04-08 17:30:35",45338,0.06482124,0.08480644,0.01825142,25.56275
"2025-04-08 17:30:35.05",45339,0.06167793,0.08063889,0.02095985,25.51563
"2025-04-08 17:30:35.1",45340,0.0628109,0.0804081,0.01837921,25.53492
"2025-04-08 17:30:35.15",45341,0.06435394,0.08123779,0.01282883,25.55746
"2025-04-08 17:30:35.2",45342,0.06641769,0.08098602,0.01146317,25.49998
"2025-04-08 17:30:35.25",45343,0.06467247,0.07970619,0.01921654,25.55803
"2025-04-08 17:30:35.3",45344,0.06235504,0.07814789,0.01427841,25.56274
"2025-04-08 17:30:35.35",45345,0.06305695,0.07785797,0.01331902,25.55402
"2025-04-08 17:30:35.4",45346,0.06029892,0.08160591,0.01373863,25.51034
"2025-04-08 17:30:35.45",45347,0.06469536,0.07817459,0.01686478,25.51095
"2025-04-08 17:30:35.5",45348,0.06364822,0.08085632,0.01445389,25.49772
"2025-04-08 17:30:35.55",45349,0.06301689,0.07835579,0.01227379,25.5114
"2025-04-08 17:30:35.6",45350,0.06650352,0.07778931,0.01034737,25.51244
"2025-04-08 17:30:35.65",45351,0.06383324,0.08049965,0.0136776,25.49963
"2025-04-08 17:30:35.7",45352,0.05879593,0.08062172,0.01192665,25.50275
"2025-04-08 17:30:35.75",45353,0.06166649,0.08108521,0.008598328,25.49944
"2025-04-08 17:30:35.8",45354,0.05902672,0.07821083,0.00866127,25.49609
"2025-04-08 17:30:35.85",45355,0.05805206,0.08055496,0.008810043,25.49541
"2025-04-08 17:30:35.9",45356,0.06159019,0.07964325,0.009922028,25.49709
"2025-04-08 17:30:35.95",45357,0.05820847,0.0802269,0.007822037,25.4959
"2025-04-08 17:30:36",45358,0.05600357,0.08055878,0.00985527,25.49597
"2025-04-08 17:30:36.05",45359,0.05793571,0.08234215,0.009273529,25.4836
"2025-04-08 17:30:36.1",45360,0.05976105,0.08112526,0.003036499,25.46878
"2025-04-08 17:30:36.15",45361,0.05908775,0.08209991,0.003175735,25.49892
"2025-04-08 17:30:36.2",45362,0.05550194,0.08275414,0.00851059,25.49511
"2025-04-08 17:30:36.25",45363,0.05843353,0.08244324,0.004091263,25.46536
"2025-04-08 17:30:36.3",45364,0.05643845,0.08214188,0.007377625,25.46646
"2025-04-08 17:30:36.35",45365,0.05528831,0.08553696,0.007509232,25.49438
"2025-04-08 17:30:36.4",45366,0.05892563,0.08503914,0.006113052,25.47954
"2025-04-08 17:30:36.45",45367,0.05871391,0.08839035,0.01160431,25.47871
"2025-04-08 17:30:36.5",45368,0.05299187,0.0843029,0.01116943,25.46405
"2025-04-08 17:30:36.55",45369,0.05458069,0.08279419,0.01087379,25.49284
"2025-04-08 17:30:36.6",45370,0.05470276,0.07928848,0.01219177,25.44074
"2025-04-08 17:30:36.65",45371,0.0545063,0.07171249,0.01143074,25.46334
"2025-04-08 17:30:36.7",45372,0.05368423,0.06871414,0.01376724,25.46304
"2025-04-08 17:30:36.75",45373,0.05755806,0.06799889,0.009098053,25.46429
"2025-04-08 17:30:36.8",45374,0.05426788,0.06584358,0.007789612,25.44371
"2025-04-08 17:30:36.85",45375,0.05315399,0.06514168,0.01009178,25.46655
"2025-04-08 17:30:36.9",45376,0.05209541,0.06855965,0.01089668,25.48092
"2025-04-08 17:30:36.95",45377,0.05545235,0.06819153,0.004693985,25.46465
"2025-04-08 17:30:37",45378,0.06062889,0.07059288,0.008527756,25.49344
"2025-04-08 17:30:37.05",45379,0.05849838,0.0710659,0.007232666,25.46517
"2025-04-08 17:30:37.1",45380,0.0600853,0.07264519,0.01007271,25.46497
"2025-04-08 17:30:37.15",45381,0.06064606,0.0725975,0.01059341,25.44278
"2025-04-08 17:30:37.2",45382,0.06039429,0.07590866,0.006940842,25.44084
"2025-04-08 17:30:37.25",45383,0.0591526,0.07147408,0.006969452,25.46512
"2025-04-08 17:30:37.3",45384,0.05640602,0.07359505,0.005935669,25.47928
"2025-04-08 17:30:37.35",45385,0.05462837,0.07374573,0.009889603,25.46447
"2025-04-08 17:30:37.4",45386,0.05475426,0.07342911,0.003664017,25.44078
"2025-04-08 17:30:37.45",45387,0.05482483,0.07381439,0.003507614,25.4402
"2025-04-08 17:30:37.5",45388,0.05311012,0.0731926,0.006282806,25.43143
"2025-04-08 17:30:37.55",45389,0.05717278,0.07367325,0.008968353,25.43981
"2025-04-08 17:30:37.6",45390,0.05537415,0.07238388,0.009561539,25.43945
"2025-04-08 17:30:37.65",45391,0.05313301,0.07548332,0.009426117,25.44037
"2025-04-08 17:30:37.7",45392,0.05418777,0.07205963,0.004579544,25.44203
"2025-04-08 17:30:37.75",45393,0.05139542,0.07469559,0.004501343,25.44302
"2025-04-08 17:30:37.8",45394,0.04999924,0.0745945,0.003355026,25.43705
"2025-04-08 17:30:37.85",45395,0.05069351,0.07280922,0.004713058,25.44556
"2025-04-08 17:30:37.9",45396,0.04940796,0.07450485,0.00573349,25.41652
"2025-04-08 17:30:37.95",45397,0.05222321,0.07463646,0.005271912,25.43932
"2025-04-08 17:30:38",45398,0.05276871,0.07452774,0.006448746,25.4505
"2025-04-08 17:30:38.05",45399,0.0526638,0.07388115,0.002189636,25.43777
"2025-04-08 17:30:38.1",45400,0.05290985,0.07393646,0.002990723,25.43388
"2025-04-08 17:30:38.15",45401,0.05446625,0.07690239,-0.0005702972,25.44138
"2025-04-08 17:30:38.2",45402,0.05887985,0.07698059,0.002416611,25.43961
"2025-04-08 17:30:38.25",45403,0.05735588,0.0774231,0.001823425,25.42957
"2025-04-08 17:30:38.3",45404,0.05740738,0.07748222,-0.0006771088,25.43745
"2025-04-08 17:30:38.35",45405,0.05822754,0.07764435,0.005439758,25.43655
"2025-04-08 17:30:38.4",45406,0.05381012,0.07634926,-0.001047134,25.46078
"2025-04-08 17:30:38.45",45407,0.04546928,0.07741165,0.0008811951,25.43053
"2025-04-08 17:30:38.5",45408,0.03116417,0.07419777,-0.002510071,25.42928
"2025-04-08 17:30:38.55",45409,0.02918434,0.07673073,-0.002931595,25.43018
"2025-04-08 17:30:38.6",45410,0.02951431,0.0740757,0.0001773834,25.43323
"2025-04-08 17:30:38.65",45411,0.03262138,0.07398796,0.004953384,25.43787
"2025-04-08 17:30:38.7",45412,0.03419495,0.07441139,0.004199982,25.43832
"2025-04-08 17:30:38.75",45413,0.03516769,0.07576942,0.006872177,25.44148
"2025-04-08 17:30:38.8",45414,0.0301857,0.07556152,0.003940582,25.43944
"2025-04-08 17:30:38.85",45415,0.02970314,0.07296562,0.003505707,25.43281
"2025-04-08 17:30:38.9",45416,0.02987289,0.07286453,0.0004749298,25.41132
"2025-04-08 17:30:38.95",45417,0.02833748,0.07295227,-0.001163483,25.43913
"2025-04-08 17:30:39",45418,0.03276062,0.06950951,0.001111984,25.43297
"2025-04-08 17:30:39.05",45419,0.0308876,0.07176399,-0.002954483,25.40883
"2025-04-08 17:30:39.1",45420,0.03159904,0.0720768,-0.004207611,25.41003
"2025-04-08 17:30:39.15",45421,0.03102684,0.07264137,-0.003311157,25.42879
"2025-04-08 17:30:39.2",45422,0.02814102,0.06978226,-0.004465103,25.42863
"2025-04-08 17:30:39.25",45423,0.03074455,0.07478142,-0.004306793,25.42724
"2025-04-08 17:30:39.3",45424,0.02907944,0.07455635,-0.003955841,25.40507
"2025-04-08 17:30:39.35",45425,0.03244591,0.07530975,-0.001806259,25.42666
"2025-04-08 17:30:39.4",45426,0.02725792,0.07152557,-0.005039215,25.42846
"2025-04-08 17:30:39.45",45427,0.02900505,0.07348824,-0.007211685,25.42928
"2025-04-08 17:30:39.5",45428,0.03015709,0.07351303,-0.004066467,25.43001
"2025-04-08 17:30:39.55",45429,0.02668953,0.07469177,-0.00144577,25.42995
"2025-04-08 17:30:39.6",45430,0.02963257,0.07314301,-0.002763748,25.43828
"2025-04-08 17:30:39.65",45431,0.02979469,0.07337379,-0.006893158,25.43782
"2025-04-08 17:30:39.7",45432,0.03325653,0.07301521,-0.002250671,25.40993
"2025-04-08 17:30:39.75",45433,0.02980614,0.0717411,0.0007457733,25.4304
"2025-04-08 17:30:39.8",45434,0.02991295,0.06965256,-0.002653122,25.43794
"2025-04-08 17:30:39.85",45435,0.02715111,0.0691433,-0.002004623,25.4299
"2025-04-08 17:30:39.9",45436,0.03265762,0.07117271,-0.001951218,25.43077
"2025-04-08 17:30:39.95",45437,0.03219604,0.07193565,-0.002815247,25.42947
"2025-04-08 17:30:40",45438,0.03315735,0.07103348,-0.005569458,25.43794
"2025-04-08 17:30:40.05",45439,0.03607559,0.07196617,-0.001228333,25.46275
"2025-04-08 17:30:40.1",45440,0.03415108,0.07260895,-0.005224228,25.43215
"2025-04-08 17:30:40.15",45441,0.03442955,0.07272339,-0.004816055,25.44201
"2025-04-08 17:30:40.2",45442,0.03112984,0.07191467,-8.583069E-05,25.44061
"2025-04-08 17:30:40.25",45443,0.03201103,0.07201958,-0.003574371,25.44345
"2025-04-08 17:30:40.3",45444,0.03384781,0.07229614,-0.008451462,25.43808
"2025-04-08 17:30:40.35",45445,0.03340721,0.07232857,-0.001390457,25.43573
"2025-04-08 17:30:40.4",45446,0.03097916,0.07289886,0.0005016327,25.4569
"2025-04-08 17:30:40.45",45447,0.030653,0.07190323,-0.001029968,25.42753
"2025-04-08 17:30:40.5",45448,0.03053093,0.07144165,-0.007980347,25.42624
"2025-04-08 17:30:40.55",45449,0.02911186,0.07195473,-0.005931854,25.42689
"2025-04-08 17:30:40.6",45450,0.03003502,0.07142448,-0.005224228,25.43574
"2025-04-08 17:30:40.65",45451,0.03411674,0.07182693,-0.0026474,25.45656
"2025-04-08 17:30:40.7",45452,0.03054428,0.0711956,-0.001174927,25.4358
"2025-04-08 17:30:40.75",45453,0.03139114,0.07084084,-0.002475739,25.43629
"2025-04-08 17:30:40.8",45454,0.03369713,0.07101059,2.288818E-05,25.42765
"2025-04-08 17:30:40.85",45455,0.03027344,0.07012749,-0.004535675,25.47363
"2025-04-08 17:30:40.9",45456,0.0314064,0.06818962,-0.00431633,25.43658
"2025-04-08 17:30:40.95",45457,0.03058243,0.06796074,-0.008485794,25.43743
"2025-04-08 17:30:41",45458,0.03084564,0.0691185,-0.004888535,25.42829
"2025-04-08 17:30:41.05",45459,0.03163338,0.0694809,-0.003250122,25.42618
"2025-04-08 17:30:41.1",45460,0.03053665,0.07009315,-0.005542755,25.43347
"2025-04-08 17:30:41.15",45461,0.03044701,0.06790543,-0.008239746,25.43379
"2025-04-08 17:30:41.2",45462,0.03024673,0.07076836,-0.007568359,25.43456
"2025-04-08 17:30:41.25",45463,0.0290451,0.06829643,-0.009449005,25.4264
"2025-04-08 17:30:41.3",45464,0.0289402,0.07027435,-0.001390457,25.45776
"2025-04-08 17:30:41.35",45465,0.0285759,0.06865311,-0.00270462,25.43277
"2025-04-08 17:30:41.4",45466,0.02973366,0.07171249,-0.003278732,25.45537
"2025-04-08 17:30:41.45",45467,0.02737427,0.06918526,-0.005777359,25.42564
"2025-04-08 17:30:41.5",45468,0.02918434,0.07047272,-0.007003784,25.45703
"2025-04-08 17:30:41.55",45469,0.02750969,0.07010078,-0.00526619,25.43393
"2025-04-08 17:30:41.6",45470,0.03219986,0.07079124,-0.001407623,25.4556
"2025-04-08 17:30:41.65",45471,0.03042412,0.07032776,-0.004541397,25.43487
"2025-04-08 17:30:41.7",45472,0.02947044,0.06930733,-0.006210327,25.43336
"2025-04-08 17:30:41.75",45473,0.03018951,0.06866455,-0.001737595,25.45753
"2025-04-08 17:30:41.8",45474,0.03204346,0.06803322,-0.006708145,25.43392
"2025-04-08 17:30:41.85",45475,0.03008461,0.06724548,-0.001401901,25.4571
"2025-04-08 17:30:41.9",45476,0.02953148,0.06695938,-0.00368309,25.45741
"2025-04-08 17:30:41.95",45477,0.03198242,0.06678963,-0.0006885529,25.45708
"2025-04-08 17:30:42",45478,0.03380966,0.06427002,-0.004526138,25.42684
"2025-04-08 17:30:42.05",45479,0.03105736,0.06279373,-0.0003814697,25.43457
"2025-04-08 17:30:42.1",45480,0.02997208,0.06284142,-0.002954483,25.43333
"2025-04-08 17:30:42.15",45481,0.0309391,0.06280518,-0.005474091,25.45791
"2025-04-08 17:30:42.2",45482,0.02839088,0.06557083,-0.004283905,25.45692
"2025-04-08 17:30:42.25",45483,0.03335571,0.06551361,0.002756119,25.4258
"2025-04-08 17:30:42.3",45484,0.03543663,0.06599426,-0.003515244,25.42793
"2025-04-08 17:30:42.35",45485,0.03173256,0.06325722,-0.0001792908,25.43903
"2025-04-08 17:30:42.4",45486,0.02849388,0.06510735,-0.003076553,25.46181
"2025-04-08 17:30:42.45",45487,0.03011131,0.06636238,0.0007991791,25.47299
"2025-04-08 17:30:42.5",45488,0.0279274,0.06567764,0.001953125,25.43863
"2025-04-08 17:30:42.55",45489,0.02395821,0.06545448,0.0004520416,25.47438
"2025-04-08 17:30:42.6",45490,0.02931976,0.06660271,-0.002082825,25.43542
"2025-04-08 17:30:42.65",45491,0.02481842,0.06496811,-0.0009822845,25.45673
"2025-04-08 17:30:42.7",45492,0.02595901,0.06554222,0.0005626678,25.43409
"2025-04-08 17:30:42.75",45493,0.02500153,0.06559372,0.0004177094,25.42611
"2025-04-08 17:30:42.8",45494,0.0276432,0.06539345,0.0009613037,25.4561
"2025-04-08 17:30:42.85",45495,0.03034019,0.06500053,0.0008144379,25.43384
"2025-04-08 17:30:42.9",45496,0.02870941,0.0643425,0.0003833771,25.38326
"2025-04-08 17:30:42.95",45497,0.02437019,0.06463623,0.002098083,25.38193
"2025-04-08 17:30:43",45498,0.03067207,0.06499481,0.003143311,25.40399
"2025-04-08 17:30:43.05",45499,0.03100204,0.06454468,9.536743E-06,25.43357
"2025-04-08 17:30:43.1",45500,0.02923965,0.06667519,-0.001800537,25.45841
"2025-04-08 17:30:43.15",45501,0.02762222,0.06760979,0.005846024,25.43216
"2025-04-08 17:30:43.2",45502,0.02605247,0.06774902,0.003591537,25.43294
"2025-04-08 17:30:43.25",45503,0.02784538,0.06706047,0.00274086,25.43121
"2025-04-08 17:30:43.3",45504,0.02651978,0.06453133,0.001384735,25.43142
"2025-04-08 17:30:43.35",45505,0.02757835,0.06857491,0.003444672,25.4231
"2025-04-08 17:30:43.4",45506,0.02859879,0.06829071,-0.002223969,25.45318
"2025-04-08 17:30:43.45",45507,0.02715302,0.06861877,-0.003452301,25.42339
"2025-04-08 17:30:43.5",45508,0.02987289,0.0681324,-8.583069E-05,25.43034
"2025-04-08 17:30:43.55",45509,0.02753258,0.06570053,0.001731873,25.42376
"2025-04-08 17:30:43.6",45510,0.02666092,0.0679512,0.00440979,25.4316
"2025-04-08 17:30:43.65",45511,0.02921486,0.06768036,-0.0006446838,25.43492
"2025-04-08 17:30:43.7",45512,0.02943039,0.06544876,0.001346588,25.43185
"2025-04-08 17:30:43.75",45513,0.02837944,0.06956863,0.005506516,25.40488
"2025-04-08 17:30:43.8",45514,0.02745438,0.0671463,0.001188278,25.43234
"2025-04-08 17:30:43.85",45515,0.02741051,0.06900406,0.001987457,25.43181
"2025-04-08 17:30:43.9",45516,0.02748108,0.06890869,0.007791519,25.42493
"2025-04-08 17:30:43.95",45517,0.02498436,0.06885529,0.006950378,25.42668
"2025-04-08 17:30:44",45518,0.0275383,0.06555367,0.002775192,25.43261
"2025-04-08 17:30:44.05",45519,0.03220558,0.06539726,0.004774094,25.42502
"2025-04-08 17:30:44.1",45520,0.02729607,0.06355476,0.007488251,25.45457
"2025-04-08 17:30:44.15",45521,0.02605629,0.06410217,0.006818771,25.42625
"2025-04-08 17:30:44.2",45522,0.02755547,0.06401634,0.004680634,25.43268
"2025-04-08 17:30:44.25",45523,0.02952576,0.06405258,0.006065369,25.43065
"2025-04-08 17:30:44.3",45524,0.03157616,0.06481743,0.00166893,25.42284
"2025-04-08 17:30:44.35",45525,0.03157043,0.06393242,0.001651764,25.43186
"2025-04-08 17:30:44.4",45526,0.03220558,0.06407928,0.007671356,25.43102
"2025-04-08 17:30:44.45",45527,0.03134155,0.06435394,0.004537582,25.45342
"2025-04-08 17:30:44.5",45528,0.02980995,0.06431007,0.006828308,25.43166
"2025-04-08 17:30:44.55",45529,0.03021431,0.06160355,0.003936768,25.43337
"2025-04-08 17:30:44.6",45530,0.03400421,0.06500053,0.002155304,25.45712
"2025-04-08 17:30:44.65",45531,0.034832,0.06467819,0.009904861,25.40592
"2025-04-08 17:30:44.7",45532,0.03028488,0.0641861,0.006433487,25.43213
"2025-04-08 17:30:44.75",45533,0.03490448,0.06483841,0.003952026,25.47084
"2025-04-08 17:30:44.8",45534,0.03171539,0.06434822,0.005796432,25.43403
"2025-04-08 17:30:44.85",45535,0.0303688,0.0664978,0.006269455,25.43107
"2025-04-08 17:30:44.9",45536,0.02931786,0.06385994,0.006917953,25.42242
"2025-04-08 17:30:44.95",45537,0.03099632,0.06595993,0.006656647,25.43179
"2025-04-08 17:30:45",45538,0.02860069,0.06255341,0.005298615,25.45253
"2025-04-08 17:30:45.05",45539,0.03324509,0.06341553,0.009235382,25.4685
"2025-04-08 17:30:45.1",45540,0.02963638,0.06256485,0.004669189,25.48062
"2025-04-08 17:30:45.15",45541,0.02963638,0.06258774,0.00428772,25.42823
"2025-04-08 17:30:45.2",45542,0.02711487,0.06300545,0.005784988,25.42704
"2025-04-08 17:30:45.25",45543,0.03257942,0.06288528,0.001407623,25.43147
"2025-04-08 17:30:45.3",45544,0.03248215,0.06214142,0.005868912,25.48465
"2025-04-08 17:30:45.35",45545,0.03445053,0.06244278,0.001316071,25.46731
"2025-04-08 17:30:45.4",45546,0.02886581,0.06268883,0.004199982,25.43068
"2025-04-08 17:30:45.45",45547,0.03304291,0.0628624,0.002103806,25.43178
"2025-04-08 17:30:45.5",45548,0.03362083,0.06261063,0.001646042,25.42405
"2025-04-08 17:30:45.55",45549,0.03061485,0.06225204,0.002573013,25.45229
"2025-04-08 17:30:45.6",45550,0.02919197,0.06274414,0.006126404,25.46603
"2025-04-08 17:30:45.65",45551,0.03187752,0.06218719,0.0008411407,25.46865
"2025-04-08 17:30:45.7",45552,0.02939796,0.06287956,0.005872726,25.50433
"2025-04-08 17:30:45.75",45553,0.03114128,0.06195831,0.001106262,25.42838
"2025-04-08 17:30:45.8",45554,0.03055763,0.06550217,0.005764008,25.46374
"2025-04-08 17:30:45.85",45555,0.03045464,0.06244469,0.004259109,25.4653
"2025-04-08 17:30:45.9",45556,0.03067207,0.06292915,0.002214432,25.46664
"2025-04-08 17:30:45.95",45557,0.02850533,0.06208038,0.002317429,25.46481
"2025-04-08 17:30:46",45558,0.02687454,0.06404686,0.001148224,25.49487
"2025-04-08 17:30:46.05",45559,0.03039551,0.06464195,-0.0004711151,25.46718
"2025-04-08 17:30:46.1",45560,0.030756,0.06414032,0.0001277924,25.49657
"2025-04-08 17:30:46.15",45561,0.02640533,0.06502914,0.003641129,25.45215
"2025-04-08 17:30:46.2",45562,0.02617073,0.0645752,0.003349304,25.47372
"2025-04-08 17:30:46.25",45563,0.0273304,0.06331253,0.006355286,25.43213
"2025-04-08 17:30:46.3",45564,0.02489662,0.06260109,0.003465652,25.45348
"2025-04-08 17:30:46.35",45565,0.02754784,0.06403923,0.0008811951,25.46952
"2025-04-08 17:30:46.4",45566,0.02985001,0.06176186,0.001588821,25.46884
"2025-04-08 17:30:46.45",45567,0.02702332,0.06215286,-0.0001583099,25.45441
"2025-04-08 17:30:46.5",45568,0.02557755,0.06196213,0.0009498596,25.4569
"2025-04-08 17:30:46.55",45569,0.02575493,0.06114006,0.0001163483,25.46976
"2025-04-08 17:30:46.6",45570,0.02718735,0.06048775,0.0006752014,25.46923
"2025-04-08 17:30:46.65",45571,0.02638054,0.06448555,-0.0006771088,25.46716
"2025-04-08 17:30:46.7",45572,0.02531052,0.06364822,0.001941681,25.45177
"2025-04-08 17:30:46.75",45573,0.02672195,0.06432533,0.000787735,25.42683
"2025-04-08 17:30:46.8",45574,0.02799988,0.06255341,0.005405426,25.44969
"2025-04-08 17:30:46.85",45575,0.03124619,0.06184578,0.001579285,25.46954
"2025-04-08 17:30:46.9",45576,0.02978134,0.06262207,-0.003005981,25.45504
"2025-04-08 17:30:46.95",45577,0.02648354,0.06558228,0.002092361,25.4538
"2025-04-08 17:30:47",45578,0.02864838,0.06491661,0.00261879,25.45386
"2025-04-08 17:30:47.05",45579,0.02839279,0.06508636,0.0001926422,25.47005
"2025-04-08 17:30:47.1",45580,0.02675056,0.06458855,0.0004692078,25.45153
"2025-04-08 17:30:47.15",45581,0.02349281,0.0643692,-0.001783371,25.46636
"2025-04-08 17:30:47.2",45582,0.02444267,0.06419563,-0.000202179,25.49577
"2025-04-08 17:30:47.25",45583,0.02621269,0.06460953,0.002658844,25.4515
"2025-04-08 17:30:47.3",45584,0.02811813,0.06386185,-0.00276947,25.45001
"2025-04-08 17:30:47.35",45585,0.02373314,0.06423187,-0.0002708435,25.45153
"2025-04-08 17:30:47.4",45586,0.02549362,0.06483459,0.00110054,25.45093
"2025-04-08 17:30:47.45",45587,0.02472496,0.06531525,0.003450394,25.45055
"2025-04-08 17:30:47.5",45588,0.02414703,0.06459236,0.0006122589,25.428
"2025-04-08 17:30:47.55",45589,0.02295685,0.063097,-0.001523972,25.43049
"2025-04-08 17:30:47.6",45590,0.02262878,0.06333733,0.0004463196,25.4509
"2025-04-08 17:30:47.65",45591,0.02595139,0.06324577,0.003795624,25.45434
"2025-04-08 17:30:47.7",45592,0.02650452,0.06344414,0.005998611,25.45512
"2025-04-08 17:30:47.75",45593,0.02621841,0.06350327,0.001472473,25.45278
"2025-04-08 17:30:47.8",45594,0.02301407,0.06359482,0.0032444,25.48077
"2025-04-08 17:30:47.85",45595,0.027174,0.06422424,0.003322601,25.4502
"2025-04-08 17:30:47.9",45596,0.02613068,0.06397438,0.004701614,25.45074
"2025-04-08 17:30:47.95",45597,0.02386475,0.06685638,-0.001436234,25.4509
"2025-04-08 17:30:48",45598,0.02621269,0.06442451,0.002351761,25.47824
"2025-04-08 17:30:48.05",45599,0.02747154,0.067173,0.0008354187,25.45026
"2025-04-08 17:30:48.1",45600,0.02561569,0.06707954,-0.001626968,25.45101
"2025-04-08 17:30:48.15",45601,0.02746391,0.06696129,0.004516602,25.46394
"2025-04-08 17:30:48.2",45602,0.02655029,0.06687164,-0.0001010895,25.42864
"2025-04-08 17:30:48.25",45603,0.02314377,0.06797028,0.0002384186,25.44989
"2025-04-08 17:30:48.3",45604,0.02602005,0.06612968,0.005237579,25.45113
"2025-04-08 17:30:48.35",45605,0.02640343,0.06782532,0.003736496,25.44927
"2025-04-08 17:30:48.4",45606,0.02606201,0.066185,0.002914429,25.44941
"2025-04-08 17:30:48.45",45607,0.02286339,0.06572533,0.0006752014,25.48028
"2025-04-08 17:30:48.5",45608,0.02399635,0.06472588,0.002689362,25.45015
"2025-04-08 17:30:48.55",45609,0.02638817,0.06445885,0.00485611,25.45144
"2025-04-08 17:30:48.6",45610,0.02420807,0.06389427,0.003009796,25.46538
"2025-04-08 17:30:48.65",45611,0.02394295,0.06643486,0.003814697,25.46418
"2025-04-08 17:30:48.7",45612,0.02606201,0.06295586,0.00437355,25.49426
"2025-04-08 17:30:48.75",45613,0.02716255,0.06343269,0.003383636,25.46667
"2025-04-08 17:30:48.8",45614,0.02451515,0.06262207,-0.0004520416,25.46731
"2025-04-08 17:30:48.85",45615,0.02867317,0.06369972,0.001594543,25.42609
"2025-04-08 17:30:48.9",45616,0.02588081,0.06321335,-0.0008068085,25.45122
"2025-04-08 17:30:48.95",45617,0.02707863,0.06295586,0.006649017,25.4284
"2025-04-08 17:30:49",45618,0.03121185,0.06353378,0.004814148,25.4296
"2025-04-08 17:30:49.05",45619,0.0288887,0.06344986,-0.0006141663,25.45231
"2025-04-08 17:30:49.1",45620,0.02898598,0.06355476,0.001594543,25.45309
"2025-04-08 17:30:49.15",45621,0.02780151,0.06391907,0.001750946,25.43116
"2025-04-08 17:30:49.2",45622,0.02951431,0.06402206,0.006822586,25.4255
"2025-04-08 17:30:49.25",45623,0.03161621,0.06629562,0.004589081,25.45564
"2025-04-08 17:30:49.3",45624,0.03023529,0.06357002,0.001190186,25.45507
"2025-04-08 17:30:49.35",45625,0.02744293,0.06365013,-0.001012802,25.45251
"2025-04-08 17:30:49.4",45626,0.02554512,0.06349182,0.001367569,25.42765
"2025-04-08 17:30:49.45",45627,0.02862167,0.06573868,0.0005836487,25.43044
"2025-04-08 17:30:49.5",45628,0.0271244,0.06630325,0.001636505,25.42771
"2025-04-08 17:30:49.55",45629,0.02685547,0.06316185,0.002702713,25.42848
"2025-04-08 17:30:49.6",45630,0.02618217,0.06630325,0.002527237,25.42037
"2025-04-08 17:30:49.65",45631,0.02886009,0.06621361,0.002628326,25.39849
"2025-04-08 17:30:49.7",45632,0.0289402,0.06565857,0.001834869,25.42812
"2025-04-08 17:30:49.75",45633,0.02836609,0.0650444,0.002317429,25.42274
"2025-04-08 17:30:49.8",45634,0.02819824,0.06499672,0.001003265,25.4218
"2025-04-08 17:30:49.85",45635,0.0281353,0.06511307,0.00361824,25.45123
"2025-04-08 17:30:49.9",45636,0.02991676,0.06573105,0.003297806,25.45163
"2025-04-08 17:30:49.95",45637,0.02949333,0.06637383,0.001842499,25.42921
"2025-04-08 17:30:50",45638,0.03091049,0.06666374,-9.155273E-05,25.42783
"2025-04-08 17:30:50.05",45639,0.03138161,0.06956863,-0.003602982,25.4206
"2025-04-08 17:30:50.1",45640,0.03501701,0.06681442,-0.003507614,25.42627
"2025-04-08 17:30:50.15",45641,0.03455734,0.06646919,-0.0009498596,25.42557
"2025-04-08 17:30:50.2",45642,0.03427887,0.06638718,-0.003391266,25.42685
"2025-04-08 17:30:50.25",45643,0.03063011,0.066185,-0.003810883,25.41894
"2025-04-08 17:30:50.3",45644,0.03459167,0.06595421,-0.003261566,25.4276
"2025-04-08 17:30:50.35",45645,0.03261375,0.06598282,-0.006206512,25.42084
"2025-04-08 17:30:50.4",45646,0.03331375,0.0665741,-0.005146027,25.42738
"2025-04-08 17:30:50.45",45647,0.03144073,0.06642342,-0.004135132,25.42986
"2025-04-08 17:30:50.5",45648,0.02960014,0.06701279,-0.004413605,25.42684
"2025-04-08 17:30:50.55",45649,0.03094482,0.06708908,-0.004032135,25.42678
"2025-04-08 17:30:50.6",45650,0.03239822,0.0675087,-0.0002651215,25.42182
"2025-04-08 17:30:50.65",45651,0.03409576,0.06690598,-0.001384735,25.42867
"2025-04-08 17:30:50.7",45652,0.03368568,0.0680294,-0.004875183,25.45286
"2025-04-08 17:30:50.75",45653,0.03438377,0.06333542,-0.005699158,25.42995
"2025-04-08 17:30:50.8",45654,0.03669548,0.06614494,-0.005958557,25.42702
"2025-04-08 17:30:50.85",45655,0.03439522,0.06224632,-0.009384155,25.42753
"2025-04-08 17:30:50.9",45656,0.03281975,0.06296349,-0.009410858,25.42573
"2025-04-08 17:30:50.95",45657,0.03225136,0.06253815,-0.008798599,25.44905
"2025-04-08 17:30:51",45658,0.03470993,0.06271172,-0.006277084,25.4248
"2025-04-08 17:30:51.05",45659,0.03544044,0.06266212,-0.002580643,25.45176
"2025-04-08 17:30:51.1",45660,0.03608322,0.06033897,-0.002323151,25.44975
"2025-04-08 17:30:51.15",45661,0.03436852,0.05905151,-0.005836487,25.46404
"2025-04-08 17:30:51.2",45662,0.03733444,0.0590992,-0.008720398,25.4512
"2025-04-08 17:30:51.25",45663,0.03716469,0.05722618,-0.001375198,25.46567
"2025-04-08 17:30:51.3",45664,0.03871727,0.05703163,-0.008808136,25.46911
"2025-04-08 17:30:51.35",45665,0.0363121,0.05693245,-0.005250931,25.48284
"2025-04-08 17:30:51.4",45666,0.03641319,0.05401421,-0.006139755,25.48519
"2025-04-08 17:30:51.45",45667,0.04181862,0.05768013,-0.003017426,25.48583
"2025-04-08 17:30:51.5",45668,0.04285049,0.05427933,-0.002557755,25.48502
"2025-04-08 17:30:51.55",45669,0.03734016,0.05464554,-0.003786087,25.48318
"2025-04-08 17:30:51.6",45670,0.03729057,0.05423927,-0.001308441,25.48129
"2025-04-08 17:30:51.65",45671,0.03648567,0.05427742,-0.004005432,25.48003
"2025-04-08 17:30:51.7",45672,0.03721237,0.05456924,-0.00195694,25.46358
"2025-04-08 17:30:51.75",45673,0.03719521,0.05456924,-0.001268387,25.46208
"2025-04-08 17:30:51.8",45674,0.03704834,0.05166054,0.001581192,25.47747
"2025-04-08 17:30:51.85",45675,0.03507614,0.05429649,-0.0008049011,25.47514
"2025-04-08 17:30:51.9",45676,0.03625107,0.0546875,-0.00151062,25.46025
"2025-04-08 17:30:51.95",45677,0.03855133,0.05233002,-0.002119064,25.47565
"2025-04-08 17:30:52",45678,0.03758049,0.05448914,-0.006904602,25.47701
"2025-04-08 17:30:52.05",45679,0.03652954,0.05130577,-0.002531052,25.49229
"2025-04-08 17:30:52.1",45680,0.03311729,0.05149269,-0.0027771,25.51681
"2025-04-08 17:30:52.15",45681,0.03522873,0.05089378,0.001974106,25.47875
"2025-04-08 17:30:52.2",45682,0.03735733,0.04831886,-0.002426147,25.46384
"2025-04-08 17:30:52.25",45683,0.03520012,0.04823112,-0.001993179,25.48161
"2025-04-08 17:30:52.3",45684,0.03616524,0.04812813,0.00211525,25.48146
"2025-04-08 17:30:52.35",45685,0.03746223,0.04899025,0.002092361,25.47986
"2025-04-08 17:30:52.4",45686,0.04129219,0.04764175,0.00161171,25.49493
"2025-04-08 17:30:52.45",45687,0.04154396,0.04545021,0.001194,25.47967
"2025-04-08 17:30:52.5",45688,0.0393219,0.04539108,0.0009918213,25.47997
"2025-04-08 17:30:52.55",45689,0.04008102,0.04370117,0.003131866,25.51753
"2025-04-08 17:30:52.6",45690,0.04133797,0.04356766,0.004058838,25.46326
"2025-04-08 17:30:52.65",45691,0.04155159,0.04330826,0.00636673,25.47814
"2025-04-08 17:30:52.7",45692,0.0447731,0.04459953,0.004728317,25.49425
"2025-04-08 17:30:52.75",45693,0.04177856,0.04514503,0.001993179,25.4752
"2025-04-08 17:30:52.8",45694,0.03949928,0.04574966,0.004522324,25.48414
"2025-04-08 17:30:52.85",45695,0.04013252,0.0462265,0.0006637573,25.47981
"2025-04-08 17:30:52.9",45696,0.03999901,0.04684639,0.004728317,25.46399
"2025-04-08 17:30:52.95",45697,0.04132652,0.04589081,0.004518509,25.46258
"2025-04-08 17:30:53",45698,0.03933907,0.04468155,0.007421494,25.49413
"2025-04-08 17:30:53.05",45699,0.04116058,0.04219627,0.01094437,25.46622
"2025-04-08 17:30:53.1",45700,0.0410347,0.04271317,0.007137299,25.487
"2025-04-08 17:30:53.15",45701,0.0383606,0.04253197,0.003940582,25.49595
"2025-04-08 17:30:53.2",45702,0.0381279,0.0419178,0.006973267,25.48183
"2025-04-08 17:30:53.25",45703,0.03826714,0.04205132,0.004343033,25.47958
"2025-04-08 17:30:53.3",45704,0.03925896,0.04180145,0.003454208,25.48072
"2025-04-08 17:30:53.35",45705,0.03751945,0.03998184,0.007421494,25.47971
"2025-04-08 17:30:53.4",45706,0.04105759,0.04185295,0.007070541,25.52732
"2025-04-08 17:30:53.45",45707,0.03923988,0.04285622,0.002483368,25.53866
"2025-04-08 17:30:53.5",45708,0.0447216,0.04290009,0.006872177,25.48495
"2025-04-08 17:30:53.55",45709,0.04234505,0.04248428,0.005065918,25.49287
"2025-04-08 17:30:53.6",45710,0.04140663,0.04301453,0.003164291,25.51892
"2025-04-08 17:30:53.65",45711,0.04025459,0.04280281,0.002880096,25.48467
"2025-04-08 17:30:53.7",45712,0.04533195,0.04324722,0.006572723,25.54167
"2025-04-08 17:30:53.75",45713,0.04210854,0.04644203,0.004236221,25.51971
"2025-04-08 17:30:53.8",45714,0.04189491,0.04640198,0.006372452,25.46749
"2025-04-08 17:30:53.85",45715,0.04090881,0.04647636,0.004673004,25.47913
"2025-04-08 17:30:53.9",45716,0.04059601,0.0456562,0.004255295,25.51622
"2025-04-08 17:30:53.95",45717,0.03671455,0.04627609,0.003702164,25.51396
"2025-04-08 17:30:54",45718,0.03548622,0.04646111,0.007392883,25.49181
"2025-04-08 17:30:54.05",45719,0.04096222,0.04582977,0.006967545,25.47939
"2025-04-08 17:30:54.1",45720,0.04223061,0.04604721,-0.0007228851,25.47884
"2025-04-08 17:30:54.15",45721,0.04174995,0.04539871,0.004728317,25.46524
"2025-04-08 17:30:54.2",45722,0.04119873,0.04479027,0.002479553,25.44963
"2025-04-08 17:30:54.25",45723,0.0423584,0.04477882,0.00504303,25.49173
"2025-04-08 17:30:54.3",45724,0.04326057,0.04525948,0.002819061,25.49374
"2025-04-08 17:30:54.35",45725,0.04139328,0.04789352,0.0001068115,25.4801
"2025-04-08 17:30:54.4",45726,0.0413208,0.04804611,0.003641129,25.49372
"2025-04-08 17:30:54.45",45727,0.04346466,0.04812813,0.005109787,25.53625
"2025-04-08 17:30:54.5",45728,0.04409027,0.04805183,0.004627228,25.44907
"2025-04-08 17:30:54.55",45729,0.0436039,0.04784966,0.000371933,25.44895
"2025-04-08 17:30:54.6",45730,0.04499626,0.04897881,-0.0001850128,25.46318
"2025-04-08 17:30:54.65",45731,0.04333115,0.04896736,-0.00305748,25.44822
"2025-04-08 17:30:54.7",45732,0.04229355,0.04752731,-0.004457474,25.46113
"2025-04-08 17:30:54.75",45733,0.04218102,0.04839897,-1.907349E-05,25.46101
"2025-04-08 17:30:54.8",45734,0.04262161,0.04815674,-0.0009937286,25.47664
"2025-04-08 17:30:54.85",45735,0.04478264,0.04848671,-0.001960754,25.46272
"2025-04-08 17:30:54.9",45736,0.03800774,0.04844284,-0.004526138,25.47602
"2025-04-08 17:30:54.95",45737,0.04040527,0.04869461,-0.003826141,25.46231
"2025-04-08 17:30:55",45738,0.04477882,0.04920006,-0.003307343,25.5152
"2025-04-08 17:30:55.05",45739,0.04289055,0.05026245,0.0003242493,25.42654
"2025-04-08 17:30:55.1",45740,0.04139328,0.05072784,0.002490997,25.46313
"2025-04-08 17:30:55.15",45741,0.04473877,0.0500946,-0.0005264282,25.42683
"2025-04-08 17:30:55.2",45742,0.04650307,0.0494976,0.002254486,25.46329
"2025-04-08 17:30:55.25",45743,0.04592133,0.04945374,0.0008125305,25.46418
"2025-04-08 17:30:55.3",45744,0.04550934,0.04841232,-0.0001926422,25.46392
"2025-04-08 17:30:55.35",45745,0.04238319,0.04774284,-0.004894257,25.44875
"2025-04-08 17:30:55.4",45746,0.04679489,0.04796028,-0.004379272,25.46185
"2025-04-08 17:30:55.45",45747,0.04211426,0.04838181,-0.002660751,25.46245
"2025-04-08 17:30:55.5",45748,0.04144287,0.04769325,-0.003696442,25.49194
"2025-04-08 17:30:55.55",45749,0.04547501,0.04998207,-0.001951218,25.46349
"2025-04-08 17:30:55.6",45750,0.04447746,0.04769897,-0.001111984,25.46065
"2025-04-08 17:30:55.65",45751,0.04480553,0.05163574,0.002138138,25.44823
"2025-04-08 17:30:55.7",45752,0.04842377,0.05171967,-0.002067566,25.51312
"2025-04-08 17:30:55.75",45753,0.04701805,0.05146217,-0.003263474,25.46396
"2025-04-08 17:30:55.8",45754,0.04914093,0.04893494,-0.003162384,25.45129
"2025-04-08 17:30:55.85",45755,0.0465641,0.04811287,-0.002933502,25.46627
"2025-04-08 17:30:55.9",45756,0.04784012,0.04856873,-0.001089096,25.46836
"2025-04-08 17:30:55.95",45757,0.0493927,0.04768372,-0.0009822845,25.47151
"2025-04-08 17:30:56",45758,0.04775047,0.05023384,-0.006271362,25.46756
"2025-04-08 17:30:56.05",45759,0.04831886,0.04891586,-0.006345749,25.49696
"2025-04-08 17:30:56.1",45760,0.04438019,0.05095673,-0.004152298,25.48124
"2025-04-08 17:30:56.15",45761,0.04245567,0.05093193,-0.006244659,25.46514
"2025-04-08 17:30:56.2",45762,0.04091835,0.05071068,-0.002342224,25.46539
"2025-04-08 17:30:56.25",45763,0.04138947,0.04818344,0,25.46355
"2025-04-08 17:30:56.3",45764,0.0443821,0.04901123,-0.001398087,25.44779
"2025-04-08 17:30:56.35",45765,0.04466248,0.04893875,-0.005842209,25.46282
"2025-04-08 17:30:56.4",45766,0.04214287,0.0506134,-0.004495621,25.47602
"2025-04-08 17:30:56.45",45767,0.04257965,0.04820824,-0.001302719,25.46095
"2025-04-08 17:30:56.5",45768,0.04184723,0.04860306,-0.0006866455,25.51115
"2025-04-08 17:30:56.55",45769,0.0394516,0.04892731,-0.001699448,25.51239
"2025-04-08 17:30:56.6",45770,0.04330254,0.04815102,0.0001888275,25.49079
"2025-04-08 17:30:56.65",45771,0.04120445,0.04832458,-0.004182816,25.49271
"2025-04-08 17:30:56.7",45772,0.04398537,0.05041504,-0.0007762909,25.49319
"2025-04-08 17:30:56.75",45773,0.03822327,0.0494957,-0.00317955,25.46573
"2025-04-08 17:30:56.8",45774,0.03815842,0.05032349,-0.00444603,25.46357
"2025-04-08 17:30:56.85",45775,0.04084587,0.05012131,-0.0001850128,25.46489
"2025-04-08 17:30:56.9",45776,0.04057312,0.04947662,-0.003324509,25.46321
"2025-04-08 17:30:56.95",45777,0.03960037,0.04818535,-0.005060196,25.49237
"2025-04-08 17:30:57",45778,0.0413208,0.05001068,-0.004291534,25.47668
"2025-04-08 17:30:57.05",45779,0.04067993,0.04818344,-0.00258255,25.53555
"2025-04-08 17:30:57.1",45780,0.04040527,0.04813576,-0.002305984,25.47617
"2025-04-08 17:30:57.15",45781,0.04073524,0.04798889,-0.00494194,25.49036
"2025-04-08 17:30:57.2",45782,0.04086876,0.04874992,-0.002408981,25.46317
"2025-04-08 17:30:57.25",45783,0.04057884,0.04971504,-0.004133224,25.49147
"2025-04-08 17:30:57.3",45784,0.04208755,0.05047989,-0.004447937,25.49081
"2025-04-08 17:30:57.35",45785,0.04252625,0.05036163,-0.004581451,25.49187
"2025-04-08 17:30:57.4",45786,0.04052353,0.05086708,-0.004302979,25.47751
"2025-04-08 17:30:57.45",45787,0.03965187,0.04983902,-0.003864288,25.44798
"2025-04-08 17:30:57.5",45788,0.04521942,0.05363655,-0.001409531,25.45581
"2025-04-08 17:30:57.55",45789,0.04236412,0.04784966,-0.004026413,25.44977
"2025-04-08 17:30:57.6",45790,0.0396843,0.04528236,-0.004564285,25.46337
"2025-04-08 17:30:57.65",45791,0.03892517,0.04774475,-0.00674057,25.46341
"2025-04-08 17:30:57.7",45792,0.04536629,0.04763603,-0.004268646,25.44892
"2025-04-08 17:30:57.75",45793,0.04480743,0.04508972,-0.006887436,25.46294
"2025-04-08 17:30:57.8",45794,0.04106522,0.04499626,-0.007583618,25.47709
"2025-04-08 17:30:57.85",45795,0.04282188,0.04715919,-0.007322311,25.4487
"2025-04-08 17:30:57.9",45796,0.04441643,0.0439949,-0.007246017,25.49207
"2025-04-08 17:30:57.95",45797,0.04691887,0.04791641,-0.007011414,25.46228
"2025-04-08 17:30:58",45798,0.04572678,0.04827881,-0.007299423,25.47894
"2025-04-08 17:30:58.05",45799,0.04752541,0.04600525,-0.007427216,25.46404
"2025-04-08 17:30:58.1",45800,0.04879379,0.04809189,-0.006958008,25.45088
"2025-04-08 17:30:58.15",45801,0.0470562,0.04857445,-0.006696701,25.48281
"2025-04-08 17:30:58.2",45802,0.04404831,0.04597855,-0.006597519,25.4706
"2025-04-08 17:30:58.25",45803,0.046978,0.0460701,-0.006261826,25.45145
"2025-04-08 17:30:58.3",45804,0.04310417,0.04837608,-0.006464005,25.42844
"2025-04-08 17:30:58.35",45805,0.03980255,0.04836845,-0.009019852,25.42621
"2025-04-08 17:30:58.4",45806,0.04300117,0.04788208,-0.00639534,25.44863
"2025-04-08 17:30:58.45",45807,0.04679489,0.04564857,-0.006679535,25.42708
"2025-04-08 17:30:58.5",45808,0.04176712,0.04394531,-0.007156372,25.4263
"2025-04-08 17:30:58.55",45809,0.04362297,0.04479027,-0.009786606,25.44758
"2025-04-08 17:30:58.6",45810,0.04405785,0.04694366,-0.007595062,25.42487
"2025-04-08 17:30:58.65",45811,0.04086876,0.04746437,-0.007234573,25.4635
"2025-04-08 17:30:58.7",45812,0.04309273,0.0480957,-0.007492065,25.42368
"2025-04-08 17:30:58.75",45813,0.04356194,0.04503441,-0.007041931,25.46308
"2025-04-08 17:30:58.8",45814,0.04296303,0.04490662,-0.007148743,25.46096
"2025-04-08 17:30:58.85",45815,0.04227448,0.04836464,-0.004322052,25.44691
"2025-04-08 17:30:58.9",45816,0.04225922,0.04784966,-0.005195618,25.4455
"2025-04-08 17:30:58.95",45817,0.04143143,0.04562569,-0.005977631,25.44645
"2025-04-08 17:30:59",45818,0.04082298,0.04879951,-0.006635666,25.42393
"2025-04-08 17:30:59.05",45819,0.04188919,0.04826355,-0.006031036,25.44673
"2025-04-08 17:30:59.1",45820,0.03732681,0.04834557,-0.006048203,25.4631
"2025-04-08 17:30:59.15",45821,0.04224396,0.04795456,-0.006690979,25.44929
"2025-04-08 17:30:59.2",45822,0.0411129,0.04823685,-0.00645256,25.46232
"2025-04-08 17:30:59.25",45823,0.04185867,0.04762268,-0.007003784,25.47782
"2025-04-08 17:30:59.3",45824,0.03800774,0.04761124,-0.007188797,25.46291
"2025-04-08 17:30:59.35",45825,0.03823662,0.05027962,-0.007595062,25.46385
"2025-04-08 17:30:59.4",45826,0.03861237,0.04686546,-0.008457184,25.51568
"2025-04-08 17:30:59.45",45827,0.03842354,0.047966,-0.007513046,25.44898
"2025-04-08 17:30:59.5",45828,0.03692055,0.0503521,-0.007328033,25.46339
"2025-04-08 17:30:59.55",45829,0.03891563,0.04925728,-0.007534027,25.47674
"2025-04-08 17:30:59.6",45830,0.03694344,0.0499897,-0.007980347,25.46324
"2025-04-08 17:30:59.65",45831,0.04031563,0.04958153,-0.008237839,25.4619
"2025-04-08 17:30:59.7",45832,0.03880692,0.04867744,-0.007883072,25.47645
"2025-04-08 17:30:59.75",45833,0.03906631,0.04846954,-0.00758934,25.46286
"2025-04-08 17:30:59.8",45834,0.03871346,0.04833603,-0.007886887,25.46204
"2025-04-08 17:30:59.85",45835,0.03579903,0.04782677,-0.007640839,25.49121
"2025-04-08 17:30:59.9",45836,0.03793144,0.04797363,-0.007032394,25.4474
"2025-04-08 17:30:59.95",45837,0.03543091,0.04747391,-0.006910324,25.49006
"2025-04-08 17:31:00",45838,0.0371666,0.0471344,-0.007009506,25.51521
"2025-04-08 17:31:00.05",45839,0.03860092,0.04746819,-0.007791519,25.4902
"2025-04-08 17:31:00.1",45840,0.03666687,0.04474449,-0.007061005,25.46233
"2025-04-08 17:31:00.15",45841,0.0405674,0.04463959,-0.006669998,25.47729
"2025-04-08 17:31:00.2",45842,0.03943253,0.04409027,-0.004167557,25.49267
"2025-04-08 17:31:00.25",45843,0.03774071,0.04417038,-0.004297256,25.47935
"2025-04-08 17:31:00.3",45844,0.03681946,0.04739571,-0.005027771,25.49602
"2025-04-08 17:31:00.35",45845,0.03627586,0.04388809,-0.004560471,25.46912
"2025-04-08 17:31:00.4",45846,0.03901863,0.04409218,-0.005056381,25.54076
"2025-04-08 17:31:00.45",45847,0.03595543,0.0439682,-0.004789352,25.51842
"2025-04-08 17:31:00.5",45848,0.03543854,0.04445457,-0.005485535,25.48141
"2025-04-08 17:31:00.55",45849,0.03412056,0.0446701,-0.005027771,25.49345
"2025-04-08 17:31:00.6",45850,0.03438377,0.04446411,-0.004808426,25.51507
"2025-04-08 17:31:00.65",45851,0.0360527,0.04737473,-0.004842758,25.51349
"2025-04-08 17:31:00.7",45852,0.03462982,0.04463959,-0.004951477,25.51303
"2025-04-08 17:31:00.75",45853,0.03543472,0.04737473,-0.004257202,25.51174
"2025-04-08 17:31:00.8",45854,0.03370857,0.04779816,-0.004735947,25.51298
"2025-04-08 17:31:00.85",45855,0.03580856,0.04694557,-0.00422287,25.51278
"2025-04-08 17:31:00.9",45856,0.03213501,0.04672623,-0.003688812,25.5351
"2025-04-08 17:31:00.95",45857,0.03252983,0.04738617,-0.003692627,25.51405
"2025-04-08 17:31:01",45858,0.03371429,0.04678345,-0.003164291,25.49252
"2025-04-08 17:31:01.05",45859,0.03263092,0.04748154,-0.00320816,25.53675
"2025-04-08 17:31:01.1",45860,0.03548622,0.04693985,0.0004577637,25.51142
"2025-04-08 17:31:01.15",45861,0.03805923,0.04727936,-0.001005173,25.49086
"2025-04-08 17:31:01.2",45862,0.03591537,0.04736328,-0.001419067,25.53407
"2025-04-08 17:31:01.25",45863,0.03525162,0.04787827,-0.001304626,25.51204
"2025-04-08 17:31:01.3",45864,0.03554153,0.04681015,-0.001684189,25.51135
"2025-04-08 17:31:01.35",45865,0.03485489,0.04813957,-0.001991272,25.56403
"2025-04-08 17:31:01.4",45866,0.03480339,0.04730606,-0.00135994,25.53481
"2025-04-08 17:31:01.45",45867,0.03399277,0.05038452,-0.001699448,25.58577
"2025-04-08 17:31:01.5",45868,0.03162956,0.04977036,-0.001811981,25.53328
"2025-04-08 17:31:01.55",45869,0.03385353,0.04758263,-0.002407074,25.53542
"2025-04-08 17:31:01.6",45870,0.03422356,0.04732323,-0.002815247,25.5454
"2025-04-08 17:31:01.65",45871,0.03428268,0.04727554,-0.00246048,25.56619
"2025-04-08 17:31:01.7",45872,0.03468132,0.05068779,-0.001977921,25.56638
"2025-04-08 17:31:01.75",45873,0.03728676,0.04915619,-0.002403259,25.54372
"2025-04-08 17:31:01.8",45874,0.03431702,0.051157,-0.00308609,25.54328
"2025-04-08 17:31:01.85",45875,0.03397751,0.04862595,-0.002315521,25.54388
"2025-04-08 17:31:01.9",45876,0.03439522,0.04887009,-0.002351761,25.54252
"2025-04-08 17:31:01.95",45877,0.03462601,0.04841423,-0.002223969,25.54344
"2025-04-08 17:31:02",45878,0.03827858,0.04882813,-0.002454758,25.5629
"2025-04-08 17:31:02.05",45879,0.03762817,0.04771042,-0.002309799,25.54074
"2025-04-08 17:31:02.1",45880,0.0374012,0.04830742,-0.00220108,25.56456
"2025-04-08 17:31:02.15",45881,0.03790665,0.04786491,-0.001882553,25.54165
"2025-04-08 17:31:02.2",45882,0.03753853,0.04696655,-0.004507065,25.56287
"2025-04-08 17:31:02.25",45883,0.03756714,0.04669762,-0.004653931,25.54226
"2025-04-08 17:31:02.3",45884,0.03680801,0.0436039,-0.004402161,25.56305
"2025-04-08 17:31:02.35",45885,0.03781891,0.04672813,-0.004638672,25.56481
"2025-04-08 17:31:02.4",45886,0.03709412,0.04306984,-0.004526138,25.56452
"2025-04-08 17:31:02.45",45887,0.03863907,0.04355049,-0.006937027,25.54477
"2025-04-08 17:31:02.5",45888,0.03926468,0.04432678,-0.007535934,25.56772
"2025-04-08 17:31:02.55",45889,0.03956032,0.04374313,-0.004037857,25.54221
"2025-04-08 17:31:02.6",45890,0.03913116,0.04138947,-0.007947922,25.59129
"2025-04-08 17:31:02.65",45891,0.03887558,0.04128265,-0.007646561,25.57009
"2025-04-08 17:31:02.7",45892,0.04190254,0.04160118,-0.007612228,25.54621
"2025-04-08 17:31:02.75",45893,0.03872871,0.04146576,-0.01048279,25.53914
"2025-04-08 17:31:02.8",45894,0.03796577,0.04206276,-0.01042366,25.53856
"2025-04-08 17:31:02.85",45895,0.03763962,0.0426712,-0.01079559,25.49136
"2025-04-08 17:31:02.9",45896,0.03734016,0.04225159,-0.009836197,25.51285
"2025-04-08 17:31:02.95",45897,0.03946686,0.04225349,-0.01046753,25.51249
"2025-04-08 17:31:03",45898,0.03881836,0.03931618,-0.01043892,25.51402
"2025-04-08 17:31:03.05",45899,0.04016876,0.0397625,-0.01005936,25.53422
"2025-04-08 17:31:03.1",45900,0.03932571,0.03912544,-0.01000977,25.56462
"2025-04-08 17:31:03.15",45901,0.03983116,0.03891754,-0.00994873,25.53493
"2025-04-08 17:31:03.2",45902,0.03909111,0.03886795,-0.00994873,25.53304
"2025-04-08 17:31:03.25",45903,0.03877831,0.03874016,-0.01177025,25.58514
"2025-04-08 17:31:03.3",45904,0.04000664,0.0382843,-0.008155823,25.58606
"2025-04-08 17:31:03.35",45905,0.04041481,0.03806877,-0.009077072,25.5629
"2025-04-08 17:31:03.4",45906,0.04051018,0.0385685,-0.009027481,25.56532
"2025-04-08 17:31:03.45",45907,0.04096985,0.04183006,-0.008831024,25.57274
"2025-04-08 17:31:03.5",45908,0.04149437,0.0388813,-0.01257896,25.53467
"2025-04-08 17:31:03.55",45909,0.04073334,0.03877449,-0.01272964,25.53412
"2025-04-08 17:31:03.6",45910,0.04076385,0.0368042,-0.009969711,25.56337
"2025-04-08 17:31:03.65",45911,0.04015923,0.03983116,-0.01292992,25.5634
"2025-04-08 17:31:03.7",45912,0.04001427,0.03939819,-0.01189804,25.58571
"2025-04-08 17:31:03.75",45913,0.0438385,0.03943253,-0.01011658,25.58979
"2025-04-08 17:31:03.8",45914,0.04003143,0.04037285,-0.007575989,25.57122
"2025-04-08 17:31:03.85",45915,0.03962898,0.03918266,-0.01031685,25.58692
"2025-04-08 17:31:03.9",45916,0.03926468,0.03969383,-0.008201599,25.54228
"2025-04-08 17:31:03.95",45917,0.03749657,0.03863335,-0.009880066,25.56425
"2025-04-08 17:31:04",45918,0.03637123,0.04184723,-0.01029396,25.58688
"2025-04-08 17:31:04.05",45919,0.03654671,0.03782082,-0.01010513,25.5862
"2025-04-08 17:31:04.1",45920,0.03609467,0.03778076,-0.01071167,25.61732
"2025-04-08 17:31:04.15",45921,0.03689194,0.04029465,-0.01053429,25.61642
"2025-04-08 17:31:04.2",45922,0.03390503,0.03772354,-0.01033211,25.56393
"2025-04-08 17:31:04.25",45923,0.03664589,0.03615952,-0.01041222,25.56484
"2025-04-08 17:31:04.3",45924,0.037117,0.03577042,-0.0105896,25.61777
"2025-04-08 17:31:04.35",45925,0.03695869,0.03604317,-0.007797241,25.56444
"2025-04-08 17:31:04.4",45926,0.03795433,0.03590775,-0.01104164,25.56597
"2025-04-08 17:31:04.45",45927,0.03693199,0.0357132,-0.01068687,25.61439
"2025-04-08 17:31:04.5",45928,0.03408241,0.03589249,-0.01099396,25.61514
"2025-04-08 17:31:04.55",45929,0.03724289,0.03564835,-0.01062965,25.61445
"2025-04-08 17:31:04.6",45930,0.03804779,0.03613091,-0.01036263,25.61466
"2025-04-08 17:31:04.65",45931,0.03565598,0.03591347,-0.01010895,25.61515
"2025-04-08 17:31:04.7",45932,0.03958511,0.039814,-0.00478363,25.57182
"2025-04-08 17:31:04.75",45933,0.03604889,0.03650093,-0.007184982,25.56479
"2025-04-08 17:31:04.8",45934,0.03609467,0.03686333,-0.007106781,25.59084
"2025-04-08 17:31:04.85",45935,0.03870201,0.04081154,-0.005369186,25.60332
"2025-04-08 17:31:04.9",45936,0.03502083,0.03587723,-0.007223129,25.55006
"2025-04-08 17:31:04.95",45937,0.03545761,0.03622055,-0.007991791,25.62012
"2025-04-08 17:31:05",45938,0.03441811,0.03562546,-0.007982254,25.60419
"2025-04-08 17:31:05.05",45939,0.03487968,0.03628731,-0.007686615,25.56644
"2025-04-08 17:31:05.1",45940,0.0344162,0.03962898,-0.007965088,25.58671
"2025-04-08 17:31:05.15",45941,0.03351784,0.0386219,-0.00545311,25.5425
"2025-04-08 17:31:05.2",45942,0.03385925,0.03938293,-0.008483887,25.56329
"2025-04-08 17:31:05.25",45943,0.03390503,0.03642273,-0.005363464,25.56178
"2025-04-08 17:31:05.3",45944,0.0305748,0.03595543,-0.005552292,25.56176
"2025-04-08 17:31:05.35",45945,0.03460121,0.03975868,-0.005590439,25.59728
"2025-04-08 17:31:05.4",45946,0.03156471,0.03940964,-0.007574081,25.58329
"2025-04-08 17:31:05.45",45947,0.0341835,0.03892899,-0.004060745,25.53336
"2025-04-08 17:31:05.5",45948,0.03119469,0.03824425,-0.003475189,25.54035
"2025-04-08 17:31:05.55",45949,0.03091049,0.03869438,-0.001995087,25.56348
"2025-04-08 17:31:05.6",45950,0.03026962,0.03958511,-0.003324509,25.58352
"2025-04-08 17:31:05.65",45951,0.03375816,0.04114723,-0.002904892,25.5844
"2025-04-08 17:31:05.7",45952,0.03081131,0.03830338,-0.006681442,25.58554
"2025-04-08 17:31:05.75",45953,0.03484726,0.04242706,-0.001140594,25.56933
"2025-04-08 17:31:05.8",45954,0.0311718,0.04095078,-0.007930756,25.56459
"2025-04-08 17:31:05.85",45955,0.03171921,0.03854942,-0.007804871,25.56385
"2025-04-08 17:31:05.9",45956,0.02903366,0.0382843,-0.005283356,25.5633
"2025-04-08 17:31:05.95",45957,0.03215599,0.03855133,-0.005735397,25.54264
"2025-04-08 17:31:06",45958,0.03211021,0.03923607,-0.008346558,25.58515
"2025-04-08 17:31:06.05",45959,0.02926254,0.03924179,-0.008104324,25.56261
"2025-04-08 17:31:06.1",45960,0.02918053,0.03919792,-0.008098602,25.56313
"2025-04-08 17:31:06.15",45961,0.03163528,0.0467701,-0.002447128,25.56965
"2025-04-08 17:31:06.2",45962,0.02844238,0.04101372,-0.002029419,25.5491
"2025-04-08 17:31:06.25",45963,0.02823639,0.04052734,-0.005121231,25.59081
"2025-04-08 17:31:06.3",45964,0.02798462,0.04081726,-0.00841713,25.54231
"2025-04-08 17:31:06.35",45965,0.03145218,0.04438591,-0.003736496,25.54871
"2025-04-08 17:31:06.4",45966,0.02774429,0.03977394,-0.007768631,25.53508
"2025-04-08 17:31:06.45",45967,0.02881241,0.04432487,-0.008329391,25.54137
"2025-04-08 17:31:06.5",45968,0.02819061,0.03965569,-0.007949829,25.54145
"2025-04-08 17:31:06.55",45969,0.02598,0.03891373,-0.008201599,25.54376
"2025-04-08 17:31:06.6",45970,0.02634621,0.03880882,-0.00799942,25.54098
"2025-04-08 17:31:06.65",45971,0.02940941,0.04143143,-0.005893707,25.55022
"2025-04-08 17:31:06.7",45972,0.02860451,0.03845024,-0.007883072,25.54078
"2025-04-08 17:31:06.75",45973,0.02863884,0.03853798,-0.007793427,25.53401
"2025-04-08 17:31:06.8",45974,0.02898407,0.04090691,-0.007698059,25.5411
"2025-04-08 17:31:06.85",45975,0.02949715,0.03806496,-0.007455826,25.54002
"2025-04-08 17:31:06.9",45976,0.02704048,0.03829956,-0.007293701,25.53985
"2025-04-08 17:31:06.95",45977,0.03103828,0.04123878,-0.007593155,25.56417
"2025-04-08 17:31:07",45978,0.03050423,0.04104805,-0.007377625,25.51714
"2025-04-08 17:31:07.05",45979,0.02820587,0.04115868,-0.006931305,25.54545
"2025-04-08 17:31:07.1",45980,0.02720833,0.03856659,-0.007936478,25.54797
"2025-04-08 17:31:07.15",45981,0.0271225,0.0385437,-0.007541656,25.54767
"2025-04-08 17:31:07.2",45982,0.02605247,0.04072952,-0.00761795,25.54541
"2025-04-08 17:31:07.25",45983,0.02599525,0.04073334,-0.007112503,25.54548
"2025-04-08 17:31:07.3",45984,0.02586937,0.04114914,-0.008150101,25.54417
"2025-04-08 17:31:07.35",45985,0.02568436,0.04106903,-0.008249283,25.54283
"2025-04-08 17:31:07.4",45986,0.02572632,0.04112434,-0.008150101,25.54123
"2025-04-08 17:31:07.45",45987,0.02560425,0.04120445,-0.007827759,25.54111
"2025-04-08 17:31:07.5",45988,0.02248192,0.04200172,-0.007419586,25.53884
"2025-04-08 17:31:07.55",45989,0.02839279,0.04148674,-0.007997513,25.56223
"2025-04-08 17:31:07.6",45990,0.02552223,0.04420853,-0.007854462,25.51018
"2025-04-08 17:31:07.65",45991,0.02901649,0.04525375,-0.004587173,25.51752
"2025-04-08 17:31:07.7",45992,0.02490616,0.04081154,-0.006629944,25.5387
"2025-04-08 17:31:07.75",45993,0.02453232,0.04115295,-0.006793976,25.53236
"2025-04-08 17:31:07.8",45994,0.02495575,0.0436058,-0.003341675,25.53936
"2025-04-08 17:31:07.85",45995,0.02534676,0.04368973,-0.003520966,25.53378
"2025-04-08 17:31:07.9",45996,0.02542686,0.04382896,-0.002513885,25.53378
"2025-04-08 17:31:07.95",45997,0.02642059,0.04438019,-0.002010345,25.51669
"2025-04-08 17:31:08",45998,0.02661514,0.04363823,-0.004396439,25.48992
"2025-04-08 17:31:08.05",45999,0.0256443,0.04439354,-0.005056381,25.51107
"2025-04-08 17:31:08.1",46000,0.02634811,0.04660416,-0.005027771,25.53422
"2025-04-08 17:31:08.15",46001,0.02625847,0.04567719,-0.004983902,25.50927
"2025-04-08 17:31:08.2",46002,0.02859116,0.04625702,-0.005289078,25.51025
"2025-04-08 17:31:08.25",46003,0.02853584,0.0465107,-0.005205154,25.5116
"2025-04-08 17:31:08.3",46004,0.02856445,0.04677773,-0.005498886,25.48908
"2025-04-08 17:31:08.35",46005,0.03231812,0.0478096,-0.002559662,25.5181
"2025-04-08 17:31:08.4",46006,0.0286808,0.04806709,-0.005311966,25.51139
"2025-04-08 17:31:08.45",46007,0.03151512,0.05262375,-0.002195358,25.54779
"2025-04-08 17:31:08.5",46008,0.02811432,0.04936981,-0.005144119,25.48946
"2025-04-08 17:31:08.55",46009,0.03462601,0.05724716,-0.001876831,25.51676
"2025-04-08 17:31:08.6",46010,0.02824593,0.0516758,-0.005647659,25.5123
"2025-04-08 17:31:08.65",46011,0.02804184,0.05059242,-0.005313873,25.49138
"2025-04-08 17:31:08.7",46012,0.0312748,0.05257797,-0.005279541,25.53517
"2025-04-08 17:31:08.75",46013,0.03154182,0.0498867,-0.006034851,25.5122
"2025-04-08 17:31:08.8",46014,0.03170776,0.05291939,-0.005783081,25.47704
"2025-04-08 17:31:08.85",46015,0.03473473,0.0515461,-0.002878189,25.51929
"2025-04-08 17:31:08.9",46016,0.03407288,0.04986,-0.007808685,25.4905
"2025-04-08 17:31:08.95",46017,0.03409004,0.0499649,-0.004993439,25.48906
"2025-04-08 17:31:09",46018,0.03397179,0.04924583,-0.003993988,25.51787
"2025-04-08 17:31:09.05",46019,0.03439522,0.04851913,-0.004692078,25.48807
"2025-04-08 17:31:09.1",46020,0.03486443,0.04879951,-0.004999161,25.49039
"2025-04-08 17:31:09.15",46021,0.03525543,0.04915237,-0.007310867,25.4901
"2025-04-08 17:31:09.2",46022,0.03811646,0.0478344,-0.005403519,25.49097
"2025-04-08 17:31:09.25",46023,0.03832245,0.04833031,-0.008016586,25.49156
"2025-04-08 17:31:09.3",46024,0.03816414,0.04813004,-0.007837296,25.49374
"2025-04-08 17:31:09.35",46025,0.03773499,0.04924393,-0.005397797,25.51633
"2025-04-08 17:31:09.4",46026,0.04012108,0.04894829,-0.008110046,25.49281
"2025-04-08 17:31:09.45",46027,0.03780937,0.04622269,-0.008098602,25.51478
"2025-04-08 17:31:09.5",46028,0.03805923,0.04931831,-0.007959366,25.49115
"2025-04-08 17:31:09.55",46029,0.03956032,0.04906082,-0.008441925,25.47619
"2025-04-08 17:31:09.6",46030,0.03924942,0.04933357,-0.005931854,25.51357
"2025-04-08 17:31:09.65",46031,0.03928185,0.04977036,-0.008457184,25.47515
"2025-04-08 17:31:09.7",46032,0.03870583,0.04909515,-0.00761795,25.47372
"2025-04-08 17:31:09.75",46033,0.03907394,0.05003738,-0.00799942,25.48917
"2025-04-08 17:31:09.8",46034,0.03847122,0.04985046,-0.005073547,25.47975
"2025-04-08 17:31:09.85",46035,0.03842926,0.04955292,-0.007762909,25.48944
"2025-04-08 17:31:09.9",46036,0.04184151,0.05257416,-0.004465103,25.52003
"2025-04-08 17:31:09.95",46037,0.03906059,0.04924965,-0.006685257,25.48862
"2025-04-08 17:31:10",46038,0.03797722,0.04925728,-0.005325317,25.4906
"2025-04-08 17:31:10.05",46039,0.0416851,0.04655266,-0.006261826,25.48933
"2025-04-08 17:31:10.1",46040,0.04112625,0.04852104,-0.006210327,25.48907
"2025-04-08 17:31:10.15",46041,0.04063988,0.04909515,-0.009651184,25.51114
"2025-04-08 17:31:10.2",46042,0.03931999,0.04845238,-0.00717926,25.51198
"2025-04-08 17:31:10.25",46043,0.03993034,0.04880905,-0.007501602,25.47459
"2025-04-08 17:31:10.3",46044,0.03915977,0.04883385,-0.01031685,25.48838
"2025-04-08 17:31:10.35",46045,0.03910255,0.04918861,-0.007919312,25.5323
"2025-04-08 17:31:10.4",46046,0.0399971,0.04899025,-0.01080322,25.51054
"2025-04-08 17:31:10.45",46047,0.03975868,0.04910088,-0.007217407,25.50938
"2025-04-08 17:31:10.5",46048,0.03958893,0.0492115,-0.007808685,25.48768
"2025-04-08 17:31:10.55",46049,0.039711,0.05528259,-0.006216049,25.51705
"2025-04-08 17:31:10.6",46050,0.03923035,0.04988861,-0.008083344,25.53419
"2025-04-08 17:31:10.65",46051,0.0382328,0.05032921,-0.00535202,25.51996
"2025-04-08 17:31:10.7",46052,0.03717041,0.05290985,-0.008083344,25.51163
"2025-04-08 17:31:10.75",46053,0.03650665,0.05150223,-0.008213043,25.4905
"2025-04-08 17:31:10.8",46054,0.04045105,0.0544548,-0.005016327,25.52084
"2025-04-08 17:31:10.85",46055,0.03643799,0.05345726,-0.008295059,25.51258
"2025-04-08 17:31:10.9",46056,0.03710365,0.05401993,-0.008081436,25.491
"2025-04-08 17:31:10.95",46057,0.03656197,0.05239105,-0.00809288,25.53468
"2025-04-08 17:31:11",46058,0.03760719,0.05253601,-0.008617401,25.51115
"2025-04-08 17:31:11.05",46059,0.03708649,0.05222321,-0.008573532,25.51136
"2025-04-08 17:31:11.1",46060,0.0334053,0.05195808,-0.008489609,25.51096
"2025-04-08 17:31:11.15",46061,0.03690147,0.05194283,-0.008049011,25.5116
"2025-04-08 17:31:11.2",46062,0.03617096,0.0490551,-0.008361816,25.51163
"2025-04-08 17:31:11.25",46063,0.03621674,0.048666,-0.008340836,25.51265
"2025-04-08 17:31:11.3",46064,0.03638458,0.04840088,-0.004802704,25.51387
"2025-04-08 17:31:11.35",46065,0.03728867,0.04868317,-0.007863998,25.51285
"2025-04-08 17:31:11.4",46066,0.03762245,0.04792786,-0.008106232,25.51341
"2025-04-08 17:31:11.45",46067,0.03847122,0.0453186,-0.007757187,25.51711
"2025-04-08 17:31:11.5",46068,0.03577042,0.04778099,-0.007936478,25.51575
"2025-04-08 17:31:11.55",46069,0.03853989,0.04847527,-0.005355835,25.56574
"2025-04-08 17:31:11.6",46070,0.03578568,0.04840088,-0.006105423,25.51612
"2025-04-08 17:31:11.65",46071,0.03857803,0.04827309,-0.005342484,25.51433
"2025-04-08 17:31:11.7",46072,0.03729439,0.04605675,-0.005224228,25.51456
"2025-04-08 17:31:11.75",46073,0.03708649,0.04546356,-0.005350113,25.51328
"2025-04-08 17:31:11.8",46074,0.03650665,0.04628181,-0.005746841,25.5122
"2025-04-08 17:31:11.85",46075,0.03655052,0.04616737,-0.005336761,25.54085
"2025-04-08 17:31:11.9",46076,0.03551865,0.04639244,-0.004720688,25.51276
"2025-04-08 17:31:11.95",46077,0.03631783,0.04395103,-0.004859924,25.51236
"2025-04-08 17:31:12",46078,0.03526497,0.0427742,-0.004886627,25.51134
"2025-04-08 17:31:12.05",46079,0.03286552,0.04673195,-0.005336761,25.56258
"2025-04-08 17:31:12.1",46080,0.03314018,0.04314041,-0.00444603,25.5129
"2025-04-08 17:31:12.15",46081,0.0326767,0.04590988,-0.00497818,25.50945
"2025-04-08 17:31:12.2",46082,0.03268242,0.04384995,-0.004156113,25.53999
"2025-04-08 17:31:12.25",46083,0.03037834,0.04344177,-0.001274109,25.54166
"2025-04-08 17:31:12.3",46084,0.03075027,0.04357147,-0.00462532,25.56224
"2025-04-08 17:31:12.35",46085,0.03095627,0.04610062,-0.001167297,25.54031
"2025-04-08 17:31:12.4",46086,0.0282917,0.04597855,-0.002223969,25.53226
"2025-04-08 17:31:12.45",46087,0.02765846,0.04952621,-0.004541397,25.5617
"2025-04-08 17:31:12.5",46088,0.03121185,0.04928398,-0.004291534,25.53897
"2025-04-08 17:31:12.55",46089,0.02770424,0.04971886,-0.004285812,25.53965
"2025-04-08 17:31:12.6",46090,0.03062439,0.05152893,-0.004922867,25.56113
"2025-04-08 17:31:12.65",46091,0.03034592,0.04953766,-0.004688263,25.54035
"2025-04-08 17:31:12.7",46092,0.03031731,0.05124474,-0.005641937,25.54041
"2025-04-08 17:31:12.75",46093,0.02821159,0.05160904,-0.005178452,25.5616
"2025-04-08 17:31:12.8",46094,0.03038979,0.0512886,-0.005765915,25.53442
"2025-04-08 17:31:12.85",46095,0.03163719,0.04928017,-0.006059647,25.54199
"2025-04-08 17:31:12.9",46096,0.0313282,0.05021667,-0.003828049,25.58549
"2025-04-08 17:31:12.95",46097,0.03157997,0.05373573,-0.003183365,25.5398
"2025-04-08 17:31:13",46098,0.03115654,0.05071449,-0.003387451,25.53911
"2025-04-08 17:31:13.05",46099,0.03117752,0.05361748,-0.003231049,25.56141
"2025-04-08 17:31:13.1",46100,0.02575493,0.05138397,-0.002655029,25.54025
"2025-04-08 17:31:13.15",46101,0.02820587,0.05494881,-0.003665924,25.53955
"2025-04-08 17:31:13.2",46102,0.0252533,0.05355644,-0.002918243,25.56335
"2025-04-08 17:31:13.25",46103,0.02534294,0.05221748,-0.003677368,25.56213
"2025-04-08 17:31:13.3",46104,0.02186966,0.05466843,-0.003128052,25.58572
"2025-04-08 17:31:13.35",46105,0.02185059,0.05456924,-0.002325058,25.56284
"2025-04-08 17:31:13.4",46106,0.01921654,0.05678368,-0.005414963,25.54
"2025-04-08 17:31:13.45",46107,0.02014351,0.0593605,-0.009075165,25.51045
"2025-04-08 17:31:13.5",46108,0.02059937,0.06188011,-0.008815765,25.51198
"2025-04-08 17:31:13.55",46109,0.02041245,0.06420898,-0.008556366,25.54012
"2025-04-08 17:31:13.6",46110,0.02428246,0.06703377,-0.01093102,25.51254
"2025-04-08 17:31:13.65",46111,0.02498436,0.07001495,-0.01368904,25.51164
"2025-04-08 17:31:13.7",46112,0.02784538,0.06979179,-0.01356697,25.51186
"2025-04-08 17:31:13.75",46113,0.02806854,0.07053566,-0.01350403,25.49054
"2025-04-08 17:31:13.8",46114,0.03258705,0.07244492,-0.01312637,25.51478
"2025-04-08 17:31:13.85",46115,0.03227806,0.07286835,-0.01324272,25.51866
"2025-04-08 17:31:13.9",46116,0.03412628,0.07243538,-0.01325607,25.49165
"2025-04-08 17:31:13.95",46117,0.03660011,0.08008385,-0.01382256,25.52158
"2025-04-08 17:31:14",46118,0.03596878,0.07554626,-0.0156002,25.47954
"2025-04-08 17:31:14.05",46119,0.03682518,0.07486153,-0.01567078,25.47588
"2025-04-08 17:31:14.1",46120,0.03856277,0.07492447,-0.0160923,25.49165
"2025-04-08 17:31:14.15",46121,0.03884125,0.07530594,-0.01597023,25.47572
"2025-04-08 17:31:14.2",46122,0.03776932,0.0725174,-0.01673508,25.47578
"2025-04-08 17:31:14.25",46123,0.038517,0.07294655,-0.01667213,25.48964
"2025-04-08 17:31:14.3",46124,0.03859138,0.07662201,-0.01657677,25.47438
"2025-04-08 17:31:14.35",46125,0.03868294,0.07673836,-0.01681137,25.48835
"2025-04-08 17:31:14.4",46126,0.03786278,0.07546616,-0.01581383,25.48862
"2025-04-08 17:31:14.45",46127,0.03843307,0.07621956,-0.0152874,25.48681
"2025-04-08 17:31:14.5",46128,0.03775215,0.07575035,-0.01478004,25.48746
"2025-04-08 17:31:14.55",46129,0.04057884,0.0760746,-0.01481247,25.48872
"2025-04-08 17:31:14.6",46130,0.03796577,0.07898903,-0.0145874,25.51073
"2025-04-08 17:31:14.65",46131,0.03795815,0.07622528,-0.01444817,25.4894
"2025-04-08 17:31:14.7",46132,0.03761864,0.07528114,-0.01578331,25.48804
"2025-04-08 17:31:14.75",46133,0.03826523,0.07663536,-0.01263428,25.51059
"2025-04-08 17:31:14.8",46134,0.03874016,0.07600212,-0.01288414,25.51225
"2025-04-08 17:31:14.85",46135,0.03840637,0.07557297,-0.01329803,25.51053
"2025-04-08 17:31:14.9",46136,0.03889275,0.07595253,-0.01375198,25.47286
"2025-04-08 17:31:14.95",46137,0.03910828,0.07646179,-0.01372528,25.4876
"2025-04-08 17:31:15",46138,0.03900337,0.07665443,-0.0136795,25.48789
"2025-04-08 17:31:15.05",46139,0.03917694,0.07593155,-0.01388931,25.50871
"2025-04-08 17:31:15.1",46140,0.0414772,0.07665634,-0.01311302,25.48793
"2025-04-08 17:31:15.15",46141,0.04149437,0.07492638,-0.01352119,25.47309
"2025-04-08 17:31:15.2",46142,0.0413723,0.07798576,-0.01101494,25.47283
"2025-04-08 17:31:15.25",46143,0.04113007,0.07421494,-0.01086235,25.51112
"2025-04-08 17:31:15.3",46144,0.04088402,0.07748222,-0.01075935,25.48878
"2025-04-08 17:31:15.35",46145,0.04123116,0.07440567,-0.01093292,25.47626
"2025-04-08 17:31:15.4",46146,0.04114723,0.07424355,-0.01111031,25.46094
"2025-04-08 17:31:15.45",46147,0.04179573,0.07365227,-0.01073074,25.49099
"2025-04-08 17:31:15.5",46148,0.04142761,0.07314873,-0.01133919,25.4619
"2025-04-08 17:31:15.55",46149,0.04175568,0.07281876,-0.01148224,25.47639
"2025-04-08 17:31:15.6",46150,0.04179573,0.07324219,-0.01164436,25.47545
"2025-04-08 17:31:15.65",46151,0.04176331,0.07280731,-0.01120949,25.46151
"2025-04-08 17:31:15.7",46152,0.04203415,0.0706234,-0.01173019,25.44485
"2025-04-08 17:31:15.75",46153,0.04173851,0.0730381,-0.008718491,25.44614
"2025-04-08 17:31:15.8",46154,0.04194641,0.07041931,-0.008729935,25.445
"2025-04-08 17:31:15.85",46155,0.04312897,0.07008934,-0.01098061,25.44524
"2025-04-08 17:31:15.9",46156,0.04480743,0.07072067,-0.008514404,25.46056
"2025-04-08 17:31:15.95",46157,0.04396629,0.07037354,-0.00812149,25.44615
"2025-04-08 17:31:16",46158,0.04711342,0.07181931,-0.007390976,25.45815
"2025-04-08 17:31:16.05",46159,0.04300117,0.06681061,-0.007804871,25.44926
"2025-04-08 17:31:16.1",46160,0.04228592,0.06644821,-0.007623672,25.46636
"2025-04-08 17:31:16.15",46161,0.04475403,0.06387329,-0.007678986,25.41908
"2025-04-08 17:31:16.2",46162,0.04247856,0.06389999,-0.007757187,25.42911
"2025-04-08 17:31:16.25",46163,0.04419518,0.06400108,-0.007324219,25.42583
"2025-04-08 17:31:16.3",46164,0.04143333,0.06173706,-0.005809784,25.44535
"2025-04-08 17:31:16.35",46165,0.04169083,0.06441307,-0.008346558,25.46069
"2025-04-08 17:31:16.4",46166,0.04141426,0.06144714,-0.00847435,25.42278
"2025-04-08 17:31:16.45",46167,0.04162407,0.06181145,-0.008317947,25.42184
"2025-04-08 17:31:16.5",46168,0.04164314,0.06172752,-0.005815506,25.44444
"2025-04-08 17:31:16.55",46169,0.04115868,0.06184387,-0.008274078,25.42188
"2025-04-08 17:31:16.6",46170,0.04398537,0.06195641,-0.008358002,25.42065
"2025-04-08 17:31:16.65",46171,0.04146576,0.06248856,-0.007646561,25.45709
"2025-04-08 17:31:16.7",46172,0.04856873,0.06891441,-0.004680634,25.42859
"2025-04-08 17:31:16.75",46173,0.04047775,0.06268883,-0.007101059,25.41189
"2025-04-08 17:31:16.8",46174,0.04030418,0.06262207,-0.007886887,25.45093
"2025-04-08 17:31:16.85",46175,0.04080772,0.06306267,-0.005699158,25.44285
"2025-04-08 17:31:16.9",46176,0.04364395,0.0651722,-0.006458282,25.44439
"2025-04-08 17:31:16.95",46177,0.04080582,0.06266975,-0.007110596,25.44505
"2025-04-08 17:31:17",46178,0.04110146,0.06235313,-0.007356644,25.41594
"2025-04-08 17:31:17.05",46179,0.04088402,0.06473351,-0.007575989,25.44503
"2025-04-08 17:31:17.1",46180,0.04138184,0.0622921,-0.007299423,25.42258
"2025-04-08 17:31:17.15",46181,0.04136086,0.06175995,-0.008226395,25.41486
"2025-04-08 17:31:17.2",46182,0.04198074,0.06205559,-0.008563995,25.42335
"2025-04-08 17:31:17.25",46183,0.04400253,0.06170082,-0.008399963,25.44552
"2025-04-08 17:31:17.3",46184,0.04524231,0.06638145,-0.006027222,25.43035
"2025-04-08 17:31:17.35",46185,0.0430336,0.06338501,-0.008617401,25.42393
"2025-04-08 17:31:17.4",46186,0.04204559,0.06334114,-0.009056091,25.44447
"2025-04-08 17:31:17.45",46187,0.04222488,0.06118202,-0.009326935,25.41391
"2025-04-08 17:31:17.5",46188,0.04238129,0.06292152,-0.008975983,25.42236
"2025-04-08 17:31:17.55",46189,0.04230499,0.06468201,-0.008846283,25.44511
"2025-04-08 17:31:17.6",46190,0.04146194,0.06168747,-0.008914948,25.41425
"2025-04-08 17:31:17.65",46191,0.04088402,0.06090164,-0.009140015,25.42181
"2025-04-08 17:31:17.7",46192,0.04091263,0.061203,-0.008283615,25.4157
"2025-04-08 17:31:17.75",46193,0.04084206,0.06029892,-0.01129341,25.42337
"2025-04-08 17:31:17.8",46194,0.04075623,0.05997467,-0.01110458,25.46044
"2025-04-08 17:31:17.85",46195,0.04109192,0.05966187,-0.008399963,25.46171
"2025-04-08 17:31:17.9",46196,0.04097366,0.0618515,-0.007106781,25.44779
"2025-04-08 17:31:17.95",46197,0.04126358,0.05891228,-0.01137733,25.41587
"2025-04-08 17:31:18",46198,0.04115295,0.05854607,-0.01072884,25.42274
"2025-04-08 17:31:18.05",46199,0.04283905,0.05898666,-0.009059906,25.44498
"2025-04-08 17:31:18.1",46200,0.04277229,0.05925751,-0.01081276,25.42362
"2025-04-08 17:31:18.15",46201,0.04315186,0.05925751,-0.008512497,25.47478
"2025-04-08 17:31:18.2",46202,0.04359818,0.05892372,-0.008468628,25.44507
"2025-04-08 17:31:18.25",46203,0.04363251,0.05944824,-0.008558273,25.44814
"2025-04-08 17:31:18.3",46204,0.04322433,0.05918694,-0.009059906,25.47547
"2025-04-08 17:31:18.35",46205,0.04278564,0.05871773,-0.008239746,25.47707
"2025-04-08 17:31:18.4",46206,0.04012108,0.05910683,-0.007637024,25.46333
"2025-04-08 17:31:18.45",46207,0.04117584,0.05648232,-0.008199692,25.44763
"2025-04-08 17:31:18.5",46208,0.04158974,0.0558815,-0.008701324,25.4774
"2025-04-08 17:31:18.55",46209,0.03889847,0.05581284,-0.005641937,25.47786
"2025-04-08 17:31:18.6",46210,0.04123116,0.05625534,-0.008590698,25.46259
"2025-04-08 17:31:18.65",46211,0.03847694,0.05368996,-0.00535202,25.47523
"2025-04-08 17:31:18.7",46212,0.03895378,0.05614471,-0.006435394,25.48942
"2025-04-08 17:31:18.75",46213,0.04105186,0.05335999,-0.004152298,25.5217
"2025-04-08 17:31:18.8",46214,0.04118156,0.05472565,-0.005451202,25.53297
"2025-04-08 17:31:18.85",46215,0.03804779,0.0542717,-0.005832672,25.48653
"2025-04-08 17:31:18.9",46216,0.04044533,0.05365944,-0.005384445,25.48781
"2025-04-08 17:31:18.95",46217,0.04109192,0.05337906,-0.002178192,25.51088
"2025-04-08 17:31:19",46218,0.03824806,0.0517025,-0.005374908,25.48574
"2025-04-08 17:31:19.05",46219,0.04109001,0.05199432,-0.00255394,25.50876
"2025-04-08 17:31:19.1",46220,0.04164886,0.05452919,-0.00261116,25.48526
"2025-04-08 17:31:19.15",46221,0.03827286,0.05166817,-0.002490997,25.50784
"2025-04-08 17:31:19.2",46222,0.03857994,0.05238533,-0.001871109,25.53812
"2025-04-08 17:31:19.25",46223,0.03780174,0.05149651,-0.002279282,25.53907
"2025-04-08 17:31:19.3",46224,0.04136467,0.05243874,-0.001190186,25.49483
"2025-04-08 17:31:19.35",46225,0.03789139,0.04842377,-0.002122879,25.53968
"2025-04-08 17:31:19.4",46226,0.03849602,0.04878807,0.0002593994,25.53947
"2025-04-08 17:31:19.45",46227,0.03827667,0.04876137,-0.002786636,25.48882
"2025-04-08 17:31:19.5",46228,0.04103661,0.04846954,-0.002866745,25.5406
"2025-04-08 17:31:19.55",46229,0.03855133,0.04830742,-0.003005981,25.50984
"2025-04-08 17:31:19.6",46230,0.03792381,0.05000496,-0.004034042,25.51125
"2025-04-08 17:31:19.65",46231,0.04209709,0.05404282,-0.0007572174,25.54129
"2025-04-08 17:31:19.7",46232,0.03921509,0.05121803,-0.004117966,25.51218
"2025-04-08 17:31:19.75",46233,0.04157066,0.05427361,0.001394272,25.51897
"2025-04-08 17:31:19.8",46234,0.039217,0.05196953,-0.004419327,25.51174
"2025-04-08 17:31:19.85",46235,0.03934288,0.0513916,-0.004140854,25.56065
"2025-04-08 17:31:19.9",46236,0.03920555,0.05093193,-0.003406525,25.5106
"2025-04-08 17:31:19.95",46237,0.03604889,0.05323219,-0.003353119,25.53806
"2025-04-08 17:31:20",46238,0.03845978,0.04948997,-0.003665924,25.50893
"2025-04-08 17:31:20.05",46239,0.03887939,0.04904938,-0.003429413,25.53913
"2025-04-08 17:31:20.1",46240,0.03911018,0.05180168,-0.003761292,25.53234
"2025-04-08 17:31:20.15",46241,0.0384388,0.05056381,-0.003267288,25.53216
"2025-04-08 17:31:20.2",46242,0.03554535,0.05106735,-0.003067017,25.49139
"2025-04-08 17:31:20.25",46243,0.03868484,0.051054,-0.003229141,25.49033
"2025-04-08 17:31:20.3",46244,0.03683662,0.04989815,-0.002994537,25.51179
"2025-04-08 17:31:20.35",46245,0.03944969,0.05038452,-0.003665924,25.49061
"2025-04-08 17:31:20.4",46246,0.04036522,0.05012131,-0.003469467,25.53575
"2025-04-08 17:31:20.45",46247,0.03805542,0.05045128,-0.003318787,25.51379
"2025-04-08 17:31:20.5",46248,0.04053497,0.05071831,-0.003990173,25.54261
"2025-04-08 17:31:20.55",46249,0.04111481,0.0550766,-0.0009212494,25.52268
"2025-04-08 17:31:20.6",46250,0.03994179,0.05547142,-0.001792908,25.55061
"2025-04-08 17:31:20.65",46251,0.03743935,0.05081558,-0.002962112,25.51288
"2025-04-08 17:31:20.7",46252,0.03676796,0.05426598,-0.002840042,25.56296
"2025-04-08 17:31:20.75",46253,0.03990746,0.05629349,-0.003614426,25.51775
"2025-04-08 17:31:20.8",46254,0.03641891,0.05408096,-0.00287056,25.53439
"2025-04-08 17:31:20.85",46255,0.03555298,0.05347443,-0.006229401,25.5348
"2025-04-08 17:31:20.9",46256,0.0384407,0.05382919,-0.005647659,25.48837
"2025-04-08 17:31:20.95",46257,0.03539085,0.05081558,-0.00510025,25.53481
"2025-04-08 17:31:21",46258,0.04162216,0.05731583,-0.002708435,25.54094
"2025-04-08 17:31:21.05",46259,0.0352211,0.05332375,-0.005710602,25.56282
"2025-04-08 17:31:21.1",46260,0.04065132,0.0537796,-0.006000519,25.49093
"2025-04-08 17:31:21.15",46261,0.0352726,0.05119896,-0.005590439,25.48907
"2025-04-08 17:31:21.2",46262,0.03520966,0.05424309,-0.005989075,25.5097
"2025-04-08 17:31:21.25",46263,0.03824234,0.05698013,-0.004156113,25.51794
"2025-04-08 17:31:21.3",46264,0.03834343,0.05476379,-0.005167007,25.47194
"2025-04-08 17:31:21.35",46265,0.03827286,0.05688477,-0.007965088,25.47087
"2025-04-08 17:31:21.4",46266,0.03564644,0.05718231,-0.007450104,25.48512
"2025-04-08 17:31:21.45",46267,0.03765297,0.05437279,-0.007514954,25.47091
"2025-04-08 17:31:21.5",46268,0.03841591,0.0568924,-0.004814148,25.47189
"2025-04-08 17:31:21.55",46269,0.04196358,0.05852127,-0.00320816,25.48073
"2025-04-08 17:31:21.6",46270,0.0382061,0.05407715,-0.005062103,25.47511
"2025-04-08 17:31:21.65",46271,0.03533936,0.05347824,-0.008207321,25.45929
"2025-04-08 17:31:21.7",46272,0.03536606,0.05364227,-0.005653381,25.48958
"2025-04-08 17:31:21.75",46273,0.03477669,0.05416489,-0.005451202,25.48924
"2025-04-08 17:31:21.8",46274,0.03536034,0.05441856,-0.006383896,25.49066
"2025-04-08 17:31:21.85",46275,0.03790665,0.05488777,-0.00585556,25.45877
"2025-04-08 17:31:21.9",46276,0.03870773,0.05295372,-0.006391525,25.47526
"2025-04-08 17:31:21.95",46277,0.03829765,0.05241203,-0.006635666,25.45907
"2025-04-08 17:31:22",46278,0.03897667,0.05614471,-0.00345993,25.4884
"2025-04-08 17:31:22.05",46279,0.03645706,0.05330086,-0.006793976,25.44403
"2025-04-08 17:31:22.1",46280,0.03674698,0.05556107,-0.006418228,25.45826
"2025-04-08 17:31:22.15",46281,0.03923607,0.05841637,-0.003170013,25.49488
"2025-04-08 17:31:22.2",46282,0.03973007,0.0532093,-0.006149292,25.45834
"2025-04-08 17:31:22.25",46283,0.03573036,0.05196571,-0.006319046,25.4884
"2025-04-08 17:31:22.3",46284,0.03622627,0.05190468,-0.006212234,25.44498
"2025-04-08 17:31:22.35",46285,0.03788567,0.05138397,-0.006017685,25.51221
"2025-04-08 17:31:22.4",46286,0.03597069,0.05083656,-0.005994797,25.49036
"2025-04-08 17:31:22.45",46287,0.03907967,0.05137253,-0.006217957,25.44444
"2025-04-08 17:31:22.5",46288,0.0395546,0.04868126,-0.005872726,25.46254
"2025-04-08 17:31:22.55",46289,0.03978539,0.04829597,-0.004213333,25.45842
"2025-04-08 17:31:22.6",46290,0.03974152,0.04775429,-0.006355286,25.47458
"2025-04-08 17:31:22.65",46291,0.04074097,0.0479126,-0.00582695,25.47453
"2025-04-08 17:31:22.7",46292,0.04300117,0.04801559,-0.004060745,25.48894
"2025-04-08 17:31:22.75",46293,0.04002953,0.04858208,-0.003206253,25.46162
"2025-04-08 17:31:22.8",46294,0.04299545,0.04549789,-0.006093979,25.48026
"2025-04-08 17:31:22.85",46295,0.03945541,0.04989433,-0.0002593994,25.48401
"2025-04-08 17:31:22.9",46296,0.0387516,0.04503059,-0.006044388,25.4622
"2025-04-08 17:31:22.95",46297,0.04131699,0.04553604,-0.005361557,25.46178
"2025-04-08 17:31:23",46298,0.04205894,0.04261208,-0.006637573,25.49268
"2025-04-08 17:31:23.05",46299,0.04442978,0.04238701,-0.006261826,25.49205
"2025-04-08 17:31:23.1",46300,0.04396248,0.04601288,-0.003007889,25.48097
"2025-04-08 17:31:23.15",46301,0.04047585,0.0416317,-0.006174088,25.47506
"2025-04-08 17:31:23.2",46302,0.04383278,0.04598999,-0.006191254,25.48833
"2025-04-08 17:31:23.25",46303,0.04157066,0.04561043,-0.006511688,25.48886
"2025-04-08 17:31:23.3",46304,0.04054451,0.04792595,-0.006406784,25.48836
"2025-04-08 17:31:23.35",46305,0.04089737,0.04569817,-0.005474091,25.47441
"2025-04-08 17:31:23.4",46306,0.04030991,0.04602814,-0.005313873,25.48792
"2025-04-08 17:31:23.45",46307,0.03748512,0.0452404,-0.004592896,25.47021
"2025-04-08 17:31:23.5",46308,0.03730583,0.04516983,-0.004436493,25.50877
"2025-04-08 17:31:23.55",46309,0.03712654,0.04594994,-0.004430771,25.48788
"2025-04-08 17:31:23.6",46310,0.03683472,0.04583931,-0.004981995,25.48807
"2025-04-08 17:31:23.65",46311,0.03915405,0.04659462,-0.00520134,25.50993
"2025-04-08 17:31:23.7",46312,0.03518295,0.04519081,-0.002418518,25.51069
"2025-04-08 17:31:23.75",46313,0.03504181,0.04633141,-0.002437592,25.48698
"2025-04-08 17:31:23.8",46314,0.03527641,0.04561424,-0.003011703,25.48711
"2025-04-08 17:31:23.85",46315,0.03571892,0.04601097,-0.003364563,25.51018
"2025-04-08 17:31:23.9",46316,0.03524017,0.0459938,-0.002916336,25.48795
"2025-04-08 17:31:23.95",46317,0.03491974,0.04581833,-0.002576828,25.45936
"2025-04-08 17:31:24",46318,0.03489304,0.04356003,-0.002866745,25.49453
"2025-04-08 17:31:24.05",46319,0.03500366,0.04637337,-0.003225327,25.48784
"2025-04-08 17:31:24.1",46320,0.03450012,0.04643059,-0.002767563,25.51122
"2025-04-08 17:31:24.15",46321,0.03562546,0.04687691,-0.003889084,25.51129
"2025-04-08 17:31:24.2",46322,0.03498268,0.0468235,-0.003458023,25.48898
"2025-04-08 17:31:24.25",46323,0.03585815,0.04817963,-0.004201889,25.48767
"2025-04-08 17:31:24.3",46324,0.03818893,0.04772186,-0.00419426,25.53299
"2025-04-08 17:31:24.35",46325,0.03520393,0.04768181,-0.004747391,25.48949
"2025-04-08 17:31:24.4",46326,0.03628159,0.04633522,-0.003585815,25.48923
"2025-04-08 17:31:24.45",46327,0.03599167,0.04691124,-0.004257202,25.51013
"2025-04-08 17:31:24.5",46328,0.03838348,0.04747391,-0.004116058,25.47257
"2025-04-08 17:31:24.55",46329,0.03878975,0.04650307,-0.003694534,25.50841
"2025-04-08 17:31:24.6",46330,0.03870201,0.04576111,-0.003562927,25.48696
"2025-04-08 17:31:24.65",46331,0.03838348,0.04585648,-0.003608704,25.50906
"2025-04-08 17:31:24.7",46332,0.03840637,0.0459671,-0.0007839203,25.5093
"2025-04-08 17:31:24.75",46333,0.03859138,0.04298592,-0.002765656,25.51031
"2025-04-08 17:31:24.8",46334,0.04167366,0.04319,-0.0006313324,25.4891
"2025-04-08 17:31:24.85",46335,0.04783821,0.04848099,0.002260208,25.49488
"2025-04-08 17:31:24.9",46336,0.04226494,0.04240036,-0.000787735,25.51266
"2025-04-08 17:31:24.95",46337,0.04260635,0.04170609,-0.003448486,25.49082
"2025-04-08 17:31:25",46338,0.04585457,0.04675865,-0.0006999969,25.52477
"2025-04-08 17:31:25.05",46339,0.04244995,0.04474449,-0.003810883,25.49227
"2025-04-08 17:31:25.1",46340,0.04224205,0.0447731,-0.003469467,25.49258
"2025-04-08 17:31:25.15",46341,0.04546547,0.0488205,-0.001810074,25.52154
"2025-04-08 17:31:25.2",46342,0.04179955,0.04798889,-0.005872726,25.49046
"2025-04-08 17:31:25.25",46343,0.04138184,0.04547119,-0.006418228,25.47533
"2025-04-08 17:31:25.3",46344,0.04144859,0.04566002,-0.00592041,25.47452
"2025-04-08 17:31:25.35",46345,0.04403496,0.04818535,-0.003032684,25.47966
"2025-04-08 17:31:25.4",46346,0.03847122,0.04561424,-0.005931854,25.47412
"2025-04-08 17:31:25.45",46347,0.04059982,0.04574013,-0.005468369,25.51005
"2025-04-08 17:31:25.5",46348,0.03960037,0.04560852,-0.005714417,25.4739
"2025-04-08 17:31:25.55",46349,0.04161644,0.04897308,-0.002527237,25.49736
"2025-04-08 17:31:25.6",46350,0.03714943,0.04602432,-0.005094528,25.51147
"2025-04-08 17:31:25.65",46351,0.03780174,0.04556656,-0.004814148,25.51035
"2025-04-08 17:31:25.7",46352,0.03807068,0.04605293,-0.005174637,25.50977
"2025-04-08 17:31:25.75",46353,0.03808784,0.04597282,-0.002832413,25.53844
"2025-04-08 17:31:25.8",46354,0.03563118,0.04923439,-0.004793167,25.50796
"2025-04-08 17:31:25.85",46355,0.03794861,0.04862022,-0.002414703,25.48621
"2025-04-08 17:31:25.9",46356,0.0349865,0.04892731,-0.001626968,25.53183
"2025-04-08 17:31:25.95",46357,0.03439713,0.04658699,-0.001983643,25.53772
"2025-04-08 17:31:26",46358,0.03997612,0.05138397,-0.002386093,25.53862
"2025-04-08 17:31:26.05",46359,0.03501129,0.04481125,-0.002882004,25.53822
"2025-04-08 17:31:26.1",46360,0.03473091,0.04601097,-0.003240585,25.51015
"2025-04-08 17:31:26.15",46361,0.03237915,0.0479393,-0.003726959,25.53368
"2025-04-08 17:31:26.2",46362,0.03495979,0.048666,-0.003385544,25.56275
"2025-04-08 17:31:26.25",46363,0.03898621,0.05075836,0,25.53999
"2025-04-08 17:31:26.3",46364,0.03923607,0.05513191,-0.0007343292,25.56934
"2025-04-08 17:31:26.35",46365,0.03693581,0.05451202,-0.00135994,25.57074
"2025-04-08 17:31:26.4",46366,0.03491402,0.04959106,-0.002096176,25.56132
"2025-04-08 17:31:26.45",46367,0.03972435,0.05517578,-0.00135994,25.56903
"2025-04-08 17:31:26.5",46368,0.03536606,0.05324554,-0.004074097,25.56031
"2025-04-08 17:31:26.55",46369,0.03271294,0.05317879,-0.000207901,25.56886
"2025-04-08 17:31:26.6",46370,0.03266525,0.05248642,-0.003206253,25.56277
"2025-04-08 17:31:26.65",46371,0.03588676,0.05459976,-0.0002479553,25.56963
"2025-04-08 17:31:26.7",46372,0.03296661,0.04897308,-0.002988815,25.56113
"2025-04-08 17:31:26.75",46373,0.03227806,0.05130196,-0.003782272,25.56286
"2025-04-08 17:31:26.8",46374,0.0355587,0.05134964,-0.005023956,25.56277
"2025-04-08 17:31:26.85",46375,0.03596115,0.05637169,-0.001077652,25.56931
"2025-04-08 17:31:26.9",46376,0.03936768,0.05635071,-0.001325607,25.54674
"2025-04-08 17:31:26.95",46377,0.03584099,0.05280304,-0.003541946,25.58212
"2025-04-08 17:31:27",46378,0.03627205,0.05111694,-0.002916336,25.58277
"2025-04-08 17:31:27.05",46379,0.04177284,0.05730629,-0.003929138,25.5688
"2025-04-08 17:31:27.1",46380,0.03742981,0.05074692,-0.003158569,25.56259
"2025-04-08 17:31:27.15",46381,0.04134369,0.05752373,-0.003240585,25.57071
"2025-04-08 17:31:27.2",46382,0.04218483,0.05479622,-0.002826691,25.57382
"2025-04-08 17:31:27.25",46383,0.03333282,0.04988289,-0.005519867,25.5875
"2025-04-08 17:31:27.3",46384,0.03635025,0.05016708,-0.005256653,25.59004
"2025-04-08 17:31:27.35",46385,0.03310013,0.04974937,-0.006004333,25.56452
"2025-04-08 17:31:27.4",46386,0.03708076,0.05034637,-0.005838394,25.56601
"2025-04-08 17:31:27.45",46387,0.0367794,0.05058479,-0.006006241,25.56487
"2025-04-08 17:31:27.5",46388,0.03693771,0.04764175,-0.006412506,25.58627
"2025-04-08 17:31:27.55",46389,0.03676796,0.05085945,-0.005922318,25.56293
"2025-04-08 17:31:27.6",46390,0.03621674,0.0479393,-0.005867004,25.5608
"2025-04-08 17:31:27.65",46391,0.03575134,0.04848671,-0.006217957,25.53964
"2025-04-08 17:31:27.7",46392,0.03563118,0.04850769,-0.005624771,25.56193
"2025-04-08 17:31:27.75",46393,0.0357132,0.04877663,-0.005815506,25.58157
"2025-04-08 17:31:27.8",46394,0.03532219,0.0485096,-0.004798889,25.55963
"2025-04-08 17:31:27.85",46395,0.03380775,0.04864883,-0.004808426,25.5593
"2025-04-08 17:31:27.9",46396,0.03420067,0.04528618,-0.00475502,25.56095
"2025-04-08 17:31:27.95",46397,0.03383636,0.04585648,-0.00459671,25.56097
"2025-04-08 17:31:28",46398,0.03373146,0.0454464,-0.003759384,25.5591
"2025-04-08 17:31:28.05",46399,0.03452492,0.04583931,-0.004274368,25.58192
"2025-04-08 17:31:28.1",46400,0.03509903,0.04550934,-0.004652023,25.5605
"2025-04-08 17:31:28.15",46401,0.03535652,0.04535866,-0.004932404,25.55961
"2025-04-08 17:31:28.2",46402,0.03289795,0.04603958,-0.005233765,25.61012
"2025-04-08 17:31:28.25",46403,0.0324173,0.04527092,-0.004802704,25.55865
"2025-04-08 17:31:28.3",46404,0.03202248,0.04553604,-0.005102158,25.61202
"2025-04-08 17:31:28.35",46405,0.03522682,0.04859161,-0.005271912,25.579
"2025-04-08 17:31:28.4",46406,0.03242302,0.04884529,-0.006101608,25.55937
"2025-04-08 17:31:28.45",46407,0.03546143,0.04650497,-0.005512238,25.55984
"2025-04-08 17:31:28.5",46408,0.03238678,0.04582214,-0.006464005,25.58325
"2025-04-08 17:31:28.55",46409,0.03224945,0.04569435,-0.003055573,25.56254
"2025-04-08 17:31:28.6",46410,0.03268051,0.04887772,-0.003868103,25.56054
"2025-04-08 17:31:28.65",46411,0.03574562,0.05298042,-0.0002765656,25.59181
"2025-04-08 17:31:28.7",46412,0.03590965,0.05019569,-0.0006771088,25.60741
"2025-04-08 17:31:28.75",46413,0.03248024,0.04676628,-0.004297256,25.56126
"2025-04-08 17:31:28.8",46414,0.0354023,0.04947281,-0.004095078,25.58176
"2025-04-08 17:31:28.85",46415,0.03277588,0.04929543,-0.004247665,25.61335
"2025-04-08 17:31:28.9",46416,0.03307343,0.0502243,-0.004049301,25.59772
"2025-04-08 17:31:28.95",46417,0.03579712,0.04938507,-0.003789902,25.56007
"2025-04-08 17:31:29",46418,0.03266525,0.0497036,-0.0009346008,25.59608
"2025-04-08 17:31:29.05",46419,0.03230858,0.05212021,-0.003480911,25.56092
"2025-04-08 17:31:29.1",46420,0.03203201,0.04939461,-0.0008068085,25.59674
"2025-04-08 17:31:29.15",46421,0.03248596,0.05138397,-0.0005664825,25.56042
"2025-04-08 17:31:29.2",46422,0.03499794,0.05137825,-0.0001964569,25.61363
"2025-04-08 17:31:29.25",46423,0.03231812,0.05119896,-0.0009231567,25.61366
"2025-04-08 17:31:29.3",46424,0.03347015,0.04935646,-0.0008449554,25.5834
"2025-04-08 17:31:29.35",46425,0.03663063,0.05015182,-0.0005283356,25.58466
"2025-04-08 17:31:29.4",46426,0.03654671,0.05032349,-0.0006427765,25.61613
"2025-04-08 17:31:29.45",46427,0.03701591,0.05162621,-0.003599167,25.56355
"2025-04-08 17:31:29.5",46428,0.03777885,0.05488205,-0.00425148,25.61507
"2025-04-08 17:31:29.55",46429,0.03819275,0.05277634,-0.004188538,25.58524
"2025-04-08 17:31:29.6",46430,0.03721428,0.05357361,-0.003406525,25.61443
"2025-04-08 17:31:29.65",46431,0.03403664,0.05316734,-0.005914688,25.56308
"2025-04-08 17:31:29.7",46432,0.033535,0.05343437,-0.005746841,25.58492
"2025-04-08 17:31:29.75",46433,0.03259087,0.05384254,-0.00869751,25.564
"2025-04-08 17:31:29.8",46434,0.03321266,0.051054,-0.008363724,25.54102
"2025-04-08 17:31:29.85",46435,0.02996254,0.05125237,-0.009199142,25.56229
"2025-04-08 17:31:29.9",46436,0.02968788,0.05353355,-0.01170158,25.56364
"2025-04-08 17:31:29.95",46437,0.02930832,0.05084419,-0.01102448,25.56329
"2025-04-08 17:31:30",46438,0.02921104,0.05077744,-0.01071739,25.58412
"2025-04-08 17:31:30.05",46439,0.02920151,0.05364799,-0.01137161,25.61388
"2025-04-08 17:31:30.1",46440,0.03186035,0.05004501,-0.0125885,25.58318
"2025-04-08 17:31:30.15",46441,0.02828026,0.05380249,-0.01126099,25.5955
"2025-04-08 17:31:30.2",46442,0.03217316,0.05650139,-0.01047134,25.58048
"2025-04-08 17:31:30.25",46443,0.03256798,0.05389214,-0.01278496,25.55832
"2025-04-08 17:31:30.3",46444,0.03135872,0.05648804,-0.01226616,25.57893
"2025-04-08 17:31:30.35",46445,0.03193092,0.05631447,-0.01254654,25.59502
"2025-04-08 17:31:30.4",46446,0.03447342,0.05637169,-0.01224518,25.58045
"2025-04-08 17:31:30.45",46447,0.03515053,0.05573463,-0.01260185,25.55946
"2025-04-08 17:31:30.5",46448,0.03460693,0.05863762,-0.01320457,25.59772
"2025-04-08 17:31:30.55",46449,0.03421593,0.0558033,-0.01375198,25.56135
"2025-04-08 17:31:30.6",46450,0.03496552,0.05888557,-0.01352119,25.56169
"2025-04-08 17:31:30.65",46451,0.03756714,0.05841637,-0.01454926,25.58311
"2025-04-08 17:31:30.7",46452,0.03535461,0.05942726,-0.01378632,25.58255
"2025-04-08 17:31:30.75",46453,0.03847885,0.05897522,-0.01808548,25.5811
"2025-04-08 17:31:30.8",46454,0.03525543,0.06299019,-0.0179081,25.58198
"2025-04-08 17:31:30.85",46455,0.03582954,0.06277847,-0.01741409,25.61224
"2025-04-08 17:31:30.9",46456,0.03578186,0.06277847,-0.01996803,25.56105
"2025-04-08 17:31:30.95",46457,0.03590393,0.06395149,-0.01740265,25.61284
"2025-04-08 17:31:31",46458,0.03536606,0.06499863,-0.01736069,25.56114
"2025-04-08 17:31:31.05",46459,0.03776741,0.06330872,-0.01982117,25.5818
"2025-04-08 17:31:31.1",46460,0.03507614,0.06222343,-0.0194931,25.54002
"2025-04-08 17:31:31.15",46461,0.03438377,0.06207275,-0.01947594,25.53931
"2025-04-08 17:31:31.2",46462,0.03252983,0.06490517,-0.01924133,25.53252
"2025-04-08 17:31:31.25",46463,0.03922462,0.06648064,-0.01621437,25.49719
"2025-04-08 17:31:31.3",46464,0.03602028,0.06465912,-0.0193367,25.51075
"2025-04-08 17:31:31.35",46465,0.03192329,0.06464958,-0.0170536,25.55904
"2025-04-08 17:31:31.4",46466,0.03285027,0.06381607,-0.01654243,25.50845
"2025-04-08 17:31:31.45",46467,0.0331459,0.06550789,-0.01699638,25.53603
"2025-04-08 17:31:31.5",46468,0.0339222,0.06651306,-0.01356697,25.53079
"2025-04-08 17:31:31.55",46469,0.03411484,0.06686974,-0.01594162,25.53397
"2025-04-08 17:31:31.6",46470,0.03283882,0.06416321,-0.01399612,25.51155
"2025-04-08 17:31:31.65",46471,0.03297043,0.06314468,-0.01276207,25.5324
"2025-04-08 17:31:31.7",46472,0.03072166,0.06631279,-0.01335335,25.51406
"2025-04-08 17:31:31.75",46473,0.03119469,0.06580544,-0.01284599,25.51514
"2025-04-08 17:31:31.8",46474,0.03428268,0.06585312,-0.01326561,25.51541
"2025-04-08 17:31:31.85",46475,0.0316658,0.06721687,-0.01187325,25.54217
"2025-04-08 17:31:31.9",46476,0.03150177,0.06686401,-0.01087952,25.51346
"2025-04-08 17:31:31.95",46477,0.03103828,0.06384468,-0.01162529,25.56236
"2025-04-08 17:31:32",46478,0.03240013,0.0642395,-0.01075363,25.53997
"2025-04-08 17:31:32.05",46479,0.03043556,0.06417274,-0.01100922,25.5108
"2025-04-08 17:31:32.1",46480,0.02929497,0.06686974,-0.01082611,25.53407
"2025-04-08 17:31:32.15",46481,0.02908516,0.06609535,-0.01131058,25.51081
"2025-04-08 17:31:32.2",46482,0.03199005,0.06425667,-0.008384705,25.51067
"2025-04-08 17:31:32.25",46483,0.02941513,0.06415176,-0.009244919,25.52901
"2025-04-08 17:31:32.3",46484,0.02854156,0.06389618,-0.008289337,25.53874
"2025-04-08 17:31:32.35",46485,0.03223801,0.06482315,-0.007768631,25.53777
"2025-04-08 17:31:32.4",46486,0.0324955,0.06449318,-0.007452011,25.55786
"2025-04-08 17:31:32.45",46487,0.03278732,0.06458664,-0.004274368,25.55801
"2025-04-08 17:31:32.5",46488,0.03230858,0.06484413,-0.004234314,25.53502
"2025-04-08 17:31:32.55",46489,0.03443909,0.06196785,-0.00459671,25.55722
"2025-04-08 17:31:32.6",46490,0.03495026,0.06173706,-0.004301071,25.50774
"2025-04-08 17:31:32.65",46491,0.03186989,0.06139755,-0.002487183,25.53711
"2025-04-08 17:31:32.7",46492,0.03281593,0.05904198,-0.004384995,25.53041
"2025-04-08 17:31:32.75",46493,0.03209305,0.05893135,-0.002235413,25.56172
"2025-04-08 17:31:32.8",46494,0.02951622,0.05519867,-0.002641678,25.53859
"2025-04-08 17:31:32.85",46495,0.03260994,0.05567932,-0.003334045,25.533
"2025-04-08 17:31:32.9",46496,0.03274918,0.05629921,-0.0002288818,25.53789
"2025-04-08 17:31:32.95",46497,0.03244781,0.05551338,-0.0009727478,25.51072
"2025-04-08 17:31:33",46498,0.03021431,0.05686378,-0.001047134,25.53873
"2025-04-08 17:31:33.05",46499,0.02963829,0.05781746,-0.001337051,25.55942
"2025-04-08 17:31:33.1",46500,0.02934074,0.05740929,-0.00135994,25.5602
"2025-04-08 17:31:33.15",46501,0.02937889,0.05771255,-0.0008277893,25.5394
"2025-04-08 17:31:33.2",46502,0.02968216,0.05785561,-0.0007286072,25.56158
"2025-04-08 17:31:33.25",46503,0.02983856,0.05766106,-0.001142502,25.55997
"2025-04-08 17:31:33.3",46504,0.02991104,0.05755424,-0.0008544922,25.51057
"2025-04-08 17:31:33.35",46505,0.02934074,0.05984688,-0.001117706,25.56109
"2025-04-08 17:31:33.4",46506,0.02955246,0.05947876,-0.001235962,25.50892
"2025-04-08 17:31:33.45",46507,0.03017807,0.05956078,-0.004110336,25.50954
"2025-04-08 17:31:33.5",46508,0.0274086,0.06275558,-0.003602982,25.50784
"2025-04-08 17:31:33.55",46509,0.02983284,0.06224251,-0.004077911,25.48699
"2025-04-08 17:31:33.6",46510,0.02698898,0.06210709,-0.001052856,25.508
"2025-04-08 17:31:33.65",46511,0.02995491,0.06177139,-0.003051758,25.52864
"2025-04-08 17:31:33.7",46512,0.03005791,0.06454086,-0.003200531,25.50744
"2025-04-08 17:31:33.75",46513,0.03081131,0.06409073,-0.002786636,25.48761
"2025-04-08 17:31:33.8",46514,0.03026199,0.06332588,-0.002965927,25.51077
"2025-04-08 17:31:33.85",46515,0.03098869,0.06291008,-0.003543854,25.51099
"2025-04-08 17:31:33.9",46516,0.03378105,0.06593323,-0.00308609,25.51804
"2025-04-08 17:31:33.95",46517,0.03161049,0.06527901,-0.003475189,25.53513
"2025-04-08 17:31:34",46518,0.03112411,0.06561852,-0.004095078,25.53595
"2025-04-08 17:31:34.05",46519,0.03139687,0.06623459,-0.006504059,25.46098
"2025-04-08 17:31:34.1",46520,0.03396988,0.06748581,-0.003694534,25.53547
"2025-04-08 17:31:34.15",46521,0.03365326,0.0697155,-0.003242493,25.5126
"2025-04-08 17:31:34.2",46522,0.03367615,0.06929588,-0.006267548,25.51129
"2025-04-08 17:31:34.25",46523,0.03269196,0.06954002,-0.00345993,25.51164
"2025-04-08 17:31:34.3",46524,0.03292847,0.07012749,-0.005506516,25.49055
"2025-04-08 17:31:34.35",46525,0.02921677,0.06936264,-0.003364563,25.47456
"2025-04-08 17:31:34.4",46526,0.03162575,0.06935501,-0.003324509,25.53236
"2025-04-08 17:31:34.45",46527,0.02945709,0.06991577,-0.004217148,25.45902
"2025-04-08 17:31:34.5",46528,0.02921677,0.06921577,-0.002773285,25.48752
"2025-04-08 17:31:34.55",46529,0.02891731,0.06931686,-0.00349617,25.47165
"2025-04-08 17:31:34.6",46530,0.02905464,0.06996155,-0.003194809,25.47121
"2025-04-08 17:31:34.65",46531,0.02934074,0.06955147,-0.002504349,25.46938
"2025-04-08 17:31:34.7",46532,0.02957535,0.06945229,-0.002464294,25.46987
"2025-04-08 17:31:34.75",46533,0.02923393,0.06681061,-0.001401901,25.45599
"2025-04-08 17:31:34.8",46534,0.0287056,0.06924438,-0.001001358,25.48813
"2025-04-08 17:31:34.85",46535,0.02843666,0.0691433,-0.001672745,25.47237
"2025-04-08 17:31:34.9",46536,0.02703857,0.06671333,-0.001928329,25.47392
"2025-04-08 17:31:34.95",46537,0.0293026,0.06859016,-0.002820969,25.45795
"2025-04-08 17:31:35",46538,0.03007698,0.06889153,-0.002828598,25.45816
"2025-04-08 17:31:35.05",46539,0.02919579,0.06864548,-0.002923965,25.4726
"2025-04-08 17:31:35.1",46540,0.03261948,0.06951714,-0.003614426,25.45702
"2025-04-08 17:31:35.15",46541,0.03030777,0.06954575,-0.003234863,25.45616
"2025-04-08 17:31:35.2",46542,0.03417206,0.07466316,-0.0009021759,25.47975
"2025-04-08 17:31:35.25",46543,0.0302639,0.07027626,-0.003017426,25.45662
"2025-04-08 17:31:35.3",46544,0.02676582,0.07075691,-0.003219604,25.4736
"2025-04-08 17:31:35.35",46545,0.02636337,0.0709095,-0.00362587,25.4582
"2025-04-08 17:31:35.4",46546,0.02668381,0.070858,-0.004016876,25.44289
"2025-04-08 17:31:35.45",46547,0.02588844,0.07112312,-0.003553391,25.42251
"2025-04-08 17:31:35.5",46548,0.02675056,0.07087517,-0.001756668,25.44343
"2025-04-08 17:31:35.55",46549,0.02691078,0.07052231,-0.001197815,25.48836
"2025-04-08 17:31:35.6",46550,0.02696228,0.07084084,-0.001220703,25.45845
"2025-04-08 17:31:35.65",46551,0.02739334,0.07377434,-0.001714706,25.42017
"2025-04-08 17:31:35.7",46552,0.02725983,0.07118225,-0.000995636,25.4575
"2025-04-08 17:31:35.75",46553,0.02695274,0.07025528,-0.001371384,25.47267
"2025-04-08 17:31:35.8",46554,0.02663994,0.07022858,-0.0002861023,25.45627
"2025-04-08 17:31:35.85",46555,0.02635384,0.07018471,-0.0006828308,25.47204
"2025-04-08 17:31:35.9",46556,0.02673912,0.07310486,-0.0009727478,25.44518
"2025-04-08 17:31:35.95",46557,0.02668762,0.0692234,0.00229454,25.45889
"2025-04-08 17:31:36",46558,0.0271244,0.06924057,0.001941681,25.48896
"2025-04-08 17:31:36.05",46559,0.02865028,0.07192612,0.001552582,25.44561
"2025-04-08 17:31:36.1",46560,0.03316689,0.07614136,0.004119873,25.46946
"2025-04-08 17:31:36.15",46561,0.02941322,0.07156754,0.001701355,25.47492
"2025-04-08 17:31:36.2",46562,0.02846336,0.07204247,0.001316071,25.47352
"2025-04-08 17:31:36.25",46563,0.02933121,0.07175255,0.001455307,25.46127
"2025-04-08 17:31:36.3",46564,0.02851295,0.07232666,0.001808167,25.49012
"2025-04-08 17:31:36.35",46565,0.02756119,0.07159996,0.002092361,25.46194
"2025-04-08 17:31:36.4",46566,0.02784538,0.07508278,0.001981735,25.49143
"2025-04-08 17:31:36.45",46567,0.02787399,0.07220459,0.00176239,25.49126
"2025-04-08 17:31:36.5",46568,0.02653122,0.07454872,0.003929138,25.49019
"2025-04-08 17:31:36.55",46569,0.03017426,0.07219315,0.003572464,25.49041
"2025-04-08 17:31:36.6",46570,0.02708054,0.07213783,0.002019882,25.48859
"2025-04-08 17:31:36.65",46571,0.0268383,0.0723896,0.0009937286,25.48933
"2025-04-08 17:31:36.7",46572,0.02687263,0.07248497,0.001729965,25.51007
"2025-04-08 17:31:36.75",46573,0.0234108,0.07237816,0.001811981,25.4865
"2025-04-08 17:31:36.8",46574,0.0233593,0.07339478,0.002515793,25.47065
"2025-04-08 17:31:36.85",46575,0.02594948,0.07259178,0.003087997,25.48681
"2025-04-08 17:31:36.9",46576,0.02622032,0.07269669,0.00336647,25.48458
"2025-04-08 17:31:36.95",46577,0.02752113,0.07351112,0.008598328,25.49622
"2025-04-08 17:31:37",46578,0.02378273,0.07171249,0.006120682,25.50729
"2025-04-08 17:31:37.05",46579,0.02295685,0.07146645,0.005046844,25.48561
"2025-04-08 17:31:37.1",46580,0.02395058,0.07123947,0.005203247,25.48586
"2025-04-08 17:31:37.15",46581,0.02466202,0.07241249,0.005029678,25.48644
"2025-04-08 17:31:37.2",46582,0.02444267,0.07151794,0.005332947,25.50864
"2025-04-08 17:31:37.25",46583,0.02390099,0.06862068,0.005565643,25.50758
"2025-04-08 17:31:37.3",46584,0.02365112,0.0698967,0.00500679,25.48656
"2025-04-08 17:31:37.35",46585,0.02431679,0.0695076,0.004657745,25.50957
"2025-04-08 17:31:37.4",46586,0.02402878,0.06963539,0.005970001,25.53033
"2025-04-08 17:31:37.45",46587,0.02315712,0.06944084,0.00494194,25.5106
"2025-04-08 17:31:37.5",46588,0.02800179,0.07198143,0.007566452,25.53957
"2025-04-08 17:31:37.55",46589,0.02373505,0.07071495,0.004940033,25.48853
"2025-04-08 17:31:37.6",46590,0.03019714,0.07295227,0.003946304,25.51008
"2025-04-08 17:31:37.65",46591,0.02420235,0.0674305,0.003835678,25.53156
"2025-04-08 17:31:37.7",46592,0.02714157,0.06819534,0.003343582,25.50844
"2025-04-08 17:31:37.75",46593,0.02677917,0.06781006,0.003801346,25.50916
"2025-04-08 17:31:37.8",46594,0.02688408,0.06867981,0.003465652,25.509
"2025-04-08 17:31:37.85",46595,0.02677917,0.06779671,0.003662109,25.50817
"2025-04-08 17:31:37.9",46596,0.02647781,0.06842422,0.004905701,25.50771
"2025-04-08 17:31:37.95",46597,0.02680588,0.06827354,0.004970551,25.53098
"2025-04-08 17:31:38",46598,0.02622414,0.06477547,0.004566193,25.5093
"2025-04-08 17:31:38.05",46599,0.02637482,0.06424141,0.004663467,25.50963
"2025-04-08 17:31:38.1",46600,0.02868271,0.06733322,0.004327774,25.53176
"2025-04-08 17:31:38.15",46601,0.02705193,0.06350899,0.004455566,25.5112
"2025-04-08 17:31:38.2",46602,0.02689934,0.06228065,0.001565933,25.50858
"2025-04-08 17:31:38.25",46603,0.02722549,0.06568909,0.004148483,25.55912
"2025-04-08 17:31:38.3",46604,0.02833748,0.06352615,0.004091263,25.5394
"2025-04-08 17:31:38.35",46605,0.02815247,0.06636429,0.004405975,25.50991
"2025-04-08 17:31:38.4",46606,0.0287838,0.06316185,0.004432678,25.56218
"2025-04-08 17:31:38.45",46607,0.02950859,0.06325722,0.004711151,25.51157
"2025-04-08 17:31:38.5",46608,0.02576637,0.06318665,0.004606247,25.56455
"2025-04-08 17:31:38.55",46609,0.02802467,0.06298828,0.001800537,25.54352
"2025-04-08 17:31:38.6",46610,0.02504158,0.06293869,0.004617691,25.56509
"2025-04-08 17:31:38.65",46611,0.02578926,0.06293297,0.004209518,25.54338
"2025-04-08 17:31:38.7",46612,0.02531433,0.06347084,0.00125885,25.54117
"2025-04-08 17:31:38.75",46613,0.02487946,0.06293297,0.00393486,25.54127
"2025-04-08 17:31:38.8",46614,0.02242851,0.06122017,0.004056931,25.53986
"2025-04-08 17:31:38.85",46615,0.02231598,0.06102371,0.001304626,25.53907
"2025-04-08 17:31:38.9",46616,0.02511978,0.06415749,0.001289368,25.50895
"2025-04-08 17:31:38.95",46617,0.0243721,0.06375504,0.004449844,25.55917
"2025-04-08 17:31:39",46618,0.02085876,0.06187439,0.001924515,25.53703
"2025-04-08 17:31:39.05",46619,0.0203228,0.06420708,0.002286911,25.50866
"2025-04-08 17:31:39.1",46620,0.02003098,0.06189346,0.003013611,25.53086
"2025-04-08 17:31:39.15",46621,0.01986504,0.06120872,0.002378464,25.558
"2025-04-08 17:31:39.2",46622,0.02044296,0.0608902,0.002796173,25.53878
"2025-04-08 17:31:39.25",46623,0.02050018,0.06280708,0.003147125,25.50842
"2025-04-08 17:31:39.3",46624,0.02145386,0.06063461,0.002677917,25.51054
"2025-04-08 17:31:39.35",46625,0.02134323,0.06131935,0.002717972,25.53035
"2025-04-08 17:31:39.4",46626,0.02191353,0.06119156,0.004592896,25.55936
"2025-04-08 17:31:39.45",46627,0.02164459,0.06394386,0.005054474,25.53824
"2025-04-08 17:31:39.5",46628,0.02175331,0.06375504,0.002462387,25.53725
"2025-04-08 17:31:39.55",46629,0.01914787,0.06387329,0.001756668,25.58154
"2025-04-08 17:31:39.6",46630,0.01848602,0.0640564,0.002197266,25.55859
"2025-04-08 17:31:39.65",46631,0.01901054,0.0640564,0.001590729,25.55952
"2025-04-08 17:31:39.7",46632,0.01867485,0.06417274,0.00214386,25.53264
"2025-04-08 17:31:39.75",46633,0.01870728,0.06303406,0.002077103,25.51122
"2025-04-08 17:31:39.8",46634,0.01926041,0.06419754,0.001686096,25.53126
"2025-04-08 17:31:39.85",46635,0.01837921,0.06703186,0.000875473,25.51115
"2025-04-08 17:31:39.9",46636,0.02122116,0.06601143,0.0007686615,25.48905
"2025-04-08 17:31:39.95",46637,0.01887131,0.06533432,0.0001621246,25.53301
"2025-04-08 17:31:40",46638,0.0189743,0.06822395,0.0004177094,25.53021
"2025-04-08 17:31:40.05",46639,0.01899338,0.06918907,0.0009860992,25.56022
"2025-04-08 17:31:40.1",46640,0.02241707,0.06751823,0.001382828,25.5817
"2025-04-08 17:31:40.15",46641,0.02178574,0.06783104,0.001535416,25.53022
"2025-04-08 17:31:40.2",46642,0.0226326,0.06779861,0.001449585,25.5321
"2025-04-08 17:31:40.25",46643,0.01838493,0.06764603,0.002298355,25.51034
"2025-04-08 17:31:40.3",46644,0.0205574,0.06701279,0.002046585,25.53224
"2025-04-08 17:31:40.35",46645,0.02487755,0.07266235,0.005968094,25.54754
"2025-04-08 17:31:40.4",46646,0.02350616,0.06733322,0.001935959,25.53139
"2025-04-08 17:31:40.45",46647,0.02379417,0.06646347,0.002656937,25.55751
"2025-04-08 17:31:40.5",46648,0.02447128,0.06620216,0.002010345,25.56039
"2025-04-08 17:31:40.55",46649,0.02471161,0.0650959,0.001869202,25.56261
"2025-04-08 17:31:40.6",46650,0.02558136,0.06581116,0.001750946,25.56868
"2025-04-08 17:31:40.65",46651,0.0298214,0.06768608,0.003311157,25.55194
"2025-04-08 17:31:40.7",46652,0.02583504,0.06297874,0.0009975433,25.56471
"2025-04-08 17:31:40.75",46653,0.02870941,0.06632423,0.00479126,25.54639
"2025-04-08 17:31:40.8",46654,0.02676773,0.06622505,0.001712799,25.59416
"2025-04-08 17:31:40.85",46655,0.03035164,0.0677433,0.004079819,25.59452
"2025-04-08 17:31:40.9",46656,0.02809143,0.06315041,0.001703262,25.56804
"2025-04-08 17:31:40.95",46657,0.02749252,0.06390572,0.001758575,25.56973
"2025-04-08 17:31:41",46658,0.02489662,0.06397247,0.002193451,25.57323
"2025-04-08 17:31:41.05",46659,0.02716827,0.06101227,0.004310608,25.57887
"2025-04-08 17:31:41.1",46660,0.02684975,0.06387329,0.001411438,25.58278
"2025-04-08 17:31:41.15",46661,0.02749825,0.06043243,0.001188278,25.60287
"2025-04-08 17:31:41.2",46662,0.02606201,0.06386757,0.001577377,25.55174
"2025-04-08 17:31:41.25",46663,0.02391243,0.06123734,0.001489639,25.58187
"2025-04-08 17:31:41.3",46664,0.02758217,0.06106377,0.004671097,25.6039
"2025-04-08 17:31:41.35",46665,0.0270462,0.06143761,0.003158569,25.60328
"2025-04-08 17:31:41.4",46666,0.02671242,0.06163406,0.005990982,25.6022
"2025-04-08 17:31:41.45",46667,0.02575493,0.06121445,0.003623962,25.60427
"2025-04-08 17:31:41.5",46668,0.02589417,0.06053162,0.004426956,25.57265
"2025-04-08 17:31:41.55",46669,0.02547073,0.06097984,0.003320694,25.60228
"2025-04-08 17:31:41.6",46670,0.02635384,0.06113625,0.003761292,25.60274
"2025-04-08 17:31:41.65",46671,0.02641106,0.06098366,0.00356102,25.60744
"2025-04-08 17:31:41.7",46672,0.02644348,0.06087875,0.003009796,25.57867
"2025-04-08 17:31:41.75",46673,0.0265274,0.06063461,0.002714157,25.61408
"2025-04-08 17:31:41.8",46674,0.0268898,0.06049728,0.002567291,25.62022
"2025-04-08 17:31:41.85",46675,0.02434158,0.06071663,0.002864838,25.59119
"2025-04-08 17:31:41.9",46676,0.02469444,0.05884171,0.001735687,25.57212
"2025-04-08 17:31:41.95",46677,0.02445412,0.06146431,0.00164032,25.60023
"2025-04-08 17:31:42",46678,0.02119446,0.05967331,0.00164032,25.60056
"2025-04-08 17:31:42.05",46679,0.02469444,0.05958366,0.00217247,25.60102
"2025-04-08 17:31:42.1",46680,0.02350426,0.06007385,0.00144577,25.60292
"2025-04-08 17:31:42.15",46681,0.02054596,0.05926895,0.001577377,25.60352
"2025-04-08 17:31:42.2",46682,0.02357674,0.05731583,0.001600266,25.60326
"2025-04-08 17:31:42.25",46683,0.0210247,0.05426598,0.0009422302,25.59888
"2025-04-08 17:31:42.3",46684,0.02089691,0.05433464,0.004207611,25.58354
"2025-04-08 17:31:42.35",46685,0.02161789,0.05683136,0.003835678,25.6107
"2025-04-08 17:31:42.4",46686,0.02201271,0.05455589,0.00446701,25.59799
"2025-04-08 17:31:42.45",46687,0.01873589,0.05107689,0.004207611,25.60256
"2025-04-08 17:31:42.5",46688,0.02135086,0.05174637,0.00466156,25.60368
"2025-04-08 17:31:42.55",46689,0.01851082,0.05138397,0.004634857,25.59547
"2025-04-08 17:31:42.6",46690,0.01759529,0.05068207,-7.820129E-05,25.62356
"2025-04-08 17:31:42.65",46691,0.01836777,0.04816055,-0.004575729,25.59667
"2025-04-08 17:31:42.7",46692,0.01831627,0.04839134,0.001544952,25.59715
"2025-04-08 17:31:42.75",46693,0.01609802,0.04436874,0.002925873,25.59713
"2025-04-08 17:31:42.8",46694,0.02213287,0.04594994,0.007450104,25.59528
"2025-04-08 17:31:42.85",46695,0.01736641,0.04335403,0.00951004,25.57397
"2025-04-08 17:31:42.9",46696,0.01784706,0.03830528,0.00928688,25.62449
"2025-04-08 17:31:42.95",46697,0.01786995,0.03826141,0.0151844,25.59352
"2025-04-08 17:31:43",46698,0.01796532,0.03880119,0.009773254,25.62363
"2025-04-08 17:31:43.05",46699,0.01929474,0.03910255,0.01439476,25.57004
"2025-04-08 17:31:43.1",46700,0.0177021,0.0371151,0.0115242,25.60067
"2025-04-08 17:31:43.15",46701,0.01750183,0.03695869,0.009977341,25.59347
"2025-04-08 17:31:43.2",46702,0.01681519,0.03396988,0.01288414,25.55231
"2025-04-08 17:31:43.25",46703,0.01672363,0.03694344,0.0181942,25.57342
"2025-04-08 17:31:43.3",46704,0.01599312,0.03663063,0.01943398,25.52107
"2025-04-08 17:31:43.35",46705,0.01556778,0.03697968,0.0211525,25.53853
"2025-04-08 17:31:43.4",46706,0.01628876,0.03405952,0.02310944,25.59641
"2025-04-08 17:31:43.45",46707,0.01492119,0.03697014,0.02615356,25.55335
"2025-04-08 17:31:43.5",46708,0.01549721,0.03417206,0.02374077,25.57225
"2025-04-08 17:31:43.55",46709,0.01222229,0.03396416,0.02368355,25.5498
"2025-04-08 17:31:43.6",46710,0.0132122,0.03517914,0.02403069,25.59048
"2025-04-08 17:31:43.65",46711,0.01338577,0.03484917,0.02340317,25.59641
"2025-04-08 17:31:43.7",46712,0.01295662,0.03520012,0.02386093,25.59566
"2025-04-08 17:31:43.75",46713,0.01965904,0.04167938,0.02594376,25.59569
"2025-04-08 17:31:43.8",46714,0.01237869,0.03462029,0.02607536,25.54675
"2025-04-08 17:31:43.85",46715,0.01247406,0.03429604,0.02436066,25.53287
"2025-04-08 17:31:43.9",46716,0.01235771,0.03724861,0.02065086,25.53325
"2025-04-08 17:31:43.95",46717,0.01273155,0.03425598,0.02799988,25.53325
"2025-04-08 17:31:44",46718,0.01295662,0.03741646,0.02755547,25.53382
"2025-04-08 17:31:44.05",46719,0.0199852,0.04050636,0.03098297,25.55657
"2025-04-08 17:31:44.1",46720,0.0184288,0.03884125,0.02716255,25.58968
"2025-04-08 17:31:44.15",46721,0.01634026,0.03733444,0.03028107,25.57578
"2025-04-08 17:31:44.2",46722,0.01393127,0.03956604,0.03010178,25.59734
"2025-04-08 17:31:44.25",46723,0.01369286,0.03864479,0.02974319,25.58258
"2025-04-08 17:31:44.3",46724,0.01679802,0.03829956,0.03139114,25.56377
"2025-04-08 17:31:44.35",46725,0.01546478,0.04163361,0.03251457,25.55076
"2025-04-08 17:31:44.4",46726,0.01567078,0.04193687,0.03206062,25.56593
"2025-04-08 17:31:44.45",46727,0.01633263,0.04169083,0.02660561,25.58164
"2025-04-08 17:31:44.5",46728,0.01579666,0.04189491,0.03077126,25.58097
"2025-04-08 17:31:44.55",46729,0.01586533,0.04373169,0.03087807,25.58116
"2025-04-08 17:31:44.6",46730,0.01602554,0.0405941,0.02771568,25.568
"2025-04-08 17:31:44.65",46731,0.01680374,0.03980255,0.02782249,25.55282
"2025-04-08 17:31:44.7",46732,0.01660728,0.04294777,0.02603912,25.58244
"2025-04-08 17:31:44.75",46733,0.01641273,0.04103661,0.02491951,25.60116
"2025-04-08 17:31:44.8",46734,0.01648521,0.04157257,0.02900124,25.57855
"2025-04-08 17:31:44.85",46735,0.01613998,0.04166222,0.03024673,25.57561
"2025-04-08 17:31:44.9",46736,0.01583672,0.04097366,0.03075409,25.59855
"2025-04-08 17:31:44.95",46737,0.01652527,0.0402317,0.03197861,25.61868
"2025-04-08 17:31:45",46738,0.01587677,0.04070663,0.03108978,25.5982
"2025-04-08 17:31:45.05",46739,0.01898766,0.04504204,0.03259277,25.604
"2025-04-08 17:31:45.1",46740,0.01669693,0.0418129,0.03354263,25.56268
"2025-04-08 17:31:45.15",46741,0.022192,0.04048157,0.03247452,25.57979
"2025-04-08 17:31:45.2",46742,0.01548576,0.04004669,0.02718544,25.56461
"2025-04-08 17:31:45.25",46743,0.01482773,0.04128075,0.02801132,25.60155
"2025-04-08 17:31:45.3",46744,0.01489258,0.04281807,0.0266552,25.62489
"2025-04-08 17:31:45.35",46745,0.0144577,0.04862022,0.02365112,25.5491
"2025-04-08 17:31:45.4",46746,0.01711082,0.0544548,0.02612495,25.55462
"2025-04-08 17:31:45.45",46747,0.01691055,0.05679512,0.03380203,25.56654
"2025-04-08 17:31:45.5",46748,0.01492119,0.05806541,0.03160858,25.55361
"2025-04-08 17:31:45.55",46749,0.01397705,0.0555191,0.02515411,25.55795
"2025-04-08 17:31:45.6",46750,0.01721191,0.05904579,0.02734566,25.5499
"2025-04-08 17:31:45.65",46751,0.01070976,0.05911827,0.02715874,25.55657
"2025-04-08 17:31:45.7",46752,0.01175308,0.05508804,0.028265,25.54102
"2025-04-08 17:31:45.75",46753,0.01187897,0.05767441,0.02968025,25.56887
"2025-04-08 17:31:45.8",46754,0.01077271,0.05464745,0.02320862,25.56895
"2025-04-08 17:31:45.85",46755,0.007997513,0.054245,0.02653694,25.53911
"2025-04-08 17:31:45.9",46756,0.01102448,0.05724907,0.02200699,25.55028
"2025-04-08 17:31:45.95",46757,0.01080704,0.05463982,0.02058411,25.54973
"2025-04-08 17:31:46",46758,0.01164246,0.05961609,0.02408981,25.58389
"2025-04-08 17:31:46.05",46759,0.0114193,0.06087875,0.02686882,25.58543
"2025-04-08 17:31:46.1",46760,0.01086235,0.06046677,0.02205276,25.58545
"2025-04-08 17:31:46.15",46761,0.00775528,0.06157303,0.02182961,25.55026
"2025-04-08 17:31:46.2",46762,0.009399414,0.06257057,0.02688408,25.55273
"2025-04-08 17:31:46.25",46763,0.01043701,0.06628418,0.01966286,25.5506
"2025-04-08 17:31:46.3",46764,0.01048279,0.06669426,0.02378845,25.55334
"2025-04-08 17:31:46.35",46765,0.01099014,0.06663132,0.02412415,25.61837
"2025-04-08 17:31:46.4",46766,0.008398056,0.06711197,0.02155113,25.53814
"2025-04-08 17:31:46.45",46767,0.008779526,0.06755257,0.02187538,25.55161
"2025-04-08 17:31:46.5",46768,0.008268356,0.06784248,0.02119827,25.53506
"2025-04-08 17:31:46.55",46769,0.01106262,0.0686245,0.01948357,25.53723
"2025-04-08 17:31:46.6",46770,0.01372528,0.06990242,0.02349281,25.53473
"2025-04-08 17:31:46.65",46771,0.007963181,0.06784821,0.02589607,25.5353
"2025-04-08 17:31:46.7",46772,0.01263237,0.06808472,0.02750206,25.54546
"2025-04-08 17:31:46.75",46773,0.01062775,0.06781387,0.02429962,25.51906
"2025-04-08 17:31:46.8",46774,0.01207733,0.07016563,0.02647018,25.53683
"2025-04-08 17:31:46.85",46775,0.01123047,0.06837463,0.02467155,25.53385
"2025-04-08 17:31:46.9",46776,0.01173973,0.07098198,0.02732658,25.53551
"2025-04-08 17:31:46.95",46777,0.01163864,0.07185936,0.02796745,25.5334
"2025-04-08 17:31:47",46778,0.01115227,0.0715332,0.02747154,25.52092
"2025-04-08 17:31:47.05",46779,0.01119041,0.0714798,0.02841377,25.4963
"2025-04-08 17:31:47.1",46780,0.01084328,0.07156181,0.02611923,25.49902
"2025-04-08 17:31:47.15",46781,0.01020622,0.07135201,0.02355576,25.52048
"2025-04-08 17:31:47.2",46782,0.01087379,0.07031059,0.02118683,25.52158
"2025-04-08 17:31:47.25",46783,0.0193119,0.07705879,0.02288437,25.52814
"2025-04-08 17:31:47.3",46784,0.007671356,0.0737114,0.02267456,25.50269
"2025-04-08 17:31:47.35",46785,0.007030487,0.07645035,0.02553177,25.53114
"2025-04-08 17:31:47.4",46786,0.01129532,0.07366943,0.02205467,25.51078
"2025-04-08 17:31:47.45",46787,0.0207119,0.07309151,0.01860809,25.541
"2025-04-08 17:31:47.5",46788,0.02230835,0.07369995,0.01819801,25.52303
"2025-04-08 17:31:47.55",46789,0.01820564,0.07304382,0.02008629,25.54808
"2025-04-08 17:31:47.6",46790,0.02318764,0.07604599,0.02156639,25.52659
"2025-04-08 17:31:47.65",46791,0.0242939,0.07564545,0.02218819,25.52785
"2025-04-08 17:31:47.7",46792,0.02296257,0.07551765,0.01968384,25.49628
"2025-04-08 17:31:47.75",46793,0.03510094,0.07885742,0.01903152,25.52216
"2025-04-08 17:31:47.8",46794,0.03593636,0.07580566,0.01429939,25.51934
"2025-04-08 17:31:47.85",46795,0.03708649,0.07515335,0.01619339,25.52339
"2025-04-08 17:31:47.9",46796,0.03758049,0.07439804,0.01601982,25.52419
"2025-04-08 17:31:47.95",46797,0.03739929,0.07666779,0.01464844,25.52292
"2025-04-08 17:31:48",46798,0.03855515,0.07996178,0.01439476,25.51962
"2025-04-08 17:31:48.05",46799,0.03726006,0.07796288,0.0149765,25.49787
"2025-04-08 17:31:48.1",46800,0.04384995,0.07782936,0.01461983,25.49875
"2025-04-08 17:31:48.15",46801,0.04245567,0.07673264,0.01381683,25.52133
"2025-04-08 17:31:48.2",46802,0.04826736,0.07959747,0.01446152,25.52037
"2025-04-08 17:31:48.25",46803,0.05006599,0.07855988,0.0147419,25.5194
"2025-04-08 17:31:48.3",46804,0.05384064,0.0787735,0.01626205,25.52007
"2025-04-08 17:31:48.35",46805,0.05423355,0.08308983,0.01581573,25.52502
"2025-04-08 17:31:48.4",46806,0.05634499,0.08454132,0.01866722,25.49746
"2025-04-08 17:31:48.45",46807,0.05168533,0.08196831,0.01441383,25.51256
"2025-04-08 17:31:48.5",46808,0.05251312,0.08321762,0.01549721,25.51126
"2025-04-08 17:31:48.55",46809,0.05217743,0.08768463,0.01331711,25.50867
"2025-04-08 17:31:48.6",46810,0.05403709,0.09264946,0.01160431,25.50554
"2025-04-08 17:31:48.65",46811,0.05187035,0.0935173,0.01024818,25.48595
"2025-04-08 17:31:48.7",46812,0.05588722,0.09653664,0.0166626,25.50733
"2025-04-08 17:31:48.75",46813,0.05452156,0.09738731,0.01676369,25.50681
"2025-04-08 17:31:48.8",46814,0.05701447,0.09704208,0.01171112,25.48621
"2025-04-08 17:31:48.85",46815,0.06075096,0.0971508,0.01153183,25.50623
"2025-04-08 17:31:48.9",46816,0.05601883,0.09833145,0.01333046,25.50515
"2025-04-08 17:31:48.95",46817,0.06103516,0.09854126,0.0146904,25.51044
"2025-04-08 17:31:49",46818,0.05752754,0.0993576,0.01560783,25.51195
"2025-04-08 17:31:49.05",46819,0.06017113,0.09903908,0.01869011,25.53274
"2025-04-08 17:31:49.1",46820,0.05805779,0.1010265,0.02161598,25.48162
"2025-04-08 17:31:49.15",46821,0.05737305,0.09982109,0.02402496,25.5042
"2025-04-08 17:31:49.2",46822,0.05521584,0.09916306,0.02812195,25.5044
"2025-04-08 17:31:49.25",46823,0.05309486,0.0962429,0.0270443,25.50605
"2025-04-08 17:31:49.3",46824,0.05799866,0.09707451,0.02560997,25.51365
"2025-04-08 17:31:49.35",46825,0.05998039,0.09698868,0.02293396,25.5052
"2025-04-08 17:31:49.4",46826,0.06331444,0.09978867,0.02207565,25.50394
"2025-04-08 17:31:49.45",46827,0.05781937,0.09648705,0.02279091,25.50438
"2025-04-08 17:31:49.5",46828,0.05677795,0.09924698,0.02877235,25.53871
"2025-04-08 17:31:49.55",46829,0.05838776,0.09898949,0.0264473,25.51685
"2025-04-08 17:31:49.6",46830,0.06070518,0.09814644,0.0255661,25.52516
"2025-04-08 17:31:49.65",46831,0.05896759,0.09878159,0.0232811,25.54876
"2025-04-08 17:31:49.7",46832,0.05992317,0.09544182,0.0253315,25.53858
"2025-04-08 17:31:49.75",46833,0.0580864,0.09287262,0.02529907,25.54051
"2025-04-08 17:31:49.8",46834,0.05932045,0.09235382,0.02327156,25.54115
"2025-04-08 17:31:49.85",46835,0.05833244,0.09223175,0.02160454,25.54741
"2025-04-08 17:31:49.9",46836,0.05854416,0.09282303,0.01887894,25.53812
"2025-04-08 17:31:49.95",46837,0.06128502,0.09365654,0.01593781,25.56833
"2025-04-08 17:31:50",46838,0.06101799,0.09721375,0.01819992,25.53458
"2025-04-08 17:31:50.05",46839,0.05999184,0.09385681,0.01898193,25.53426
"2025-04-08 17:31:50.1",46840,0.0573101,0.09439468,0.02161598,25.54268
"2025-04-08 17:31:50.15",46841,0.05771255,0.09427643,0.01911926,25.53242
"2025-04-08 17:31:50.2",46842,0.06875801,0.09643745,0.01811409,25.54003
"2025-04-08 17:31:50.25",46843,0.06883049,0.09217072,0.01719475,25.54079
"2025-04-08 17:31:50.3",46844,0.07440376,0.09274101,0.016922,25.53228
"2025-04-08 17:31:50.35",46845,0.07313347,0.09235954,0.01327324,25.53687
"2025-04-08 17:31:50.4",46846,0.07469559,0.1020794,0.01322746,25.545
"2025-04-08 17:31:50.45",46847,0.07483101,0.1065063,0.01486015,25.52054
"2025-04-08 17:31:50.5",46848,0.07276154,0.109272,0.0122242,25.51302
"2025-04-08 17:31:50.55",46849,0.07338715,0.1093121,0.01346397,25.51775
"2025-04-08 17:31:50.6",46850,0.07266426,0.1130924,0.009935379,25.51314
"2025-04-08 17:31:50.65",46851,0.07121658,0.1101494,0.01115036,25.46896
"2025-04-08 17:31:50.7",46852,0.06765938,0.1091499,0.008817673,25.51467
"2025-04-08 17:31:50.75",46853,0.07431984,0.109148,0.01705933,25.51707
"2025-04-08 17:31:50.8",46854,0.07206345,0.1113892,0.01477051,25.49632
"2025-04-08 17:31:50.85",46855,0.0735302,0.1084576,0.0085392,25.51561
"2025-04-08 17:31:50.9",46856,0.0727005,0.1100368,0.01389313,25.52008
"2025-04-08 17:31:50.95",46857,0.07444,0.1112137,0.01195145,25.51298
"2025-04-08 17:31:51",46858,0.07139397,0.1096439,0.01858902,25.51865
"2025-04-08 17:31:51.05",46859,0.06831169,0.112751,0.02494621,25.51041
"2025-04-08 17:31:51.1",46860,0.06670761,0.1119919,0.02487755,25.51199
"2025-04-08 17:31:51.15",46861,0.06735611,0.1131248,0.03025818,25.52565
"2025-04-08 17:31:51.2",46862,0.06618881,0.1107407,0.02480125,25.52418
"2025-04-08 17:31:51.25",46863,0.0664463,0.1103001,0.02478409,25.52458
"2025-04-08 17:31:51.3",46864,0.06742477,0.1097755,0.02643013,25.51857
"2025-04-08 17:31:51.35",46865,0.06787682,0.1085625,0.02597237,25.51513
"2025-04-08 17:31:51.4",46866,0.06712341,0.1086063,0.02375793,25.52608
"2025-04-08 17:31:51.45",46867,0.06684494,0.1085949,0.02045631,25.56933
"2025-04-08 17:31:51.5",46868,0.06968498,0.1075172,0.02388573,25.54723
"2025-04-08 17:31:51.55",46869,0.07110405,0.1098537,0.02769279,25.56701
"2025-04-08 17:31:51.6",46870,0.0678196,0.1041946,0.02499771,25.60156
"2025-04-08 17:31:51.65",46871,0.06687164,0.1021614,0.02340889,25.58851
"2025-04-08 17:31:51.7",46872,0.06435776,0.09992409,0.02199745,25.56554
"2025-04-08 17:31:51.75",46873,0.07229042,0.1031609,0.02184486,25.5864
"2025-04-08 17:31:51.8",46874,0.06976509,0.1005211,0.01882362,25.55592
"2025-04-08 17:31:51.85",46875,0.06975365,0.1037521,0.01949883,25.56458
"2025-04-08 17:31:51.9",46876,0.06995583,0.1007824,0.02048492,25.56511
"2025-04-08 17:31:51.95",46877,0.08260536,0.1021748,0.01288414,25.5848
"2025-04-08 17:31:52",46878,0.08203888,0.1025238,0.01648521,25.56122
"2025-04-08 17:31:52.05",46879,0.08564186,0.09988976,0.01632118,25.5848
"2025-04-08 17:31:52.1",46880,0.08443642,0.1018257,0.01374817,25.56371
"2025-04-08 17:31:52.15",46881,0.08881378,0.1015491,0.01834488,25.56359
"2025-04-08 17:31:52.2",46882,0.08784103,0.09906769,0.0155983,25.58396
"2025-04-08 17:31:52.25",46883,0.08485603,0.1036434,0.01548004,25.59217
"2025-04-08 17:31:52.3",46884,0.08863449,0.1066456,0.01819801,25.55076
"2025-04-08 17:31:52.35",46885,0.08662987,0.1140423,0.01544762,25.54368
"2025-04-08 17:31:52.4",46886,0.08753967,0.117033,0.02009392,25.52476
"2025-04-08 17:31:52.45",46887,0.08415031,0.1194706,0.02038383,25.51123
"2025-04-08 17:31:52.5",46888,0.08544159,0.1168709,0.01825142,25.50965
"2025-04-08 17:31:52.55",46889,0.08165359,0.1169224,0.01517296,25.52011
"2025-04-08 17:31:52.6",46890,0.08729935,0.1159954,0.01707268,25.5193
"2025-04-08 17:31:52.65",46891,0.087183,0.1159172,0.01473618,25.53094
"2025-04-08 17:31:52.7",46892,0.08841896,0.1166248,0.01110268,25.53084
"2025-04-08 17:31:52.75",46893,0.08421707,0.1164799,0.01631737,25.50159
"2025-04-08 17:31:52.8",46894,0.08512878,0.1170959,0.01960182,25.48109
"2025-04-08 17:31:52.85",46895,0.08640289,0.1170959,0.01964569,25.52876
"2025-04-08 17:31:52.9",46896,0.08573151,0.1155434,0.02759361,25.5228
"2025-04-08 17:31:52.95",46897,0.08426666,0.1148949,0.02607536,25.55274
"2025-04-08 17:31:53",46898,0.08390045,0.1175194,0.02888489,25.53042
"2025-04-08 17:31:53.05",46899,0.07780647,0.1144886,0.03087234,25.53217
"2025-04-08 17:31:53.1",46900,0.07709312,0.1115265,0.03219986,25.53146
"2025-04-08 17:31:53.15",46901,0.0793705,0.1119118,0.03177643,25.52889
"2025-04-08 17:31:53.2",46902,0.08053589,0.1107388,0.02563667,25.52695
"2025-04-08 17:31:53.25",46903,0.08355713,0.1110477,0.02830124,25.55637
"2025-04-08 17:31:53.3",46904,0.07843208,0.1059856,0.02666092,25.55589
"2025-04-08 17:31:53.35",46905,0.07638741,0.1042614,0.02560997,25.56754
"2025-04-08 17:31:53.4",46906,0.07707596,0.1033726,0.02711296,25.55749
"2025-04-08 17:31:53.45",46907,0.08028603,0.1036625,0.0328083,25.56657
"2025-04-08 17:31:53.5",46908,0.08101082,0.1035023,0.02558899,25.53662
"2025-04-08 17:31:53.55",46909,0.07944107,0.1009178,0.02654457,25.56637
"2025-04-08 17:31:53.6",46910,0.07694054,0.1035519,0.02946472,25.55738
"2025-04-08 17:31:53.65",46911,0.08038521,0.1064129,0.03200531,25.56231
"2025-04-08 17:31:53.7",46912,0.08304977,0.1011448,0.02759361,25.58128
"2025-04-08 17:31:53.75",46913,0.08672523,0.1011448,0.02750778,25.55858
"2025-04-08 17:31:53.8",46914,0.09023094,0.0996418,0.02705002,25.55624
"2025-04-08 17:31:53.85",46915,0.09265709,0.09916115,0.02713013,25.552
"2025-04-08 17:31:53.9",46916,0.09524727,0.1048832,0.02947617,25.56815
"2025-04-08 17:31:53.95",46917,0.09292603,0.09934807,0.02880669,25.56075
"2025-04-08 17:31:54",46918,0.09780693,0.09901237,0.02710724,25.55934
"2025-04-08 17:31:54.05",46919,0.09772301,0.1018867,0.02467918,25.58013
"2025-04-08 17:31:54.1",46920,0.09413719,0.09906197,0.02327728,25.55328
"2025-04-08 17:31:54.15",46921,0.100275,0.10466,0.03269196,25.57056
"2025-04-08 17:31:54.2",46922,0.09553719,0.1027527,0.02781487,25.54657
"2025-04-08 17:31:54.25",46923,0.09648705,0.1077919,0.03102875,25.5675
"2025-04-08 17:31:54.3",46924,0.09807205,0.1180573,0.02678871,25.57022
"2025-04-08 17:31:54.35",46925,0.09121132,0.1167316,0.02733994,25.53907
"2025-04-08 17:31:54.4",46926,0.09056854,0.1157627,0.02664948,25.53322
"2025-04-08 17:31:54.45",46927,0.09434319,0.1172123,0.03105736,25.56412
"2025-04-08 17:31:54.5",46928,0.09392357,0.116291,0.02740479,25.5424
"2025-04-08 17:31:54.55",46929,0.09285736,0.1160908,0.02930832,25.53978
"2025-04-08 17:31:54.6",46930,0.09375191,0.1162453,0.02959633,25.53971
"2025-04-08 17:31:54.65",46931,0.09266853,0.1146374,0.03444099,25.53114
"2025-04-08 17:31:54.7",46932,0.09233093,0.1154766,0.03487587,25.53923
"2025-04-08 17:31:54.75",46933,0.09128952,0.1146088,0.02792931,25.53527
"2025-04-08 17:31:54.8",46934,0.0868187,0.1135731,0.02869987,25.53561
"2025-04-08 17:31:54.85",46935,0.08542252,0.1101723,0.03148079,25.53097
"2025-04-08 17:31:54.9",46936,0.08975792,0.1142025,0.03545761,25.54474
"2025-04-08 17:31:54.95",46937,0.08964157,0.1136951,0.03418159,25.52987
"2025-04-08 17:31:55",46938,0.08652306,0.1102886,0.03307343,25.5284
"2025-04-08 17:31:55.05",46939,0.08310127,0.1080933,0.03322983,25.53458
"2025-04-08 17:31:55.1",46940,0.08713341,0.1092205,0.03565216,25.50779
"2025-04-08 17:31:55.15",46941,0.08528519,0.1090488,0.03421021,25.5282
"2025-04-08 17:31:55.2",46942,0.08782005,0.1093369,0.0385437,25.53205
"2025-04-08 17:31:55.25",46943,0.08224487,0.1035461,0.03770828,25.48519
"2025-04-08 17:31:55.3",46944,0.08162498,0.1032505,0.03789139,25.52875
"2025-04-08 17:31:55.35",46945,0.08905029,0.1028557,0.02974892,25.52911
"2025-04-08 17:31:55.4",46946,0.08959579,0.1015129,0.03090668,25.52581
"2025-04-08 17:31:55.45",46947,0.09732437,0.1017475,0.03310966,25.48182
"2025-04-08 17:31:55.5",46948,0.09973717,0.1011124,0.03233337,25.52498
"2025-04-08 17:31:55.55",46949,0.1063499,0.1055584,0.03282166,25.5271
"2025-04-08 17:31:55.6",46950,0.09901237,0.1009483,0.02741432,25.52068
"2025-04-08 17:31:55.65",46951,0.104084,0.1011581,0.02599144,25.51021
"2025-04-08 17:31:55.7",46952,0.1070614,0.1085777,0.03084946,25.51483
"2025-04-08 17:31:55.75",46953,0.1024284,0.10256,0.02565575,25.508
"2025-04-08 17:31:55.8",46954,0.1026306,0.1028881,0.02618027,25.50909
"2025-04-08 17:31:55.85",46955,0.1010609,0.1114197,0.02441406,25.51048
"2025-04-08 17:31:55.9",46956,0.09993172,0.1154976,0.02356148,25.46876
"2025-04-08 17:31:55.95",46957,0.09659386,0.1190453,0.02651024,25.46941
"2025-04-08 17:31:56",46958,0.09709167,0.1187325,0.02774239,25.51631
"2025-04-08 17:31:56.05",46959,0.1040058,0.127594,0.02988243,25.52207
"2025-04-08 17:31:56.1",46960,0.1007423,0.1213303,0.02409554,25.52354
"2025-04-08 17:31:56.15",46961,0.1028137,0.1282558,0.02747154,25.52071
"2025-04-08 17:31:56.2",46962,0.1011639,0.1232433,0.02356148,25.49191
"2025-04-08 17:31:56.25",46963,0.09619331,0.1254406,0.02235413,25.45178
"2025-04-08 17:31:56.3",46964,0.09947968,0.1265106,0.02440453,25.4645
"2025-04-08 17:31:56.35",46965,0.1015759,0.1294441,0.0290184,25.45609
"2025-04-08 17:31:56.4",46966,0.09011078,0.1236954,0.02677917,25.46286
"2025-04-08 17:31:56.45",46967,0.08937263,0.1248512,0.02764893,25.46452
"2025-04-08 17:31:56.5",46968,0.08987427,0.1248474,0.02584457,25.45148
"2025-04-08 17:31:56.55",46969,0.08708763,0.1243172,0.02414703,25.46379
"2025-04-08 17:31:56.6",46970,0.09074783,0.1285038,0.02435875,25.45592
"2025-04-08 17:31:56.65",46971,0.0919075,0.1284256,0.02647018,25.49318
"2025-04-08 17:31:56.7",46972,0.09035492,0.1242161,0.0246563,25.5068
"2025-04-08 17:31:56.75",46973,0.09235573,0.1259365,0.02210426,25.44897
"2025-04-08 17:31:56.8",46974,0.09016418,0.1207581,0.02087021,25.45824
"2025-04-08 17:31:56.85",46975,0.09037781,0.1263123,0.02903557,25.4597
"2025-04-08 17:31:56.9",46976,0.0904007,0.1179886,0.02350426,25.45441
"2025-04-08 17:31:56.95",46977,0.09206963,0.1249313,0.02433777,25.44628
"2025-04-08 17:31:57",46978,0.0872612,0.1182899,0.02106857,25.45419
"2025-04-08 17:31:57.05",46979,0.08584785,0.1178379,0.02207565,25.49838
"2025-04-08 17:31:57.1",46980,0.08494759,0.1175518,0.01813316,25.42578
"2025-04-08 17:31:57.15",46981,0.08235931,0.1130123,0.0118618,25.44086
"2025-04-08 17:31:57.2",46982,0.09377289,0.1139469,0.01595497,25.4393
"2025-04-08 17:31:57.25",46983,0.09503555,0.1035233,0.0169754,25.43877
"2025-04-08 17:31:57.3",46984,0.09931183,0.100481,0.01963997,25.45017
"2025-04-08 17:31:57.35",46985,0.1077404,0.1044807,0.0173378,25.43361
"2025-04-08 17:31:57.4",46986,0.1009159,0.1048603,0.01929855,25.43417
"2025-04-08 17:31:57.45",46987,0.1015148,0.1107349,0.01653671,25.43447
"2025-04-08 17:31:57.5",46988,0.1035633,0.1079884,0.01921082,25.48042
"2025-04-08 17:31:57.55",46989,0.1068516,0.1104279,0.01399231,25.45004
"2025-04-08 17:31:57.6",46990,0.1066113,0.1126118,0.01597595,25.45632
"2025-04-08 17:31:57.65",46991,0.1021042,0.11059,0.01038551,25.44896
"2025-04-08 17:31:57.7",46992,0.09769249,0.1124096,0.01762009,25.44753
"2025-04-08 17:31:57.75",46993,0.09688377,0.111042,0.01682472,25.49345
"2025-04-08 17:31:57.8",46994,0.09611511,0.111618,0.008750916,25.4469
"2025-04-08 17:31:57.85",46995,0.09647751,0.1119194,0.01180649,25.49461
"2025-04-08 17:31:57.9",46996,0.09758377,0.1111183,0.01153564,25.49792
"2025-04-08 17:31:57.95",46997,0.1024303,0.1107502,0.01421165,25.46935
"2025-04-08 17:31:58",46998,0.1027813,0.1110401,0.01493835,25.49828
"2025-04-08 17:31:58.05",46999,0.1020012,0.1106739,0.01085472,25.44582
"2025-04-08 17:31:58.1",47000,0.09749985,0.1087303,0.009851456,25.48898
"2025-04-08 17:31:58.15",47001,0.09786797,0.1117725,0.01146317,25.4969
"2025-04-08 17:31:58.2",47002,0.09271622,0.1112976,0.01096535,25.44763
"2025-04-08 17:31:58.25",47003,0.09491158,0.1100254,0.009408951,25.46742
"2025-04-08 17:31:58.3",47004,0.09534264,0.1094551,0.005805969,25.44615
"2025-04-08 17:31:58.35",47005,0.09743309,0.1126385,0.009067535,25.50414
"2025-04-08 17:31:58.4",47006,0.09551048,0.1095886,0.005760193,25.48921
"2025-04-08 17:31:58.45",47007,0.08991814,0.1088581,0.005746841,25.51849
"2025-04-08 17:31:58.5",47008,0.0957489,0.1102428,0.005556107,25.5014
"2025-04-08 17:31:58.55",47009,0.09341621,0.1048603,0.008504868,25.48891
"2025-04-08 17:31:58.6",47010,0.0938015,0.1059074,0.005498886,25.48779
"2025-04-08 17:31:58.65",47011,0.08982468,0.102663,0.006839752,25.49332
"2025-04-08 17:31:58.7",47012,0.09306526,0.1042004,0.006668091,25.48488
"2025-04-08 17:31:58.75",47013,0.09348869,0.1074123,0.004360199,25.4985
"2025-04-08 17:31:58.8",47014,0.09319687,0.1039219,0.002828598,25.49342
"2025-04-08 17:31:58.85",47015,0.09091377,0.1034031,0.006492615,25.4646
"2025-04-08 17:31:58.9",47016,0.09444427,0.1034184,0.006877899,25.48508
"2025-04-08 17:31:58.95",47017,0.09436607,0.1014175,0.008010864,25.48301
"2025-04-08 17:31:59",47018,0.09317589,0.1011009,0.004646301,25.49355
"2025-04-08 17:31:59.05",47019,0.09426308,0.1014309,0.004175186,25.48431
"2025-04-08 17:31:59.1",47020,0.09263802,0.1017818,0.006204605,25.48366
"2025-04-08 17:31:59.15",47021,0.0948391,0.1027107,0.002901077,25.48185
"2025-04-08 17:31:59.2",47022,0.09384727,0.1022472,0.0009689331,25.44009
"2025-04-08 17:31:59.25",47023,0.09124947,0.1018276,0.002450943,25.48647
"2025-04-08 17:31:59.3",47024,0.0929203,0.1011353,0.004526138,25.49079
"2025-04-08 17:31:59.35",47025,0.09622383,0.100544,0.005361557,25.49207
"2025-04-08 17:31:59.4",47026,0.09356499,0.09803009,0.001276016,25.49966
"2025-04-08 17:31:59.45",47027,0.09574509,0.1001015,0.0004463196,25.49953
"2025-04-08 17:31:59.5",47028,0.09192467,0.09813499,0.004270554,25.48599
"2025-04-08 17:31:59.55",47029,0.09061623,0.0977993,0.002233505,25.47276
"2025-04-08 17:31:59.6",47030,0.08403969,0.09767151,0.001672745,25.44164
"2025-04-08 17:31:59.65",47031,0.0788784,0.09752083,0.004688263,25.44019
"2025-04-08 17:31:59.7",47032,0.07744789,0.09730721,0.002052307,25.44144
"2025-04-08 17:31:59.75",47033,0.07792473,0.09667587,3.051758E-05,25.44118
"2025-04-08 17:31:59.8",47034,0.07203674,0.09758949,0.0002498627,25.44374
"2025-04-08 17:31:59.85",47035,0.07155037,0.09647179,0.0032444,25.44184
"2025-04-08 17:31:59.9",47036,0.07397079,0.09696388,0.005739212,25.44476
"2025-04-08 17:31:59.95",47037,0.07392502,0.095644,0.002220154,25.45103
"2025-04-08 17:32:00",47038,0.07633591,0.09442711,0.006248474,25.44342
"2025-04-08 17:32:00.05",47039,0.07601166,0.09490395,0.006635666,25.44374
"2025-04-08 17:32:00.1",47040,0.07600403,0.091959,0.001743317,25.47502
"2025-04-08 17:32:00.15",47041,0.07631874,0.09272003,0.001083374,25.45079
"2025-04-08 17:32:00.2",47042,0.08010292,0.09560013,0.004701614,25.44896
"2025-04-08 17:32:00.25",47043,0.08063316,0.09444427,0.001983643,25.44096
"2025-04-08 17:32:00.3",47044,0.07803154,0.09651947,0.006910324,25.43899
"2025-04-08 17:32:00.35",47045,0.07582664,0.09556198,0.00626564,25.44112
"2025-04-08 17:32:00.4",47046,0.07806015,0.09551811,0.009113312,25.4413
"2025-04-08 17:32:00.45",47047,0.08005524,0.09496689,0.007076263,25.44224
"2025-04-08 17:32:00.5",47048,0.07577515,0.09373283,0.006536484,25.44376
"2025-04-08 17:32:00.55",47049,0.07472992,0.09399986,0.005779266,25.44267
"2025-04-08 17:32:00.6",47050,0.07876968,0.09323502,0.009992599,25.4398
"2025-04-08 17:32:00.65",47051,0.07838821,0.09447861,0.009109497,25.44949
"2025-04-08 17:32:00.7",47052,0.07633972,0.09399223,0.01042938,25.45097
"2025-04-08 17:32:00.75",47053,0.08068085,0.09569168,0.01268768,25.45811
"2025-04-08 17:32:00.8",47054,0.07444191,0.09389305,0.009763718,25.4444
"2025-04-08 17:32:00.85",47055,0.07168388,0.09359169,0.01175499,25.44508
"2025-04-08 17:32:00.9",47056,0.07216835,0.09334564,0.008077621,25.44327
"2025-04-08 17:32:00.95",47057,0.07344627,0.09273529,-0.0008773804,25.44926
"2025-04-08 17:32:01",47058,0.07282639,0.0915966,-0.004278183,25.44887
"2025-04-08 17:32:01.05",47059,0.07065392,0.09115601,-0.009822845,25.44778
"2025-04-08 17:32:01.1",47060,0.0714798,0.09290886,-0.009471893,25.43912
"2025-04-08 17:32:01.15",47061,0.07366562,0.09391403,-0.0060215,25.43736
"2025-04-08 17:32:01.2",47062,0.07086754,0.09383202,-0.003601074,25.43695
"2025-04-08 17:32:01.25",47063,0.07536316,0.09870148,-0.0007514954,25.4514
"2025-04-08 17:32:01.3",47064,0.07582092,0.08925819,-0.008171082,25.48136
"2025-04-08 17:32:01.35",47065,0.0731678,0.09156799,-0.005233765,25.46556
"2025-04-08 17:32:01.4",47066,0.06747818,0.08852577,-0.002372742,25.44301
"2025-04-08 17:32:01.45",47067,0.06972694,0.09083176,-0.004072189,25.44301
"2025-04-08 17:32:01.5",47068,0.07011795,0.08801651,0.002090454,25.46788
"2025-04-08 17:32:01.55",47069,0.06962776,0.08767128,-0.002445221,25.46932
"2025-04-08 17:32:01.6",47070,0.07018471,0.08637428,-0.005344391,25.48306
"2025-04-08 17:32:01.65",47071,0.07159805,0.08692169,-0.003343582,25.47779
"2025-04-08 17:32:01.7",47072,0.0696373,0.08739853,-0.000919342,25.49071
"2025-04-08 17:32:01.75",47073,0.06875992,0.08745956,-0.002923965,25.47421
"2025-04-08 17:32:01.8",47074,0.06893349,0.08778954,-0.001848221,25.48642
"2025-04-08 17:32:01.85",47075,0.06929588,0.08569336,-0.00481987,25.48015
"2025-04-08 17:32:01.9",47076,0.06953812,0.0866375,-0.005332947,25.46585
"2025-04-08 17:32:01.95",47077,0.06859207,0.08755302,-0.007160187,25.46628
"2025-04-08 17:32:02",47078,0.0683918,0.08783722,-0.005702972,25.4826
"2025-04-08 17:32:02.05",47079,0.07022285,0.08468246,-0.004398346,25.49747
"2025-04-08 17:32:02.1",47080,0.07133484,0.08509636,-0.003061295,25.48031
"2025-04-08 17:32:02.15",47081,0.06826591,0.08400154,0.001270294,25.49734
"2025-04-08 17:32:02.2",47082,0.0690403,0.08460426,-0.002340317,25.48026
"2025-04-08 17:32:02.25",47083,0.0719738,0.08532715,-0.004026413,25.49231
"2025-04-08 17:32:02.3",47084,0.07077026,0.08457756,-0.002349854,25.47902
"2025-04-08 17:32:02.35",47085,0.07172585,0.08596992,0.001749039,25.49999
"2025-04-08 17:32:02.4",47086,0.06643677,0.07349205,0.001487732,25.49364
"2025-04-08 17:32:02.45",47087,0.0700798,0.07070541,0.003826141,25.51041
"2025-04-08 17:32:02.5",47088,0.06980705,0.0626812,-0.0009479523,25.49541
"2025-04-08 17:32:02.55",47089,0.07069969,0.06320953,0.006027222,25.48692
"2025-04-08 17:32:02.6",47090,0.06797218,0.05943871,0.0004940033,25.49424
"2025-04-08 17:32:02.65",47091,0.06941032,0.05984116,-0.002071381,25.49322
"2025-04-08 17:32:02.7",47092,0.06976128,0.06487465,-0.001462936,25.46721
"2025-04-08 17:32:02.75",47093,0.06700325,0.06464958,0.001178741,25.4778
"2025-04-08 17:32:02.8",47094,0.07092094,0.06581879,0.001708984,25.49082
"2025-04-08 17:32:02.85",47095,0.07126236,0.06541061,0.001499176,25.47896
"2025-04-08 17:32:02.9",47096,0.07049179,0.06560707,0.0008659363,25.49562
"2025-04-08 17:32:02.95",47097,0.07085037,0.06579971,0.001312256,25.46999
"2025-04-08 17:32:03",47098,0.06844711,0.06405449,0.0007476807,25.44808
"2025-04-08 17:32:03.05",47099,0.06792259,0.06680489,0.002843857,25.4482
"2025-04-08 17:32:03.1",47100,0.06773186,0.06452942,-0.001092911,25.47057
"2025-04-08 17:32:03.15",47101,0.06476402,0.06705093,-0.005723953,25.46595
"2025-04-08 17:32:03.2",47102,0.07037354,0.07103539,-0.003067017,25.46409
"2025-04-08 17:32:03.25",47103,0.06900787,0.07068253,-0.002832413,25.43963
"2025-04-08 17:32:03.3",47104,0.06552696,0.06786728,-0.002729416,25.43126
"2025-04-08 17:32:03.35",47105,0.06464958,0.0675602,-0.002573013,25.43983
"2025-04-08 17:32:03.4",47106,0.06406021,0.07049751,0.0005760193,25.44028
"2025-04-08 17:32:03.45",47107,0.06859207,0.07344627,-0.002574921,25.43964
"2025-04-08 17:32:03.5",47108,0.0645237,0.0696106,-0.005443573,25.43317
"2025-04-08 17:32:03.55",47109,0.06230545,0.07182884,-0.00513649,25.44151
"2025-04-08 17:32:03.6",47110,0.06152916,0.07155418,-0.004846573,25.4423
"2025-04-08 17:32:03.65",47111,0.06980133,0.07441902,-0.001853943,25.43989
"2025-04-08 17:32:03.7",47112,0.06759453,0.07235336,-0.004434586,25.41215
"2025-04-08 17:32:03.75",47113,0.0681076,0.07598305,-0.0007381439,25.43815
"2025-04-08 17:32:03.8",47114,0.06612587,0.07178307,-0.002323151,25.43289
"2025-04-08 17:32:03.85",47115,0.06352425,0.07240105,-0.003320694,25.4317
"2025-04-08 17:32:03.9",47116,0.06616974,0.07316589,-0.00246048,25.44806
"2025-04-08 17:32:03.95",47117,0.06562233,0.07521629,-0.00629425,25.43445
"2025-04-08 17:32:04",47118,0.06813622,0.07222366,-0.008358002,25.43374
"2025-04-08 17:32:04.05",47119,0.06876564,0.07426643,-0.006109238,25.43411
"2025-04-08 17:32:04.1",47120,0.06637764,0.07393837,-0.006103516,25.41068
"2025-04-08 17:32:04.15",47121,0.0684166,0.07367134,-0.003763199,25.44189
"2025-04-08 17:32:04.2",47122,0.06834412,0.07684135,-0.004421234,25.43329
"2025-04-08 17:32:04.25",47123,0.0627861,0.07645226,-0.009561539,25.43246
"2025-04-08 17:32:04.3",47124,0.05955887,0.07721138,-0.004070282,25.42992
"2025-04-08 17:32:04.35",47125,0.05839539,0.07874107,-0.008892059,25.43102
"2025-04-08 17:32:04.4",47126,0.04773521,0.08095932,-0.008029938,25.43789
"2025-04-08 17:32:04.45",47127,0.04009819,0.07606125,-0.009609222,25.43198
"2025-04-08 17:32:04.5",47128,0.04218483,0.07936096,-0.002384186,25.44038
"2025-04-08 17:32:04.55",47129,0.04906464,0.07856178,-0.0008087158,25.4404
"2025-04-08 17:32:04.6",47130,0.04776764,0.07296562,-0.003189087,25.43448
"2025-04-08 17:32:04.65",47131,0.04858971,0.07583809,-0.003692627,25.43855
"2025-04-08 17:32:04.7",47132,0.05067825,0.07345772,-0.007286072,25.43934
"2025-04-08 17:32:04.75",47133,0.04755592,0.07314491,-0.003669739,25.42878
"2025-04-08 17:32:04.8",47134,0.04545975,0.07320023,-0.007556915,25.42944
"2025-04-08 17:32:04.85",47135,0.04901314,0.07335281,-0.008235931,25.43061
"2025-04-08 17:32:04.9",47136,0.0476017,0.07338142,-0.007261276,25.37169
"2025-04-08 17:32:04.95",47137,0.04416656,0.07309341,-0.006166458,25.43008
"2025-04-08 17:32:05",47138,0.04843712,0.07302284,-0.0007266998,25.43094
"2025-04-08 17:32:05.05",47139,0.05142021,0.0727272,-0.0019207,25.43263
"2025-04-08 17:32:05.1",47140,0.05000114,0.07546997,-0.001903534,25.44893
"2025-04-08 17:32:05.15",47141,0.05655289,0.07144165,-0.004840851,25.43359
"2025-04-08 17:32:05.2",47142,0.05195236,0.0728035,-0.008169174,25.4426
"2025-04-08 17:32:05.25",47143,0.05723572,0.0766983,-0.001865387,25.43858
"2025-04-08 17:32:05.3",47144,0.05379486,0.07231903,-0.007076263,25.44043
"2025-04-08 17:32:05.35",47145,0.0510006,0.07068253,-0.005187988,25.46077
"2025-04-08 17:32:05.4",47146,0.04889107,0.0711174,-0.003416061,25.43697
"2025-04-08 17:32:05.45",47147,0.05203438,0.07352638,-0.003105164,25.44455
"2025-04-08 17:32:05.5",47148,0.04663849,0.06985664,-0.002134323,25.46066
"2025-04-08 17:32:05.55",47149,0.0504818,0.06953621,-0.004053116,25.47465
"2025-04-08 17:32:05.6",47150,0.05118179,0.0688076,-0.001028061,25.45954
"2025-04-08 17:32:05.65",47151,0.04932785,0.06833839,-0.001943588,25.43776
"2025-04-08 17:32:05.7",47152,0.05373764,0.06870651,-0.004030228,25.4595
"2025-04-08 17:32:05.75",47153,0.05291557,0.06502914,-0.006757736,25.4651
"2025-04-08 17:32:05.8",47154,0.0500145,0.06757736,-0.006984711,25.43606
"2025-04-08 17:32:05.85",47155,0.0487442,0.06810379,-0.005355835,25.4376
"2025-04-08 17:32:05.9",47156,0.04701805,0.07056046,-0.002969742,25.43451
"2025-04-08 17:32:05.95",47157,0.04806519,0.0671711,-0.002279282,25.45886
"2025-04-08 17:32:06",47158,0.05030823,0.06624413,-0.0004463196,25.43857
"2025-04-08 17:32:06.05",47159,0.05586624,0.06905174,-0.005529404,25.48015
"2025-04-08 17:32:06.1",47160,0.04702377,0.06616974,-0.004896164,25.43927
"2025-04-08 17:32:06.15",47161,0.04911232,0.06286812,-0.005395889,25.46131
"2025-04-08 17:32:06.2",47162,0.04872131,0.06293488,-0.01086044,25.47424
"2025-04-08 17:32:06.25",47163,0.04812431,0.06322289,-0.01016426,25.4739
"2025-04-08 17:32:06.3",47164,0.0493412,0.06333733,-0.01086044,25.45859
"2025-04-08 17:32:06.35",47165,0.04679489,0.0639019,-0.00569725,25.47297
"2025-04-08 17:32:06.4",47166,0.04486847,0.06079865,-0.004873276,25.4721
"2025-04-08 17:32:06.45",47167,0.04917908,0.06506538,-0.005086899,25.48024
"2025-04-08 17:32:06.5",47168,0.04456139,0.06090355,-0.007633209,25.47316
"2025-04-08 17:32:06.55",47169,0.05164528,0.06428337,-0.004589081,25.45791
"2025-04-08 17:32:06.6",47170,0.04840469,0.06198311,-0.009168625,25.45773
"2025-04-08 17:32:06.65",47171,0.04759598,0.06219482,-0.008398056,25.43712
"2025-04-08 17:32:06.7",47172,0.05405045,0.06127167,-0.00564003,25.45866
"2025-04-08 17:32:06.75",47173,0.04976082,0.06257248,-0.01063919,25.472
"2025-04-08 17:32:06.8",47174,0.04944801,0.06046677,-0.01392365,25.43326
"2025-04-08 17:32:06.85",47175,0.049263,0.05995941,-0.01424599,25.43385
"2025-04-08 17:32:06.9",47176,0.043993,0.05722237,-0.008520126,25.47073
"2025-04-08 17:32:06.95",47177,0.04723167,0.0575676,-0.01232529,25.45499
"2025-04-08 17:32:07",47178,0.04632759,0.05758667,-0.00903511,25.45483
"2025-04-08 17:32:07.05",47179,0.04731941,0.05678368,-0.01343155,25.47092
"2025-04-08 17:32:07.1",47180,0.04985619,0.05641747,-0.01133537,25.47219
"2025-04-08 17:32:07.15",47181,0.04504776,0.05587769,-0.01148796,25.45586
"2025-04-08 17:32:07.2",47182,0.04834938,0.05493736,-0.01503372,25.47095
"2025-04-08 17:32:07.25",47183,0.04902077,0.05523872,-0.01394081,25.47084
"2025-04-08 17:32:07.3",47184,0.04967117,0.05554581,-0.009817123,25.45722
"2025-04-08 17:32:07.35",47185,0.05113602,0.0561657,-0.009996414,25.47237
"2025-04-08 17:32:07.4",47186,0.05526352,0.05656815,-0.008363724,25.45781
"2025-04-08 17:32:07.45",47187,0.05041695,0.05589294,-0.01390648,25.45905
"2025-04-08 17:32:07.5",47188,0.05189514,0.05840302,-0.01114273,25.47334
"2025-04-08 17:32:07.55",47189,0.05156517,0.05833626,-0.009243011,25.47276
"2025-04-08 17:32:07.6",47190,0.05031395,0.05839539,-0.01131439,25.48894
"2025-04-08 17:32:07.65",47191,0.04713058,0.05788612,-0.007520676,25.48692
"2025-04-08 17:32:07.7",47192,0.04640388,0.05515671,-0.008090973,25.48737
"2025-04-08 17:32:07.75",47193,0.0481205,0.05931664,-0.006792068,25.48436
"2025-04-08 17:32:07.8",47194,0.04909325,0.05779839,-0.008617401,25.4828
"2025-04-08 17:32:07.85",47195,0.04998589,0.05775261,-0.01170921,25.46664
"2025-04-08 17:32:07.9",47196,0.05204582,0.06142426,-0.00983429,25.48901
"2025-04-08 17:32:07.95",47197,0.05007362,0.05857468,-0.009590149,25.46896
"2025-04-08 17:32:08",47198,0.0469532,0.05904961,-0.007986069,25.46999
"2025-04-08 17:32:08.05",47199,0.05229568,0.05731201,-0.01079369,25.47233
"2025-04-08 17:32:08.1",47200,0.05023766,0.05783844,-0.007293701,25.47038
"2025-04-08 17:32:08.15",47201,0.05388832,0.06059456,-0.001960754,25.49168
"2025-04-08 17:32:08.2",47202,0.05180168,0.06002617,-0.006492615,25.47064
"2025-04-08 17:32:08.25",47203,0.05337906,0.06137848,-0.006193161,25.4921
"2025-04-08 17:32:08.3",47204,0.04675865,0.05652618,-0.007968903,25.49654
"2025-04-08 17:32:08.35",47205,0.04964828,0.05989838,-0.004020691,25.4911
"2025-04-08 17:32:08.4",47206,0.04777527,0.05779266,-0.008745193,25.48159
"2025-04-08 17:32:08.45",47207,0.05077934,0.0581398,-0.01130676,25.49538
"2025-04-08 17:32:08.5",47208,0.05048752,0.06053543,-0.01273918,25.46824
"2025-04-08 17:32:08.55",47209,0.05105782,0.05679321,-0.01184845,25.48395
"2025-04-08 17:32:08.6",47210,0.04823112,0.0567131,-0.009605408,25.48389
"2025-04-08 17:32:08.65",47211,0.04638672,0.05754089,-0.007364273,25.47054
"2025-04-08 17:32:08.7",47212,0.04932213,0.05510521,-0.006551743,25.48393
"2025-04-08 17:32:08.75",47213,0.05124283,0.05743408,-0.006097794,25.47031
"2025-04-08 17:32:08.8",47214,0.04870605,0.05887794,-0.01291656,25.48046
"2025-04-08 17:32:08.85",47215,0.04694176,0.06127357,-0.005805969,25.48258
"2025-04-08 17:32:08.9",47216,0.04389763,0.06085968,-0.007417679,25.4808
"2025-04-08 17:32:08.95",47217,0.0452652,0.05746269,-0.003789902,25.45187
"2025-04-08 17:32:09",47218,0.0469799,0.05690002,-0.00358963,25.46729
"2025-04-08 17:32:09.05",47219,0.04615402,0.05529022,-0.00966835,25.4679
"2025-04-08 17:32:09.1",47220,0.04715347,0.05500603,-0.009134293,25.48176
"2025-04-08 17:32:09.15",47221,0.04496574,0.05466652,-0.004817963,25.49324
"2025-04-08 17:32:09.2",47222,0.04373169,0.05328178,-0.004295349,25.47051
"2025-04-08 17:32:09.25",47223,0.04473114,0.05374336,-0.007930756,25.46668
"2025-04-08 17:32:09.3",47224,0.05007362,0.05715561,-0.006370544,25.48906
"2025-04-08 17:32:09.35",47225,0.04713249,0.05435181,-0.008583069,25.46745
"2025-04-08 17:32:09.4",47226,0.04737663,0.05705643,-0.003326416,25.46732
"2025-04-08 17:32:09.45",47227,0.04735374,0.05458832,-0.007343292,25.48164
"2025-04-08 17:32:09.5",47228,0.04922485,0.05727959,-0.003818512,25.47584
"2025-04-08 17:32:09.55",47229,0.04479027,0.05412292,-0.001317978,25.46834
"2025-04-08 17:32:09.6",47230,0.04613876,0.05378151,-0.004350662,25.47311
"2025-04-08 17:32:09.65",47231,0.04511452,0.05433655,-0.004535675,25.47191
"2025-04-08 17:32:09.7",47232,0.04652977,0.05410767,-0.001573563,25.45749
"2025-04-08 17:32:09.75",47233,0.04938698,0.05418968,-0.002222061,25.48679
"2025-04-08 17:32:09.8",47234,0.04624367,0.05385399,-0.005205154,25.46897
"2025-04-08 17:32:09.85",47235,0.04368973,0.05405807,-0.003192902,25.45263
"2025-04-08 17:32:09.9",47236,0.04146385,0.05506134,-0.003885269,25.49516
"2025-04-08 17:32:09.95",47237,0.03991508,0.05367851,-0.004764557,25.51823
"2025-04-08 17:32:10",47238,0.04517174,0.05714989,-0.001853943,25.47259
"2025-04-08 17:32:10.05",47239,0.04394722,0.05331802,-0.005500793,25.46691
"2025-04-08 17:32:10.1",47240,0.04549599,0.05267143,-0.006784439,25.48443
"2025-04-08 17:32:10.15",47241,0.04665565,0.0565815,-0.0006065369,25.47437
"2025-04-08 17:32:10.2",47242,0.04086494,0.05276489,-0.002523422,25.51852
"2025-04-08 17:32:10.25",47243,0.04228973,0.05446815,-0.002635956,25.4958
"2025-04-08 17:32:10.3",47244,0.04831505,0.05790329,-0.0009593964,25.47245
"2025-04-08 17:32:10.35",47245,0.04246902,0.05162811,-0.003211975,25.47864
"2025-04-08 17:32:10.4",47246,0.04207039,0.05157661,-0.002714157,25.47269
"2025-04-08 17:32:10.45",47247,0.04528809,0.05816078,0.002731323,25.52515
"2025-04-08 17:32:10.5",47248,0.03992081,0.05038834,0.0008621216,25.49529
"2025-04-08 17:32:10.55",47249,0.0431881,0.0531292,0.002180099,25.51981
"2025-04-08 17:32:10.6",47250,0.04118729,0.05096817,-0.001070023,25.48203
"2025-04-08 17:32:10.65",47251,0.04255676,0.05084038,-0.005657196,25.48005
"2025-04-08 17:32:10.7",47252,0.04098701,0.05175591,-0.005764008,25.49596
"2025-04-08 17:32:10.75",47253,0.04142761,0.05366707,-0.003862381,25.49742
"2025-04-08 17:32:10.8",47254,0.03733063,0.05252457,-0.0001716614,25.51626
"2025-04-08 17:32:10.85",47255,0.04360199,0.0521698,-0.002960205,25.49563
"2025-04-08 17:32:10.9",47256,0.04036331,0.05167007,-0.004377365,25.48035
"2025-04-08 17:32:10.95",47257,0.03915024,0.05168724,-0.005853653,25.51916
"2025-04-08 17:32:11",47258,0.0414505,0.05622864,0.003559113,25.50446
"2025-04-08 17:32:11.05",47259,0.04521561,0.05577087,0.004016876,25.50314
"2025-04-08 17:32:11.1",47260,0.04433441,0.05628586,0.0004081726,25.50195
"2025-04-08 17:32:11.15",47261,0.04576683,0.05358315,-0.002586365,25.52193
"2025-04-08 17:32:11.2",47262,0.04034042,0.05004692,-0.0004253387,25.4922
"2025-04-08 17:32:11.25",47263,0.03841972,0.05096626,-0.002277374,25.49224
"2025-04-08 17:32:11.3",47264,0.03621864,0.04872131,0.0001811981,25.49397
"2025-04-08 17:32:11.35",47265,0.03909302,0.04766083,0.002588272,25.53873
"2025-04-08 17:32:11.4",47266,0.04031944,0.0467453,0.002710342,25.51853
"2025-04-08 17:32:11.45",47267,0.03740311,0.04650116,-0.001564026,25.4973
"2025-04-08 17:32:11.5",47268,0.03926849,0.04670525,-0.003126144,25.49733
"2025-04-08 17:32:11.55",47269,0.04143906,0.04726028,-0.0006637573,25.51884
"2025-04-08 17:32:11.6",47270,0.04022789,0.05009651,-0.0033741,25.49554
"2025-04-08 17:32:11.65",47271,0.0374012,0.05121994,-0.003271103,25.49387
"2025-04-08 17:32:11.7",47272,0.03793716,0.04794502,-0.002929688,25.51618
"2025-04-08 17:32:11.75",47273,0.03905678,0.04836464,0.003368378,25.52193
"2025-04-08 17:32:11.8",47274,0.04096413,0.04736519,0.001747131,25.52309
"2025-04-08 17:32:11.85",47275,0.04240036,0.04761314,0.002510071,25.5444
"2025-04-08 17:32:11.9",47276,0.03962517,0.04714966,-0.0004024506,25.50194
"2025-04-08 17:32:11.95",47277,0.03446579,0.04726601,-0.0007705688,25.52233
"2025-04-08 17:32:12",47278,0.03520775,0.04804611,0.005796432,25.51995
"2025-04-08 17:32:12.05",47279,0.04087448,0.05062866,0.007802963,25.5049
"2025-04-08 17:32:12.1",47280,0.0443573,0.0515976,0.004436493,25.50251
"2025-04-08 17:32:12.15",47281,0.03535843,0.04531479,0.001407623,25.49458
"2025-04-08 17:32:12.2",47282,0.03886032,0.05115128,0.007255554,25.51534
"2025-04-08 17:32:12.25",47283,0.03343773,0.04723358,0.005439758,25.5155
"2025-04-08 17:32:12.3",47284,0.03351402,0.04723167,0.002498627,25.51729
"2025-04-08 17:32:12.35",47285,0.03813934,0.05027962,0.006975174,25.50357
"2025-04-08 17:32:12.4",47286,0.03549767,0.04761314,-0.0006923676,25.51563
"2025-04-08 17:32:12.45",47287,0.03854179,0.04730415,0.001722336,25.51535
"2025-04-08 17:32:12.5",47288,0.03715515,0.04706955,0.0001888275,25.53777
"2025-04-08 17:32:12.55",47289,0.0362072,0.04482079,0.003473282,25.52003
"2025-04-08 17:32:12.6",47290,0.03923607,0.04741669,0.00749588,25.5154
"2025-04-08 17:32:12.65",47291,0.03658867,0.04715538,0.003564835,25.51685
"2025-04-08 17:32:12.7",47292,0.03598404,0.05081749,0.007650375,25.50222
"2025-04-08 17:32:12.75",47293,0.03843689,0.04743385,0.001462936,25.54745
"2025-04-08 17:32:12.8",47294,0.040802,0.0474453,0.006439209,25.54613
"2025-04-08 17:32:12.85",47295,0.03717422,0.04728317,0.004423141,25.51815
"2025-04-08 17:32:12.9",47296,0.03828621,0.04694176,0.005222321,25.56542
"2025-04-08 17:32:12.95",47297,0.03741837,0.04752159,0.007551193,25.51546
"2025-04-08 17:32:13",47298,0.03767204,0.04776955,0.001619339,25.56406
"2025-04-08 17:32:13.05",47299,0.03822899,0.04745102,0.001989365,25.54586
"2025-04-08 17:32:13.1",47300,0.04228401,0.05082321,0.004852295,25.57377
"2025-04-08 17:32:13.15",47301,0.03705788,0.04707527,0.004257202,25.56767
"2025-04-08 17:32:13.2",47302,0.03424835,0.0486908,0.007696152,25.59652
"2025-04-08 17:32:13.25",47303,0.03914452,0.04784012,0.009231567,25.56753
"2025-04-08 17:32:13.3",47304,0.03728104,0.04914665,0.007270813,25.56684
"2025-04-08 17:32:13.35",47305,0.04011726,0.04832458,0.006412506,25.56782
"2025-04-08 17:32:13.4",47306,0.04307175,0.04985619,0.007696152,25.57616
"2025-04-08 17:32:13.45",47307,0.03360558,0.04885674,0.004787445,25.56683
"2025-04-08 17:32:13.5",47308,0.03642654,0.04563522,0.007541656,25.56721
"2025-04-08 17:32:13.55",47309,0.03818512,0.04410553,0.009847641,25.56873
"2025-04-08 17:32:13.6",47310,0.03503036,0.04617691,0.009954453,25.56886
"2025-04-08 17:32:13.65",47311,0.03920555,0.04551888,0.007234573,25.56862
"2025-04-08 17:32:13.7",47312,0.03685379,0.0454216,0.01249313,25.56961
"2025-04-08 17:32:13.75",47313,0.03842926,0.04584122,0.01154518,25.56828
"2025-04-08 17:32:13.8",47314,0.03511429,0.04646111,0.009506226,25.56505
"2025-04-08 17:32:13.85",47315,0.03747368,0.04634285,0.01015282,25.56564
"2025-04-08 17:32:13.9",47316,0.04333305,0.04629517,0.006940842,25.56599
"2025-04-08 17:32:13.95",47317,0.04216194,0.04709816,0.01067352,25.56651
"2025-04-08 17:32:14",47318,0.03824997,0.04612541,0.01123238,25.56976
"2025-04-08 17:32:14.05",47319,0.03765297,0.04586983,0.009683609,25.57103
"2025-04-08 17:32:14.1",47320,0.0490303,0.04857826,0.01377296,25.57281
"2025-04-08 17:32:14.15",47321,0.04012108,0.04539871,0.007154465,25.5935
"2025-04-08 17:32:14.2",47322,0.03676987,0.04564095,0.01169014,25.57246
"2025-04-08 17:32:14.25",47323,0.04300499,0.05323982,0.01258278,25.57603
"2025-04-08 17:32:14.3",47324,0.04202843,0.04718208,0.006469727,25.57022
"2025-04-08 17:32:14.35",47325,0.04153633,0.05030441,0.01058006,25.56992
"2025-04-08 17:32:14.4",47326,0.040905,0.04999161,0.01017761,25.51971
"2025-04-08 17:32:14.45",47327,0.04132271,0.04941559,0.007429123,25.57155
"2025-04-08 17:32:14.5",47328,0.03858185,0.04581261,0.007139206,25.54288
"2025-04-08 17:32:14.55",47329,0.0441494,0.05235291,0.01272774,25.58005
"2025-04-08 17:32:14.6",47330,0.04265404,0.04879951,0.004657745,25.57538
"2025-04-08 17:32:14.65",47331,0.04114342,0.04912567,0.004718781,25.57561
"2025-04-08 17:32:14.7",47332,0.04190254,0.04917145,0.006259918,25.5434
"2025-04-08 17:32:14.75",47333,0.03848457,0.04956627,0.005807877,25.54648
"2025-04-08 17:32:14.8",47334,0.0397644,0.04953957,0.00894165,25.54742
"2025-04-08 17:32:14.85",47335,0.04321098,0.05577278,0.0132103,25.53146
"2025-04-08 17:32:14.9",47336,0.03875351,0.04952049,0.008552551,25.51334
"2025-04-08 17:32:14.95",47337,0.03837967,0.05047798,0.005569458,25.4933
"2025-04-08 17:32:15",47338,0.04050064,0.054245,0.009960175,25.52209
"2025-04-08 17:32:15.05",47339,0.03996468,0.05070114,0.003620148,25.53902
"2025-04-08 17:32:15.1",47340,0.04009438,0.05103683,0.007516861,25.53643
"2025-04-08 17:32:15.15",47341,0.0394783,0.05202293,0.004838943,25.53784
"2025-04-08 17:32:15.2",47342,0.03743553,0.05234337,0.001173019,25.53538
"2025-04-08 17:32:15.25",47343,0.03604126,0.05509377,0.001369476,25.51299
"2025-04-08 17:32:15.3",47344,0.03456688,0.05243301,0.002222061,25.51591
"2025-04-08 17:32:15.35",47345,0.03904343,0.05789375,0.007635117,25.47289
"2025-04-08 17:32:15.4",47346,0.04178619,0.05701065,0.007156372,25.49311
"2025-04-08 17:32:15.45",47347,0.0346489,0.05559731,0.002592087,25.51884
"2025-04-08 17:32:15.5",47348,0.03302956,0.05586624,0.0006389618,25.51892
"2025-04-08 17:32:15.55",47349,0.03409576,0.05621338,0.004669189,25.49419
"2025-04-08 17:32:15.6",47350,0.03377342,0.05663109,0.002105713,25.47771
"2025-04-08 17:32:15.65",47351,0.03429604,0.05624962,0.001792908,25.46279
"2025-04-08 17:32:15.7",47352,0.03510666,0.05555725,0.002017975,25.47842
"2025-04-08 17:32:15.75",47353,0.03236961,0.05237579,0.004396439,25.476
"2025-04-08 17:32:15.8",47354,0.03487968,0.0544548,0.004875183,25.47946
"2025-04-08 17:32:15.85",47355,0.02904701,0.05159187,-0.0001239777,25.45017
"2025-04-08 17:32:15.9",47356,0.03186226,0.05060959,-0.00153923,25.49364
"2025-04-08 17:32:15.95",47357,0.03471756,0.0572834,0.001174927,25.42463
"2025-04-08 17:32:16",47358,0.03299713,0.05316353,0.001565933,25.45052
"2025-04-08 17:32:16.05",47359,0.03022194,0.05178833,0.002973557,25.46607
"2025-04-08 17:32:16.1",47360,0.03057098,0.05159378,-0.001665115,25.42613
"2025-04-08 17:32:16.15",47361,0.03433228,0.05193901,-0.001796722,25.42634
"2025-04-08 17:32:16.2",47362,0.02990913,0.05200005,-0.002941132,25.44902
"2025-04-08 17:32:16.25",47363,0.03212929,0.05827141,0.002748489,25.43845
"2025-04-08 17:32:16.3",47364,0.03013611,0.05018044,-0.0006866455,25.43254
"2025-04-08 17:32:16.35",47365,0.03088379,0.05142021,-0.002401352,25.45641
"2025-04-08 17:32:16.4",47366,0.02813148,0.05016518,-0.001983643,25.4339
"2025-04-08 17:32:16.45",47367,0.02988625,0.05279541,0.00312233,25.43246
"2025-04-08 17:32:16.5",47368,0.02915764,0.05122375,-0.001491547,25.4289
"2025-04-08 17:32:16.55",47369,0.03129387,0.0518074,-0.004739761,25.42648
"2025-04-08 17:32:16.6",47370,0.02475929,0.05133247,0.0006637573,25.42407
"2025-04-08 17:32:16.65",47371,0.02645683,0.05183411,-0.00676918,25.42587
"2025-04-08 17:32:16.7",47372,0.02770233,0.05157089,-0.004789352,25.42603
"2025-04-08 17:32:16.75",47373,0.02452469,0.04774094,-0.004354477,25.41935
"2025-04-08 17:32:16.8",47374,0.02386093,0.04987717,-0.003265381,25.42575
"2025-04-08 17:32:16.85",47375,0.02307701,0.04970169,-0.003261566,25.45783
"2025-04-08 17:32:16.9",47376,0.02544403,0.05117035,-0.00327301,25.4207
"2025-04-08 17:32:16.95",47377,0.02824211,0.05079079,-0.00343895,25.44888
"2025-04-08 17:32:17",47378,0.02805519,0.05097961,-0.002592087,25.42553
"2025-04-08 17:32:17.05",47379,0.02460861,0.0545826,-0.00141716,25.40379
"2025-04-08 17:32:17.1",47380,0.02413177,0.05167198,0.000459671,25.42604
"2025-04-08 17:32:17.15",47381,0.03094101,0.05469704,0.001010895,25.43432
"2025-04-08 17:32:17.2",47382,0.02585983,0.0506897,-0.004718781,25.43676
"2025-04-08 17:32:17.25",47383,0.0210228,0.05037689,-0.004348755,25.44213
"2025-04-08 17:32:17.3",47384,0.01962471,0.05092812,-0.006317139,25.45262
"2025-04-08 17:32:17.35",47385,0.02308846,0.05179596,-0.005451202,25.42725
"2025-04-08 17:32:17.4",47386,0.02239609,0.05151939,-0.004320145,25.41925
"2025-04-08 17:32:17.45",47387,0.02540207,0.05042458,-0.004795074,25.42542
"2025-04-08 17:32:17.5",47388,0.0236187,0.0541954,-0.004644394,25.42702
"2025-04-08 17:32:17.55",47389,0.02592659,0.05442619,-0.00462532,25.42192
"2025-04-08 17:32:17.6",47390,0.0235405,0.05172157,-0.005083084,25.42381
"2025-04-08 17:32:17.65",47391,0.02218819,0.05464935,-0.001607895,25.42609
"2025-04-08 17:32:17.7",47392,0.02212334,0.05571365,-0.001237869,25.42124
"2025-04-08 17:32:17.75",47393,0.02157402,0.05566025,-0.006242752,25.42536
"2025-04-08 17:32:17.8",47394,0.02055931,0.05554581,-0.009422302,25.42234
"2025-04-08 17:32:17.85",47395,0.02425575,0.05447388,-0.006961823,25.42742
"2025-04-08 17:32:17.9",47396,0.02471352,0.05551529,-0.002010345,25.4286
"2025-04-08 17:32:17.95",47397,0.02391052,0.05450249,-0.00144577,25.42847
"2025-04-08 17:32:18",47398,0.02396584,0.05497169,-0.009302139,25.42138
"2025-04-08 17:32:18.05",47399,0.02696037,0.05737495,-0.006948471,25.41869
"2025-04-08 17:32:18.1",47400,0.02241325,0.05331421,-0.003198624,25.41698
"2025-04-08 17:32:18.15",47401,0.02823067,0.05776978,-0.00201416,25.383
"2025-04-08 17:32:18.2",47402,0.02368164,0.05351639,-0.008600235,25.41909
"2025-04-08 17:32:18.25",47403,0.02485847,0.05386543,-0.008543015,25.42776
"2025-04-08 17:32:18.3",47404,0.01986694,0.05509949,-0.009643555,25.42565
"2025-04-08 17:32:18.35",47405,0.0246563,0.05639648,-0.001676559,25.42868
"2025-04-08 17:32:18.4",47406,0.02358437,0.05226898,-0.006694794,25.42065
"2025-04-08 17:32:18.45",47407,0.02709389,0.05355835,-0.008964539,25.42966
"2025-04-08 17:32:18.5",47408,0.02553368,0.05560875,-0.004142761,25.42456
"2025-04-08 17:32:18.55",47409,0.02552986,0.05442047,-0.01035881,25.42422
"2025-04-08 17:32:18.6",47410,0.02479935,0.05832291,-0.009885788,25.4273
"2025-04-08 17:32:18.65",47411,0.02572632,0.05726814,-0.002490997,25.42712
"2025-04-08 17:32:18.7",47412,0.02295876,0.05357552,-0.007665634,25.42068
"2025-04-08 17:32:18.75",47413,0.02069092,0.05675507,-0.009153366,25.41835
"2025-04-08 17:32:18.8",47414,0.0265522,0.05992126,-0.0005531311,25.4241
"2025-04-08 17:32:18.85",47415,0.02752113,0.05912209,-0.0002174377,25.36736
"2025-04-08 17:32:18.9",47416,0.0217762,0.05940247,-0.005281448,25.4035
"2025-04-08 17:32:18.95",47417,0.02428436,0.05296898,-0.004169464,25.42059
"2025-04-08 17:32:19",47418,0.02295494,0.05306053,-0.006092072,25.3753
"2025-04-08 17:32:19.05",47419,0.02122307,0.05306816,-0.009325027,25.3756
"2025-04-08 17:32:19.1",47420,0.01993942,0.05601692,-0.006641388,25.37174
"2025-04-08 17:32:19.15",47421,0.02020645,0.05616188,-0.005455017,25.41703
"2025-04-08 17:32:19.2",47422,0.01882744,0.05630302,-0.003229141,25.41702
"2025-04-08 17:32:19.25",47423,0.02149773,0.05459976,-0.001605988,25.41776
"2025-04-08 17:32:19.3",47424,0.02369118,0.05701637,-0.0060215,25.39505
"2025-04-08 17:32:19.35",47425,0.02411461,0.05624008,-0.006729126,25.41629
"2025-04-08 17:32:19.4",47426,0.02407074,0.05640221,-0.002544403,25.41793
"2025-04-08 17:32:19.45",47427,0.02163124,0.05546379,-0.002315521,25.37379
"2025-04-08 17:32:19.5",47428,0.02274895,0.05595589,-0.003614426,25.39974
"2025-04-08 17:32:19.55",47429,0.02437782,0.05338669,-0.005973816,25.42754
"2025-04-08 17:32:19.6",47430,0.02174759,0.05564308,-0.0072155,25.41949
"2025-04-08 17:32:19.65",47431,0.0219059,0.05562019,-0.009801865,25.41856
"2025-04-08 17:32:19.7",47432,0.02052498,0.05348778,-0.01096725,25.41767
"2025-04-08 17:32:19.75",47433,0.02061844,0.05618858,-0.009134293,25.42564
"2025-04-08 17:32:19.8",47434,0.02295876,0.05393982,-0.007225037,25.41692
"2025-04-08 17:32:19.85",47435,0.02318764,0.05486679,-0.006248474,25.39535
"2025-04-08 17:32:19.9",47436,0.02344513,0.05524635,-0.006462097,25.4182
"2025-04-08 17:32:19.95",47437,0.02110481,0.05492592,-0.00658989,25.41832
"2025-04-08 17:32:20",47438,0.02183342,0.05521965,-0.001312256,25.40453
"2025-04-08 17:32:20.05",47439,0.02231407,0.05565834,-0.004232407,25.41886
"2025-04-08 17:32:20.1",47440,0.02800179,0.05789757,-0.002550125,25.40372
"2025-04-08 17:32:20.15",47441,0.02326584,0.05407715,-0.009475708,25.41882
"2025-04-08 17:32:20.2",47442,0.02271461,0.05387688,-0.009727478,25.42559
"2025-04-08 17:32:20.25",47443,0.02389145,0.05457687,-0.007404327,25.41521
"2025-04-08 17:32:20.3",47444,0.02155304,0.053442,-0.001485825,25.37349
"2025-04-08 17:32:20.35",47445,0.02395439,0.05438614,-0.003807068,25.41889
"2025-04-08 17:32:20.4",47446,0.0186882,0.05250359,-0.006097794,25.41751
"2025-04-08 17:32:20.45",47447,0.01960945,0.05243683,-0.01008606,25.41922
"2025-04-08 17:32:20.5",47448,0.02446365,0.05691147,-0.001735687,25.42506
"2025-04-08 17:32:20.55",47449,0.02075958,0.05241585,-0.009283066,25.41727
"2025-04-08 17:32:20.6",47450,0.02223396,0.05282784,-0.00579071,25.39638
"2025-04-08 17:32:20.65",47451,0.02330589,0.05288506,-0.007247925,25.41745
"2025-04-08 17:32:20.7",47452,0.0272274,0.05146027,-0.008974075,25.42033
"2025-04-08 17:32:20.75",47453,0.02956772,0.05157661,-0.009248734,25.39913
"2025-04-08 17:32:20.8",47454,0.02556419,0.0510807,-0.007131577,25.3782
"2025-04-08 17:32:20.85",47455,0.02342224,0.05210304,-0.005889893,25.42445
"2025-04-08 17:32:20.9",47456,0.0219326,0.05178833,-0.003126144,25.43036
"2025-04-08 17:32:20.95",47457,0.02331161,0.05129814,-0.005987167,25.42115
"2025-04-08 17:32:21",47458,0.02097893,0.05056763,-0.00356102,25.42204
"2025-04-08 17:32:21.05",47459,0.02072525,0.05006409,-0.001996994,25.37675
"2025-04-08 17:32:21.1",47460,0.02192307,0.05093384,-0.007455826,25.41948
"2025-04-08 17:32:21.15",47461,0.02057076,0.0507431,-0.004707336,25.39678
"2025-04-08 17:32:21.2",47462,0.02124596,0.05084038,-0.001747131,25.41765
"2025-04-08 17:32:21.25",47463,0.02203178,0.05035973,-0.007364273,25.41634
"2025-04-08 17:32:21.3",47464,0.02198792,0.05174446,-0.004411697,25.39591
"2025-04-08 17:32:21.35",47465,0.02690887,0.0555191,-0.002103806,25.42052
"2025-04-08 17:32:21.4",47466,0.02288246,0.04989624,-0.003120422,25.41607
"2025-04-08 17:32:21.45",47467,0.02520561,0.04933548,-0.003055573,25.3945
"2025-04-08 17:32:21.5",47468,0.03043747,0.05511284,-0.0013237,25.42707
"2025-04-08 17:32:21.55",47469,0.02488136,0.05136299,-0.002586365,25.41714
"2025-04-08 17:32:21.6",47470,0.02510071,0.05003929,-0.002876282,25.42645
"2025-04-08 17:32:21.65",47471,0.02545166,0.05020905,-0.005901337,25.42023
"2025-04-08 17:32:21.7",47472,0.02468491,0.05035973,-0.007411957,25.41695
"2025-04-08 17:32:21.75",47473,0.03138733,0.05341911,-0.005521774,25.42156
"2025-04-08 17:32:21.8",47474,0.02426147,0.05035782,-0.007169724,25.41682
"2025-04-08 17:32:21.85",47475,0.02343941,0.04805946,-0.004417419,25.41566
"2025-04-08 17:32:21.9",47476,0.02529335,0.04805374,-0.004293442,25.39477
"2025-04-08 17:32:21.95",47477,0.0212574,0.04854012,-0.002239227,25.40122
"2025-04-08 17:32:22",47478,0.02633286,0.05103683,-0.003808975,25.42664
"2025-04-08 17:32:22.05",47479,0.02893639,0.05530739,-0.003572464,25.39639
"2025-04-08 17:32:22.1",47480,0.0284729,0.0489502,-0.004835129,25.42664
"2025-04-08 17:32:22.15",47481,0.0296917,0.04920387,-0.005115509,25.42484
"2025-04-08 17:32:22.2",47482,0.02876663,0.04991722,-0.004812241,25.3942
"2025-04-08 17:32:22.25",47483,0.02356148,0.05062866,-0.004968643,25.42308
"2025-04-08 17:32:22.3",47484,0.02495003,0.0504837,-0.004131317,25.41698
"2025-04-08 17:32:22.35",47485,0.02278709,0.05007553,-0.006673813,25.41648
"2025-04-08 17:32:22.4",47486,0.02776909,0.04906845,-0.006689072,25.41927
"2025-04-08 17:32:22.45",47487,0.02597618,0.04802322,-0.004163742,25.41899
"2025-04-08 17:32:22.5",47488,0.02211761,0.05041695,-0.004611969,25.41909
"2025-04-08 17:32:22.55",47489,0.0243187,0.04759598,-0.004684448,25.41932
"2025-04-08 17:32:22.6",47490,0.0232296,0.046875,-0.004640579,25.4187
"2025-04-08 17:32:22.65",47491,0.02541161,0.04760742,-0.005270004,25.41736
"2025-04-08 17:32:22.7",47492,0.02560234,0.0478344,-0.004932404,25.41834
"2025-04-08 17:32:22.75",47493,0.0298233,0.05024719,-0.001756668,25.41925
"2025-04-08 17:32:22.8",47494,0.0294342,0.0449295,-0.005109787,25.4241
"2025-04-08 17:32:22.85",47495,0.02737045,0.04535484,-0.004674911,25.41691
"2025-04-08 17:32:22.9",47496,0.03207016,0.04819298,-0.001529694,25.40584
"2025-04-08 17:32:22.95",47497,0.0287075,0.04450035,-0.003976822,25.42456
"2025-04-08 17:32:23",47498,0.02639961,0.04390717,-0.004745483,25.4245
"2025-04-08 17:32:23.05",47499,0.02707481,0.04360199,-0.004753113,25.42298
"2025-04-08 17:32:23.1",47500,0.02619934,0.04522705,-0.005153656,25.42188
"2025-04-08 17:32:23.15",47501,0.02639961,0.04471207,-0.004957199,25.41958
"2025-04-08 17:32:23.2",47502,0.0299511,0.04792023,-0.004331589,25.42613
"2025-04-08 17:32:23.25",47503,0.02508354,0.04539299,-0.004138947,25.41821
"2025-04-08 17:32:23.3",47504,0.02448082,0.0451107,-0.003959656,25.41852
"2025-04-08 17:32:23.35",47505,0.03214264,0.04799652,0.001558304,25.42262
"2025-04-08 17:32:23.4",47506,0.02666855,0.04398155,-0.004524231,25.42451
"2025-04-08 17:32:23.45",47507,0.02553558,0.04423141,-0.003818512,25.42528
"2025-04-08 17:32:23.5",47508,0.02705956,0.04436684,-0.002441406,25.42593
"2025-04-08 17:32:23.55",47509,0.02898216,0.04454422,-0.00202179,25.4463
"2025-04-08 17:32:23.6",47510,0.02806091,0.04499817,-0.002187729,25.41556
"2025-04-08 17:32:23.65",47511,0.03089142,0.04892921,0.001569748,25.45287
"2025-04-08 17:32:23.7",47512,0.02656746,0.04557419,-0.00261116,25.42326
"2025-04-08 17:32:23.75",47513,0.02391434,0.0453167,-0.002552032,25.42381
"2025-04-08 17:32:23.8",47514,0.03232193,0.0483036,-0.0003414154,25.42488
"2025-04-08 17:32:23.85",47515,0.02755165,0.04432297,0.001150131,25.41751
"2025-04-08 17:32:23.9",47516,0.02564049,0.04443932,-0.003820419,25.4182
"2025-04-08 17:32:23.95",47517,0.02630997,0.04466438,-0.003831863,25.42613
"2025-04-08 17:32:24",47518,0.03155899,0.04709244,-0.002368927,25.43162
"2025-04-08 17:32:24.05",47519,0.02617073,0.04434967,-0.002344131,25.42282
"2025-04-08 17:32:24.1",47520,0.02869415,0.04481506,-0.004528046,25.43117
"2025-04-08 17:32:24.15",47521,0.02981758,0.04504204,-0.002128601,25.41752
"2025-04-08 17:32:24.2",47522,0.02647781,0.04759407,-0.001964569,25.42414
"2025-04-08 17:32:24.25",47523,0.02876663,0.0460968,0.0004920959,25.43279
"2025-04-08 17:32:24.3",47524,0.02361298,0.04228783,-0.002412796,25.42529
"2025-04-08 17:32:24.35",47525,0.02575111,0.04592514,-0.002227783,25.42434
"2025-04-08 17:32:24.4",47526,0.02137375,0.04629517,-0.002483368,25.41809
"2025-04-08 17:32:24.45",47527,0.0257473,0.04920387,0.0004768372,25.43262
"2025-04-08 17:32:24.5",47528,0.02483559,0.04691887,-0.00304985,25.42397
"2025-04-08 17:32:24.55",47529,0.02511597,0.04554558,-0.002929688,25.42422
"2025-04-08 17:32:24.6",47530,0.02470398,0.04348373,-0.001495361,25.41582
"2025-04-08 17:32:24.65",47531,0.02418709,0.04573441,-0.001607895,25.41405
"2025-04-08 17:32:24.7",47532,0.02383804,0.04529953,-0.001562119,25.44559
"2025-04-08 17:32:24.75",47533,0.02755165,0.04440689,0.0008430481,25.42241
"2025-04-08 17:32:24.8",47534,0.02390289,0.04134941,-0.002103806,25.41748
"2025-04-08 17:32:24.85",47535,0.0236454,0.04088211,-0.001943588,25.42444
"2025-04-08 17:32:24.9",47536,0.02458382,0.04500198,0.0001525879,25.42577
"2025-04-08 17:32:24.95",47537,0.02435684,0.04103661,-0.00254631,25.41615
"2025-04-08 17:32:25",47538,0.02567291,0.04084206,-0.001953125,25.42246
"2025-04-08 17:32:25.05",47539,0.02639389,0.04188156,0.0005760193,25.43065
"2025-04-08 17:32:25.1",47540,0.02565193,0.04147911,-0.001977921,25.42361
"2025-04-08 17:32:25.15",47541,0.0266571,0.04132271,-0.001272202,25.4257
"2025-04-08 17:32:25.2",47542,0.02557945,0.04180336,-0.001996994,25.42973
"2025-04-08 17:32:25.25",47543,0.02283287,0.0412178,-0.002210617,25.42243
"2025-04-08 17:32:25.3",47544,0.02507019,0.04117203,-0.002300262,25.43313
"2025-04-08 17:32:25.35",47545,0.02181053,0.04153442,-0.002914429,25.42104
"2025-04-08 17:32:25.4",47546,0.02503777,0.04559135,-0.001998901,25.42712
"2025-04-08 17:32:25.45",47547,0.02212715,0.04226685,-0.002159119,25.41644
"2025-04-08 17:32:25.5",47548,0.02075005,0.04176903,-0.002092361,25.41702
"2025-04-08 17:32:25.55",47549,0.02049065,0.04009819,-0.001758575,25.41821
"2025-04-08 17:32:25.6",47550,0.02035713,0.03912163,-0.002508163,25.4247
"2025-04-08 17:32:25.65",47551,0.02292252,0.04156494,-0.002182007,25.41754
"2025-04-08 17:32:25.7",47552,0.02278709,0.04096603,-0.002807617,25.41745
"2025-04-08 17:32:25.75",47553,0.02466774,0.04448509,0.0002574921,25.41979
"2025-04-08 17:32:25.8",47554,0.02106094,0.04216576,-0.00194931,25.42317
"2025-04-08 17:32:25.85",47555,0.02127266,0.04241753,-0.001834869,25.41552
"2025-04-08 17:32:25.9",47556,0.02062035,0.04217911,-0.0004253387,25.42143
"2025-04-08 17:32:25.95",47557,0.02131653,0.04172897,-0.0006122589,25.41395
"2025-04-08 17:32:26",47558,0.02039146,0.04154205,-0.000535965,25.42528
"2025-04-08 17:32:26.05",47559,0.02087784,0.03849602,-0.0006465912,25.4238
"2025-04-08 17:32:26.1",47560,0.02104568,0.04198837,-0.0009002686,25.3971
"2025-04-08 17:32:26.15",47561,0.02126122,0.04145241,-0.00201416,25.41785
"2025-04-08 17:32:26.2",47562,0.02214432,0.04232216,-0.001815796,25.37202
"2025-04-08 17:32:26.25",47563,0.02212906,0.04183578,-0.002147675,25.4161
"2025-04-08 17:32:26.3",47564,0.02148056,0.04269028,-0.002031326,25.4149
"2025-04-08 17:32:26.35",47565,0.02116203,0.04203224,-0.002361298,25.4158
"2025-04-08 17:32:26.4",47566,0.02021408,0.04207802,-0.002321243,25.41519
"2025-04-08 17:32:26.45",47567,0.02128029,0.04509354,0.0008487701,25.4026
"2025-04-08 17:32:26.5",47568,0.02332306,0.04659081,-0.001567841,25.42001
"2025-04-08 17:32:26.55",47569,0.02101517,0.04174232,-0.002656937,25.41664
"2025-04-08 17:32:26.6",47570,0.02305412,0.04325676,-0.003362656,25.41524
"2025-04-08 17:32:26.65",47571,0.023386,0.043396,-0.002490997,25.35654
"2025-04-08 17:32:26.7",47572,0.02183914,0.04317665,-0.002656937,25.37167
"2025-04-08 17:32:26.75",47573,0.02204323,0.04384041,-0.002923965,25.41519
"2025-04-08 17:32:26.8",47574,0.02148056,0.04229546,-0.004304886,25.37112
"2025-04-08 17:32:26.85",47575,0.02088737,0.04271317,-0.001893997,25.35635
"2025-04-08 17:32:26.9",47576,0.02031708,0.04211998,-0.00189209,25.41496
"2025-04-08 17:32:26.95",47577,0.02046776,0.04127884,-0.001670837,25.41839
"2025-04-08 17:32:27",47578,0.02057076,0.04117203,-0.004667282,25.35908
"2025-04-08 17:32:27.05",47579,0.02415466,0.0409584,-0.002164841,25.41587
"2025-04-08 17:32:27.1",47580,0.02065277,0.04175186,-0.005102158,25.3717
"2025-04-08 17:32:27.15",47581,0.02423286,0.04608536,-0.004081726,25.36079
"2025-04-08 17:32:27.2",47582,0.02157974,0.04150009,-0.002880096,25.3702
"2025-04-08 17:32:27.25",47583,0.02168655,0.04108238,-0.004640579,25.41528
"2025-04-08 17:32:27.3",47584,0.0218029,0.04146957,-0.004457474,25.37316
"2025-04-08 17:32:27.35",47585,0.02431297,0.04114342,-0.005455017,25.37307
"2025-04-08 17:32:27.4",47586,0.02261543,0.04016685,-0.005138397,25.37398
"2025-04-08 17:32:27.45",47587,0.02272606,0.040905,-0.005199432,25.42225
"2025-04-08 17:32:27.5",47588,0.02264023,0.04093361,-0.004932404,25.39922
"2025-04-08 17:32:27.55",47589,0.02545166,0.04090309,-0.005708694,25.37565
"2025-04-08 17:32:27.6",47590,0.02168846,0.04190445,-0.005811691,25.39671
"2025-04-08 17:32:27.65",47591,0.02780342,0.04515839,-0.002937317,25.38074
"2025-04-08 17:32:27.7",47592,0.02392578,0.04206657,-0.004800797,25.39502
"2025-04-08 17:32:27.75",47593,0.02091026,0.04227638,-0.004512787,25.42377
"2025-04-08 17:32:27.8",47594,0.02080345,0.04162598,-0.004674911,25.39551
"2025-04-08 17:32:27.85",47595,0.02256966,0.04128265,-0.005409241,25.39566
"2025-04-08 17:32:27.9",47596,0.02279663,0.04345512,-0.002428055,25.40146
"2025-04-08 17:32:27.95",47597,0.0197506,0.0407238,-0.004747391,25.41606
"2025-04-08 17:32:28",47598,0.02253532,0.04128265,-0.004962921,25.41576
"2025-04-08 17:32:28.05",47599,0.022995,0.04104424,-0.004812241,25.4151
"2025-04-08 17:32:28.1",47600,0.0209713,0.0413456,-0.004764557,25.3696
"2025-04-08 17:32:28.15",47601,0.02472878,0.04550743,-0.001987457,25.42136
"2025-04-08 17:32:28.2",47602,0.02283669,0.0416851,-0.003343582,25.41385
"2025-04-08 17:32:28.25",47603,0.02318382,0.04145241,-0.003211975,25.42088
"2025-04-08 17:32:28.3",47604,0.02305603,0.0410099,-0.0003890991,25.4324
"2025-04-08 17:32:28.35",47605,0.02282715,0.04092216,-0.003957748,25.41581
"2025-04-08 17:32:28.4",47606,0.0228157,0.04042244,-0.004018784,25.41714
"2025-04-08 17:32:28.45",47607,0.02576256,0.04487991,-0.00194931,25.42406
"2025-04-08 17:32:28.5",47608,0.02288818,0.04356956,-0.007963181,25.41692
"2025-04-08 17:32:28.55",47609,0.0270195,0.04384804,-0.006031036,25.42348
"2025-04-08 17:32:28.6",47610,0.02275276,0.04417801,-0.008426666,25.41641
"2025-04-08 17:32:28.65",47611,0.02360153,0.04172897,-0.007850647,25.41489
"2025-04-08 17:32:28.7",47612,0.02716446,0.04801941,-0.005752563,25.42178
"2025-04-08 17:32:28.75",47613,0.02370453,0.04578972,-0.007711411,25.41431
"2025-04-08 17:32:28.8",47614,0.02236938,0.04516411,-0.007780075,25.41715
"2025-04-08 17:32:28.85",47615,0.02585793,0.04652977,-0.007858276,25.35572
"2025-04-08 17:32:28.9",47616,0.02271271,0.046175,-0.007852554,25.41782
"2025-04-08 17:32:28.95",47617,0.02241135,0.04884148,-0.00786972,25.4182
"2025-04-08 17:32:29",47618,0.02402687,0.04817963,-0.007766724,25.3948
"2025-04-08 17:32:29.05",47619,0.02433014,0.0479393,-0.005104065,25.36546
"2025-04-08 17:32:29.1",47620,0.02707672,0.04807663,-0.005174637,25.38017
"2025-04-08 17:32:29.15",47621,0.02380943,0.04832077,-0.007587433,25.39385
"2025-04-08 17:32:29.2",47622,0.02327156,0.04452133,-0.01044846,25.39242
"2025-04-08 17:32:29.25",47623,0.02375984,0.04415894,-0.01005936,25.35609
"2025-04-08 17:32:29.3",47624,0.02291679,0.04364777,-0.01000786,25.34265
"2025-04-08 17:32:29.35",47625,0.02028084,0.04323959,-0.009880066,25.34149
"2025-04-08 17:32:29.4",47626,0.02309036,0.0432682,-0.009845734,25.39353
"2025-04-08 17:32:29.45",47627,0.02351761,0.04613686,-0.009643555,25.36289
"2025-04-08 17:32:29.5",47628,0.02466393,0.04324532,-0.01006889,25.35802
"2025-04-08 17:32:29.55",47629,0.02557945,0.04604149,-0.01012421,25.39675
"2025-04-08 17:32:29.6",47630,0.02541351,0.0430603,-0.01080132,25.3949
"2025-04-08 17:32:29.65",47631,0.02386475,0.04368019,-0.01013565,25.32205
"2025-04-08 17:32:29.7",47632,0.02580833,0.0474453,-0.010355,25.39727
"2025-04-08 17:32:29.75",47633,0.02479935,0.04631042,-0.01023483,25.39569
"2025-04-08 17:32:29.8",47634,0.02401161,0.04603004,-0.01007462,25.39661
"2025-04-08 17:32:29.85",47635,0.0239315,0.04314804,-0.009857178,25.36028
"2025-04-08 17:32:29.9",47636,0.02357292,0.04334641,-0.01036644,25.36114
"2025-04-08 17:32:29.95",47637,0.02378654,0.04594612,-0.01072693,25.37444
"2025-04-08 17:32:30",47638,0.02332306,0.04387665,-0.01039886,25.35721
"2025-04-08 17:32:30.05",47639,0.02331734,0.04711533,-0.01076698,25.41556
"2025-04-08 17:32:30.1",47640,0.02298927,0.04720497,-0.01033211,25.39321
"2025-04-08 17:32:30.15",47641,0.02293777,0.04412842,-0.009885788,25.39262
"2025-04-08 17:32:30.2",47642,0.02329445,0.04408646,-0.01022339,25.35513
"2025-04-08 17:32:30.25",47643,0.02075005,0.04407501,-0.01019287,25.35542
"2025-04-08 17:32:30.3",47644,0.02443504,0.04756737,-0.0070858,25.39646
"2025-04-08 17:32:30.35",47645,0.01976585,0.04665184,-0.009115219,25.39442
"2025-04-08 17:32:30.4",47646,0.02012825,0.04372025,-0.008031845,25.39506
"2025-04-08 17:32:30.45",47647,0.02120209,0.04701233,-0.009208679,25.3937
"2025-04-08 17:32:30.5",47648,0.0240612,0.0504303,-0.009157181,25.42278
"2025-04-08 17:32:30.55",47649,0.02072144,0.04468346,-0.009422302,25.36842
"2025-04-08 17:32:30.6",47650,0.02091217,0.04483414,-0.009307861,25.41549
"2025-04-08 17:32:30.65",47651,0.02034187,0.04483414,-0.009723663,25.41364
"2025-04-08 17:32:30.7",47652,0.01804543,0.04396439,-0.007511139,25.39515
"2025-04-08 17:32:30.75",47653,0.01720047,0.04291534,-0.01073456,25.39354
"2025-04-08 17:32:30.8",47654,0.01753807,0.04337883,-0.008247375,25.36996
"2025-04-08 17:32:30.85",47655,0.01797867,0.04358673,-0.008337021,25.37153
"2025-04-08 17:32:30.9",47656,0.0147171,0.04361725,-0.008813858,25.39226
"2025-04-08 17:32:30.95",47657,0.01507568,0.04384232,-0.008235931,25.3911
"2025-04-08 17:32:31",47658,0.01576805,0.05146599,-0.0051651,25.39828
"2025-04-08 17:32:31.05",47659,0.00928688,0.05430603,-0.008687973,25.35877
"2025-04-08 17:32:31.1",47660,0.008613586,0.05170441,-0.01029205,25.3941
"2025-04-08 17:32:31.15",47661,0.006662369,0.05348778,-0.008062363,25.41746
"2025-04-08 17:32:31.2",47662,0.006563187,0.05354881,-0.0110836,25.39461
"2025-04-08 17:32:31.25",47663,0.00689888,0.05618286,-0.01138496,25.41576
"2025-04-08 17:32:31.3",47664,0.009725571,0.05911064,-0.01435852,25.41572
"2025-04-08 17:32:31.35",47665,0.009477615,0.05897522,-0.01388359,25.39161
"2025-04-08 17:32:31.4",47666,0.01450348,0.06154633,-0.01088524,25.36149
"2025-04-08 17:32:31.45",47667,0.009593964,0.05794907,-0.0133419,25.35599
"2025-04-08 17:32:31.5",47668,0.01200294,0.06009293,-0.01255798,25.39466
"2025-04-08 17:32:31.55",47669,0.01467705,0.06223679,-0.01596451,25.39996
"2025-04-08 17:32:31.6",47670,0.01231384,0.05888748,-0.01568031,25.34098
"2025-04-08 17:32:31.65",47671,0.01260185,0.06255531,-0.01792717,25.35706
"2025-04-08 17:32:31.7",47672,0.01625443,0.06477356,-0.01895332,25.35593
"2025-04-08 17:32:31.75",47673,0.01611328,0.06427574,-0.0218811,25.34259
"2025-04-08 17:32:31.8",47674,0.01686287,0.06510353,-0.0210247,25.34161
"2025-04-08 17:32:31.85",47675,0.0174427,0.06765175,-0.02169228,25.35863
"2025-04-08 17:32:31.9",47676,0.01798439,0.06762123,-0.02142715,25.32064
"2025-04-08 17:32:31.95",47677,0.02122498,0.06755066,-0.02334213,25.34637
"2025-04-08 17:32:32",47678,0.01921844,0.07065964,-0.02377319,25.31089
"2025-04-08 17:32:32.05",47679,0.01788902,0.0704937,-0.02382851,25.32452
"2025-04-08 17:32:32.1",47680,0.01749992,0.07000542,-0.02405357,25.32366
"2025-04-08 17:32:32.15",47681,0.01807404,0.07326698,-0.02388954,25.3452
"2025-04-08 17:32:32.2",47682,0.02019119,0.07063675,-0.02438736,25.34332
"2025-04-08 17:32:32.25",47683,0.01980591,0.07097816,-0.02448845,25.32118
"2025-04-08 17:32:32.3",47684,0.02004051,0.07035446,-0.02463913,25.3199
"2025-04-08 17:32:32.35",47685,0.01989937,0.07105637,-0.02433968,25.31874
"2025-04-08 17:32:32.4",47686,0.01971436,0.07085609,-0.02178574,25.31925
"2025-04-08 17:32:32.45",47687,0.02198982,0.06826591,-0.02129364,25.34078
"2025-04-08 17:32:32.5",47688,0.02236938,0.0684166,-0.02114296,25.35697
"2025-04-08 17:32:32.55",47689,0.02236176,0.06804657,-0.02319145,25.34138
"2025-04-08 17:32:32.6",47690,0.02159309,0.06819725,-0.02015495,25.34158
"2025-04-08 17:32:32.65",47691,0.02430725,0.07071686,-0.01687241,25.3651
"2025-04-08 17:32:32.7",47692,0.02254295,0.06838036,-0.02021599,25.35483
"2025-04-08 17:32:32.75",47693,0.02222252,0.06833076,-0.02051735,25.33777
"2025-04-08 17:32:32.8",47694,0.02279091,0.06912041,-0.02018356,25.35494
"2025-04-08 17:32:32.85",47695,0.02266312,0.06828499,-0.01981544,25.35445
"2025-04-08 17:32:32.9",47696,0.02326202,0.06542587,-0.01947212,25.3564
"2025-04-08 17:32:32.95",47697,0.02432823,0.06762314,-0.02038956,25.33984
"2025-04-08 17:32:33",47698,0.02557564,0.06834221,-0.02119255,25.36145
"2025-04-08 17:32:33.05",47699,0.02518272,0.06489182,-0.02098274,25.35663
"2025-04-08 17:32:33.1",47700,0.02555656,0.06433868,-0.02110863,25.35672
"2025-04-08 17:32:33.15",47701,0.02599716,0.0651207,-0.02174568,25.35549
"2025-04-08 17:32:33.2",47702,0.02584839,0.06546021,-0.02197456,25.3553
"2025-04-08 17:32:33.25",47703,0.03018761,0.06896973,-0.02080727,25.354
"2025-04-08 17:32:33.3",47704,0.02969551,0.07134819,-0.01860237,25.36218
"2025-04-08 17:32:33.35",47705,0.02758408,0.06694603,-0.02099228,25.34138
"2025-04-08 17:32:33.4",47706,0.02537918,0.06778526,-0.01848412,25.35796
"2025-04-08 17:32:33.45",47707,0.02774239,0.06720734,-0.02110291,25.34389
"2025-04-08 17:32:33.5",47708,0.02580261,0.06395149,-0.02216721,25.34263
"2025-04-08 17:32:33.55",47709,0.02972412,0.06968117,-0.01897621,25.35111
"2025-04-08 17:32:33.6",47710,0.02545547,0.06347084,-0.02179146,25.35773
"2025-04-08 17:32:33.65",47711,0.03001976,0.065588,-0.01934433,25.34814
"2025-04-08 17:32:33.7",47712,0.02577591,0.06357193,-0.01894188,25.31935
"2025-04-08 17:32:33.75",47713,0.02809715,0.06488419,-0.01858711,25.34227
"2025-04-08 17:32:33.8",47714,0.02756882,0.0627346,-0.01917839,25.34241
"2025-04-08 17:32:33.85",47715,0.02819443,0.06235695,-0.0181942,25.35719
"2025-04-08 17:32:33.9",47716,0.02786255,0.06211472,-0.01832199,25.32202
"2025-04-08 17:32:33.95",47717,0.02898216,0.06232834,-0.02200508,25.3413
"2025-04-08 17:32:34",47718,0.02952766,0.06231689,-0.0222168,25.34302
"2025-04-08 17:32:34.05",47719,0.03334618,0.06440926,-0.01988602,25.34158
"2025-04-08 17:32:34.1",47720,0.03089714,0.06268501,-0.02149963,25.32102
"2025-04-08 17:32:34.15",47721,0.03095627,0.06275749,-0.01831818,25.34183
"2025-04-08 17:32:34.2",47722,0.03058243,0.0620079,-0.01868439,25.34452
"2025-04-08 17:32:34.25",47723,0.02996826,0.06252861,-0.01857567,25.3228
"2025-04-08 17:32:34.3",47724,0.02915764,0.06247902,-0.01865959,25.34373
"2025-04-08 17:32:34.35",47725,0.02846527,0.06198692,-0.02085876,25.36147
"2025-04-08 17:32:34.4",47726,0.02915192,0.05989647,-0.02134514,25.32274
"2025-04-08 17:32:34.45",47727,0.0317688,0.06261826,-0.01882172,25.34387
"2025-04-08 17:32:34.5",47728,0.02854347,0.06274605,-0.02056122,25.34887
"2025-04-08 17:32:34.55",47729,0.03196335,0.06371307,-0.01622391,25.3483
"2025-04-08 17:32:34.6",47730,0.02832222,0.06009483,-0.01909256,25.3413
"2025-04-08 17:32:34.65",47731,0.02989769,0.06041336,-0.01854134,25.35568
"2025-04-08 17:32:34.7",47732,0.02769089,0.06245041,-0.01834488,25.3412
"2025-04-08 17:32:34.75",47733,0.02748299,0.05967522,-0.01827431,25.31918
"2025-04-08 17:32:34.8",47734,0.03072357,0.06086922,-0.01603889,25.32007
"2025-04-08 17:32:34.85",47735,0.03068924,0.0595417,-0.01866913,25.31936
"2025-04-08 17:32:34.9",47736,0.02779198,0.05948448,-0.0182724,25.35668
"2025-04-08 17:32:34.95",47737,0.02800369,0.06012154,-0.01677513,25.34062
"2025-04-08 17:32:35",47738,0.02781296,0.06023216,-0.01644516,25.33924
"2025-04-08 17:32:35.05",47739,0.0279808,0.06067467,-0.01713371,25.33988
"2025-04-08 17:32:35.1",47740,0.02737808,0.05965805,-0.01788139,25.33968
"2025-04-08 17:32:35.15",47741,0.02833939,0.05973053,-0.01502228,25.34072
"2025-04-08 17:32:35.2",47742,0.02746582,0.05984306,-0.01819611,25.35442
"2025-04-08 17:32:35.25",47743,0.02480698,0.05973244,-0.01496124,25.34084
"2025-04-08 17:32:35.3",47744,0.02546883,0.05930519,-0.0186367,25.3424
"2025-04-08 17:32:35.35",47745,0.02828979,0.05919266,-0.01556969,25.35558
"2025-04-08 17:32:35.4",47746,0.02537346,0.0568943,-0.01856422,25.35448
"2025-04-08 17:32:35.45",47747,0.02540207,0.05986977,-0.01612091,25.35452
"2025-04-08 17:32:35.5",47748,0.02593803,0.06004906,-0.01594925,25.355
"2025-04-08 17:32:35.55",47749,0.02564049,0.06133461,-0.01639175,25.34164
"2025-04-08 17:32:35.6",47750,0.02523804,0.0589447,-0.01636124,25.35672
"2025-04-08 17:32:35.65",47751,0.02827644,0.06119347,-0.0164814,25.34291
"2025-04-08 17:32:35.7",47752,0.02527809,0.0616703,-0.01669884,25.35713
"2025-04-08 17:32:35.75",47753,0.02856636,0.0583725,-0.01701164,25.35664
"2025-04-08 17:32:35.8",47754,0.03067398,0.05939102,-0.01718521,25.34297
"2025-04-08 17:32:35.85",47755,0.02838707,0.05796051,-0.01659012,25.35558
"2025-04-08 17:32:35.9",47756,0.02514458,0.05792809,-0.01672745,25.37014
"2025-04-08 17:32:35.95",47757,0.02812767,0.05725479,-0.01619911,25.35558
"2025-04-08 17:32:36",47758,0.02562523,0.05770874,-0.01622772,25.35524
"2025-04-08 17:32:36.05",47759,0.02492714,0.05735779,-0.01612091,25.35532
"2025-04-08 17:32:36.1",47760,0.02184486,0.05654144,-0.01545334,25.35724
"2025-04-08 17:32:36.15",47761,0.02482986,0.05673599,-0.01603317,25.3423
"2025-04-08 17:32:36.2",47762,0.02522087,0.05607414,-0.01576424,25.3575
"2025-04-08 17:32:36.25",47763,0.02654076,0.05613518,-0.01696777,25.3438
"2025-04-08 17:32:36.3",47764,0.02673531,0.05251884,-0.01696777,25.3421
"2025-04-08 17:32:36.35",47765,0.0269146,0.05385399,-0.01351547,25.34284
"2025-04-08 17:32:36.4",47766,0.02645493,0.05399323,-0.01313019,25.34287
"2025-04-08 17:32:36.45",47767,0.02745628,0.05422783,-0.01303864,25.32304
"2025-04-08 17:32:36.5",47768,0.02632904,0.05378151,-0.01257706,25.34596
"2025-04-08 17:32:36.55",47769,0.02409554,0.05353737,-0.01285172,25.34512
"2025-04-08 17:32:36.6",47770,0.02283096,0.05326462,-0.013134,25.3465
"2025-04-08 17:32:36.65",47771,0.02291679,0.05370331,-0.0134716,25.32181
"2025-04-08 17:32:36.7",47772,0.02328491,0.05367279,-0.01307869,25.34531
"2025-04-08 17:32:36.75",47773,0.02262688,0.05428696,-0.01307487,25.34137
"2025-04-08 17:32:36.8",47774,0.02290916,0.0517292,-0.01330757,25.32076
"2025-04-08 17:32:36.85",47775,0.02262115,0.05198479,-0.01303291,25.34079
"2025-04-08 17:32:36.9",47776,0.02199554,0.0518837,-0.01320076,25.35603
"2025-04-08 17:32:36.95",47777,0.02267456,0.05177879,-0.01048279,25.34216
"2025-04-08 17:32:37",47778,0.02060318,0.05090523,-0.01303291,25.34079
"2025-04-08 17:32:37.05",47779,0.02111816,0.05078316,-0.0102253,25.32013
"2025-04-08 17:32:37.1",47780,0.02179146,0.05132103,-0.00951004,25.31952
"2025-04-08 17:32:37.15",47781,0.02274895,0.05215073,-0.009912491,25.34001
"2025-04-08 17:32:37.2",47782,0.02449036,0.05164528,-0.009717941,25.33888
"2025-04-08 17:32:37.25",47783,0.02500343,0.05203438,-0.009555817,25.33799
"2025-04-08 17:32:37.3",47784,0.02438545,0.05226326,-0.009344101,25.28871
"2025-04-08 17:32:37.35",47785,0.02457237,0.0519619,-0.008813858,25.31788
"2025-04-08 17:32:37.4",47786,0.02663994,0.05157852,-0.009754181,25.3408
"2025-04-08 17:32:37.45",47787,0.02475357,0.04848862,-0.01015091,25.31965
"2025-04-08 17:32:37.5",47788,0.02708244,0.04829788,-0.01042557,25.34102
"2025-04-08 17:32:37.55",47789,0.02776718,0.04920387,-0.01055336,25.33977
"2025-04-08 17:32:37.6",47790,0.02721405,0.04862976,-0.01079559,25.35542
"2025-04-08 17:32:37.65",47791,0.02819252,0.04848289,-0.01101685,25.28906
"2025-04-08 17:32:37.7",47792,0.02784538,0.0487957,-0.01036453,25.33982
"2025-04-08 17:32:37.75",47793,0.0305233,0.04987335,-0.01085472,25.3409
"2025-04-08 17:32:37.8",47794,0.03060532,0.04728889,-0.01369858,25.31989
"2025-04-08 17:32:37.85",47795,0.03060532,0.05050468,-0.01373291,25.33896
"2025-04-08 17:32:37.9",47796,0.03026962,0.05060387,-0.01348495,25.32014
"2025-04-08 17:32:37.95",47797,0.03113174,0.05040359,-0.01433563,25.32238
"2025-04-08 17:32:38",47798,0.0305233,0.05424118,-0.01402855,25.3191
"2025-04-08 17:32:38.05",47799,0.03076172,0.05022621,-0.01356316,25.3424
"2025-04-08 17:32:38.1",47800,0.03062248,0.05307388,-0.01340103,25.35485
"2025-04-08 17:32:38.15",47801,0.03114319,0.05629158,-0.0114193,25.33939
"2025-04-08 17:32:38.2",47802,0.03026962,0.05238724,-0.01372719,25.31898
"2025-04-08 17:32:38.25",47803,0.03022766,0.05140305,-0.01415062,25.31927
"2025-04-08 17:32:38.3",47804,0.02737808,0.05147171,-0.01358795,25.32078
"2025-04-08 17:32:38.35",47805,0.03030968,0.05106735,-0.01380348,25.34206
"2025-04-08 17:32:38.4",47806,0.02835083,0.05148888,-0.01405144,25.32
"2025-04-08 17:32:38.45",47807,0.02793503,0.05151939,-0.01160431,25.31934
"2025-04-08 17:32:38.5",47808,0.02571487,0.05118179,-0.01092339,25.28985
"2025-04-08 17:32:38.55",47809,0.02627373,0.04781723,-0.01115036,25.31831
"2025-04-08 17:32:38.6",47810,0.02709389,0.05094528,-0.0109005,25.31888
"2025-04-08 17:32:38.65",47811,0.0247364,0.0506649,-0.0104084,25.28969
"2025-04-08 17:32:38.7",47812,0.02505302,0.04826927,-0.007822037,25.34361
"2025-04-08 17:32:38.75",47813,0.02374077,0.05091095,-0.01038742,25.29201
"2025-04-08 17:32:38.8",47814,0.02315712,0.05072784,-0.01042557,25.29305
"2025-04-08 17:32:38.85",47815,0.02541351,0.05064011,-0.01046562,25.28056
"2025-04-08 17:32:38.9",47816,0.02548981,0.05052757,-0.0106678,25.35799
"2025-04-08 17:32:38.95",47817,0.02591324,0.05062675,-0.01114082,25.29236
"2025-04-08 17:32:39",47818,0.02527046,0.05125427,-0.01092339,25.30623
"2025-04-08 17:32:39.05",47819,0.02563667,0.05102539,-0.01156425,25.27609
"2025-04-08 17:32:39.1",47820,0.02552414,0.0486908,-0.01064873,25.30393
"2025-04-08 17:32:39.15",47821,0.02491951,0.04904556,-0.01063728,25.27462
"2025-04-08 17:32:39.2",47822,0.02462959,0.04892921,-0.01060867,25.27417
"2025-04-08 17:32:39.25",47823,0.02659035,0.04848671,-0.008207321,25.30443
"2025-04-08 17:32:39.3",47824,0.02458954,0.04587936,-0.007711411,25.31908
"2025-04-08 17:32:39.35",47825,0.02680969,0.04814148,-0.008224487,25.27567
"2025-04-08 17:32:39.4",47826,0.0247097,0.04826927,-0.004499435,25.28962
"2025-04-08 17:32:39.45",47827,0.02740669,0.0460186,-0.006155014,25.28978
"2025-04-08 17:32:39.5",47828,0.03006554,0.04872322,-0.005058289,25.30132
"2025-04-08 17:32:39.55",47829,0.02990913,0.04652786,-0.004226685,25.27195
"2025-04-08 17:32:39.6",47830,0.03083611,0.04626083,-0.00418663,25.27309
"2025-04-08 17:32:39.65",47831,0.03281784,0.04716492,-0.007129669,25.30079
"2025-04-08 17:32:39.7",47832,0.02931976,0.04607391,-0.007165909,25.27359
"2025-04-08 17:32:39.75",47833,0.02988052,0.04582977,-0.00775528,25.27464
"2025-04-08 17:32:39.8",47834,0.02944565,0.04866791,-0.007722855,25.30199
"2025-04-08 17:32:39.85",47835,0.0335598,0.0456028,-0.008125305,25.31894
"2025-04-08 17:32:39.9",47836,0.03005409,0.04847145,-0.008363724,25.27345
"2025-04-08 17:32:39.95",47837,0.03039932,0.04886818,-0.008314133,25.27267
"2025-04-08 17:32:40",47838,0.03029251,0.04916954,-0.008901596,25.28635
"2025-04-08 17:32:40.05",47839,0.02769661,0.04950905,-0.008113861,25.27378
"2025-04-08 17:32:40.1",47840,0.02709389,0.05113602,-0.008125305,25.27673
"2025-04-08 17:32:40.15",47841,0.02780151,0.04969406,-0.007667542,25.28969
"2025-04-08 17:32:40.2",47842,0.02480698,0.05033112,-0.005678177,25.28825
"2025-04-08 17:32:40.25",47843,0.0257988,0.0496769,-0.008201599,25.27479
"2025-04-08 17:32:40.3",47844,0.02557564,0.04691315,-0.008663177,25.30399
"2025-04-08 17:32:40.35",47845,0.02608871,0.04789162,-0.008548737,25.28979
"2025-04-08 17:32:40.4",47846,0.02579117,0.04997826,-0.006387711,25.27352
"2025-04-08 17:32:40.45",47847,0.0253849,0.04680824,-0.005544662,25.28902
"2025-04-08 17:32:40.5",47848,0.0246582,0.04656601,-0.005691528,25.27429
"2025-04-08 17:32:40.55",47849,0.02515984,0.04572868,-0.005378723,25.27399
"2025-04-08 17:32:40.6",47850,0.02484894,0.0436058,-0.00554657,25.28906
"2025-04-08 17:32:40.65",47851,0.02219391,0.04611397,-0.005796432,25.2767
"2025-04-08 17:32:40.7",47852,0.02493858,0.04556847,-0.005691528,25.32056
"2025-04-08 17:32:40.75",47853,0.025177,0.04237747,-0.006103516,25.31876
"2025-04-08 17:32:40.8",47854,0.02410889,0.04255295,-0.006269455,25.25401
"2025-04-08 17:32:40.85",47855,0.02732086,0.04284096,-0.005987167,25.29074
"2025-04-08 17:32:40.9",47856,0.02734375,0.04043007,-0.005428314,25.32291
"2025-04-08 17:32:40.95",47857,0.02484894,0.04026794,-0.005577087,25.32022
"2025-04-08 17:32:41",47858,0.02679634,0.0403862,-0.005535126,25.35764
"2025-04-08 17:32:41.05",47859,0.02643394,0.03999329,-0.005054474,25.29181
"2025-04-08 17:32:41.1",47860,0.02262497,0.03991699,-0.005222321,25.30608
"2025-04-08 17:32:41.15",47861,0.02499771,0.04073715,-0.002378464,25.30788
"2025-04-08 17:32:41.2",47862,0.02494431,0.03732491,-0.003223419,25.32303
"2025-04-08 17:32:41.25",47863,0.02767372,0.03935623,-0.003456116,25.30604
"2025-04-08 17:32:41.3",47864,0.0259304,0.03726196,-0.003356934,25.30594
"2025-04-08 17:32:41.35",47865,0.02523994,0.03480721,-0.003410339,25.31989
"2025-04-08 17:32:41.4",47866,0.02500916,0.03799629,-0.003734589,25.31906
"2025-04-08 17:32:41.45",47867,0.02188683,0.03777504,-0.003288269,25.31882
"2025-04-08 17:32:41.5",47868,0.02427292,0.03565979,-0.002731323,25.31745
"2025-04-08 17:32:41.55",47869,0.02422333,0.03494644,-0.002613068,25.31584
"2025-04-08 17:32:41.6",47870,0.02412796,0.03524017,-0.001893997,25.34048
"2025-04-08 17:32:41.65",47871,0.0219326,0.03282928,-0.001859665,25.31558
"2025-04-08 17:32:41.7",47872,0.02116776,0.03274345,0.001909256,25.31893
"2025-04-08 17:32:41.75",47873,0.02379227,0.03210068,-0.002082825,25.31844
"2025-04-08 17:32:41.8",47874,0.02185059,0.02954292,0.0009403229,25.34025
"2025-04-08 17:32:41.85",47875,0.02174759,0.02978516,0.0004405975,25.33959
"2025-04-08 17:32:41.9",47876,0.02256393,0.03002548,-0.0002880096,25.33898
"2025-04-08 17:32:41.95",47877,0.02174377,0.02779007,2.479553E-05,25.33804
"2025-04-08 17:32:42",47878,0.02185822,0.02710915,0.0003795624,25.33907
"2025-04-08 17:32:42.05",47879,0.02277184,0.028368,-0.0001010895,25.31772
"2025-04-08 17:32:42.1",47880,0.02215576,0.02497482,8.392334E-05,25.33968
"2025-04-08 17:32:42.15",47881,0.02006721,0.02597427,-9.346008E-05,25.35334
"2025-04-08 17:32:42.2",47882,0.01937294,0.02220535,0.002439499,25.31953
"2025-04-08 17:32:42.25",47883,0.01975441,0.0222168,-0.0008087158,25.37035
"2025-04-08 17:32:42.3",47884,0.02000999,0.02243423,0.001590729,25.34026
"2025-04-08 17:32:42.35",47885,0.02024078,0.0235405,0.001665115,25.3552
"2025-04-08 17:32:42.4",47886,0.01951981,0.01731873,0.001722336,25.41439
"2025-04-08 17:32:42.45",47887,0.02283669,0.0207386,0.003559113,25.4148
"2025-04-08 17:32:42.5",47888,0.01974297,0.02042007,0.00450325,25.42008
"2025-04-08 17:32:42.55",47889,0.02089882,0.01745796,0.004428864,25.41266
"2025-04-08 17:32:42.6",47890,0.01957703,0.01730156,0.00519371,25.42211
"2025-04-08 17:32:42.65",47891,0.02452278,0.01927948,0.007444382,25.44352
"2025-04-08 17:32:42.7",47892,0.02461433,0.0189724,0.007884979,25.45981
"2025-04-08 17:32:42.75",47893,0.02248955,0.01898956,0.01047897,25.47269
"2025-04-08 17:32:42.8",47894,0.02222252,0.02101707,0.01281166,25.4611
"2025-04-08 17:32:42.85",47895,0.02528763,0.02144051,0.01250648,25.48817
"2025-04-08 17:32:42.9",47896,0.0230999,0.01827621,0.01233673,25.4879
"2025-04-08 17:32:42.95",47897,0.02302551,0.0210228,0.01293564,25.48828
"2025-04-08 17:32:43",47898,0.02374077,0.02427292,0.01554871,25.48824
"2025-04-08 17:32:43.05",47899,0.023983,0.02123833,0.01610756,25.50909
"2025-04-08 17:32:43.1",47900,0.02292633,0.0238266,0.01626205,25.51146
"2025-04-08 17:32:43.15",47901,0.02041817,0.02414322,0.01592255,25.51334
"2025-04-08 17:32:43.2",47902,0.02127838,0.02622032,0.0160675,25.51302
"2025-04-08 17:32:43.25",47903,0.01819611,0.02637672,0.01854324,25.51423
"2025-04-08 17:32:43.3",47904,0.0181675,0.0261364,0.01846886,25.53651
"2025-04-08 17:32:43.35",47905,0.01815605,0.02610016,0.01806641,25.5442
"2025-04-08 17:32:43.4",47906,0.01747704,0.03142166,0.01558113,25.53777
"2025-04-08 17:32:43.45",47907,0.01547813,0.028862,0.01815796,25.53306
"2025-04-08 17:32:43.5",47908,0.0147438,0.03263855,0.01569557,25.51019
"2025-04-08 17:32:43.55",47909,0.01446533,0.03189087,0.01571465,25.53314
"2025-04-08 17:32:43.6",47910,0.01444244,0.0318737,0.01557159,25.54024
"2025-04-08 17:32:43.65",47911,0.01657486,0.03552628,0.01736259,25.51503
"2025-04-08 17:32:43.7",47912,0.01364899,0.03721809,0.01270676,25.53273
"2025-04-08 17:32:43.75",47913,0.0102272,0.03667831,0.01328087,25.51125
"2025-04-08 17:32:43.8",47914,0.01421356,0.03928947,0.01213646,25.5116
"2025-04-08 17:32:43.85",47915,0.01098251,0.04280853,0.01091194,25.47264
"2025-04-08 17:32:43.9",47916,0.008781433,0.04027939,0.01103783,25.4724
"2025-04-08 17:32:43.95",47917,0.008741379,0.04053497,0.008384705,25.45891
"2025-04-08 17:32:44",47918,0.008987427,0.04305267,0.006391525,25.45766
"2025-04-08 17:32:44.05",47919,0.005712509,0.04239082,0.006271362,25.42196
"2025-04-08 17:32:44.1",47920,0.007921219,0.04317856,0.009202957,25.41972
"2025-04-08 17:32:44.15",47921,0.006568909,0.04270363,0.005031586,25.41451
"2025-04-08 17:32:44.2",47922,0.005971909,0.04280853,0.005289078,25.41416
"2025-04-08 17:32:44.25",47923,0.006427765,0.04200935,0.004613876,25.42257
"2025-04-08 17:32:44.3",47924,0.003681183,0.04043579,0.002229691,25.42135
"2025-04-08 17:32:44.35",47925,0.004199982,0.04090881,0.001914978,25.42059
"2025-04-08 17:32:44.4",47926,0.004665375,0.04437637,0.004480362,25.39829
"2025-04-08 17:32:44.45",47927,0.003932953,0.04120636,0.002279282,25.41207
"2025-04-08 17:32:44.5",47928,0.001207352,0.03889465,-0.0002937317,25.37164
"2025-04-08 17:32:44.55",47929,0.0005664825,0.03830147,1.907349E-06,25.37038
"2025-04-08 17:32:44.6",47930,0.0005207062,0.03880882,0.002061844,25.37063
"2025-04-08 17:32:44.65",47931,0.0006771088,0.03554726,-0.0008773804,25.37038
"2025-04-08 17:32:44.7",47932,-0.001714706,0.0358181,0.001199722,25.36865
"2025-04-08 17:32:44.75",47933,-0.001413345,0.03356743,-0.001289368,25.36966
"2025-04-08 17:32:44.8",47934,-0.001859665,0.03332138,-0.0008430481,25.36802
"2025-04-08 17:32:44.85",47935,-0.001848221,0.03360558,0.001878738,25.36921
"2025-04-08 17:32:44.9",47936,-0.002656937,0.03289986,0.002006531,25.3545
"2025-04-08 17:32:44.95",47937,-0.00213623,0.02973938,0.001897812,25.37043
"2025-04-08 17:32:45",47938,-0.002370834,0.02692032,0.002702713,25.37068
"2025-04-08 17:32:45.05",47939,0.0003528595,0.02697182,0.004507065,25.36963
"2025-04-08 17:32:45.1",47940,-0.001768112,0.02939415,0.004076004,25.37019
"2025-04-08 17:32:45.15",47941,0.001398087,0.02930832,0.006893158,25.39234
"2025-04-08 17:32:45.2",47942,0.001836777,0.02845001,0.007198334,25.3698
"2025-04-08 17:32:45.25",47943,0.002513885,0.02988434,0.007389069,25.36862
"2025-04-08 17:32:45.3",47944,0.002939224,0.03185654,0.007736206,25.35468
"2025-04-08 17:32:45.35",47945,0.002670288,0.03166008,0.007379532,25.3718
"2025-04-08 17:32:45.4",47946,0.002548218,0.03131104,0.007770538,25.37285
"2025-04-08 17:32:45.45",47947,0.003156662,0.03122139,0.00479126,25.37254
"2025-04-08 17:32:45.5",47948,0.002420425,0.03203392,0.006807327,25.37396
"2025-04-08 17:32:45.55",47949,0.002189636,0.0307045,0.004770279,25.35825
"2025-04-08 17:32:45.6",47950,0.002363205,0.03145599,0.004787445,25.37211
"2025-04-08 17:32:45.65",47951,0.002374649,0.03197479,0.004617691,25.42405
"2025-04-08 17:32:45.7",47952,0.003414154,0.03200722,0.005224228,25.39414
"2025-04-08 17:32:45.75",47953,0.003631592,0.03190613,0.005022049,25.41641
"2025-04-08 17:32:45.8",47954,0.005731583,0.03214645,0.004524231,25.41657
"2025-04-08 17:32:45.85",47955,0.007986069,0.0343647,0.004966736,25.41792
"2025-04-08 17:32:45.9",47956,0.0091362,0.03499985,0.004768372,25.41463
"2025-04-08 17:32:45.95",47957,0.01120377,0.03734207,0.007638931,25.39323
"2025-04-08 17:32:46",47958,0.01424789,0.0375824,0.004182816,25.39282
"2025-04-08 17:32:46.05",47959,0.01350594,0.03749847,0.005613327,25.38991
"2025-04-08 17:32:46.1",47960,0.01651001,0.04011154,0.005558014,25.36669
"2025-04-08 17:32:46.15",47961,0.01635361,0.0376606,0.003492355,25.41253
"2025-04-08 17:32:46.2",47962,0.01641464,0.04025078,0.00369072,25.39251
"2025-04-08 17:32:46.25",47963,0.01922989,0.04012871,0.003095627,25.41388
"2025-04-08 17:32:46.3",47964,0.01865387,0.03961945,0.003089905,25.4137
"2025-04-08 17:32:46.35",47965,0.01961327,0.03979874,0.002983093,25.41334
"2025-04-08 17:32:46.4",47966,0.01942444,0.04258537,0.002378464,25.39088
"2025-04-08 17:32:46.45",47967,0.02215767,0.04271317,0.002504349,25.41277
"2025-04-08 17:32:46.5",47968,0.02146912,0.04286575,0.0001277924,25.39056
"2025-04-08 17:32:46.55",47969,0.0219326,0.04321671,1.716614E-05,25.41225
"2025-04-08 17:32:46.6",47970,0.0244236,0.04322624,-0.0004901886,25.41435
"2025-04-08 17:32:46.65",47971,0.02401161,0.0463562,-0.0006427765,25.39263
"2025-04-08 17:32:46.7",47972,0.02458382,0.04579544,0.002334595,25.37014
"2025-04-08 17:32:46.75",47973,0.02721024,0.0454998,0.001743317,25.37025
"2025-04-08 17:32:46.8",47974,0.0271225,0.04633904,0.001407623,25.37032
"2025-04-08 17:32:46.85",47975,0.02773094,0.04707718,0.000831604,25.36974
"2025-04-08 17:32:46.9",47976,0.03009796,0.04658318,0.001581192,25.39146
"2025-04-08 17:32:46.95",47977,0.030159,0.04741096,0.00185585,25.42061
"2025-04-08 17:32:47",47978,0.03022575,0.04815865,0.001493454,25.39155
"2025-04-08 17:32:47.05",47979,0.02963829,0.04979515,0.001682281,25.39204
"2025-04-08 17:32:47.1",47980,0.02996826,0.0496769,0.001619339,25.44437
"2025-04-08 17:32:47.15",47981,0.03247261,0.0488739,0.001520157,25.41373
"2025-04-08 17:32:47.2",47982,0.02967262,0.04891968,0.001703262,25.42188
"2025-04-08 17:32:47.25",47983,0.02991486,0.04859924,0.004297256,25.42127
"2025-04-08 17:32:47.3",47984,0.03305244,0.04859352,0.00129509,25.41351
"2025-04-08 17:32:47.35",47985,0.03071022,0.0451088,0.004226685,25.42061
"2025-04-08 17:32:47.4",47986,0.03014374,0.04550743,0.004322052,25.41962
"2025-04-08 17:32:47.45",47987,0.03021049,0.04526711,0.00469017,25.42115
"2025-04-08 17:32:47.5",47988,0.03175735,0.04508209,0.004741669,25.45906
"2025-04-08 17:32:47.55",47989,0.03271866,0.04597473,0.004964828,25.42341
"2025-04-08 17:32:47.6",47990,0.03125954,0.0450592,0.007177353,25.44745
"2025-04-08 17:32:47.65",47991,0.03092384,0.04119301,0.004825592,25.47705
"2025-04-08 17:32:47.7",47992,0.0311203,0.04140282,0.007282257,25.46319
"2025-04-08 17:32:47.75",47993,0.03103447,0.04197502,0.007385254,25.44722
"2025-04-08 17:32:47.8",47994,0.031353,0.03890991,0.01018715,25.46153
"2025-04-08 17:32:47.85",47995,0.031147,0.04264641,0.009757996,25.42381
"2025-04-08 17:32:47.9",47996,0.03041077,0.03933334,0.00944519,25.44437
"2025-04-08 17:32:47.95",47997,0.03075218,0.03703499,0.01263237,25.47467
"2025-04-08 17:32:48",47998,0.03051567,0.03707123,0.01028633,25.47372
"2025-04-08 17:32:48.05",47999,0.03086281,0.03746223,0.01007462,25.51137
"2025-04-08 17:32:48.1",48000,0.0299511,0.03742981,0.009756088,25.51106
"2025-04-08 17:32:48.15",48001,0.02989769,0.03407478,0.009958267,25.51167
"2025-04-08 17:32:48.2",48002,0.02904701,0.03462791,0.009931564,25.53239
"2025-04-08 17:32:48.25",48003,0.02925491,0.03533745,0.01287842,25.48864
"2025-04-08 17:32:48.3",48004,0.02984047,0.03454399,0.01321983,25.48705
"2025-04-08 17:32:48.35",48005,0.03240585,0.03503609,0.01600266,25.50699
"2025-04-08 17:32:48.4",48006,0.0321064,0.03511429,0.01671219,25.4855
"2025-04-08 17:32:48.45",48007,0.03224945,0.03470039,0.01651573,25.5303
"2025-04-08 17:32:48.5",48008,0.0320816,0.03494072,0.01631546,25.47385
"2025-04-08 17:32:48.55",48009,0.03155518,0.03482819,0.01915741,25.47314
"2025-04-08 17:32:48.6",48010,0.03469276,0.03406334,0.01857758,25.53133
"2025-04-08 17:32:48.65",48011,0.03560257,0.03712845,0.01815605,25.48746
"2025-04-08 17:32:48.7",48012,0.03567123,0.03507233,0.01827812,25.48607
"2025-04-08 17:32:48.75",48013,0.03605652,0.03525352,0.01777649,25.48591
"2025-04-08 17:32:48.8",48014,0.03506851,0.03569794,0.01872826,25.48061
"2025-04-08 17:32:48.85",48015,0.03554726,0.03797913,0.01828003,25.48718
"2025-04-08 17:32:48.9",48016,0.0351696,0.0376606,0.01812935,25.48887
"2025-04-08 17:32:48.95",48017,0.03512573,0.03553581,0.01786232,25.47393
"2025-04-08 17:32:49",48018,0.03564453,0.04003906,0.01693535,25.48869
"2025-04-08 17:32:49.05",48019,0.03600502,0.03674507,0.01745415,25.47225
"2025-04-08 17:32:49.1",48020,0.03590584,0.03977203,0.01675987,25.47475
"2025-04-08 17:32:49.15",48021,0.03671455,0.04026222,0.01912498,25.49508
"2025-04-08 17:32:49.2",48022,0.03561401,0.03416824,0.01800728,25.47313
"2025-04-08 17:32:49.25",48023,0.03524208,0.03370476,0.0179882,25.48806
"2025-04-08 17:32:49.3",48024,0.03524017,0.03293991,0.01739883,25.48978
"2025-04-08 17:32:49.35",48025,0.03557587,0.02955437,0.01786041,25.48835
"2025-04-08 17:32:49.4",48026,0.03592873,0.03028107,0.02026176,25.54017
"2025-04-08 17:32:49.45",48027,0.03521729,0.03240395,0.01966476,25.533
"2025-04-08 17:32:49.5",48028,0.03274918,0.02977943,0.0197525,25.53938
"2025-04-08 17:32:49.55",48029,0.0359993,0.03003693,0.02301979,25.55976
"2025-04-08 17:32:49.6",48030,0.03619194,0.03007698,0.02287483,25.53886
"2025-04-08 17:32:49.65",48031,0.03583908,0.02834511,0.02589798,25.59615
"2025-04-08 17:32:49.7",48032,0.03599358,0.02838135,0.02600288,25.58346
"2025-04-08 17:32:49.75",48033,0.03654671,0.02531052,0.02593231,25.5848
"2025-04-08 17:32:49.8",48034,0.03469849,0.02543449,0.02523804,25.56097
"2025-04-08 17:32:49.85",48035,0.03854752,0.02343559,0.02484703,25.56301
"2025-04-08 17:32:49.9",48036,0.03840637,0.0236454,0.02796555,25.58401
"2025-04-08 17:32:49.95",48037,0.03481293,0.02085495,0.02881241,25.58526
"2025-04-08 17:32:50",48038,0.0373764,0.01831245,0.02899551,25.60017
"2025-04-08 17:32:50.05",48039,0.03716278,0.01787758,0.02855682,25.58543
"2025-04-08 17:32:50.1",48040,0.03671646,0.01821327,0.03122711,25.61564
"2025-04-08 17:32:50.15",48041,0.03296852,0.0182476,0.02863884,25.5638
"2025-04-08 17:32:50.2",48042,0.03316307,0.01805115,0.03130341,25.60068
"2025-04-08 17:32:50.25",48043,0.03283501,0.02061272,0.02832603,25.62939
"2025-04-08 17:32:50.3",48044,0.03066254,0.02070236,0.02794075,25.6269
"2025-04-08 17:32:50.35",48045,0.03319168,0.02152634,0.02850151,25.59674
"2025-04-08 17:32:50.4",48046,0.03051186,0.02414513,0.02577591,25.62537
"2025-04-08 17:32:50.45",48047,0.02687645,0.02130127,0.02628136,25.61173
"2025-04-08 17:32:50.5",48048,0.03112411,0.02248955,0.03070068,25.60423
"2025-04-08 17:32:50.55",48049,0.02383041,0.01863861,0.02450752,25.62511
"2025-04-08 17:32:50.6",48050,0.02616119,0.0152874,0.02406693,25.58245
"2025-04-08 17:32:50.65",48051,0.02438354,0.01319313,0.02568436,25.59655
"2025-04-08 17:32:50.7",48052,0.02456474,0.01354408,0.0214138,25.59525
"2025-04-08 17:32:50.75",48053,0.02677536,0.01309586,0.02431679,25.59536
"2025-04-08 17:32:50.8",48054,0.03018188,0.01365089,0.02393341,25.55674
"2025-04-08 17:32:50.85",48055,0.0331192,0.01602364,0.02550507,25.56728
"2025-04-08 17:32:50.9",48056,0.03277397,0.0157795,0.0270462,25.55844
"2025-04-08 17:32:50.95",48057,0.03775597,0.01846504,0.02423286,25.53683
"2025-04-08 17:32:51",48058,0.04188156,0.01768112,0.02624893,25.53743
"2025-04-08 17:32:51.05",48059,0.04097748,0.01831245,0.02654076,25.53802
"2025-04-08 17:32:51.1",48060,0.04352379,0.02049255,0.02309418,25.53146
"2025-04-08 17:32:51.15",48061,0.04606438,0.02144623,0.0261364,25.45859
"2025-04-08 17:32:51.2",48062,0.04704094,0.02140617,0.02232742,25.46004
"2025-04-08 17:32:51.25",48063,0.05600739,0.02950668,0.02618217,25.49373
"2025-04-08 17:32:51.3",48064,0.05602646,0.03000832,0.02529526,25.42698
"2025-04-08 17:32:51.35",48065,0.05780792,0.03102875,0.02471352,25.4417
"2025-04-08 17:32:51.4",48066,0.05765343,0.03219795,0.02213478,25.48088
"2025-04-08 17:32:51.45",48067,0.05373383,0.02857208,0.01974869,25.45885
"2025-04-08 17:32:51.5",48068,0.05691719,0.02768898,0.02005959,25.41528
"2025-04-08 17:32:51.55",48069,0.05736351,0.02762794,0.01698875,25.42042
"2025-04-08 17:32:51.6",48070,0.05769157,0.02814293,0.01758194,25.41295
"2025-04-08 17:32:51.65",48071,0.05697632,0.02754593,0.01760483,25.41998
"2025-04-08 17:32:51.7",48072,0.05689812,0.02722168,0.01452065,25.42003
"2025-04-08 17:32:51.75",48073,0.0565033,0.02443504,0.01525116,25.41131
"2025-04-08 17:32:51.8",48074,0.05641937,0.02729797,0.01519585,25.37046
"2025-04-08 17:32:51.85",48075,0.06006432,0.02746773,0.01538086,25.37008
"2025-04-08 17:32:51.9",48076,0.06171417,0.03102303,0.01549721,25.42278
"2025-04-08 17:32:51.95",48077,0.06279182,0.02766991,0.01562691,25.40324
"2025-04-08 17:32:52",48078,0.05575943,0.02559471,0.01194,25.41351
"2025-04-08 17:32:52.05",48079,0.05873108,0.02280235,0.012043,25.39253
"2025-04-08 17:32:52.1",48080,0.05607796,0.02290535,0.01228905,25.39317
"2025-04-08 17:32:52.15",48081,0.05648041,0.0308075,0.01268387,25.32921
"2025-04-08 17:32:52.2",48082,0.05234909,0.02562904,0.009828568,25.30476
"2025-04-08 17:32:52.25",48083,0.05482864,0.03095245,0.01241112,25.34837
"2025-04-08 17:32:52.3",48084,0.05212402,0.02590752,0.009490967,25.34383
"2025-04-08 17:32:52.35",48085,0.05191231,0.0257473,0.009616852,25.32095
"2025-04-08 17:32:52.4",48086,0.04903603,0.0258255,0.006809235,25.39584
"2025-04-08 17:32:52.45",48087,0.05030823,0.02612686,0.006530762,25.32016
"2025-04-08 17:32:52.5",48088,0.04610443,0.02672577,0.006296158,25.31866
"2025-04-08 17:32:52.55",48089,0.0466671,0.02616119,0.006742477,25.39313
"2025-04-08 17:32:52.6",48090,0.04652214,0.03236389,0.004045486,25.3536
"2025-04-08 17:32:52.65",48091,0.04599762,0.02975082,0.002426147,25.35263
"2025-04-08 17:32:52.7",48092,0.04508209,0.03229713,0.005317688,25.39167
"2025-04-08 17:32:52.75",48093,0.04197121,0.03200912,0.002889633,25.39035
"2025-04-08 17:32:52.8",48094,0.04202271,0.03466606,0.004011154,25.41508
"2025-04-08 17:32:52.85",48095,0.03751373,0.03674507,0.002853394,25.41133
"2025-04-08 17:32:52.9",48096,0.03764153,0.03931236,0.002378464,25.41261
"2025-04-08 17:32:52.95",48097,0.03771019,0.04206467,0.003900528,25.44721
"2025-04-08 17:32:53",48098,0.03796768,0.04317856,0.0001754761,25.40977
"2025-04-08 17:32:53.05",48099,0.03759193,0.04294395,0.0001583099,25.41163
"2025-04-08 17:32:53.1",48100,0.0351181,0.04545021,0.0001621246,25.39024
"2025-04-08 17:32:53.15",48101,0.0350132,0.04520607,-0.002199173,25.39219
"2025-04-08 17:32:53.2",48102,0.03430367,0.04759407,-0.002977371,25.35503
"2025-04-08 17:32:53.25",48103,0.03541565,0.04802513,-0.0006351471,25.36916
"2025-04-08 17:32:53.3",48104,0.0331459,0.05033684,-0.0009098053,25.36823
"2025-04-08 17:32:53.35",48105,0.03221512,0.05364418,-0.001115799,25.353
"2025-04-08 17:32:53.4",48106,0.03100204,0.06249619,0.0006542206,25.37069
"2025-04-08 17:32:53.45",48107,0.03154373,0.06282616,0.001531601,25.36038
"2025-04-08 17:32:53.5",48108,0.02755165,0.05873489,-0.001747131,25.35358
"2025-04-08 17:32:53.55",48109,0.0261364,0.05803299,-0.0004119873,25.37111
"2025-04-08 17:32:53.6",48110,0.02552414,0.06123352,-0.001491547,25.37453
"2025-04-08 17:32:53.65",48111,0.02411079,0.05770302,0.0008087158,25.35632
"2025-04-08 17:32:53.7",48112,0.02396965,0.0576973,-0.002134323,25.37063
"2025-04-08 17:32:53.75",48113,0.02458572,0.05727959,0.0002231598,25.39272
"2025-04-08 17:32:53.8",48114,0.02442932,0.05755424,0.001356125,25.36868
"2025-04-08 17:32:53.85",48115,0.02762222,0.05752373,0.004081726,25.39506
"2025-04-08 17:32:53.9",48116,0.02428818,0.0539856,0.001962662,25.35454
"2025-04-08 17:32:53.95",48117,0.02419853,0.0535984,0.002023697,25.3372
"2025-04-08 17:32:54",48118,0.0244236,0.05360794,0.001897812,25.39095
"2025-04-08 17:32:54.05",48119,0.02532768,0.0539341,0.007167816,25.37966
"2025-04-08 17:32:54.1",48120,0.02218437,0.0524826,0.004179001,25.39214
"2025-04-08 17:32:54.15",48121,0.02361298,0.04979515,0.004816055,25.37939
"2025-04-08 17:32:54.2",48122,0.02087212,0.04951668,0.004358292,25.39143
"2025-04-08 17:32:54.25",48123,0.02145767,0.0499115,0.00453949,25.426
"2025-04-08 17:32:54.3",48124,0.02166367,0.05026817,0.004390717,25.42217
"2025-04-08 17:32:54.35",48125,0.01905251,0.04998398,0.007411957,25.41581
"2025-04-08 17:32:54.4",48126,0.01781273,0.04724312,0.007572174,25.42568
"2025-04-08 17:32:54.45",48127,0.01773834,0.04506493,0.01011658,25.41616
"2025-04-08 17:32:54.5",48128,0.01817894,0.0444622,0.01109123,25.42005
"2025-04-08 17:32:54.55",48129,0.01462746,0.04180336,0.009712219,25.37314
"2025-04-08 17:32:54.6",48130,0.01511383,0.03891754,0.00976944,25.42451
"2025-04-08 17:32:54.65",48131,0.01485825,0.03687286,0.01223564,25.42354
"2025-04-08 17:32:54.7",48132,0.01379013,0.03677177,0.01470375,25.44452
"2025-04-08 17:32:54.75",48133,0.01142311,0.0320797,0.01675034,25.48911
"2025-04-08 17:32:54.8",48134,0.01089668,0.02923012,0.02080536,25.42243
"2025-04-08 17:32:54.85",48135,0.01266289,0.0264492,0.02340126,25.45995
"2025-04-08 17:32:54.9",48136,0.0124321,0.02383804,0.02645111,25.44435
"2025-04-08 17:32:54.95",48137,0.01242065,0.02088165,0.02933121,25.44464
"2025-04-08 17:32:55",48138,0.01071739,0.02092171,0.02950478,25.44297
"2025-04-08 17:32:55.05",48139,0.01037025,0.01811409,0.02918053,25.45725
"2025-04-08 17:32:55.1",48140,0.01061249,0.01532745,0.03244781,25.45567
"2025-04-08 17:32:55.15",48141,0.01076317,0.01838112,0.03195763,25.46912
"2025-04-08 17:32:55.2",48142,0.007982254,0.02064705,0.03186607,25.46896
"2025-04-08 17:32:55.25",48143,0.008041382,0.02140808,0.03587341,25.48606
"2025-04-08 17:32:55.3",48144,0.004529953,0.02032852,0.03461647,25.48647
"2025-04-08 17:32:55.35",48145,0.004922867,0.02371025,0.03419113,25.47337
"2025-04-08 17:32:55.4",48146,0.002599716,0.02031136,0.03701019,25.45792
"2025-04-08 17:32:55.45",48147,0.00289917,0.023386,0.03667641,25.47338
"2025-04-08 17:32:55.5",48148,0.006099701,0.0272274,0.03841782,25.4669
"2025-04-08 17:32:55.55",48149,0.00315094,0.02600479,0.03567123,25.47202
"2025-04-08 17:32:55.6",48150,0.003341675,0.02729797,0.03598976,25.48699
"2025-04-08 17:32:55.65",48151,0.002775192,0.02983093,0.03836823,25.50916
"2025-04-08 17:32:55.7",48152,0.005741119,0.03320313,0.03590965,25.50827
"2025-04-08 17:32:55.75",48153,0.005456924,0.03334236,0.03883743,25.52921
"2025-04-08 17:32:55.8",48154,0.005151749,0.03425407,0.03864288,25.48718
"2025-04-08 17:32:55.85",48155,0.005441666,0.03253365,0.03896713,25.5322
"2025-04-08 17:32:55.9",48156,0.008798599,0.03516388,0.03508568,25.54034
"2025-04-08 17:32:55.95",48157,0.008350372,0.03572845,0.03565025,25.5327
"2025-04-08 17:32:56",48158,0.008504868,0.03564453,0.03607368,25.53066
"2025-04-08 17:32:56.05",48159,0.005384445,0.03839111,0.03654289,25.53695
"2025-04-08 17:32:56.1",48160,0.00522995,0.03570938,0.0365715,25.53799
"2025-04-08 17:32:56.15",48161,0.007631302,0.03444099,0.03404999,25.53807
"2025-04-08 17:32:56.2",48162,0.004709244,0.03700066,0.03371239,25.56102
"2025-04-08 17:32:56.25",48163,0.008037567,0.03775978,0.03343201,25.5382
"2025-04-08 17:32:56.3",48164,0.01117516,0.03665543,0.03072357,25.53178
"2025-04-08 17:32:56.35",48165,0.0148735,0.03981018,0.03040504,25.53828
"2025-04-08 17:32:56.4",48166,0.01498604,0.03963089,0.02847672,25.52946
"2025-04-08 17:32:56.45",48167,0.0230217,0.04644966,0.0305233,25.53239
"2025-04-08 17:32:56.5",48168,0.0219326,0.0471096,0.03125381,25.54777
"2025-04-08 17:32:56.55",48169,0.02024651,0.04176903,0.02569008,25.54217
"2025-04-08 17:32:56.6",48170,0.02449036,0.04909706,0.02906036,25.55048
"2025-04-08 17:32:56.65",48171,0.02518272,0.04961014,0.02855682,25.55005
"2025-04-08 17:32:56.7",48172,0.02375984,0.04246902,0.02241325,25.5869
"2025-04-08 17:32:56.75",48173,0.02294922,0.04494095,0.02534294,25.53958
"2025-04-08 17:32:56.8",48174,0.02019501,0.04278564,0.02744293,25.598
"2025-04-08 17:32:56.85",48175,0.02313232,0.04286385,0.02782822,25.56282
"2025-04-08 17:32:56.9",48176,0.01915169,0.04237747,0.0289402,25.58226
"2025-04-08 17:32:56.95",48177,0.01928711,0.04201698,0.02876091,25.5985
"2025-04-08 17:32:57",48178,0.02227974,0.04604149,0.03388786,25.62138
"2025-04-08 17:32:57.05",48179,0.02249718,0.04247284,0.03024292,25.598
"2025-04-08 17:32:57.1",48180,0.02170944,0.0419426,0.03089523,25.58224
"2025-04-08 17:32:57.15",48181,0.02841568,0.04682922,0.03335762,25.61115
"2025-04-08 17:32:57.2",48182,0.02687454,0.04260826,0.03310585,25.6092
"2025-04-08 17:32:57.25",48183,0.03037643,0.04358673,0.03347588,25.55779
"2025-04-08 17:32:57.3",48184,0.03288841,0.04412651,0.03568268,25.6059
"2025-04-08 17:32:57.35",48185,0.02912521,0.04358673,0.03501701,25.605
"2025-04-08 17:32:57.4",48186,0.03162766,0.03698349,0.03219032,25.58094
"2025-04-08 17:32:57.45",48187,0.03227997,0.03916168,0.02903748,25.5605
"2025-04-08 17:32:57.5",48188,0.03501892,0.03899384,0.03060722,25.59618
"2025-04-08 17:32:57.55",48189,0.03222084,0.03959656,0.02871132,25.58117
"2025-04-08 17:32:57.6",48190,0.03501701,0.03736496,0.02956009,25.53807
"2025-04-08 17:32:57.65",48191,0.03419113,0.03727341,0.02617836,25.5388
"2025-04-08 17:32:57.7",48192,0.03791618,0.03726196,0.02601051,25.56031
"2025-04-08 17:32:57.75",48193,0.0350399,0.03694344,0.0262928,25.56166
"2025-04-08 17:32:57.8",48194,0.03849602,0.037117,0.02522087,25.56345
"2025-04-08 17:32:57.85",48195,0.04053497,0.03789902,0.02254105,25.53954
"2025-04-08 17:32:57.9",48196,0.04266357,0.04042435,0.02500534,25.5462
"2025-04-08 17:32:57.95",48197,0.03778839,0.03363991,0.02267647,25.5594
"2025-04-08 17:32:58",48198,0.03730774,0.03358841,0.0231514,25.538
"2025-04-08 17:32:58.05",48199,0.03765297,0.03334236,0.02271461,25.56103
"2025-04-08 17:32:58.1",48200,0.04144478,0.03302574,0.02527809,25.54704
"2025-04-08 17:32:58.15",48201,0.04051208,0.02845001,0.02205658,25.53973
"2025-04-08 17:32:58.2",48202,0.04111481,0.02719307,0.02193069,25.53001
"2025-04-08 17:32:58.25",48203,0.04502487,0.02712059,0.02856255,25.56699
"2025-04-08 17:32:58.3",48204,0.04059219,0.02436638,0.02522087,25.5573
"2025-04-08 17:32:58.35",48205,0.04113197,0.02135849,0.02536583,25.51015
"2025-04-08 17:32:58.4",48206,0.04002571,0.02155304,0.02805328,25.58192
"2025-04-08 17:32:58.45",48207,0.04063988,0.01849174,0.03122139,25.59142
"2025-04-08 17:32:58.5",48208,0.03849792,0.01813889,0.03074455,25.58337
"2025-04-08 17:32:58.55",48209,0.03846359,0.01935387,0.03076172,25.58167
"2025-04-08 17:32:58.6",48210,0.03959656,0.02000999,0.03382874,25.58242
"2025-04-08 17:32:58.65",48211,0.03940201,0.02070427,0.0333271,25.58352
"2025-04-08 17:32:58.7",48212,0.04139709,0.02532387,0.03716087,25.59801
"2025-04-08 17:32:58.75",48213,0.03339195,0.02033043,0.03437424,25.56234
"2025-04-08 17:32:58.8",48214,0.0334034,0.0223217,0.03723335,25.56638
"2025-04-08 17:32:58.85",48215,0.0339241,0.02694321,0.03880882,25.60864
"2025-04-08 17:32:58.9",48216,0.02901268,0.02298355,0.03610802,25.54249
"2025-04-08 17:32:58.95",48217,0.02913857,0.02379799,0.03655243,25.60442
"2025-04-08 17:32:59",48218,0.0258255,0.02693748,0.03589439,25.56164
"2025-04-08 17:32:59.05",48219,0.02215195,0.02586365,0.0356884,25.53169
"2025-04-08 17:32:59.1",48220,0.02210617,0.02960205,0.0355854,25.54108
"2025-04-08 17:32:59.15",48221,0.02468491,0.03305626,0.04007912,25.51543
"2025-04-08 17:32:59.2",48222,0.02448082,0.03277206,0.03943634,25.58928
"2025-04-08 17:32:59.25",48223,0.02173042,0.0315094,0.03357506,25.58379
"2025-04-08 17:32:59.3",48224,0.02112198,0.03149223,0.03313446,25.58276
"2025-04-08 17:32:59.35",48225,0.01895142,0.03205299,0.03361511,25.59428
"2025-04-08 17:32:59.4",48226,0.01867104,0.03196716,0.03403282,25.57859
"2025-04-08 17:32:59.45",48227,0.02155113,0.03215218,0.03447151,25.57779
"2025-04-08 17:32:59.5",48228,0.01796341,0.02944946,0.03190613,25.59389
"2025-04-08 17:32:59.55",48229,0.02260399,0.03540802,0.03508949,25.58981
"2025-04-08 17:32:59.6",48230,0.01819038,0.02909851,0.03141975,25.59612
"2025-04-08 17:32:59.65",48231,0.01823616,0.03175163,0.02989769,25.59665
"2025-04-08 17:32:59.7",48232,0.02144241,0.03082848,0.02994537,25.58153
"2025-04-08 17:32:59.75",48233,0.02205658,0.03111267,0.02939224,25.59533
"2025-04-08 17:32:59.8",48234,0.02147484,0.03195572,0.02888107,25.62671
"2025-04-08 17:32:59.85",48235,0.02145767,0.03462029,0.02628326,25.61154
"2025-04-08 17:32:59.9",48236,0.02428818,0.03448105,0.0261879,25.59483
"2025-04-08 17:32:59.95",48237,0.02463722,0.03693962,0.02866173,25.62881
"2025-04-08 17:33:00",48238,0.02392006,0.03442192,0.02636147,25.61293
"2025-04-08 17:33:00.05",48239,0.02402306,0.03673363,0.02556419,25.61375
"2025-04-08 17:33:00.1",48240,0.02378273,0.03529739,0.02268219,25.62863
"2025-04-08 17:33:00.15",48241,0.0244503,0.03448677,0.0222683,25.62766
"2025-04-08 17:33:00.2",48242,0.02176666,0.03546906,0.02235222,25.61115
"2025-04-08 17:33:00.25",48243,0.02521133,0.03593445,0.02212906,25.62685
"2025-04-08 17:33:00.3",48244,0.02611542,0.03960419,0.02581406,25.63335
"2025-04-08 17:33:00.35",48245,0.02321053,0.03308105,0.02475357,25.6495
"2025-04-08 17:33:00.4",48246,0.02344131,0.03342819,0.02593613,25.66273
"2025-04-08 17:33:00.45",48247,0.02070808,0.03260612,0.02849007,25.66661
"2025-04-08 17:33:00.5",48248,0.02049065,0.03207588,0.02834511,25.66451
"2025-04-08 17:33:00.55",48249,0.02307701,0.03200722,0.02795792,25.70322
"2025-04-08 17:33:00.6",48250,0.02097893,0.03224945,0.02858925,25.64835
"2025-04-08 17:33:00.65",48251,0.02085876,0.03386307,0.02833366,25.6505
"2025-04-08 17:33:00.7",48252,0.02186966,0.03215981,0.03104591,25.64803
"2025-04-08 17:33:00.75",48253,0.02474022,0.03253174,0.03284645,25.65608
"2025-04-08 17:33:00.8",48254,0.01992607,0.02888107,0.03117943,25.64832
"2025-04-08 17:33:00.85",48255,0.01740456,0.02831459,0.03147316,25.66464
"2025-04-08 17:33:00.9",48256,0.01678467,0.02775764,0.02856636,25.65053
"2025-04-08 17:33:00.95",48257,0.01783752,0.02776337,0.02873993,25.66684
"2025-04-08 17:33:01",48258,0.01532555,0.02495384,0.02827835,25.66779
"2025-04-08 17:33:01.05",48259,0.01271248,0.02792549,0.02794075,25.70752
"2025-04-08 17:33:01.1",48260,0.0124836,0.02881241,0.02768898,25.7017
"2025-04-08 17:33:01.15",48261,0.006902695,0.02639961,0.02789307,25.66543
"2025-04-08 17:33:01.2",48262,0.00352478,0.02355194,0.03138924,25.72387
"2025-04-08 17:33:01.25",48263,0.003593445,0.02404404,0.03097534,25.68018
"2025-04-08 17:33:01.3",48264,-0.00201416,0.02391052,0.03111458,25.66586
"2025-04-08 17:33:01.35",48265,-0.001960754,0.02376938,0.03152084,25.66599
"2025-04-08 17:33:01.4",48266,-0.002216339,0.02464867,0.03434944,25.67193
"2025-04-08 17:33:01.45",48267,-0.007858276,0.02026939,0.02776146,25.64848
"2025-04-08 17:33:01.5",48268,-0.007852554,0.02393341,0.0306015,25.62707
"2025-04-08 17:33:01.55",48269,-0.007799149,0.02374268,0.02827072,25.61236
"2025-04-08 17:33:01.6",48270,-0.005523682,0.02671432,0.02874756,25.67417
"2025-04-08 17:33:01.65",48271,-0.00948143,0.02543449,0.02909279,25.62291
"2025-04-08 17:33:01.7",48272,-0.01235199,0.02915955,0.02684021,25.60959
"2025-04-08 17:33:01.75",48273,-0.01190948,0.02914238,0.02687073,25.62506
"2025-04-08 17:33:01.8",48274,-0.008960724,0.02838898,0.02724266,25.62927
"2025-04-08 17:33:01.85",48275,-0.008850098,0.03158188,0.02809143,25.61604
"2025-04-08 17:33:01.9",48276,-0.00775528,0.03190231,0.0267868,25.62538
"2025-04-08 17:33:01.95",48277,-0.00787735,0.03211403,0.02698517,25.61018
"2025-04-08 17:33:02",48278,-0.007696152,0.03513527,0.02433586,25.61215
"2025-04-08 17:33:02.05",48279,-0.002662659,0.03700447,0.02423859,25.62829
"2025-04-08 17:33:02.1",48280,-0.003004074,0.03697777,0.02119064,25.61636
"2025-04-08 17:33:02.15",48281,-0.005550385,0.0369072,0.02397728,25.61861
"2025-04-08 17:33:02.2",48282,0.003023148,0.04104424,0.02142906,25.60703
"2025-04-08 17:33:02.25",48283,0.003744125,0.04489136,0.0252037,25.62061
"2025-04-08 17:33:02.3",48284,0.001794815,0.0404911,0.02194405,25.60822
"2025-04-08 17:33:02.35",48285,0.0005187988,0.0376873,0.0202961,25.61554
"2025-04-08 17:33:02.4",48286,-0.0004692078,0.04104996,0.01955795,25.63489
"2025-04-08 17:33:02.45",48287,-0.002790451,0.0418644,0.01713943,25.60094
"2025-04-08 17:33:02.5",48288,-0.002864838,0.04107666,0.01449394,25.60362
"2025-04-08 17:33:02.55",48289,-0.002902985,0.04151726,0.01527405,25.57523
"2025-04-08 17:33:02.6",48290,-0.00566864,0.0409317,0.01209068,25.60458
"2025-04-08 17:33:02.65",48291,-0.004562378,0.04095078,0.01239967,25.58253
"2025-04-08 17:33:02.7",48292,-0.005378723,0.04160118,0.008970261,25.57262
"2025-04-08 17:33:02.75",48293,-0.007335663,0.04096413,0.009778976,25.58134
"2025-04-08 17:33:02.8",48294,-0.008296967,0.0407753,0.009372711,25.60243
"2025-04-08 17:33:02.85",48295,-0.003953934,0.04031181,0.01293564,25.61545
"2025-04-08 17:33:02.9",48296,-0.008569717,0.03805542,0.007762909,25.61246
"2025-04-08 17:33:02.95",48297,-0.008560181,0.03713608,0.007349014,25.61744
"2025-04-08 17:33:03",48298,-0.008665085,0.03618622,0.00992012,25.64375
"2025-04-08 17:33:03.05",48299,-0.004405975,0.03419113,0.009515762,25.60311
"2025-04-08 17:33:03.1",48300,0.002620697,0.03839302,0.01503372,25.65098
"2025-04-08 17:33:03.15",48301,0.009038925,0.03485489,0.0147934,25.66454
"2025-04-08 17:33:03.2",48302,0.007892609,0.03112411,0.01270103,25.64408
"2025-04-08 17:33:03.25",48303,0.00592804,0.03407288,0.01546669,25.62354
"2025-04-08 17:33:03.3",48304,0.009471893,0.03454399,0.01498032,25.6212
"2025-04-08 17:33:03.35",48305,0.01153374,0.03926277,0.01523018,25.57404
"2025-04-08 17:33:03.4",48306,0.01443291,0.03932571,0.01570129,25.60333
"2025-04-08 17:33:03.45",48307,0.01667023,0.04260063,0.01500702,25.59792
"2025-04-08 17:33:03.5",48308,0.01748085,0.04551888,0.01796913,25.59693
"2025-04-08 17:33:03.55",48309,0.01619148,0.04501915,0.01762772,25.59613
"2025-04-08 17:33:03.6",48310,0.02015305,0.04491425,0.01813507,25.59603
"2025-04-08 17:33:03.65",48311,0.01929283,0.0481205,0.02013016,25.59412
"2025-04-08 17:33:03.7",48312,0.01926994,0.04802132,0.02056503,25.55032
"2025-04-08 17:33:03.75",48313,0.02037621,0.04799843,0.01776123,25.60313
"2025-04-08 17:33:03.8",48314,0.02015114,0.04758835,0.01901245,25.57358
"2025-04-08 17:33:03.85",48315,0.02017975,0.04735565,0.02603722,25.55158
"2025-04-08 17:33:03.9",48316,0.02091599,0.0474205,0.02758598,25.55215
"2025-04-08 17:33:03.95",48317,0.0206604,0.04709816,0.03001785,25.57306
"2025-04-08 17:33:04",48318,0.02476883,0.04748917,0.02930832,25.57259
"2025-04-08 17:33:04.05",48319,0.0211277,0.04819107,0.0284462,25.54829
"2025-04-08 17:33:04.1",48320,0.02079964,0.04895782,0.0240593,25.54846
"2025-04-08 17:33:04.15",48321,0.02387619,0.04754066,0.02203178,25.54914
"2025-04-08 17:33:04.2",48322,0.02121925,0.04479599,0.02696609,25.55039
"2025-04-08 17:33:04.25",48323,0.02387047,0.04795265,0.0331192,25.55029
"2025-04-08 17:33:04.3",48324,0.02106094,0.04725838,0.03585434,25.55188
"2025-04-08 17:33:04.35",48325,0.02412605,0.04502106,0.03590012,25.53757
"2025-04-08 17:33:04.4",48326,0.02468491,0.04494095,0.03649139,25.53772
"2025-04-08 17:33:04.45",48327,0.02471924,0.04570198,0.03630638,25.57013
"2025-04-08 17:33:04.5",48328,0.02799797,0.04283524,0.03666687,25.56973
"2025-04-08 17:33:04.55",48329,0.02456474,0.04695129,0.03621864,25.58895
"2025-04-08 17:33:04.6",48330,0.02450752,0.04502678,0.03716278,25.58804
"2025-04-08 17:33:04.65",48331,0.02466202,0.04644394,0.0374527,25.52062
"2025-04-08 17:33:04.7",48332,0.02122307,0.04385948,0.03682137,25.56866
"2025-04-08 17:33:04.75",48333,0.02368164,0.04427719,0.0418148,25.53349
"2025-04-08 17:33:04.8",48334,0.02519035,0.04628944,0.04351807,25.54142
"2025-04-08 17:33:04.85",48335,0.02471352,0.04318428,0.0438652,25.51801
"2025-04-08 17:33:04.9",48336,0.02764702,0.04272079,0.04497147,25.51565
"2025-04-08 17:33:04.95",48337,0.02155876,0.04357338,0.04270744,25.50227
"2025-04-08 17:33:05",48338,0.0218811,0.04318428,0.04500771,25.51766
"2025-04-08 17:33:05.05",48339,0.02357292,0.04282951,0.0467968,25.51923
"2025-04-08 17:33:05.1",48340,0.02307701,0.04607773,0.04628181,25.52052
"2025-04-08 17:33:05.15",48341,0.0240612,0.04494667,0.0463829,25.50893
"2025-04-08 17:33:05.2",48342,0.02582932,0.04236221,0.04899025,25.55906
"2025-04-08 17:33:05.25",48343,0.02469254,0.04514313,0.04864311,25.57876
"2025-04-08 17:33:05.3",48344,0.02848434,0.04494667,0.04517746,25.53561
"2025-04-08 17:33:05.35",48345,0.02900887,0.04763412,0.04353523,25.55146
"2025-04-08 17:33:05.4",48346,0.03090858,0.04782486,0.03921318,25.56641
"2025-04-08 17:33:05.45",48347,0.03071594,0.04711914,0.03917122,25.55798
"2025-04-08 17:33:05.5",48348,0.03097534,0.04755211,0.03884888,25.5859
"2025-04-08 17:33:05.55",48349,0.03382874,0.04797554,0.03632355,25.5804
"2025-04-08 17:33:05.6",48350,0.03345871,0.05107498,0.03303909,25.58045
"2025-04-08 17:33:05.65",48351,0.0364418,0.05102921,0.03467178,25.62107
"2025-04-08 17:33:05.7",48352,0.03635406,0.05577087,0.03253746,25.56062
"2025-04-08 17:33:05.75",48353,0.04200554,0.06064606,0.03487396,25.56817
"2025-04-08 17:33:05.8",48354,0.03807449,0.05938339,0.0305233,25.57565
"2025-04-08 17:33:05.85",48355,0.04063606,0.06005478,0.02934265,25.56113
"2025-04-08 17:33:05.9",48356,0.03955269,0.06572914,0.02446365,25.57903
"2025-04-08 17:33:05.95",48357,0.03936386,0.06653214,0.01945305,25.58106
"2025-04-08 17:33:06",48358,0.04153633,0.07283974,0.01900482,25.56375
"2025-04-08 17:33:06.05",48359,0.04246902,0.07746315,0.01834106,25.56318
"2025-04-08 17:33:06.1",48360,0.04267502,0.08384514,0.01763916,25.57613
"2025-04-08 17:33:06.15",48361,0.04239655,0.08582878,0.02171898,25.57645
"2025-04-08 17:33:06.2",48362,0.0451107,0.08794594,0.02062416,25.56136
"2025-04-08 17:33:06.25",48363,0.04485321,0.08779907,0.01476669,25.59418
"2025-04-08 17:33:06.3",48364,0.04456329,0.08777618,0.01543236,25.55804
"2025-04-08 17:33:06.35",48365,0.04484558,0.08998871,0.01594162,25.55498
"2025-04-08 17:33:06.4",48366,0.04539299,0.0875721,0.02086639,25.55383
"2025-04-08 17:33:06.45",48367,0.04674149,0.08691788,0.02025223,25.53829
"2025-04-08 17:33:06.5",48368,0.04833221,0.09020233,0.01748848,25.51881
"2025-04-08 17:33:06.55",48369,0.05263138,0.09373665,0.02326012,25.55603
"2025-04-08 17:33:06.6",48370,0.04638481,0.09369087,0.01843262,25.53413
"2025-04-08 17:33:06.65",48371,0.04877472,0.0935173,0.01670074,25.53395
"2025-04-08 17:33:06.7",48372,0.04879761,0.09651756,0.0155983,25.56294
"2025-04-08 17:33:06.75",48373,0.04849815,0.09460258,0.01987648,25.53595
"2025-04-08 17:33:06.8",48374,0.04561234,0.09139633,0.02160835,25.55343
"2025-04-08 17:33:06.85",48375,0.04869461,0.09675217,0.02151489,25.57159
"2025-04-08 17:33:06.9",48376,0.04919815,0.09049225,0.01950455,25.55051
"2025-04-08 17:33:06.95",48377,0.04871368,0.09110641,0.02309418,25.54993
"2025-04-08 17:33:07",48378,0.04907036,0.09115791,0.02676964,25.54997
"2025-04-08 17:33:07.05",48379,0.04893494,0.09151459,0.02832031,25.53339
"2025-04-08 17:33:07.1",48380,0.04942513,0.09250259,0.02991486,25.54817
"2025-04-08 17:33:07.15",48381,0.04862976,0.09274673,0.02680969,25.54773
"2025-04-08 17:33:07.2",48382,0.0477562,0.09016228,0.03209686,25.53621
"2025-04-08 17:33:07.25",48383,0.04241753,0.08973312,0.03080177,25.5369
"2025-04-08 17:33:07.3",48384,0.0420723,0.0898838,0.02840424,25.55003
"2025-04-08 17:33:07.35",48385,0.05006218,0.08943176,0.02713776,25.55471
"2025-04-08 17:33:07.4",48386,0.05281639,0.08545303,0.02673149,25.58768
"2025-04-08 17:33:07.45",48387,0.05265617,0.08593941,0.0267086,25.57981
"2025-04-08 17:33:07.5",48388,0.05520058,0.08624649,0.02599907,25.58033
"2025-04-08 17:33:07.55",48389,0.06156158,0.08782196,0.02985764,25.58939
"2025-04-08 17:33:07.6",48390,0.05570984,0.08418274,0.031744,25.56015
"2025-04-08 17:33:07.65",48391,0.0580101,0.08418846,0.03058243,25.59923
"2025-04-08 17:33:07.7",48392,0.05864716,0.08363914,0.02823639,25.56908
"2025-04-08 17:33:07.75",48393,0.05964661,0.08063889,0.03032494,25.55454
"2025-04-08 17:33:07.8",48394,0.06483459,0.08023834,0.02669525,25.57143
"2025-04-08 17:33:07.85",48395,0.07107544,0.08133125,0.02600479,25.59324
"2025-04-08 17:33:07.9",48396,0.06953812,0.08064651,0.02492142,25.58417
"2025-04-08 17:33:07.95",48397,0.06747627,0.0781498,0.02293205,25.55391
"2025-04-08 17:33:08",48398,0.07203293,0.07600021,0.02827644,25.55413
"2025-04-08 17:33:08.05",48399,0.07235909,0.07558441,0.03096962,25.56697
"2025-04-08 17:33:08.1",48400,0.0723362,0.07781601,0.03044319,25.58189
"2025-04-08 17:33:08.15",48401,0.07125282,0.07356453,0.02467918,25.58195
"2025-04-08 17:33:08.2",48402,0.07203865,0.07595444,0.0233326,25.57489
"2025-04-08 17:33:08.25",48403,0.06686974,0.0727005,0.02479935,25.58072
"2025-04-08 17:33:08.3",48404,0.06896973,0.07355309,0.02142334,25.55213
"2025-04-08 17:33:08.35",48405,0.06672478,0.07290077,0.02342796,25.58151
"2025-04-08 17:33:08.4",48406,0.06921387,0.07380295,0.02345085,25.55073
"2025-04-08 17:33:08.45",48407,0.07309151,0.07479477,0.02419853,25.52573
"2025-04-08 17:33:08.5",48408,0.07521057,0.07135201,0.02443504,25.54823
"2025-04-08 17:33:08.55",48409,0.07858467,0.07137489,0.02506638,25.51801
"2025-04-08 17:33:08.6",48410,0.08396912,0.07483292,0.02998734,25.53155
"2025-04-08 17:33:08.65",48411,0.07879066,0.07169342,0.02807999,25.54792
"2025-04-08 17:33:08.7",48412,0.07798386,0.07377815,0.02599907,25.52174
"2025-04-08 17:33:08.75",48413,0.07822227,0.0747776,0.0237751,25.51294
"2025-04-08 17:33:08.8",48414,0.07561874,0.07958984,0.02137947,25.53827
"2025-04-08 17:33:08.85",48415,0.07678032,0.08161354,0.02033997,25.5444
"2025-04-08 17:33:08.9",48416,0.07723999,0.08292961,0.02039719,25.51288
"2025-04-08 17:33:08.95",48417,0.07968521,0.08518791,0.02211761,25.56369
"2025-04-08 17:33:09",48418,0.07819557,0.08240509,0.023592,25.53532
"2025-04-08 17:33:09.05",48419,0.07582664,0.08690262,0.02570915,25.51332
"2025-04-08 17:33:09.1",48420,0.07892418,0.0859108,0.02176094,25.53358
"2025-04-08 17:33:09.15",48421,0.0753727,0.08440971,0.02359009,25.50481
"2025-04-08 17:33:09.2",48422,0.07616615,0.08435059,0.02181625,25.50671
"2025-04-08 17:33:09.25",48423,0.07446861,0.08444786,0.02098465,25.50595
"2025-04-08 17:33:09.3",48424,0.07221413,0.08680725,0.0239315,25.50619
"2025-04-08 17:33:09.35",48425,0.07181549,0.08689117,0.02552414,25.46238
"2025-04-08 17:33:09.4",48426,0.07366371,0.08709145,0.0263443,25.51351
"2025-04-08 17:33:09.45",48427,0.07036018,0.08651733,0.02985764,25.53194
"2025-04-08 17:33:09.5",48428,0.07203484,0.08745956,0.03220177,25.50916
"2025-04-08 17:33:09.55",48429,0.06913185,0.08594513,0.03814125,25.50968
"2025-04-08 17:33:09.6",48430,0.06593513,0.08613968,0.03906059,25.45735
"2025-04-08 17:33:09.65",48431,0.0663166,0.0891571,0.04216766,25.45766
"2025-04-08 17:33:09.7",48432,0.0662365,0.08897209,0.04045868,25.48423
"2025-04-08 17:33:09.75",48433,0.06820488,0.08910561,0.04019928,25.45944
"2025-04-08 17:33:09.8",48434,0.06852531,0.08893967,0.03734207,25.46088
"2025-04-08 17:33:09.85",48435,0.06804848,0.08806992,0.03609657,25.4444
"2025-04-08 17:33:09.9",48436,0.07010651,0.08815765,0.03720284,25.4444
"2025-04-08 17:33:09.95",48437,0.07157707,0.08849335,0.03572655,25.44447
"2025-04-08 17:33:10",48438,0.06585121,0.08898354,0.03571129,25.44347
"2025-04-08 17:33:10.05",48439,0.06727982,0.08820343,0.03823853,25.44965
"2025-04-08 17:33:10.1",48440,0.06977654,0.08882332,0.0394783,25.46895
"2025-04-08 17:33:10.15",48441,0.06413841,0.087286,0.04070282,25.46471
"2025-04-08 17:33:10.2",48442,0.05813217,0.08793259,0.0359993,25.47616
"2025-04-08 17:33:10.25",48443,0.06053543,0.0841713,0.03741264,25.4791
"2025-04-08 17:33:10.3",48444,0.06470108,0.08296776,0.03905678,25.48357
"2025-04-08 17:33:10.35",48445,0.06494331,0.08488655,0.03771973,25.48284
"2025-04-08 17:33:10.4",48446,0.06321716,0.08427048,0.03438187,25.48364
"2025-04-08 17:33:10.45",48447,0.06516457,0.08631325,0.03097534,25.48069
"2025-04-08 17:33:10.5",48448,0.06624222,0.08584976,0.03134346,25.49327
"2025-04-08 17:33:10.55",48449,0.06447411,0.08385086,0.03368187,25.46448
"2025-04-08 17:33:10.6",48450,0.06379128,0.08587456,0.03310776,25.47544
"2025-04-08 17:33:10.65",48451,0.06798363,0.08587456,0.02981186,25.4402
"2025-04-08 17:33:10.7",48452,0.06809235,0.08495903,0.03000259,25.47894
"2025-04-08 17:33:10.75",48453,0.07917595,0.08803558,0.03283501,25.4855
"2025-04-08 17:33:10.8",48454,0.07421875,0.08291435,0.02858925,25.47713
"2025-04-08 17:33:10.85",48455,0.07899857,0.08571243,0.03009796,25.47765
"2025-04-08 17:33:10.9",48456,0.0816555,0.08745956,0.02755737,25.47624
"2025-04-08 17:33:10.95",48457,0.07858467,0.08890533,0.02436829,25.47324
"2025-04-08 17:33:11",48458,0.0776577,0.08867264,0.02553558,25.46986
"2025-04-08 17:33:11.05",48459,0.08108902,0.09056091,0.02534485,25.48609
"2025-04-08 17:33:11.1",48460,0.08512688,0.08831787,0.02516556,25.45307
"2025-04-08 17:33:11.15",48461,0.08320808,0.0904808,0.02531052,25.45087
"2025-04-08 17:33:11.2",48462,0.08116722,0.0945015,0.0249939,25.46291
"2025-04-08 17:33:11.25",48463,0.08179092,0.09735107,0.02563477,25.44949
"2025-04-08 17:33:11.3",48464,0.07905006,0.1009541,0.02617645,25.45998
"2025-04-08 17:33:11.35",48465,0.08731842,0.1078835,0.02766991,25.48037
"2025-04-08 17:33:11.4",48466,0.08469963,0.1100883,0.02652168,25.46463
"2025-04-08 17:33:11.45",48467,0.08124924,0.1099606,0.02399445,25.44598
"2025-04-08 17:33:11.5",48468,0.08229256,0.1076641,0.02075577,25.44318
"2025-04-08 17:33:11.55",48469,0.08189011,0.1076336,0.02258682,25.44349
"2025-04-08 17:33:11.6",48470,0.08395767,0.1047573,0.0243454,25.44376
"2025-04-08 17:33:11.65",48471,0.08586311,0.1093864,0.0294342,25.46892
"2025-04-08 17:33:11.7",48472,0.08494568,0.1063023,0.02392769,25.44604
"2025-04-08 17:33:11.75",48473,0.0833149,0.106554,0.02365875,25.45169
"2025-04-08 17:33:11.8",48474,0.0846405,0.1055717,0.02376938,25.4595
"2025-04-08 17:33:11.85",48475,0.07904434,0.1034641,0.02667236,25.44111
"2025-04-08 17:33:11.9",48476,0.07599258,0.1027546,0.03313065,25.45421
"2025-04-08 17:33:11.95",48477,0.07815933,0.1033325,0.03787041,25.43623
"2025-04-08 17:33:12",48478,0.08141136,0.1029968,0.03461075,25.43707
"2025-04-08 17:33:12.05",48479,0.07947731,0.1030693,0.03229332,25.46751
"2025-04-08 17:33:12.1",48480,0.07419586,0.1041203,0.03293037,25.43572
"2025-04-08 17:33:12.15",48481,0.08042717,0.1063347,0.03741837,25.43611
"2025-04-08 17:33:12.2",48482,0.07660103,0.102478,0.04066277,25.44727
"2025-04-08 17:33:12.25",48483,0.07393837,0.09824944,0.0368042,25.45055
"2025-04-08 17:33:12.3",48484,0.07829475,0.1018867,0.03845787,25.46008
"2025-04-08 17:33:12.35",48485,0.08085823,0.1015377,0.03617287,25.45765
"2025-04-08 17:33:12.4",48486,0.07471466,0.09796524,0.03147316,25.47088
"2025-04-08 17:33:12.45",48487,0.07892418,0.0986805,0.03627968,25.48811
"2025-04-08 17:33:12.5",48488,0.07975197,0.09555626,0.03462219,25.47066
"2025-04-08 17:33:12.55",48489,0.0766468,0.09139824,0.03534126,25.50277
"2025-04-08 17:33:12.6",48490,0.07520485,0.08890152,0.03114128,25.48717
"2025-04-08 17:33:12.65",48491,0.07397079,0.08901215,0.03063774,25.48913
"2025-04-08 17:33:12.7",48492,0.07233047,0.0860424,0.0317955,25.47512
"2025-04-08 17:33:12.75",48493,0.07700348,0.0890274,0.03238297,25.48725
"2025-04-08 17:33:12.8",48494,0.07693863,0.08641434,0.02640152,25.48775
"2025-04-08 17:33:12.85",48495,0.07255936,0.08998871,0.03114319,25.50061
"2025-04-08 17:33:12.9",48496,0.0771389,0.0890274,0.03217506,25.48674
"2025-04-08 17:33:12.95",48497,0.07875443,0.09168816,0.03561592,25.47984
"2025-04-08 17:33:13",48498,0.07735634,0.08698463,0.02915764,25.5008
"2025-04-08 17:33:13.05",48499,0.07872581,0.08985519,0.03088379,25.5353
"2025-04-08 17:33:13.1",48500,0.07829475,0.08820915,0.02815437,25.48923
"2025-04-08 17:33:13.15",48501,0.08322144,0.08540344,0.02460861,25.48854
"2025-04-08 17:33:13.2",48502,0.08807564,0.08537102,0.02197075,25.5276
"2025-04-08 17:33:13.25",48503,0.08533669,0.0850296,0.02004433,25.47914
"2025-04-08 17:33:13.3",48504,0.08317566,0.08581924,0.0198288,25.50591
"2025-04-08 17:33:13.35",48505,0.09163666,0.08598518,0.02684021,25.50632
"2025-04-08 17:33:13.4",48506,0.09159851,0.08621979,0.02524567,25.48965
"2025-04-08 17:33:13.45",48507,0.08684921,0.08785629,0.02357292,25.49975
"2025-04-08 17:33:13.5",48508,0.08571815,0.09160995,0.02281952,25.47945
"2025-04-08 17:33:13.55",48509,0.08862495,0.09968376,0.02220535,25.49363
"2025-04-08 17:33:13.6",48510,0.08964729,0.1001358,0.02426147,25.496
"2025-04-08 17:33:13.65",48511,0.08678436,0.1020374,0.02371788,25.46841
"2025-04-08 17:33:13.7",48512,0.08748055,0.0995121,0.021492,25.4676
"2025-04-08 17:33:13.75",48513,0.08551216,0.1033154,0.01716423,25.48234
"2025-04-08 17:33:13.8",48514,0.08804131,0.1040192,0.02206039,25.46762
"2025-04-08 17:33:13.85",48515,0.08791351,0.1035271,0.02003288,25.53958
"2025-04-08 17:33:13.9",48516,0.08684921,0.1039963,0.02039719,25.49698
"2025-04-08 17:33:13.95",48517,0.08610725,0.1023273,0.01987839,25.49209
"2025-04-08 17:33:14",48518,0.0848217,0.1027737,0.01830101,25.5269
"2025-04-08 17:33:14.05",48519,0.08738136,0.1019516,0.02320099,25.47474
"2025-04-08 17:33:14.1",48520,0.08434296,0.1019287,0.02781296,25.50835
"2025-04-08 17:33:14.15",48521,0.08535004,0.1001606,0.02689743,25.46995
"2025-04-08 17:33:14.2",48522,0.08207512,0.1034527,0.02535629,25.47967
"2025-04-08 17:33:14.25",48523,0.08218575,0.1014214,0.02976418,25.45852
"2025-04-08 17:33:14.3",48524,0.07965088,0.1046104,0.03349495,25.46044
"2025-04-08 17:33:14.35",48525,0.08560371,0.105793,0.03179359,25.52851
"2025-04-08 17:33:14.4",48526,0.08126068,0.1012249,0.02661896,25.47691
"2025-04-08 17:33:14.45",48527,0.08126068,0.1011658,0.02333832,25.51949
"2025-04-08 17:33:14.5",48528,0.07946777,0.09990692,0.02555847,25.47655
"2025-04-08 17:33:14.55",48529,0.08156204,0.102108,0.02480888,25.47735
"2025-04-08 17:33:14.6",48530,0.07902145,0.1012135,0.02793503,25.52959
"2025-04-08 17:33:14.65",48531,0.07661247,0.1007519,0.02509499,25.52238
"2025-04-08 17:33:14.7",48532,0.07691383,0.09890938,0.02753258,25.55389
"2025-04-08 17:33:14.75",48533,0.07954407,0.09827042,0.0304718,25.55547
"2025-04-08 17:33:14.8",48534,0.07564735,0.09768677,0.02864456,25.5328
"2025-04-08 17:33:14.85",48535,0.07587051,0.1000214,0.03191948,25.55688
"2025-04-08 17:33:14.9",48536,0.07425308,0.09698296,0.02845383,25.51574
"2025-04-08 17:33:14.95",48537,0.07598114,0.09555626,0.02721405,25.56737
"2025-04-08 17:33:15",48538,0.08024406,0.0988121,0.03466606,25.52435
"2025-04-08 17:33:15.05",48539,0.07715607,0.09698677,0.02627754,25.55843
"2025-04-08 17:33:15.1",48540,0.07826614,0.09700394,0.02722168,25.55817
"2025-04-08 17:33:15.15",48541,0.07691002,0.09688759,0.02621078,25.55445
"2025-04-08 17:33:15.2",48542,0.08192444,0.1001129,0.02993965,25.55791
"2025-04-08 17:33:15.25",48543,0.07675743,0.09656334,0.02874565,25.55262
"2025-04-08 17:33:15.3",48544,0.08111954,0.09651756,0.0287571,25.52823
"2025-04-08 17:33:15.35",48545,0.08358765,0.1001244,0.02738953,25.55788
"2025-04-08 17:33:15.4",48546,0.08286858,0.09771156,0.02618408,25.5512
"2025-04-08 17:33:15.45",48547,0.08763123,0.09781837,0.02611542,25.55891
"2025-04-08 17:33:15.5",48548,0.09280968,0.09277534,0.02329063,25.55949
"2025-04-08 17:33:15.55",48549,0.09337425,0.09726143,0.01925087,25.5519
"2025-04-08 17:33:15.6",48550,0.09340668,0.09673691,0.01042938,25.54822
"2025-04-08 17:33:15.65",48551,0.09220123,0.09789085,0.009593964,25.57841
"2025-04-08 17:33:15.7",48552,0.09368515,0.09831238,0.01254845,25.57411
"2025-04-08 17:33:15.75",48553,0.08897209,0.09889603,0.01390648,25.54751
"2025-04-08 17:33:15.8",48554,0.08897972,0.1025486,0.0158329,25.53989
"2025-04-08 17:33:15.85",48555,0.08976746,0.1093903,0.01349831,25.56481
"2025-04-08 17:33:15.9",48556,0.08492851,0.1169147,0.01786613,25.56328
"2025-04-08 17:33:15.95",48557,0.08784485,0.1151047,0.01431656,25.56286
"2025-04-08 17:33:16",48558,0.08580208,0.114439,0.0198822,25.57922
"2025-04-08 17:33:16.05",48559,0.08496475,0.1152287,0.0230732,25.53881
"2025-04-08 17:33:16.1",48560,0.08542824,0.1155186,0.02282143,25.55863
"2025-04-08 17:33:16.15",48561,0.08233261,0.1155777,0.02396011,25.57518
"2025-04-08 17:33:16.2",48562,0.08169174,0.1172485,0.03119278,25.55619
"2025-04-08 17:33:16.25",48563,0.08132744,0.1165295,0.02880669,25.56832
"2025-04-08 17:33:16.3",48564,0.0780201,0.1088772,0.02861786,25.57508
"2025-04-08 17:33:16.35",48565,0.07118607,0.1089668,0.03205299,25.55996
"2025-04-08 17:33:16.4",48566,0.07790947,0.1075134,0.02367592,25.5731
"2025-04-08 17:33:16.45",48567,0.079813,0.1081066,0.02119637,25.55694
"2025-04-08 17:33:16.5",48568,0.08575439,0.1051521,0.02016068,25.55599
"2025-04-08 17:33:16.55",48569,0.09351921,0.1058846,0.02272034,25.56859
"2025-04-08 17:33:16.6",48570,0.09340096,0.1072617,0.02128983,25.56242
"2025-04-08 17:33:16.65",48571,0.09210205,0.1073532,0.0260334,25.57868
"2025-04-08 17:33:16.7",48572,0.0902195,0.1068287,0.02405357,25.5593
"2025-04-08 17:33:16.75",48573,0.09111595,0.1063461,0.02189445,25.55662
"2025-04-08 17:33:16.8",48574,0.09139061,0.1071835,0.02186966,25.58395
"2025-04-08 17:33:16.85",48575,0.09063148,0.1061115,0.0252285,25.58321
"2025-04-08 17:33:16.9",48576,0.09230232,0.1131649,0.01984787,25.55634
"2025-04-08 17:33:16.95",48577,0.08912468,0.1230164,0.02173805,25.55679
"2025-04-08 17:33:17",48578,0.08755302,0.1244774,0.02290344,25.57212
"2025-04-08 17:33:17.05",48579,0.08912468,0.1254025,0.02066994,25.55652
"2025-04-08 17:33:17.1",48580,0.09070015,0.1218739,0.02604675,25.55902
"2025-04-08 17:33:17.15",48581,0.08487511,0.1192551,0.02276421,25.51803
"2025-04-08 17:33:17.2",48582,0.08961487,0.1121998,0.02557373,25.56246
"2025-04-08 17:33:17.25",48583,0.08805275,0.1113358,0.02323341,25.57581
"2025-04-08 17:33:17.3",48584,0.08376312,0.1102104,0.0248909,25.55487
"2025-04-08 17:33:17.35",48585,0.07923317,0.1124287,0.02958488,25.54102
"2025-04-08 17:33:17.4",48586,0.08059692,0.1121235,0.0225029,25.54962
"2025-04-08 17:33:17.45",48587,0.07860374,0.112648,0.02194405,25.51128
"2025-04-08 17:33:17.5",48588,0.07620621,0.1110153,0.02668381,25.50777
"2025-04-08 17:33:17.55",48589,0.07521629,0.1079731,0.02742958,25.50474
"2025-04-08 17:33:17.6",48590,0.07774353,0.1059723,0.02320671,25.50586
"2025-04-08 17:33:17.65",48591,0.07642555,0.1051025,0.01499748,25.54289
"2025-04-08 17:33:17.7",48592,0.0825634,0.1045036,0.01849174,25.50546
"2025-04-08 17:33:17.75",48593,0.08731461,0.1040173,0.01973152,25.50383
"2025-04-08 17:33:17.8",48594,0.0947628,0.1104584,0.02525711,25.51097
"2025-04-08 17:33:17.85",48595,0.0977478,0.1040726,0.02100563,25.52679
"2025-04-08 17:33:17.9",48596,0.09482765,0.1051025,0.0168438,25.50156
"2025-04-08 17:33:17.95",48597,0.09934998,0.1083202,0.02093887,25.49536
"2025-04-08 17:33:18",48598,0.09939575,0.104187,0.02192307,25.5241
"2025-04-08 17:33:18.05",48599,0.1013279,0.110302,0.02134705,25.50973
"2025-04-08 17:33:18.1",48600,0.09468651,0.1041794,0.01550865,25.50137
"2025-04-08 17:33:18.15",48601,0.0930233,0.1038895,0.02036476,25.52229
"2025-04-08 17:33:18.2",48602,0.09494209,0.1059132,0.01737976,25.53773
"2025-04-08 17:33:18.25",48603,0.09501076,0.1063538,0.01622581,25.52152
"2025-04-08 17:33:18.3",48604,0.09433937,0.1072197,0.01543236,25.4982
"2025-04-08 17:33:18.35",48605,0.09583282,0.1040058,0.01686096,25.51908
"2025-04-08 17:33:18.4",48606,0.09632683,0.1035957,0.01911163,25.49753
"2025-04-08 17:33:18.45",48607,0.0885334,0.10326,0.01674461,25.4969
"2025-04-08 17:33:18.5",48608,0.08746338,0.1060638,0.01693344,25.51672
"2025-04-08 17:33:18.55",48609,0.09236908,0.1064529,0.02105713,25.49659
"2025-04-08 17:33:18.6",48610,0.08831978,0.1018925,0.01746368,25.49582
"2025-04-08 17:33:18.65",48611,0.08699989,0.1018009,0.01645851,25.48769
"2025-04-08 17:33:18.7",48612,0.0789299,0.1009426,0.01699638,25.46944
"2025-04-08 17:33:18.75",48613,0.0691185,0.1014004,0.01284027,25.51881
"2025-04-08 17:33:18.8",48614,0.07004738,0.102808,0.01270103,25.49698
"2025-04-08 17:33:18.85",48615,0.06606865,0.1006126,0.01199341,25.51957
"2025-04-08 17:33:18.9",48616,0.07230186,0.1004848,0.01773453,25.49586
"2025-04-08 17:33:18.95",48617,0.07332039,0.09641647,0.01763344,25.51601
"2025-04-08 17:33:19",48618,0.07486534,0.0950222,0.01774216,25.5173
"2025-04-08 17:33:19.05",48619,0.07451439,0.09387589,0.01915169,25.5158
"2025-04-08 17:33:19.1",48620,0.07197189,0.09353447,0.01923943,25.48782
"2025-04-08 17:33:19.15",48621,0.07530594,0.09539986,0.01237869,25.5153
"2025-04-08 17:33:19.2",48622,0.07275963,0.09641838,0.0118618,25.44135
"2025-04-08 17:33:19.25",48623,0.07179451,0.1000538,0.01673126,25.51279
"2025-04-08 17:33:19.3",48624,0.07389259,0.09969139,0.0151844,25.51203
"2025-04-08 17:33:19.35",48625,0.07332611,0.09897995,0.01259995,25.4827
"2025-04-08 17:33:19.4",48626,0.07237053,0.09837341,0.0133152,25.49073
"2025-04-08 17:33:19.45",48627,0.07032967,0.09750175,0.01901817,25.43964
"2025-04-08 17:33:19.5",48628,0.06966019,0.09648895,0.01634216,25.49261
"2025-04-08 17:33:19.55",48629,0.07115364,0.09634399,0.01489449,25.50217
"2025-04-08 17:33:19.6",48630,0.07635689,0.0997448,0.01601219,25.49117
"2025-04-08 17:33:19.65",48631,0.07064247,0.09658051,0.01144028,25.46375
"2025-04-08 17:33:19.7",48632,0.06901169,0.09965134,0.01210213,25.51687
"2025-04-08 17:33:19.75",48633,0.07034683,0.09705353,0.01018333,25.46699
"2025-04-08 17:33:19.8",48634,0.07073784,0.09630966,0.01611137,25.46776
"2025-04-08 17:33:19.85",48635,0.07072639,0.09833908,0.01665497,25.4703
"2025-04-08 17:33:19.9",48636,0.06614304,0.09825516,0.01304626,25.49684
"2025-04-08 17:33:19.95",48637,0.06228256,0.09737778,0.01587296,25.4847
"2025-04-08 17:33:20",48638,0.06784439,0.09758949,0.01254463,25.47061
"2025-04-08 17:33:20.05",48639,0.07139778,0.09622192,0.01333046,25.46136
"2025-04-08 17:33:20.1",48640,0.06989479,0.09553337,0.01221085,25.44068
"2025-04-08 17:33:20.15",48641,0.06987953,0.09869003,0.01724625,25.44507
"2025-04-08 17:33:20.2",48642,0.06303215,0.09757423,0.01295853,25.44689
"2025-04-08 17:33:20.25",48643,0.06501961,0.09516716,0.01534271,25.43789
"2025-04-08 17:33:20.3",48644,0.068964,0.09483719,0.01160049,25.42073
"2025-04-08 17:33:20.35",48645,0.06320572,0.09458542,0.01099586,25.42493
"2025-04-08 17:33:20.4",48646,0.05625725,0.09374809,0.01026535,25.44576
"2025-04-08 17:33:20.45",48647,0.05596542,0.09397316,0.01254272,25.44861
"2025-04-08 17:33:20.5",48648,0.06026649,0.0933342,0.01165771,25.47205
"2025-04-08 17:33:20.55",48649,0.061903,0.09300423,0.009572983,25.39822
"2025-04-08 17:33:20.6",48650,0.06110954,0.09348679,0.008506775,25.44256
"2025-04-08 17:33:20.65",48651,0.05998039,0.09391594,0.01166153,25.44969
"2025-04-08 17:33:20.7",48652,0.06073189,0.09352875,0.01279449,25.44187
"2025-04-08 17:33:20.75",48653,0.05873299,0.09302902,0.009460449,25.45002
"2025-04-08 17:33:20.8",48654,0.0566597,0.09306145,0.01223564,25.42093
"2025-04-08 17:33:20.85",48655,0.05984688,0.09338951,0.01252365,25.4229
"2025-04-08 17:33:20.9",48656,0.05911827,0.09268188,0.01507378,25.42635
"2025-04-08 17:33:20.95",48657,0.06055641,0.09248734,0.01445961,25.42681
"2025-04-08 17:33:21",48658,0.06271744,0.09212875,0.0127449,25.40286
"2025-04-08 17:33:21.05",48659,0.06485367,0.09579659,0.01238823,25.45364
"2025-04-08 17:33:21.1",48660,0.05891037,0.09223366,0.008792877,25.4229
"2025-04-08 17:33:21.15",48661,0.05807304,0.09155846,0.007787704,25.39635
"2025-04-08 17:33:21.2",48662,0.05902672,0.09191513,0.01221466,25.39626
"2025-04-08 17:33:21.25",48663,0.06134605,0.09413719,0.01578903,25.39649
"2025-04-08 17:33:21.3",48664,0.05870438,0.09323883,0.01165009,25.41796
"2025-04-08 17:33:21.35",48665,0.05783653,0.09251785,0.01322556,25.39488
"2025-04-08 17:33:21.4",48666,0.05508423,0.093256,0.01422691,25.39705
"2025-04-08 17:33:21.45",48667,0.05737877,0.09313202,0.01359558,25.43974
"2025-04-08 17:33:21.5",48668,0.05691528,0.09300041,0.0156498,25.39534
"2025-04-08 17:33:21.55",48669,0.0626297,0.09365463,0.01381302,25.3933
"2025-04-08 17:33:21.6",48670,0.06221199,0.09255409,0.01096344,25.39397
"2025-04-08 17:33:21.65",48671,0.06106949,0.09025192,0.005765915,25.39317
"2025-04-08 17:33:21.7",48672,0.05684471,0.09319496,0.007104874,25.40142
"2025-04-08 17:33:21.75",48673,0.06132126,0.09622765,0.005910873,25.38727
"2025-04-08 17:33:21.8",48674,0.05495071,0.09477997,0.002130508,25.41788
"2025-04-08 17:33:21.85",48675,0.05477333,0.09150696,-0.001249313,25.41978
"2025-04-08 17:33:21.9",48676,0.05750656,0.0937252,0.0001144409,25.39557
"2025-04-08 17:33:21.95",48677,0.05633545,0.09197807,-0.0007972717,25.37907
"2025-04-08 17:33:22",48678,0.0562973,0.09230614,0.0007648468,25.37886
"2025-04-08 17:33:22.05",48679,0.05707169,0.09410095,-0.001340866,25.37739
"2025-04-08 17:33:22.1",48680,0.06016541,0.09215546,-0.001836777,25.37734
"2025-04-08 17:33:22.15",48681,0.05492783,0.09154701,0.002244949,25.37695
"2025-04-08 17:33:22.2",48682,0.05391693,0.09158707,0.001554489,25.37761
"2025-04-08 17:33:22.25",48683,0.05544853,0.09363747,-0.001886368,25.36616
"2025-04-08 17:33:22.3",48684,0.05671883,0.09700966,0.005334854,25.38462
"2025-04-08 17:33:22.35",48685,0.05261993,0.09259033,0.00182724,25.39471
"2025-04-08 17:33:22.4",48686,0.05254745,0.09197044,-0.001310349,25.41368
"2025-04-08 17:33:22.45",48687,0.04994583,0.08958244,0.0003356934,25.36121
"2025-04-08 17:33:22.5",48688,0.05199623,0.09083939,-0.0009441376,25.3705
"2025-04-08 17:33:22.55",48689,0.0494709,0.09051514,-0.001249313,25.43172
"2025-04-08 17:33:22.6",48690,0.05109215,0.09332466,-0.0002994537,25.38985
"2025-04-08 17:33:22.65",48691,0.0488224,0.08997726,-0.004066467,25.37711
"2025-04-08 17:33:22.7",48692,0.05235291,0.09329414,-0.005168915,25.36248
"2025-04-08 17:33:22.75",48693,0.05119324,0.09041214,-0.007190704,25.37839
"2025-04-08 17:33:22.8",48694,0.05404091,0.09585762,-0.004945755,25.37042
"2025-04-08 17:33:22.85",48695,0.04934883,0.09270859,-0.003421783,25.3614
"2025-04-08 17:33:22.9",48696,0.04694557,0.09309387,-0.00229454,25.37546
"2025-04-08 17:33:22.95",48697,0.05103111,0.09300041,-0.004308701,25.35767
"2025-04-08 17:33:23",48698,0.04771614,0.09365463,-0.006053925,25.37395
"2025-04-08 17:33:23.05",48699,0.05152702,0.08926964,0.001836777,25.42226
"2025-04-08 17:33:23.1",48700,0.04904747,0.07672691,-0.003032684,25.39429
"2025-04-08 17:33:23.15",48701,0.05064392,0.07211685,-0.007678986,25.38809
"2025-04-08 17:33:23.2",48702,0.04577446,0.06775665,-0.01071739,25.37949
"2025-04-08 17:33:23.25",48703,0.04918671,0.07318306,-0.00928688,25.38509
"2025-04-08 17:33:23.3",48704,0.05054855,0.07194328,-0.007902145,25.37762
"2025-04-08 17:33:23.35",48705,0.05064964,0.07138634,-0.003952026,25.37659
"2025-04-08 17:33:23.4",48706,0.05086899,0.0717144,-0.007375717,25.3819
"2025-04-08 17:33:23.45",48707,0.04912949,0.07342911,-0.002243042,25.38199
"2025-04-08 17:33:23.5",48708,0.04849815,0.07367134,-0.006883621,25.38331
"2025-04-08 17:33:23.55",48709,0.0472641,0.06956482,-0.01039886,25.38918
"2025-04-08 17:33:23.6",48710,0.05056572,0.06970596,-0.01095772,25.37242
"2025-04-08 17:33:23.65",48711,0.05270386,0.06754494,-0.01000023,25.37237
"2025-04-08 17:33:23.7",48712,0.05061722,0.07442284,-0.005872726,25.3797
"2025-04-08 17:33:23.75",48713,0.05156708,0.0675869,-0.01016998,25.38739
"2025-04-08 17:33:23.8",48714,0.05277634,0.07138824,-0.009338379,25.39461
"2025-04-08 17:33:23.85",48715,0.04624367,0.0676384,-0.01062584,25.36034
"2025-04-08 17:33:23.9",48716,0.0482502,0.06757927,-0.008388519,25.36064
"2025-04-08 17:33:23.95",48717,0.04897881,0.06639481,-0.009391785,25.37449
"2025-04-08 17:33:24",48718,0.05192184,0.06700897,-0.01059723,25.35989
"2025-04-08 17:33:24.05",48719,0.05300522,0.06632805,-0.01495934,25.35908
"2025-04-08 17:33:24.1",48720,0.04837036,0.06614876,-0.01087379,25.43116
"2025-04-08 17:33:24.15",48721,0.05377769,0.06686211,-0.01425171,25.35809
"2025-04-08 17:33:24.2",48722,0.05627251,0.06674957,-0.01408958,25.35752
"2025-04-08 17:33:24.25",48723,0.0521698,0.06665039,-0.01470947,25.37119
"2025-04-08 17:33:24.3",48724,0.05287743,0.06949997,-0.009872437,25.35986
"2025-04-08 17:33:24.35",48725,0.05340195,0.06846046,-0.01126862,25.35952
"2025-04-08 17:33:24.4",48726,0.0392971,0.06833267,-0.01215172,25.37303
"2025-04-08 17:33:24.45",48727,0.03455925,0.06831551,-0.01420784,25.33527
"2025-04-08 17:33:24.5",48728,0.02935028,0.0690403,-0.01503944,25.37027
"2025-04-08 17:33:24.55",48729,0.02966881,0.07098961,-0.01511765,25.3712
"2025-04-08 17:33:24.6",48730,0.03278542,0.07229614,-0.009353638,25.33573
"2025-04-08 17:33:24.65",48731,0.03128052,0.07275581,-0.01774025,25.35675
"2025-04-08 17:33:24.7",48732,0.02949524,0.07304955,-0.01238441,25.43855
"2025-04-08 17:33:24.75",48733,0.03049278,0.0719223,-0.01087189,25.40823
"2025-04-08 17:33:24.8",48734,0.03230286,0.07058716,-0.01087952,25.37215
"2025-04-08 17:33:24.85",48735,0.03539276,0.07302094,-0.01029587,25.39194
"2025-04-08 17:33:24.9",48736,0.03136063,0.07010078,-0.01588631,25.37352
"2025-04-08 17:33:24.95",48737,0.03412628,0.06930161,-0.01004601,25.37205
"2025-04-08 17:33:25",48738,0.03591156,0.06926918,-0.009727478,25.3718
"2025-04-08 17:33:25.05",48739,0.03590775,0.06986618,-0.01116753,25.37172
"2025-04-08 17:33:25.1",48740,0.03418159,0.06983376,-0.01459694,25.36996
"2025-04-08 17:33:25.15",48741,0.03247261,0.069767,-0.0133419,25.42994
"2025-04-08 17:33:25.2",48742,0.03165054,0.0706501,-0.01177216,25.40771
"2025-04-08 17:33:25.25",48743,0.03691101,0.06752205,-0.01184273,25.38609
"2025-04-08 17:33:25.3",48744,0.03909874,0.06711578,-0.01148605,25.38721
"2025-04-08 17:33:25.35",48745,0.03773308,0.06649017,-0.01092339,25.38961
"2025-04-08 17:33:25.4",48746,0.03262138,0.06776619,-0.01351929,25.41449
"2025-04-08 17:33:25.45",48747,0.03638458,0.06605721,-0.01426125,25.41176
"2025-04-08 17:33:25.5",48748,0.03433609,0.06549263,-0.01501083,25.40867
"2025-04-08 17:33:25.55",48749,0.0322361,0.06760025,-0.009397507,25.43184
"2025-04-08 17:33:25.6",48750,0.0314827,0.06710243,-0.008430481,25.38609
"2025-04-08 17:33:25.65",48751,0.03207016,0.06709862,-0.009302139,25.38515
"2025-04-08 17:33:25.7",48752,0.03146553,0.06608582,-0.009916306,25.40892
"2025-04-08 17:33:25.75",48753,0.03166008,0.06517029,-0.01005173,25.38386
"2025-04-08 17:33:25.8",48754,0.03494644,0.07094002,-0.01313972,25.41334
"2025-04-08 17:33:25.85",48755,0.03226852,0.06910706,-0.01403809,25.4285
"2025-04-08 17:33:25.9",48756,0.0309906,0.06933022,-0.01196098,25.42651
"2025-04-08 17:33:25.95",48757,0.02961159,0.06632233,-0.004325867,25.45731
"2025-04-08 17:33:26",48758,0.02896881,0.06685829,-0.008085251,25.38328
"2025-04-08 17:33:26.05",48759,0.02968979,0.06615448,-0.00639534,25.38364
"2025-04-08 17:33:26.1",48760,0.02750778,0.06553841,-0.003633499,25.43734
"2025-04-08 17:33:26.15",48761,0.03092957,0.06923103,-0.004247665,25.41644
"2025-04-08 17:33:26.2",48762,0.02755737,0.06332779,-0.009790421,25.40761
"2025-04-08 17:33:26.25",48763,0.02788162,0.06213379,-0.01055336,25.40602
"2025-04-08 17:33:26.3",48764,0.02808189,0.06315041,-0.005109787,25.40752
"2025-04-08 17:33:26.35",48765,0.028368,0.06805229,-0.003242493,25.42599
"2025-04-08 17:33:26.4",48766,0.02260208,0.06378555,0.0009059906,25.43315
"2025-04-08 17:33:26.45",48767,0.02243423,0.06070709,-0.0001678467,25.43232
"2025-04-08 17:33:26.5",48768,0.02233315,0.06071472,-0.0005397797,25.47021
"2025-04-08 17:33:26.55",48769,0.02114105,0.06635857,-0.0002784729,25.43355
"2025-04-08 17:33:26.6",48770,0.01857567,0.06310844,0.002925873,25.45998
"2025-04-08 17:33:26.65",48771,0.01546478,0.06317139,0.002748489,25.43566
"2025-04-08 17:33:26.7",48772,0.01706696,0.07268906,0.004190445,25.46066
"2025-04-08 17:33:26.75",48773,0.01475143,0.06981087,-0.0002098083,25.47158
"2025-04-08 17:33:26.8",48774,0.01532555,0.0731163,-0.002580643,25.42451
"2025-04-08 17:33:26.85",48775,0.01500702,0.07605553,-0.004920959,25.45501
"2025-04-08 17:33:26.9",48776,0.01506805,0.0790596,-0.006750107,25.45405
"2025-04-08 17:33:26.95",48777,0.01963615,0.07998848,-0.005102158,25.45429
"2025-04-08 17:33:27",48778,0.02088737,0.08314705,-0.004901886,25.46944
"2025-04-08 17:33:27.05",48779,0.02967453,0.0833931,-0.002418518,25.47031
"2025-04-08 17:33:27.1",48780,0.02436829,0.08378601,-0.006258011,25.46938
"2025-04-08 17:33:27.15",48781,0.02514458,0.08633041,-0.0109005,25.43285
"2025-04-08 17:33:27.2",48782,0.02242279,0.08592224,-0.009983063,25.43098
"2025-04-08 17:33:27.25",48783,0.02394295,0.08594513,-0.00856781,25.46817
"2025-04-08 17:33:27.3",48784,0.02470207,0.08675003,-0.01437378,25.43033
"2025-04-08 17:33:27.35",48785,0.02512741,0.08743095,-0.01267242,25.42182
"2025-04-08 17:33:27.4",48786,0.02573013,0.08715057,-0.01071548,25.45148
"2025-04-08 17:33:27.45",48787,0.02659988,0.08708954,-0.01283836,25.45338
"2025-04-08 17:33:27.5",48788,0.03262329,0.09189987,-0.01140976,25.4416
"2025-04-08 17:33:27.55",48789,0.0279541,0.08592796,-0.01027107,25.43708
"2025-04-08 17:33:27.6",48790,0.0262394,0.08908081,-0.01273346,25.43834
"2025-04-08 17:33:27.65",48791,0.03029251,0.08802414,-0.01083374,25.46084
"2025-04-08 17:33:27.7",48792,0.02451324,0.08831978,-0.0137825,25.46226
"2025-04-08 17:33:27.75",48793,0.025774,0.08623505,-0.01323128,25.47434
"2025-04-08 17:33:27.8",48794,0.02679634,0.08865356,-0.0082798,25.45847
"2025-04-08 17:33:27.85",48795,0.02716064,0.09243965,-0.006269455,25.45632
"2025-04-08 17:33:27.9",48796,0.02556801,0.08996201,-0.01401138,25.4597
"2025-04-08 17:33:27.95",48797,0.02397156,0.08900261,-0.007583618,25.46053
"2025-04-08 17:33:28",48798,0.02545166,0.08981514,-0.01107979,25.43824
"2025-04-08 17:33:28.05",48799,0.02838326,0.08905029,-0.01077843,25.46239
"2025-04-08 17:33:28.1",48800,0.02747726,0.0874939,-0.008989334,25.46461
"2025-04-08 17:33:28.15",48801,0.02758026,0.08703423,-0.00888443,25.44115
"2025-04-08 17:33:28.2",48802,0.02694702,0.0873661,-0.00658989,25.44334
"2025-04-08 17:33:28.25",48803,0.02578735,0.08754349,-0.007125854,25.44212
"2025-04-08 17:33:28.3",48804,0.03076363,0.0890007,-0.002948761,25.44285
"2025-04-08 17:33:28.35",48805,0.02971077,0.08550072,-0.004934311,25.43575
"2025-04-08 17:33:28.4",48806,0.03351021,0.08937454,-0.003881454,25.44138
"2025-04-08 17:33:28.45",48807,0.02729988,0.08341599,-0.0082798,25.46358
"2025-04-08 17:33:28.5",48808,0.03186798,0.08634949,-0.0004405975,25.44011
"2025-04-08 17:33:28.55",48809,0.02649498,0.0827961,-0.006074905,25.44086
"2025-04-08 17:33:28.6",48810,0.02947235,0.08249855,-0.007966995,25.41863
"2025-04-08 17:33:28.65",48811,0.02746582,0.08185959,-0.008375168,25.44495
"2025-04-08 17:33:28.7",48812,0.02876282,0.08336449,-0.01043701,25.45226
"2025-04-08 17:33:28.75",48813,0.02882576,0.080019,-0.007331848,25.43044
"2025-04-08 17:33:28.8",48814,0.0272541,0.08236122,-0.01020241,25.42402
"2025-04-08 17:33:28.85",48815,0.02862358,0.08389091,-0.004814148,25.40015
"2025-04-08 17:33:28.9",48816,0.03004074,0.0801487,-0.008296967,25.3631
"2025-04-08 17:33:28.95",48817,0.02981949,0.08035469,-0.008226395,25.43065
"2025-04-08 17:33:29",48818,0.03037262,0.08415985,-0.005683899,25.42242
"2025-04-08 17:33:29.05",48819,0.02831078,0.08197021,-0.009790421,25.42931
"2025-04-08 17:33:29.1",48820,0.03264999,0.08138847,-0.01056099,25.45412
"2025-04-08 17:33:29.15",48821,0.02853966,0.08122826,-0.008398056,25.40157
"2025-04-08 17:33:29.2",48822,0.02660561,0.07792091,-0.006958008,25.38058
"2025-04-08 17:33:29.25",48823,0.02998161,0.07668114,-0.00985527,25.43311
"2025-04-08 17:33:29.3",48824,0.03112602,0.08047676,-0.00268364,25.43955
"2025-04-08 17:33:29.35",48825,0.0277195,0.07840157,-0.01016808,25.43335
"2025-04-08 17:33:29.4",48826,0.02935028,0.07504272,-0.008834839,25.45227
"2025-04-08 17:33:29.45",48827,0.02975082,0.07637405,-0.006578445,25.45216
"2025-04-08 17:33:29.5",48828,0.02940369,0.07883835,-0.006088257,25.42289
"2025-04-08 17:33:29.55",48829,0.03232193,0.07599258,-0.01017952,25.46635
"2025-04-08 17:33:29.6",48830,0.03081131,0.07697678,-0.006738663,25.45142
"2025-04-08 17:33:29.65",48831,0.03004837,0.07706642,-0.005271912,25.42825
"2025-04-08 17:33:29.7",48832,0.02989197,0.07689476,-0.001333237,25.46767
"2025-04-08 17:33:29.75",48833,0.03343773,0.07551765,-0.001594543,25.43446
"2025-04-08 17:33:29.8",48834,0.02928352,0.0760498,-0.003070831,25.43401
"2025-04-08 17:33:29.85",48835,0.03099823,0.07613182,-0.006408691,25.46011
"2025-04-08 17:33:29.9",48836,0.03047371,0.07652283,0.001174927,25.44347
"2025-04-08 17:33:29.95",48837,0.02790833,0.07224655,-0.0008430481,25.38245
"2025-04-08 17:33:30",48838,0.03085136,0.07661247,-0.0008811951,25.38094
"2025-04-08 17:33:30.05",48839,0.0311985,0.07621765,-0.0007362366,25.42254
"2025-04-08 17:33:30.1",48840,0.0283165,0.07635117,-0.00501442,25.42899
"2025-04-08 17:33:30.15",48841,0.02812767,0.07443619,-0.004629135,25.41959
"2025-04-08 17:33:30.2",48842,0.02944565,0.07374763,-0.00709343,25.37436
"2025-04-08 17:33:30.25",48843,0.02712631,0.07442856,-0.009651184,25.45096
"2025-04-08 17:33:30.3",48844,0.03036118,0.07380295,-0.007387161,25.4522
"2025-04-08 17:33:30.35",48845,0.0357399,0.07206917,-0.01231384,25.4505
"2025-04-08 17:33:30.4",48846,0.0328331,0.07661438,-0.00851059,25.40932
"2025-04-08 17:33:30.45",48847,0.0308075,0.07769585,-0.006010056,25.47501
"2025-04-08 17:33:30.5",48848,0.02996826,0.07388115,-0.002376556,25.43707
"2025-04-08 17:33:30.55",48849,0.0324707,0.07199669,0.0002841949,25.42421
"2025-04-08 17:33:30.6",48850,0.031744,0.0711422,-0.002557755,25.4305
"2025-04-08 17:33:30.65",48851,0.03338814,0.07514,0.0003929138,25.45601
"2025-04-08 17:33:30.7",48852,0.03372383,0.07343102,-0.004878998,25.45864
"2025-04-08 17:33:30.75",48853,0.03066063,0.0716362,-0.006902695,25.42297
"2025-04-08 17:33:30.8",48854,0.03140068,0.07501221,-0.005941391,25.47354
"2025-04-08 17:33:30.85",48855,0.02951622,0.07202721,-0.006772995,25.46541
"2025-04-08 17:33:30.9",48856,0.02910233,0.07116699,-0.004600525,25.42005
"2025-04-08 17:33:30.95",48857,0.02960587,0.071455,-0.001216888,25.40099
"2025-04-08 17:33:31",48858,0.02894783,0.07070541,-0.005695343,25.42856
"2025-04-08 17:33:31.05",48859,0.02624512,0.07122612,-0.003210068,25.39996
"2025-04-08 17:33:31.1",48860,0.02892876,0.06835556,-0.005556107,25.40865
"2025-04-08 17:33:31.15",48861,0.02717781,0.07079887,-0.003847122,25.42284
"2025-04-08 17:33:31.2",48862,0.0287838,0.07242966,0.0001068115,25.42087
"2025-04-08 17:33:31.25",48863,0.03153992,0.07366371,-0.002323151,25.42197
"2025-04-08 17:33:31.3",48864,0.02745438,0.07342529,-0.004072189,25.40112
"2025-04-08 17:33:31.35",48865,0.02676773,0.07424164,-0.00702858,25.45184
"2025-04-08 17:33:31.4",48866,0.02628517,0.07232285,-0.006696701,25.42902
"2025-04-08 17:33:31.45",48867,0.03277397,0.07518959,0.0007648468,25.43646
"2025-04-08 17:33:31.5",48868,0.02999115,0.07391739,-0.002407074,25.46705
"2025-04-08 17:33:31.55",48869,0.03091431,0.07144165,-0.006059647,25.45183
"2025-04-08 17:33:31.6",48870,0.03199768,0.07478714,-0.005069733,25.43703
"2025-04-08 17:33:31.65",48871,0.02952957,0.07187843,-0.005764008,25.45069
"2025-04-08 17:33:31.7",48872,0.02610588,0.06861115,-0.004728317,25.37698
"2025-04-08 17:33:31.75",48873,0.02880859,0.07291794,-0.002538681,25.42007
"2025-04-08 17:33:31.8",48874,0.03224182,0.07691574,0.0002422333,25.42771
"2025-04-08 17:33:31.85",48875,0.02670288,0.07297707,-0.005046844,25.42778
"2025-04-08 17:33:31.9",48876,0.02813339,0.072649,-0.007436752,25.43003
"2025-04-08 17:33:31.95",48877,0.03103447,0.06778336,-0.00421524,25.42284
"2025-04-08 17:33:32",48878,0.02819443,0.06126595,-0.006645203,25.42561
"2025-04-08 17:33:32.05",48879,0.02948189,0.05879784,-0.005428314,25.43269
"2025-04-08 17:33:32.1",48880,0.02890205,0.0574913,-0.006917953,25.42607
"2025-04-08 17:33:32.15",48881,0.02795219,0.05994415,-0.005716324,25.42523
"2025-04-08 17:33:32.2",48882,0.02837181,0.0605011,-0.002622604,25.4247
"2025-04-08 17:33:32.25",48883,0.03080177,0.06347275,-0.005310059,25.43082
"2025-04-08 17:33:32.3",48884,0.02866936,0.06334877,-0.004594803,25.42955
"2025-04-08 17:33:32.35",48885,0.0259819,0.06409836,-0.007053375,25.45172
"2025-04-08 17:33:32.4",48886,0.02757835,0.06428909,-0.005573273,25.42077
"2025-04-08 17:33:32.45",48887,0.02342224,0.06368446,-0.007856369,25.42918
"2025-04-08 17:33:32.5",48888,0.02519035,0.06088829,-0.005846024,25.42383
"2025-04-08 17:33:32.55",48889,0.02833748,0.06733131,0.001068115,25.4277
"2025-04-08 17:33:32.6",48890,0.03074646,0.06373024,-0.0003299713,25.42957
"2025-04-08 17:33:32.65",48891,0.02817726,0.06113243,-0.006320953,25.42865
"2025-04-08 17:33:32.7",48892,0.02694702,0.06099319,-0.007381439,25.4205
"2025-04-08 17:33:32.75",48893,0.02903748,0.06393623,-7.05719E-05,25.4193
"2025-04-08 17:33:32.8",48894,0.03130341,0.06763458,-0.0009441376,25.43552
"2025-04-08 17:33:32.85",48895,0.02527237,0.0640583,-0.006233215,25.45021
"2025-04-08 17:33:32.9",48896,0.02510452,0.06166458,-0.001373291,25.42731
"2025-04-08 17:33:32.95",48897,0.03182983,0.06401062,0.003290176,25.42764
"2025-04-08 17:33:33",48898,0.02936745,0.06129646,-0.005115509,25.42822
"2025-04-08 17:33:33.05",48899,0.02903748,0.06072617,-0.007169724,25.43052
"2025-04-08 17:33:33.1",48900,0.02995872,0.06083679,-0.005098343,25.42777
"2025-04-08 17:33:33.15",48901,0.02630424,0.06079674,-0.003545761,25.42039
"2025-04-08 17:33:33.2",48902,0.02828407,0.06123161,-0.005393982,25.42758
"2025-04-08 17:33:33.25",48903,0.02980614,0.06492424,-0.003540039,25.47108
"2025-04-08 17:33:33.3",48904,0.03154564,0.06212234,-0.0008144379,25.44807
"2025-04-08 17:33:33.35",48905,0.02967453,0.06216431,-0.0003414154,25.42023
"2025-04-08 17:33:33.4",48906,0.03206444,0.05938339,-0.009260178,25.42833
"2025-04-08 17:33:33.45",48907,0.02918816,0.05964088,-0.005979538,25.42744
"2025-04-08 17:33:33.5",48908,0.03406143,0.06046867,-0.001142502,25.45061
"2025-04-08 17:33:33.55",48909,0.03402519,0.05940628,-0.001026154,25.4669
"2025-04-08 17:33:33.6",48910,0.03307533,0.05956268,-0.005527496,25.42958
"2025-04-08 17:33:33.65",48911,0.03199196,0.0590992,-0.005836487,25.46552
"2025-04-08 17:33:33.7",48912,0.033041,0.0553093,-0.002897263,25.4287
"2025-04-08 17:33:33.75",48913,0.03609467,0.05631256,-0.001562119,25.42664
"2025-04-08 17:33:33.8",48914,0.03861046,0.05620193,0.002914429,25.48551
"2025-04-08 17:33:33.85",48915,0.03574562,0.05265427,-0.001600266,25.46524
"2025-04-08 17:33:33.9",48916,0.03546906,0.05150032,-0.005903244,25.46517
"2025-04-08 17:33:33.95",48917,0.0283432,0.05177307,-0.001430511,25.42956
"2025-04-08 17:33:34",48918,0.02327347,0.05226898,-0.0004291534,25.45111
"2025-04-08 17:33:34.05",48919,0.02288628,0.05184937,-0.000377655,25.46629
"2025-04-08 17:33:34.1",48920,0.02319908,0.04919815,-0.004507065,25.42931
"2025-04-08 17:33:34.15",48921,0.024786,0.05163383,-0.000869751,25.45107
"2025-04-08 17:33:34.2",48922,0.02410698,0.05007935,0.0002574921,25.46573
"2025-04-08 17:33:34.25",48923,0.0285511,0.05002022,0.002901077,25.4293
"2025-04-08 17:33:34.3",48924,0.03128052,0.04740906,-0.002941132,25.43081
"2025-04-08 17:33:34.35",48925,0.02951813,0.04958725,0.002401352,25.46906
"2025-04-08 17:33:34.4",48926,0.03337097,0.04970741,0.004983902,25.4623
"2025-04-08 17:33:34.45",48927,0.02993011,0.04681778,-2.861023E-05,25.45798
"2025-04-08 17:33:34.5",48928,0.03001022,0.04734421,-0.0008773804,25.43813
"2025-04-08 17:33:34.55",48929,0.0343647,0.04714394,-0.004026413,25.46792
"2025-04-08 17:33:34.6",48930,0.03758812,0.04809952,-0.0006484985,25.4565
"2025-04-08 17:33:34.65",48931,0.03491211,0.04727554,0.0008335114,25.44852
"2025-04-08 17:33:34.7",48932,0.03052139,0.04388618,-0.001228333,25.46239
"2025-04-08 17:33:34.75",48933,0.03284073,0.04362488,-0.000623703,25.46227
"2025-04-08 17:33:34.8",48934,0.03343582,0.04476738,0.00135231,25.46377
"2025-04-08 17:33:34.85",48935,0.03642464,0.04084396,0.00270462,25.44852
"2025-04-08 17:33:34.9",48936,0.04200935,0.04526711,0.0006713867,25.45743
"2025-04-08 17:33:34.95",48937,0.04081535,0.04348946,-0.001787186,25.45718
"2025-04-08 17:33:35",48938,0.0350399,0.04383659,-0.005729675,25.46318
"2025-04-08 17:33:35.05",48939,0.03601265,0.04433441,-0.004577637,25.4251
"2025-04-08 17:33:35.1",48940,0.03959274,0.04375267,-0.005058289,25.46314
"2025-04-08 17:33:35.15",48941,0.04607582,0.04806328,-0.00271225,25.4697
"2025-04-08 17:33:35.2",48942,0.03841209,0.04742622,-0.005210876,25.44894
"2025-04-08 17:33:35.25",48943,0.03609657,0.04655647,-0.005174637,25.41882
"2025-04-08 17:33:35.3",48944,0.03906631,0.04672813,-0.003807068,25.45141
"2025-04-08 17:33:35.35",48945,0.0385685,0.04880524,-0.004657745,25.45072
"2025-04-08 17:33:35.4",48946,0.03720856,0.04707527,-0.006732941,25.45576
"2025-04-08 17:33:35.45",48947,0.03474045,0.04618073,-0.004623413,25.46377
"2025-04-08 17:33:35.5",48948,0.03220367,0.0483284,-0.005527496,25.44973
"2025-04-08 17:33:35.55",48949,0.03765869,0.04910469,-0.006511688,25.41724
"2025-04-08 17:33:35.6",48950,0.03271675,0.05047798,-0.009096146,25.42545
"2025-04-08 17:33:35.65",48951,0.03354836,0.05025864,-0.005952835,25.42506
"2025-04-08 17:33:35.7",48952,0.03396416,0.05142212,-0.006141663,25.42697
"2025-04-08 17:33:35.75",48953,0.03410149,0.05194092,-0.008724213,25.42563
"2025-04-08 17:33:35.8",48954,0.03595543,0.05501747,-0.008588791,25.43069
"2025-04-08 17:33:35.85",48955,0.03593254,0.04987907,-0.01148605,25.42091
"2025-04-08 17:33:35.9",48956,0.03210449,0.04648781,-0.004449844,25.46642
"2025-04-08 17:33:35.95",48957,0.03634834,0.04613686,-0.004264832,25.42898
"2025-04-08 17:33:36",48958,0.03310204,0.04639435,-0.007656097,25.42549
"2025-04-08 17:33:36.05",48959,0.03257179,0.0461216,-0.005624771,25.4473
"2025-04-08 17:33:36.1",48960,0.03833961,0.04628754,-0.003646851,25.44704
"2025-04-08 17:33:36.15",48961,0.0362587,0.04428864,-0.001356125,25.4168
"2025-04-08 17:33:36.2",48962,0.03476143,0.04431152,-0.0006256104,25.4249
"2025-04-08 17:33:36.25",48963,0.03565598,0.04611015,-0.0002670288,25.45084
"2025-04-08 17:33:36.3",48964,0.03614616,0.04298782,-0.0006484985,25.42703
"2025-04-08 17:33:36.35",48965,0.03769302,0.04298782,-0.003852844,25.42751
"2025-04-08 17:33:36.4",48966,0.03774261,0.04282951,-0.007493973,25.42939
"2025-04-08 17:33:36.45",48967,0.0369072,0.04310989,-0.002126694,25.43032
"2025-04-08 17:33:36.5",48968,0.03967476,0.04590225,-0.003299713,25.42391
"2025-04-08 17:33:36.55",48969,0.03799438,0.0436058,0.001781464,25.43452
"2025-04-08 17:33:36.6",48970,0.03667831,0.04637146,0.001592636,25.4298
"2025-04-08 17:33:36.65",48971,0.03589058,0.046278,-0.002578735,25.43172
"2025-04-08 17:33:36.7",48972,0.03378296,0.04498672,-0.004259109,25.46044
"2025-04-08 17:33:36.75",48973,0.03116417,0.04603767,-0.0007629395,25.42756
"2025-04-08 17:33:36.8",48974,0.03457069,0.0480423,-0.004110336,25.42067
"2025-04-08 17:33:36.85",48975,0.0342598,0.04852104,-0.001712799,25.37482
"2025-04-08 17:33:36.9",48976,0.03212547,0.04949379,-0.002346039,25.41648
"2025-04-08 17:33:36.95",48977,0.03550529,0.04898453,-0.005023956,25.37295
"2025-04-08 17:33:37",48978,0.03345871,0.05182266,-0.006046295,25.37465
"2025-04-08 17:33:37.05",48979,0.03246117,0.05134773,-0.006349564,25.37319
"2025-04-08 17:33:37.1",48980,0.03372955,0.05169296,-0.0006084442,25.3755
"2025-04-08 17:33:37.15",48981,0.03310394,0.05010414,-0.002735138,25.37586
"2025-04-08 17:33:37.2",48982,0.03106499,0.05335236,-0.004644394,25.37669
"2025-04-08 17:33:37.25",48983,0.0334053,0.05266762,-0.00229454,25.37449
"2025-04-08 17:33:37.3",48984,0.02874565,0.05347633,-0.002490997,25.37586
"2025-04-08 17:33:37.35",48985,0.02836609,0.05559349,-0.002573013,25.37487
"2025-04-08 17:33:37.4",48986,0.03243065,0.05499458,-0.00211525,25.35972
"2025-04-08 17:33:37.45",48987,0.03311539,0.05518913,0.0002479553,25.36703
"2025-04-08 17:33:37.5",48988,0.02959061,0.05810165,-0.00254631,25.35966
"2025-04-08 17:33:37.55",48989,0.02866745,0.06054688,-0.001066208,25.36926
"2025-04-08 17:33:37.6",48990,0.03171921,0.05709076,-0.001083374,25.36303
"2025-04-08 17:33:37.65",48991,0.03243828,0.0586319,-0.007902145,25.36488
"2025-04-08 17:33:37.7",48992,0.03102493,0.05878258,-0.007225037,25.36369
"2025-04-08 17:33:37.75",48993,0.02675247,0.05616951,-0.004673004,25.37663
"2025-04-08 17:33:37.8",48994,0.02680779,0.05831718,-0.007358551,25.3643
"2025-04-08 17:33:37.85",48995,0.02854538,0.06112289,-0.006381989,25.36276
"2025-04-08 17:33:37.9",48996,0.02899742,0.0616188,-0.0050354,25.35873
"2025-04-08 17:33:37.95",48997,0.03116035,0.06292152,-0.003440857,25.35976
"2025-04-08 17:33:38",48998,0.03052711,0.06199265,-0.005895615,25.36311
"2025-04-08 17:33:38.05",48999,0.02993584,0.06471825,-0.002182007,25.36115
"2025-04-08 17:33:38.1",49000,0.02660561,0.05999184,-0.005163193,25.36076
"2025-04-08 17:33:38.15",49001,0.02739906,0.05945778,-0.007822037,25.37683
"2025-04-08 17:33:38.2",49002,0.02609444,0.05917931,-0.01012039,25.36206
"2025-04-08 17:33:38.25",49003,0.02664566,0.05978012,-0.0100174,25.37325
"2025-04-08 17:33:38.3",49004,0.02882004,0.05679893,-0.006505966,25.3592
"2025-04-08 17:33:38.35",49005,0.02791595,0.05589485,-0.007991791,25.35932
"2025-04-08 17:33:38.4",49006,0.02952385,0.05967522,-0.002960205,25.37406
"2025-04-08 17:33:38.45",49007,0.0274334,0.05911064,-0.005596161,25.3737
"2025-04-08 17:33:38.5",49008,0.02761269,0.05890465,-0.005584717,25.3728
"2025-04-08 17:33:38.55",49009,0.02754402,0.05930519,-0.007097244,25.37648
"2025-04-08 17:33:38.6",49010,0.03206444,0.05972481,-0.0005245209,25.38238
"2025-04-08 17:33:38.65",49011,0.03469849,0.05884933,-0.006244659,25.36279
"2025-04-08 17:33:38.7",49012,0.03329849,0.05932999,-0.007202148,25.37862
"2025-04-08 17:33:38.75",49013,0.02934456,0.05984688,-0.008621216,25.36501
"2025-04-08 17:33:38.8",49014,0.03190041,0.06263924,-0.004079819,25.37802
"2025-04-08 17:33:38.85",49015,0.03011894,0.06281853,-0.006761551,25.36303
"2025-04-08 17:33:38.9",49016,0.02937698,0.06183052,-0.005632401,25.378
"2025-04-08 17:33:38.95",49017,0.02885628,0.06419754,-0.006202698,25.37656
"2025-04-08 17:33:39",49018,0.03097534,0.06427193,-0.001379013,25.36005
"2025-04-08 17:33:39.05",49019,0.03198624,0.06233978,-0.008996964,25.37531
"2025-04-08 17:33:39.1",49020,0.02797699,0.06360245,-0.007856369,25.37379
"2025-04-08 17:33:39.15",49021,0.0365696,0.06666183,-0.007143021,25.36662
"2025-04-08 17:33:39.2",49022,0.02915573,0.06474113,-0.00910759,25.35692
"2025-04-08 17:33:39.25",49023,0.03113174,0.06430626,-0.009599686,25.35631
"2025-04-08 17:33:39.3",49024,0.02845192,0.06532669,-0.002851486,25.34285
"2025-04-08 17:33:39.35",49025,0.02768135,0.06604576,-0.001028061,25.37353
"2025-04-08 17:33:39.4",49026,0.03191757,0.06390381,-0.002653122,25.35802
"2025-04-08 17:33:39.45",49027,0.02846718,0.06452751,-0.001176834,25.37523
"2025-04-08 17:33:39.5",49028,0.03178406,0.06449509,-0.003736496,25.36188
"2025-04-08 17:33:39.55",49029,0.02997589,0.06442833,0.001760483,25.36634
"2025-04-08 17:33:39.6",49030,0.03548622,0.06787491,0.003011703,25.35231
"2025-04-08 17:33:39.65",49031,0.03074074,0.06762314,-0.001966476,25.35774
"2025-04-08 17:33:39.7",49032,0.03033066,0.06459045,-0.004217148,25.35764
"2025-04-08 17:33:39.75",49033,0.02840614,0.06477547,-0.006559372,25.35735
"2025-04-08 17:33:39.8",49034,0.02557945,0.06433105,-0.004444122,25.37338
"2025-04-08 17:33:39.85",49035,0.02868462,0.06393623,-0.001935959,25.37402
"2025-04-08 17:33:39.9",49036,0.02734947,0.06431198,-0.002054214,25.34578
"2025-04-08 17:33:39.95",49037,0.03201485,0.06372833,-0.004096985,25.37582
"2025-04-08 17:33:40",49038,0.03208542,0.0652504,-0.003992081,25.36071
"2025-04-08 17:33:40.05",49039,0.02636719,0.06586266,-0.004327774,25.3746
"2025-04-08 17:33:40.1",49040,0.0316906,0.06641769,-0.004991531,25.37253
"2025-04-08 17:33:40.15",49041,0.03180695,0.06663895,0.001998901,25.35772
"2025-04-08 17:33:40.2",49042,0.03243828,0.06681061,-0.002490997,25.37411
"2025-04-08 17:33:40.25",49043,0.02964401,0.06585884,-0.0004272461,25.39658
"2025-04-08 17:33:40.3",49044,0.02764702,0.06577873,-0.001310349,25.35768
"2025-04-08 17:33:40.35",49045,0.0288353,0.06394196,-0.0008659363,25.35815
"2025-04-08 17:33:40.4",49046,0.02903748,0.06338501,-0.001970291,25.35917
"2025-04-08 17:33:40.45",49047,0.02800941,0.06352425,-0.003282547,25.35988
"2025-04-08 17:33:40.5",49048,0.02980614,0.06271744,0.003009796,25.36636
"2025-04-08 17:33:40.55",49049,0.03285789,0.06340981,-0.003753662,25.35846
"2025-04-08 17:33:40.6",49050,0.03002357,0.06345177,-0.001434326,25.35948
"2025-04-08 17:33:40.65",49051,0.03191185,0.0638485,-0.004365921,25.35857
"2025-04-08 17:33:40.7",49052,0.02913094,0.06406021,-0.0044384,25.34519
"2025-04-08 17:33:40.75",49053,0.03226089,0.06455231,-0.004747391,25.36009
"2025-04-08 17:33:40.8",49054,0.03416443,0.06342125,-0.0005970001,25.36181
"2025-04-08 17:33:40.85",49055,0.03339958,0.06445122,-0.001979828,25.36359
"2025-04-08 17:33:40.9",49056,0.03501129,0.06722641,0.001180649,25.35695
"2025-04-08 17:33:40.95",49057,0.03676033,0.06515312,-0.004829407,25.34754
"2025-04-08 17:33:41",49058,0.03369331,0.06468391,-0.002748489,25.36487
"2025-04-08 17:33:41.05",49059,0.03268242,0.06513214,-0.002166748,25.35992
"2025-04-08 17:33:41.1",49060,0.03189468,0.06490707,-0.004327774,25.34745
"2025-04-08 17:33:41.15",49061,0.03151703,0.06380844,-0.003702164,25.36038
"2025-04-08 17:33:41.2",49062,0.03413963,0.06409264,-0.002300262,25.36092
"2025-04-08 17:33:41.25",49063,0.03513145,0.06498718,-0.001840591,25.36005
"2025-04-08 17:33:41.3",49064,0.03391075,0.0639019,-0.00484848,25.358
"2025-04-08 17:33:41.35",49065,0.0309639,0.06485748,-0.00525856,25.35659
"2025-04-08 17:33:41.4",49066,0.03171349,0.0660038,-0.004898071,25.35698
"2025-04-08 17:33:41.45",49067,0.03322601,0.06425476,-0.004110336,25.35709
"2025-04-08 17:33:41.5",49068,0.03421211,0.0654068,-0.004110336,25.35887
"2025-04-08 17:33:41.55",49069,0.03507423,0.06464577,-0.0001544952,25.3418
"2025-04-08 17:33:41.6",49070,0.03504753,0.06199455,0.0001583099,25.36031
"2025-04-08 17:33:41.65",49071,0.03208542,0.06031609,-0.0004062653,25.35875
"2025-04-08 17:33:41.7",49072,0.03480721,0.06111526,-0.003047943,25.34648
"2025-04-08 17:33:41.75",49073,0.03395653,0.06117821,-0.00374794,25.37364
"2025-04-08 17:33:41.8",49074,0.0334816,0.06182098,-0.0004577637,25.37035
"2025-04-08 17:33:41.85",49075,0.03359795,0.06186295,-0.001205444,25.37121
"2025-04-08 17:33:41.9",49076,0.03777695,0.05793381,-0.001293182,25.37331
"2025-04-08 17:33:41.95",49077,0.03656387,0.05856514,-0.00129509,25.35983
"2025-04-08 17:33:42",49078,0.0383091,0.0555706,-0.001672745,25.36042
"2025-04-08 17:33:42.05",49079,0.03622818,0.05524635,-0.002544403,25.39542
"2025-04-08 17:33:42.1",49080,0.0350399,0.05548096,-0.002170563,25.39462
"2025-04-08 17:33:42.15",49081,0.03330231,0.05655479,-0.002679825,25.37071
"2025-04-08 17:33:42.2",49082,0.0374527,0.0568924,-0.002670288,25.42437
"2025-04-08 17:33:42.25",49083,0.03662682,0.0555706,0.0002479553,25.41757
"2025-04-08 17:33:42.3",49084,0.03463745,0.05595589,0.001146317,25.41639
"2025-04-08 17:33:42.35",49085,0.03374863,0.05613899,0.0006046295,25.44775
"2025-04-08 17:33:42.4",49086,0.03095055,0.05440712,0.001186371,25.41942
"2025-04-08 17:33:42.45",49087,0.03264618,0.05326462,0.0006637573,25.41726
"2025-04-08 17:33:42.5",49088,0.0353756,0.05377579,0.0006313324,25.39386
"2025-04-08 17:33:42.55",49089,0.03550911,0.05118561,0.001268387,25.4236
"2025-04-08 17:33:42.6",49090,0.03353882,0.05124855,0.000421524,25.42468
"2025-04-08 17:33:42.65",49091,0.0344944,0.05069351,0.0009670258,25.3718
"2025-04-08 17:33:42.7",49092,0.03331566,0.05052757,0.00160408,25.37235
"2025-04-08 17:33:42.75",49093,0.03117561,0.05054283,-0.001596451,25.37184
"2025-04-08 17:33:42.8",49094,0.02953529,0.04950523,0.001024246,25.36002
"2025-04-08 17:33:42.85",49095,0.03077888,0.05183411,-0.001874924,25.37337
"2025-04-08 17:33:42.9",49096,0.03070068,0.04998016,-0.00202179,25.37354
"2025-04-08 17:33:42.95",49097,0.04134178,0.05663109,0.000535965,25.38001
"2025-04-08 17:33:43",49098,0.03620338,0.05334663,-0.002624512,25.37651
"2025-04-08 17:33:43.05",49099,0.03863716,0.05356598,-0.001802444,25.37642
"2025-04-08 17:33:43.1",49100,0.03685951,0.05289078,-0.002227783,25.39841
"2025-04-08 17:33:43.15",49101,0.03329659,0.05620003,-0.004629135,25.36221
"2025-04-08 17:33:43.2",49102,0.03097916,0.05565834,-0.004238129,25.3622
"2025-04-08 17:33:43.25",49103,0.03515816,0.05558777,-0.004629135,25.37866
"2025-04-08 17:33:43.3",49104,0.03256035,0.05544281,-0.004945755,25.3756
"2025-04-08 17:33:43.35",49105,0.03415298,0.05624199,-0.0044384,25.35257
"2025-04-08 17:33:43.4",49106,0.03171349,0.05617332,-0.004348755,25.34216
"2025-04-08 17:33:43.45",49107,0.03119278,0.05855179,-0.004718781,25.3425
"2025-04-08 17:33:43.5",49108,0.03210831,0.05641937,-0.004739761,25.35725
"2025-04-08 17:33:43.55",49109,0.03134727,0.05615044,-0.004398346,25.35688
"2025-04-08 17:33:43.6",49110,0.03276825,0.05564117,-0.00437355,25.35688
"2025-04-08 17:33:43.65",49111,0.02960014,0.05558777,-0.003913879,25.34371
"2025-04-08 17:33:43.7",49112,0.03596687,0.05873299,-0.0008583069,25.36611
"2025-04-08 17:33:43.75",49113,0.03386879,0.05510712,-0.003227234,25.34188
"2025-04-08 17:33:43.8",49114,0.03236389,0.05511856,-0.003383636,25.34356
"2025-04-08 17:33:43.85",49115,0.0314064,0.05509377,-0.00639534,25.34286
"2025-04-08 17:33:43.9",49116,0.03716278,0.05550766,-0.003351212,25.34161
"2025-04-08 17:33:43.95",49117,0.03219223,0.05582619,-0.003068924,25.35652
"2025-04-08 17:33:44",49118,0.03274918,0.05339813,-0.006069183,25.3577
"2025-04-08 17:33:44.05",49119,0.03412628,0.05281639,-0.003820419,25.34417
"2025-04-08 17:33:44.1",49120,0.03299141,0.05338097,-0.003568649,25.36191
"2025-04-08 17:33:44.15",49121,0.03206253,0.05492401,-0.007314682,25.35902
"2025-04-08 17:33:44.2",49122,0.03240013,0.05543137,-0.007923126,25.35905
"2025-04-08 17:33:44.25",49123,0.03221321,0.05518913,-0.007884979,25.34287
"2025-04-08 17:33:44.3",49124,0.03206825,0.05550194,-0.007213593,25.34301
"2025-04-08 17:33:44.35",49125,0.0326004,0.05307961,-0.007030487,25.34196
"2025-04-08 17:33:44.4",49126,0.03186798,0.05395126,-0.007844925,25.34161
"2025-04-08 17:33:44.45",49127,0.03032303,0.05500603,-0.006895065,25.35742
"2025-04-08 17:33:44.5",49128,0.030159,0.0547657,-0.007341385,25.34389
"2025-04-08 17:33:44.55",49129,0.03277969,0.05535698,-0.007099152,25.34429
"2025-04-08 17:33:44.6",49130,0.03611374,0.0538559,-0.007562637,25.35958
"2025-04-08 17:33:44.65",49131,0.03240013,0.05441284,-0.007389069,25.3448
"2025-04-08 17:33:44.7",49132,0.03574562,0.05608368,-0.005283356,25.35038
"2025-04-08 17:33:44.75",49133,0.03282928,0.0532074,-0.0076828,25.34162
"2025-04-08 17:33:44.8",49134,0.03223228,0.05326843,-0.007230759,25.32135
"2025-04-08 17:33:44.85",49135,0.03452492,0.0535984,-0.007190704,25.34202
"2025-04-08 17:33:44.9",49136,0.03188515,0.05225372,-0.006883621,25.34191
"2025-04-08 17:33:44.95",49137,0.03463936,0.05210114,-0.006612778,25.34409
"2025-04-08 17:33:45",49138,0.03418732,0.0519352,-0.006555557,25.34382
"2025-04-08 17:33:45.05",49139,0.03178596,0.05125999,-0.006685257,25.34578
"2025-04-08 17:33:45.1",49140,0.03490067,0.05200577,-0.01025963,25.3599
"2025-04-08 17:33:45.15",49141,0.03453636,0.04973221,-0.01039314,25.35716
"2025-04-08 17:33:45.2",49142,0.03704453,0.04927444,-0.007177353,25.36037
"2025-04-08 17:33:45.25",49143,0.03512001,0.05184937,-0.007459641,25.35979
"2025-04-08 17:33:45.3",49144,0.03748703,0.0533371,-0.007453918,25.36292
"2025-04-08 17:33:45.35",49145,0.03648186,0.04986382,-0.007226944,25.34801
"2025-04-08 17:33:45.4",49146,0.03477859,0.05248833,-0.008838654,25.34782
"2025-04-08 17:33:45.45",49147,0.03481102,0.05088997,-0.009040833,25.32718
"2025-04-08 17:33:45.5",49148,0.03421211,0.05218124,-0.006599426,25.36282
"2025-04-08 17:33:45.55",49149,0.03412437,0.05010223,-0.01013947,25.36005
"2025-04-08 17:33:45.6",49150,0.03538132,0.0527668,-0.01033592,25.34636
"2025-04-08 17:33:45.65",49151,0.03812981,0.0521698,-0.01041603,25.35824
"2025-04-08 17:33:45.7",49152,0.03492355,0.05343628,-0.009532928,25.35614
"2025-04-08 17:33:45.75",49153,0.03153419,0.05035019,-0.009693146,25.35771
"2025-04-08 17:33:45.8",49154,0.03131104,0.05294418,-0.006174088,25.35762
"2025-04-08 17:33:45.85",49155,0.03456497,0.04951477,-0.009584427,25.3568
"2025-04-08 17:33:45.9",49156,0.03372955,0.049963,-0.00866127,25.34277
"2025-04-08 17:33:45.95",49157,0.03566551,0.05313683,-0.005590439,25.35096
"2025-04-08 17:33:46",49158,0.03824425,0.05111504,-0.006258011,25.3662
"2025-04-08 17:33:46.05",49159,0.0323143,0.04963875,-0.008182526,25.34651
"2025-04-08 17:33:46.1",49160,0.03489494,0.04973221,-0.009080887,25.33925
"2025-04-08 17:33:46.15",49161,0.03252029,0.05054474,-0.008756638,25.34357
"2025-04-08 17:33:46.2",49162,0.03275681,0.05033875,-0.008638382,25.33976
"2025-04-08 17:33:46.25",49163,0.03467178,0.05290031,-0.009332657,25.35778
"2025-04-08 17:33:46.3",49164,0.03480721,0.04959488,-0.00878334,25.35641
"2025-04-08 17:33:46.35",49165,0.03379059,0.04886818,-0.007381439,25.34992
"2025-04-08 17:33:46.4",49166,0.03163338,0.04999161,-0.01007462,25.37355
"2025-04-08 17:33:46.45",49167,0.03197479,0.04932022,-0.01021385,25.3597
"2025-04-08 17:33:46.5",49168,0.03202629,0.04969978,-0.01024246,25.3586
"2025-04-08 17:33:46.55",49169,0.03215408,0.04962921,-0.01044846,25.35821
"2025-04-08 17:33:46.6",49170,0.03448868,0.05119324,-0.01087761,25.37183
"2025-04-08 17:33:46.65",49171,0.03461647,0.05130768,-0.01083946,25.34309
"2025-04-08 17:33:46.7",49172,0.03162766,0.05238533,-0.01050377,25.37291
"2025-04-08 17:33:46.75",49173,0.03359222,0.05244255,-0.007472992,25.35941
"2025-04-08 17:33:46.8",49174,0.03118134,0.05222893,-0.006729126,25.35912
"2025-04-08 17:33:46.85",49175,0.03359222,0.0507164,-0.007572174,25.3738
"2025-04-08 17:33:46.9",49176,0.03765297,0.05451965,-0.005233765,25.38148
"2025-04-08 17:33:46.95",49177,0.03267097,0.04998398,-0.007539749,25.34403
"2025-04-08 17:33:47",49178,0.03868866,0.05360985,-0.002519608,25.37676
"2025-04-08 17:33:47.05",49179,0.0326786,0.05034828,-0.007984161,25.35813
"2025-04-08 17:33:47.1",49180,0.0351696,0.0475235,-0.004293442,25.35713
"2025-04-08 17:33:47.15",49181,0.03098679,0.04684639,-0.00702858,25.35805
"2025-04-08 17:33:47.2",49182,0.03098488,0.0470829,-0.004472733,25.37314
"2025-04-08 17:33:47.25",49183,0.03153419,0.04358101,-0.005126953,25.37383
"2025-04-08 17:33:47.3",49184,0.02964401,0.0441494,-0.004602432,25.37368
"2025-04-08 17:33:47.35",49185,0.03328514,0.04364014,-0.005411148,25.35923
"2025-04-08 17:33:47.4",49186,0.03778648,0.04511452,-0.002573013,25.37293
"2025-04-08 17:33:47.45",49187,0.034338,0.0440712,-0.003004074,25.37525
"2025-04-08 17:33:47.5",49188,0.03201866,0.04450798,-0.001958847,25.39658
"2025-04-08 17:33:47.55",49189,0.03091431,0.04493713,-0.002416611,25.37993
"2025-04-08 17:33:47.6",49190,0.03285217,0.04865646,0.0005130768,25.40557
"2025-04-08 17:33:47.65",49191,0.03013039,0.04469109,-0.001617432,25.37495
"2025-04-08 17:33:47.7",49192,0.02882576,0.04411125,-0.002187729,25.37559
"2025-04-08 17:33:47.75",49193,0.02941132,0.04080391,-0.00211525,25.4198
"2025-04-08 17:33:47.8",49194,0.02895927,0.04106712,-0.002393723,25.39695
"2025-04-08 17:33:47.85",49195,0.03142738,0.04125023,-0.002363205,25.41805
"2025-04-08 17:33:47.9",49196,0.03219795,0.04793167,-0.000875473,25.42168
"2025-04-08 17:33:47.95",49197,0.02932167,0.04463959,-0.002477646,25.42222
"2025-04-08 17:33:48",49198,0.02871323,0.04503059,-0.002416611,25.41434
"2025-04-08 17:33:48.05",49199,0.03256607,0.04217148,-0.00213623,25.44449
"2025-04-08 17:33:48.1",49200,0.03386879,0.04185867,-0.00201416,25.42158
"2025-04-08 17:33:48.15",49201,0.03095627,0.04130745,0.003787994,25.42195
"2025-04-08 17:33:48.2",49202,0.03149223,0.04133987,0.003238678,25.41541
"2025-04-08 17:33:48.25",49203,0.031147,0.0438652,0.004379272,25.42317
"2025-04-08 17:33:48.3",49204,0.03130913,0.04390335,0.004205704,25.39521
"2025-04-08 17:33:48.35",49205,0.03515816,0.04381371,0.003915787,25.45986
"2025-04-08 17:33:48.4",49206,0.03542137,0.048666,0.003875732,25.42151
"2025-04-08 17:33:48.45",49207,0.03243828,0.04673004,0.003568649,25.45968
"2025-04-08 17:33:48.5",49208,0.0316658,0.04725266,0.003458023,25.3934
"2025-04-08 17:33:48.55",49209,0.03197289,0.0448246,0.003396988,25.42332
"2025-04-08 17:33:48.6",49210,0.03476143,0.04938889,0.002853394,25.45927
"2025-04-08 17:33:48.65",49211,0.03141594,0.04695129,0.002340317,25.46097
"2025-04-08 17:33:48.7",49212,0.03082466,0.04686165,0.005357742,25.42573
"2025-04-08 17:33:48.75",49213,0.03128624,0.04703522,0.005435944,25.46193
"2025-04-08 17:33:48.8",49214,0.03147316,0.04675865,0.002563477,25.47763
"2025-04-08 17:33:48.85",49215,0.03100967,0.04708862,0.004793167,25.47528
"2025-04-08 17:33:48.9",49216,0.03417587,0.04849815,0.004804611,25.46135
"2025-04-08 17:33:48.95",49217,0.034729,0.05245972,0.0020504,25.45976
"2025-04-08 17:33:49",49218,0.03448677,0.05195236,0.004188538,25.46194
"2025-04-08 17:33:49.05",49219,0.03471565,0.05174637,0.005207062,25.47396
"2025-04-08 17:33:49.1",49220,0.03342628,0.05262756,0.005613327,25.42451
"2025-04-08 17:33:49.15",49221,0.03372765,0.05328751,0.006198883,25.46117
"2025-04-08 17:33:49.2",49222,0.03288841,0.05000305,0.005970001,25.47589
"2025-04-08 17:33:49.25",49223,0.03397942,0.04929352,0.005825043,25.47667
"2025-04-08 17:33:49.3",49224,0.03329277,0.0490303,0.005512238,25.47544
"2025-04-08 17:33:49.35",49225,0.0342865,0.05200577,0.002569199,25.47433
"2025-04-08 17:33:49.4",49226,0.03430939,0.05200768,0.005277634,25.46071
"2025-04-08 17:33:49.45",49227,0.03602791,0.05165482,0.005344391,25.41515
"2025-04-08 17:33:49.5",49228,0.03483391,0.05158424,0.005502701,25.39197
"2025-04-08 17:33:49.55",49229,0.03604126,0.05260468,0.005653381,25.4231
"2025-04-08 17:33:49.6",49230,0.03535461,0.05235291,0.006389618,25.42294
"2025-04-08 17:33:49.65",49231,0.03581047,0.05153656,0.006149292,25.39828
"2025-04-08 17:33:49.7",49232,0.03599358,0.05130768,0.003229141,25.42764
"2025-04-08 17:33:49.75",49233,0.03861046,0.05338669,0.005405426,25.40237
"2025-04-08 17:33:49.8",49234,0.03529549,0.05138206,0.003458023,25.41897
"2025-04-08 17:33:49.85",49235,0.03514481,0.05187416,0.003005981,25.39781
"2025-04-08 17:33:49.9",49236,0.03528595,0.05164337,0.002334595,25.41897
"2025-04-08 17:33:49.95",49237,0.03399086,0.05223465,8.010864E-05,25.37396
"2025-04-08 17:33:50",49238,0.03162766,0.05194092,0.0003852844,25.41642
"2025-04-08 17:33:50.05",49239,0.03412056,0.05281258,0.0005474091,25.37095
"2025-04-08 17:33:50.1",49240,0.0333271,0.0527401,0.0001029968,25.37241
"2025-04-08 17:33:50.15",49241,0.03732491,0.05642891,0.003370285,25.39368
"2025-04-08 17:33:50.2",49242,0.03648186,0.05318451,-0.0007534027,25.37201
"2025-04-08 17:33:50.25",49243,0.03338623,0.04890251,0.0005264282,25.357
"2025-04-08 17:33:50.3",49244,0.03286362,0.0486412,0.001289368,25.38023
"2025-04-08 17:33:50.35",49245,0.03326988,0.04774475,-0.002323151,25.37076
"2025-04-08 17:33:50.4",49246,0.03665543,0.04909897,-0.001304626,25.35553
"2025-04-08 17:33:50.45",49247,0.03362083,0.04595757,-0.001338959,25.37141
"2025-04-08 17:33:50.5",49248,0.03394508,0.04669571,-0.001461029,25.37087
"2025-04-08 17:33:50.55",49249,0.03673935,0.04666138,-0.001924515,25.35517
"2025-04-08 17:33:50.6",49250,0.03378296,0.04690933,-0.002069473,25.35615
"2025-04-08 17:33:50.65",49251,0.0342083,0.04732704,-0.001768112,25.35541
"2025-04-08 17:33:50.7",49252,0.03689003,0.04670143,-0.001758575,25.41367
"2025-04-08 17:33:50.75",49253,0.03421783,0.04718781,-0.001976013,25.36941
"2025-04-08 17:33:50.8",49254,0.03399658,0.04684639,-0.004003525,25.37119
"2025-04-08 17:33:50.85",49255,0.03364944,0.04369164,-0.002063751,25.37115
"2025-04-08 17:33:50.9",49256,0.031744,0.04357338,-0.005578995,25.35746
"2025-04-08 17:33:50.95",49257,0.03634644,0.04736137,-0.005666733,25.36247
"2025-04-08 17:33:51",49258,0.03429222,0.04669762,-0.004930496,25.3448
"2025-04-08 17:33:51.05",49259,0.03153229,0.04810715,-0.00526619,25.37307
"2025-04-08 17:33:51.1",49260,0.03803825,0.05357552,-0.00286293,25.36437
"2025-04-08 17:33:51.15",49261,0.03796196,0.05358315,-0.002737045,25.36338
"2025-04-08 17:33:51.2",49262,0.03406334,0.05032539,-0.005222321,25.41427
"2025-04-08 17:33:51.25",49263,0.03204536,0.05168343,-0.005228043,25.35699
"2025-04-08 17:33:51.3",49264,0.03170013,0.0513134,-0.00510788,25.34241
"2025-04-08 17:33:51.35",49265,0.03121948,0.05155373,-0.002204895,25.37946
"2025-04-08 17:33:51.4",49266,0.03095055,0.05166626,-0.007375717,25.3435
"2025-04-08 17:33:51.45",49267,0.03163338,0.05087852,-0.005243301,25.34296
"2025-04-08 17:33:51.5",49268,0.02928162,0.05116463,-0.005197525,25.34254
"2025-04-08 17:33:51.55",49269,0.02853012,0.04798508,-0.005840302,25.34343
"2025-04-08 17:33:51.6",49270,0.03214645,0.05124283,-0.005249023,25.35768
"2025-04-08 17:33:51.65",49271,0.0363903,0.05561066,-0.003047943,25.36428
"2025-04-08 17:33:51.7",49272,0.03328133,0.05243301,-0.005868912,25.35553
"2025-04-08 17:33:51.75",49273,0.03092575,0.05009079,-0.005590439,25.35594
"2025-04-08 17:33:51.8",49274,0.03709602,0.05690002,-0.002103806,25.36396
"2025-04-08 17:33:51.85",49275,0.03547478,0.05418968,-0.004310608,25.34345
"2025-04-08 17:33:51.9",49276,0.03344727,0.05385971,-0.005081177,25.35994
"2025-04-08 17:33:51.95",49277,0.03341103,0.05110168,-0.004901886,25.34827
"2025-04-08 17:33:52",49278,0.03308105,0.05253029,-0.005325317,25.3467
"2025-04-08 17:33:52.05",49279,0.03289986,0.05160332,-0.004785538,25.36176
"2025-04-08 17:33:52.1",49280,0.03286743,0.05086899,-0.00535965,25.34531
"2025-04-08 17:33:52.15",49281,0.03634262,0.0538559,-0.00437355,25.38026
"2025-04-08 17:33:52.2",49282,0.03517914,0.05193901,-0.005695343,25.3567
"2025-04-08 17:33:52.25",49283,0.03505135,0.05185699,-0.004934311,25.35757
"2025-04-08 17:33:52.3",49284,0.03514481,0.05192184,-0.005109787,25.35672
"2025-04-08 17:33:52.35",49285,0.03492355,0.05003166,-0.007745743,25.34273
"2025-04-08 17:33:52.4",49286,0.03493309,0.05190277,-0.004627228,25.35922
"2025-04-08 17:33:52.45",49287,0.03465462,0.05146408,-0.005651474,25.35832
"2025-04-08 17:33:52.5",49288,0.03457832,0.04937744,-0.00736618,25.34323
"2025-04-08 17:33:52.55",49289,0.04001617,0.05534554,-0.002485275,25.37887
"2025-04-08 17:33:52.6",49290,0.03259468,0.05215263,-0.004308701,25.35604
"2025-04-08 17:33:52.65",49291,0.03257751,0.05302811,-0.001243591,25.349
"2025-04-08 17:33:52.7",49292,0.03287888,0.05207253,-0.003778458,25.41362
"2025-04-08 17:33:52.75",49293,0.03295708,0.05535126,-0.003225327,25.35524
"2025-04-08 17:33:52.8",49294,0.03193474,0.05177879,-0.003801346,25.35532
"2025-04-08 17:33:52.85",49295,0.03495789,0.04858971,-0.003633499,25.42431
"2025-04-08 17:33:52.9",49296,0.03180122,0.04542732,-0.004394531,25.37201
"2025-04-08 17:33:52.95",49297,0.03230476,0.03935623,-0.004867554,25.36163
"2025-04-08 17:33:53",49298,0.03193474,0.03617477,-0.004898071,25.37146
"2025-04-08 17:33:53.05",49299,0.03215408,0.03744888,-0.005573273,25.39411
"2025-04-08 17:33:53.1",49300,0.03302956,0.03662109,-0.005432129,25.39428
"2025-04-08 17:33:53.15",49301,0.03311348,0.0381012,-0.005516052,25.39306
"2025-04-08 17:33:53.2",49302,0.03316879,0.03868103,-0.006158829,25.42117
"2025-04-08 17:33:53.25",49303,0.03288841,0.04070473,-0.005498886,25.41518
"2025-04-08 17:33:53.3",49304,0.03652763,0.0457592,-0.002323151,25.37775
"2025-04-08 17:33:53.35",49305,0.03591156,0.04376984,-0.005729675,25.36807
"2025-04-08 17:33:53.4",49306,0.0330143,0.04473114,-0.005897522,25.36967
"2025-04-08 17:33:53.45",49307,0.03613091,0.04512787,-0.003248215,25.39673
"2025-04-08 17:33:53.5",49308,0.03564262,0.04750633,-0.005319595,25.39396
"2025-04-08 17:33:53.55",49309,0.03708839,0.04491425,-0.003650665,25.39538
"2025-04-08 17:33:53.6",49310,0.03987694,0.05191612,-0.003074646,25.43058
"2025-04-08 17:33:53.65",49311,0.03735161,0.04981232,-0.004722595,25.37121
"2025-04-08 17:33:53.7",49312,0.03790474,0.04938698,-0.005718231,25.3933
"2025-04-08 17:33:53.75",49313,0.03875923,0.04977989,-0.005695343,25.37052
"2025-04-08 17:33:53.8",49314,0.03952408,0.04921532,-0.005382538,25.39368
"2025-04-08 17:33:53.85",49315,0.04035759,0.0494442,-0.004991531,25.39175
"2025-04-08 17:33:53.9",49316,0.03957367,0.04924393,-0.004999161,25.39291
"2025-04-08 17:33:53.95",49317,0.03995323,0.05142784,-0.004795074,25.39326
"2025-04-08 17:33:54",49318,0.0383625,0.05115891,-0.005002975,25.39383
"2025-04-08 17:33:54.05",49319,0.03881645,0.05109787,-0.005331039,25.396
"2025-04-08 17:33:54.1",49320,0.03860283,0.05076218,-0.007839203,25.3604
"2025-04-08 17:33:54.15",49321,0.03783226,0.05075455,-0.007852554,25.39775
"2025-04-08 17:33:54.2",49322,0.03926277,0.0542202,-0.008522034,25.37463
"2025-04-08 17:33:54.25",49323,0.03830719,0.05448151,-0.00750351,25.3969
"2025-04-08 17:33:54.3",49324,0.03862572,0.05386734,-0.007358551,25.35759
"2025-04-08 17:33:54.35",49325,0.03764915,0.05721092,-0.00746727,25.34399
"2025-04-08 17:33:54.4",49326,0.03718376,0.05472755,-0.007509232,25.36241
"2025-04-08 17:33:54.45",49327,0.03678894,0.05533981,-0.01012039,25.37175
"2025-04-08 17:33:54.5",49328,0.03608322,0.05706596,-0.01031494,25.34356
"2025-04-08 17:33:54.55",49329,0.03585434,0.05643654,-0.009838104,25.3421
"2025-04-08 17:33:54.6",49330,0.035326,0.05748177,-0.01045418,25.35828
"2025-04-08 17:33:54.65",49331,0.0356102,0.05651474,-0.01039314,25.34216
"2025-04-08 17:33:54.7",49332,0.0363903,0.05725098,-0.01068115,25.34293
"2025-04-08 17:33:54.75",49333,0.03615189,0.06031036,-0.007873535,25.36581
"2025-04-08 17:33:54.8",49334,0.04058075,0.06086922,-0.007549286,25.3628
"2025-04-08 17:33:54.85",49335,0.03631401,0.05728531,-0.01044083,25.35401
"2025-04-08 17:33:54.9",49336,0.03641891,0.05667114,-0.009332657,25.33952
"2025-04-08 17:33:54.95",49337,0.03636551,0.05792618,-0.009681702,25.3402
"2025-04-08 17:33:55",49338,0.0363636,0.05738449,-0.01122475,25.35493
"2025-04-08 17:33:55.05",49339,0.0353241,0.05750656,-0.01151085,25.35675
"2025-04-08 17:33:55.1",49340,0.035923,0.05620193,-0.009754181,25.35518
"2025-04-08 17:33:55.15",49341,0.03554726,0.05655479,-0.01210594,25.34272
"2025-04-08 17:33:55.2",49342,0.03705025,0.05750847,-0.01301765,25.37139
"2025-04-08 17:33:55.25",49343,0.03743172,0.05421448,-0.01298332,25.34061
"2025-04-08 17:33:55.3",49344,0.03778267,0.05783081,-0.01057243,25.35654
"2025-04-08 17:33:55.35",49345,0.03727531,0.0552578,-0.01361465,25.3555
"2025-04-08 17:33:55.4",49346,0.03683853,0.05524635,-0.01418877,25.35548
"2025-04-08 17:33:55.45",49347,0.03744888,0.05582619,-0.01326752,25.34223
"2025-04-08 17:33:55.5",49348,0.03643227,0.0568676,-0.01358032,25.35543
"2025-04-08 17:33:55.55",49349,0.03634262,0.05746269,-0.01306725,25.35638
"2025-04-08 17:33:55.6",49350,0.03620911,0.05721664,-0.01337624,25.37214
"2025-04-08 17:33:55.65",49351,0.03371048,0.05641747,-0.01373863,25.35693
"2025-04-08 17:33:55.7",49352,0.03642082,0.05598259,-0.0137043,25.35768
"2025-04-08 17:33:55.75",49353,0.03314018,0.05514145,-0.01402664,25.34311
"2025-04-08 17:33:55.8",49354,0.03659821,0.05571556,-0.01358604,25.35672
"2025-04-08 17:33:55.85",49355,0.03371811,0.05287743,-0.01388168,25.37135
"2025-04-08 17:33:55.9",49356,0.03707886,0.05221367,-0.01438522,25.35551
"2025-04-08 17:33:55.95",49357,0.03674507,0.05224609,-0.01406097,25.35491
"2025-04-08 17:33:56",49358,0.03617859,0.0520668,-0.0136776,25.35525
"2025-04-08 17:33:56.05",49359,0.03320694,0.05181122,-0.01368141,25.37198
"2025-04-08 17:33:56.1",49360,0.03610039,0.05195045,-0.01280022,25.34199
"2025-04-08 17:33:56.15",49361,0.03637695,0.05113411,-0.01329803,25.34212
"2025-04-08 17:33:56.2",49362,0.03791237,0.0512867,-0.01058769,25.34299
"2025-04-08 17:33:56.25",49363,0.03819656,0.05049896,-0.01385117,25.35567
"2025-04-08 17:33:56.3",49364,0.03923416,0.05367661,-0.01400757,25.35768
"2025-04-08 17:33:56.35",49365,0.03907204,0.05096436,-0.0137043,25.37607
"2025-04-08 17:33:56.4",49366,0.03821373,0.05133629,-0.01359177,25.37551
"2025-04-08 17:33:56.45",49367,0.03797722,0.05125237,-0.01284981,25.35983
"2025-04-08 17:33:56.5",49368,0.03707504,0.05388451,-0.01332855,25.35937
"2025-04-08 17:33:56.55",49369,0.03648186,0.05097771,-0.01306343,25.35746
"2025-04-08 17:33:56.6",49370,0.03659439,0.0513649,-0.0128727,25.34409
"2025-04-08 17:33:56.65",49371,0.03908348,0.05362511,-0.01402283,25.34401
"2025-04-08 17:33:56.7",49372,0.03652573,0.05367661,-0.01350975,25.37183
"2025-04-08 17:33:56.75",49373,0.03706169,0.05435371,-0.01298904,25.35746
"2025-04-08 17:33:56.8",49374,0.03611755,0.05416298,-0.0132637,25.35532
"2025-04-08 17:33:56.85",49375,0.03633118,0.05445862,-0.01348495,25.35575
"2025-04-08 17:33:56.9",49376,0.03890419,0.05199432,-0.01293755,25.3568
"2025-04-08 17:33:56.95",49377,0.03567123,0.0521183,-0.01268196,25.35693
"2025-04-08 17:33:57",49378,0.03531265,0.05453873,-0.01245308,25.36961
"2025-04-08 17:33:57.05",49379,0.03583908,0.05480003,-0.01198959,25.37106
"2025-04-08 17:33:57.1",49380,0.03878212,0.05480576,-0.01196861,25.35636
"2025-04-08 17:33:57.15",49381,0.03938675,0.05448532,-0.01224709,25.3713
"2025-04-08 17:33:57.2",49382,0.04343987,0.05748177,-0.01003075,25.3651
"2025-04-08 17:33:57.25",49383,0.03649139,0.05496025,-0.01181221,25.37076
"2025-04-08 17:33:57.3",49384,0.03923988,0.05437088,-0.01267624,25.35483
"2025-04-08 17:33:57.35",49385,0.03868103,0.05421829,-0.01220131,25.35513
"2025-04-08 17:33:57.4",49386,0.03614998,0.05480003,-0.01250458,25.35423
"2025-04-08 17:33:57.45",49387,0.03857613,0.05462646,-0.01317406,25.35666
"2025-04-08 17:33:57.5",49388,0.03876114,0.05414772,-0.01334763,25.35601
"2025-04-08 17:33:57.55",49389,0.0387764,0.05478287,-0.01362038,25.34178
"2025-04-08 17:33:57.6",49390,0.03668404,0.05467606,-0.01294899,25.35678
"2025-04-08 17:33:57.65",49391,0.03654099,0.05444908,-0.01396751,25.35493
"2025-04-08 17:33:57.7",49392,0.03924561,0.05619049,-0.0139904,25.35515
"2025-04-08 17:33:57.75",49393,0.03651047,0.05804253,-0.01127052,25.36257
"2025-04-08 17:33:57.8",49394,0.04262924,0.05972481,-0.0114212,25.39729
"2025-04-08 17:33:57.85",49395,0.0395031,0.06043053,-0.008014679,25.3623
"2025-04-08 17:33:57.9",49396,0.03899574,0.05755424,-0.01354599,25.39301
"2025-04-08 17:33:57.95",49397,0.03873634,0.05393219,-0.01073837,25.39384
"2025-04-08 17:33:58",49398,0.03659248,0.05529213,-0.01117516,25.35567
"2025-04-08 17:33:58.05",49399,0.03819084,0.05195045,-0.01117897,25.41616
"2025-04-08 17:33:58.1",49400,0.03988266,0.05189133,-0.01152229,25.39342
"2025-04-08 17:33:58.15",49401,0.03926277,0.05440712,-0.01188278,25.37189
"2025-04-08 17:33:58.2",49402,0.0397377,0.05408859,-0.008304596,25.37043
"2025-04-08 17:33:58.25",49403,0.0397377,0.05206299,-0.007621765,25.34089
"2025-04-08 17:33:58.3",49404,0.0393734,0.05496025,-0.007526398,25.35595
"2025-04-08 17:33:58.35",49405,0.03658676,0.05186272,-0.007549286,25.36894
"2025-04-08 17:33:58.4",49406,0.04069901,0.05696106,-0.005779266,25.35542
"2025-04-08 17:33:58.45",49407,0.03740311,0.05146027,-0.008012772,25.3566
"2025-04-08 17:33:58.5",49408,0.04073524,0.05084991,-0.007635117,25.37427
"2025-04-08 17:33:58.55",49409,0.04064178,0.05076599,-0.008213043,25.37254
"2025-04-08 17:33:58.6",49410,0.04419899,0.05451965,-0.005216599,25.40797
"2025-04-08 17:33:58.65",49411,0.04206657,0.05365944,-0.008544922,25.35894
"2025-04-08 17:33:58.7",49412,0.0408268,0.05113983,-0.006322861,25.38071
"2025-04-08 17:33:58.75",49413,0.04075813,0.05117416,-0.008237839,25.37386
"2025-04-08 17:33:58.8",49414,0.03733635,0.0520134,-0.008050919,25.3959
"2025-04-08 17:33:58.85",49415,0.0412159,0.05085564,-0.007509232,25.37115
"2025-04-08 17:33:58.9",49416,0.03832436,0.05100632,-0.004802704,25.42679
"2025-04-08 17:33:58.95",49417,0.0419445,0.05478668,-0.007762909,25.37148
"2025-04-08 17:33:59",49418,0.03871346,0.05498314,-0.005788803,25.39439
"2025-04-08 17:33:59.05",49419,0.03848648,0.05124664,-0.005304337,25.39478
"2025-04-08 17:33:59.1",49420,0.03796196,0.05174637,-0.004999161,25.37148
"2025-04-08 17:33:59.15",49421,0.04001617,0.05523682,-0.002601624,25.37679
"2025-04-08 17:33:59.2",49422,0.03634262,0.04929733,-0.004663467,25.36838
"2025-04-08 17:33:59.25",49423,0.04278564,0.05570412,-0.001304626,25.37613
"2025-04-08 17:33:59.3",49424,0.0383873,0.05197906,-0.006772995,25.39021
"2025-04-08 17:33:59.35",49425,0.03857613,0.05217552,-0.004362106,25.39153
"2025-04-08 17:33:59.4",49426,0.03865814,0.05264854,-0.003591537,25.36812
"2025-04-08 17:33:59.45",49427,0.03624535,0.04952621,-0.004295349,25.36904
"2025-04-08 17:33:59.5",49428,0.03608894,0.05170059,-0.006126404,25.39291
"2025-04-08 17:33:59.55",49429,0.03587341,0.04924965,-0.004705429,25.39305
"2025-04-08 17:33:59.6",49430,0.03594398,0.05183983,-0.005222321,25.37133
"2025-04-08 17:33:59.65",49431,0.03553581,0.05184364,-0.005533218,25.41519
"2025-04-08 17:33:59.7",49432,0.03613472,0.05177116,-0.005300522,25.37151
"2025-04-08 17:33:59.75",49433,0.03647614,0.04967308,-0.005886078,25.35446
"2025-04-08 17:33:59.8",49434,0.03674889,0.04986191,-0.00541687,25.37004
"2025-04-08 17:33:59.85",49435,0.03996468,0.05501556,-0.00750351,25.41811
"2025-04-08 17:33:59.9",49436,0.0428524,0.05216408,-0.005348206,25.37677
"2025-04-08 17:33:59.95",49437,0.03634834,0.05376244,-0.00831604,25.355
"2025-04-08 17:34:00",49438,0.03966331,0.05804443,-0.005069733,25.37561
"2025-04-08 17:34:00.05",49439,0.03665161,0.05197525,-0.007904053,25.37177
"2025-04-08 17:34:00.1",49440,0.03611946,0.05053139,-0.008466721,25.37243
"2025-04-08 17:34:00.15",49441,0.03592682,0.05236816,-0.009010315,25.35597
"2025-04-08 17:34:00.2",49442,0.03696442,0.05332184,-0.008390427,25.37059
"2025-04-08 17:34:00.25",49443,0.03713608,0.05043411,-0.008947372,25.35515
"2025-04-08 17:34:00.3",49444,0.0367527,0.05286026,-0.008983612,25.4149
"2025-04-08 17:34:00.35",49445,0.03663635,0.04966354,-0.008659363,25.3698
"2025-04-08 17:34:00.4",49446,0.03962326,0.05213737,-0.005277634,25.37656
"2025-04-08 17:34:00.45",49447,0.0386219,0.05249023,-0.004554749,25.41899
"2025-04-08 17:34:00.5",49448,0.036026,0.04944229,-0.007211685,25.41741
"2025-04-08 17:34:00.55",49449,0.03199387,0.04894447,-0.007486343,25.35794
"2025-04-08 17:34:00.6",49450,0.03710556,0.04860306,-0.007646561,25.37218
"2025-04-08 17:34:00.65",49451,0.03989029,0.04870796,-0.006088257,25.37093
"2025-04-08 17:34:00.7",49452,0.03790855,0.04852486,-0.007953644,25.36951
"2025-04-08 17:34:00.75",49453,0.03834915,0.04882622,-0.008127213,25.37135
"2025-04-08 17:34:00.8",49454,0.03890991,0.0483036,-0.007972717,25.4168
"2025-04-08 17:34:00.85",49455,0.03821945,0.04824638,-0.007730484,25.42531
"2025-04-08 17:34:00.9",49456,0.0378418,0.04937935,-0.008434296,25.39832
"2025-04-08 17:34:00.95",49457,0.03673172,0.04587746,-0.008310318,25.37333
"2025-04-08 17:34:01",49458,0.03641701,0.0458622,-0.008266449,25.37484
"2025-04-08 17:34:01.05",49459,0.03630447,0.04530907,-0.008031845,25.37385
"2025-04-08 17:34:01.1",49460,0.03639603,0.0458107,-0.008081436,25.39581
"2025-04-08 17:34:01.15",49461,0.03766823,0.04544067,-0.009725571,25.39738
"2025-04-08 17:34:01.2",49462,0.03611946,0.04585075,-0.009004593,25.39394
"2025-04-08 17:34:01.25",49463,0.03543472,0.04611397,-0.008810043,25.39344
"2025-04-08 17:34:01.3",49464,0.03725433,0.05021286,-0.007318497,25.41401
"2025-04-08 17:34:01.35",49465,0.03288651,0.04614067,-0.007993698,25.37008
"2025-04-08 17:34:01.4",49466,0.0322113,0.04640388,-0.008184433,25.36888
"2025-04-08 17:34:01.45",49467,0.03543472,0.04579353,-0.006908417,25.39008
"2025-04-08 17:34:01.5",49468,0.03192139,0.04684448,-0.003698349,25.36798
"2025-04-08 17:34:01.55",49469,0.03519821,0.04646492,-0.003883362,25.41325
"2025-04-08 17:34:01.6",49470,0.03190041,0.0460453,-0.006145477,25.39319
"2025-04-08 17:34:01.65",49471,0.03525543,0.04615211,-0.006816864,25.41427
"2025-04-08 17:34:01.7",49472,0.0352726,0.04582596,-0.004581451,25.41994
"2025-04-08 17:34:01.75",49473,0.03681374,0.04401398,-0.007444382,25.39063
"2025-04-08 17:34:01.8",49474,0.03604698,0.04656601,-0.007507324,25.42094
"2025-04-08 17:34:01.85",49475,0.03382492,0.04650497,-0.008255005,25.3686
"2025-04-08 17:34:01.9",49476,0.03670883,0.05020523,-0.004364014,25.4409
"2025-04-08 17:34:01.95",49477,0.036726,0.04638672,-0.00475502,25.39109
"2025-04-08 17:34:02",49478,0.03569603,0.04341888,-0.00850296,25.39162
"2025-04-08 17:34:02.05",49479,0.03574181,0.04605293,-0.00497818,25.42139
"2025-04-08 17:34:02.1",49480,0.03612709,0.04288483,-0.005710602,25.37101
"2025-04-08 17:34:02.15",49481,0.03604698,0.04444885,-0.005962372,25.35612
"2025-04-08 17:34:02.2",49482,0.03685379,0.04821205,-0.006702423,25.39246
"2025-04-08 17:34:02.25",49483,0.03869057,0.0486145,-0.003904343,25.42073
"2025-04-08 17:34:02.3",49484,0.03679848,0.04759979,-0.006540298,25.39172
"2025-04-08 17:34:02.35",49485,0.03373718,0.04774475,-0.006629944,25.39294
"2025-04-08 17:34:02.4",49486,0.03305435,0.04872513,-0.005971909,25.42147
"2025-04-08 17:34:02.45",49487,0.0357914,0.04785919,-0.006048203,25.42132
"2025-04-08 17:34:02.5",49488,0.03287125,0.04805756,-0.005897522,25.39171
"2025-04-08 17:34:02.55",49489,0.03322983,0.04378319,-0.00579834,25.41467
"2025-04-08 17:34:02.6",49490,0.0324192,0.04684448,-0.005647659,25.37092
"2025-04-08 17:34:02.65",49491,0.03281403,0.04305267,-0.006238937,25.39233
"2025-04-08 17:34:02.7",49492,0.03304863,0.04324913,-0.006011963,25.39381
"2025-04-08 17:34:02.75",49493,0.03331184,0.0433712,-0.006362915,25.39194
"2025-04-08 17:34:02.8",49494,0.03365707,0.04314232,-0.005859375,25.36884
"2025-04-08 17:34:02.85",49495,0.0346241,0.04534149,-0.0058918,25.39291
"2025-04-08 17:34:02.9",49496,0.03502846,0.04602432,-0.005241394,25.3921
"2025-04-08 17:34:02.95",49497,0.04000282,0.04622269,-0.005647659,25.37105
"2025-04-08 17:34:03",49498,0.0355835,0.04613876,-0.005386353,25.37151
"2025-04-08 17:34:03.05",49499,0.0374794,0.04550362,-0.005664825,25.3728
"2025-04-08 17:34:03.1",49500,0.03703308,0.04976463,-0.002878189,25.40497
"2025-04-08 17:34:03.15",49501,0.03671455,0.04457283,-0.005867004,25.39724
"2025-04-08 17:34:03.2",49502,0.03695869,0.04559326,-0.005578995,25.36025
"2025-04-08 17:34:03.25",49503,0.03639603,0.0447998,-0.005910873,25.37477
"2025-04-08 17:34:03.3",49504,0.03645515,0.04572105,-0.006732941,25.37242
"2025-04-08 17:34:03.35",49505,0.03589249,0.04571724,-0.005931854,25.39373
"2025-04-08 17:34:03.4",49506,0.03347588,0.04697418,-0.006082535,25.35503
"2025-04-08 17:34:03.45",49507,0.03623962,0.04672623,-0.005746841,25.37153
"2025-04-08 17:34:03.5",49508,0.03272629,0.04350853,-0.002437592,25.42107
"2025-04-08 17:34:03.55",49509,0.03483772,0.04576492,-0.005636215,25.3914
"2025-04-08 17:34:03.6",49510,0.0351162,0.04644203,-0.005369186,25.39188
"2025-04-08 17:34:03.65",49511,0.03272057,0.04312515,-0.00198555,25.36898
"2025-04-08 17:34:03.7",49512,0.03241158,0.04580116,-0.002319336,25.39262
"2025-04-08 17:34:03.75",49513,0.0372715,0.04891586,0.001216888,25.36402
"2025-04-08 17:34:03.8",49514,0.03252411,0.04367256,-0.001815796,25.36872
"2025-04-08 17:34:03.85",49515,0.03221321,0.04606819,-0.001625061,25.38947
"2025-04-08 17:34:03.9",49516,0.03252029,0.04367256,-0.00242424,25.35279
"2025-04-08 17:34:03.95",49517,0.03302574,0.04666138,-0.002313614,25.36947
"2025-04-08 17:34:04",49518,0.03194809,0.04324341,-0.002252579,25.36815
"2025-04-08 17:34:04.05",49519,0.03232193,0.04647636,-0.002515793,25.35506
"2025-04-08 17:34:04.1",49520,0.03250885,0.04584885,-0.002548218,25.36871
"2025-04-08 17:34:04.15",49521,0.03309441,0.04628563,-0.002960205,25.41428
"2025-04-08 17:34:04.2",49522,0.03281593,0.04564285,-0.003255844,25.37053
"2025-04-08 17:34:04.25",49523,0.03409004,0.0468235,-0.003231049,25.39375
"2025-04-08 17:34:04.3",49524,0.03363991,0.04896164,-0.002756119,25.36922
"2025-04-08 17:34:04.35",49525,0.03365135,0.05011559,-0.003503799,25.36897
"2025-04-08 17:34:04.4",49526,0.03088188,0.04776573,-0.00315094,25.37621
"2025-04-08 17:34:04.45",49527,0.03634644,0.05138397,-0.0006008148,25.36222
"2025-04-08 17:34:04.5",49528,0.03353119,0.0479908,-0.003622055,25.37113
"2025-04-08 17:34:04.55",49529,0.03228951,0.0507412,-0.003231049,25.37074
"2025-04-08 17:34:04.6",49530,0.03294373,0.05022812,-0.003490448,25.36958
"2025-04-08 17:34:04.65",49531,0.03232956,0.0497551,-0.0006923676,25.37771
"2025-04-08 17:34:04.7",49532,0.03435707,0.04971313,-0.004091263,25.37065
"2025-04-08 17:34:04.75",49533,0.0304985,0.04989433,-0.004022598,25.41409
"2025-04-08 17:34:04.8",49534,0.03368187,0.0518322,-0.004230499,25.37011
"2025-04-08 17:34:04.85",49535,0.03055191,0.04961586,-0.00368309,25.36871
"2025-04-08 17:34:04.9",49536,0.03317261,0.04901123,-0.003446579,25.36839
"2025-04-08 17:34:04.95",49537,0.02999878,0.04828644,-0.003376007,25.37063
"2025-04-08 17:34:05",49538,0.03070831,0.04556656,-0.002912521,25.36958
"2025-04-08 17:34:05.05",49539,0.03031158,0.0487709,-0.003223419,25.36901
"2025-04-08 17:34:05.1",49540,0.03002357,0.04881477,-0.002983093,25.36994
"2025-04-08 17:34:05.15",49541,0.0316658,0.04823303,-0.0002288818,25.37228
"2025-04-08 17:34:05.2",49542,0.03604698,0.04775429,-0.0007400513,25.37234
"2025-04-08 17:34:05.25",49543,0.03596115,0.05283165,0.002141953,25.38484
"2025-04-08 17:34:05.3",49544,0.02942657,0.04524612,-0.0003433228,25.37354
"2025-04-08 17:34:05.35",49545,0.03217888,0.04729271,-0.0008678436,25.41855
"2025-04-08 17:34:05.4",49546,0.03199005,0.04844666,-0.000246048,25.37188
"2025-04-08 17:34:05.45",49547,0.03427887,0.05266953,0.00166893,25.42834
"2025-04-08 17:34:05.5",49548,0.03025246,0.04528046,1.525879E-05,25.37321
"2025-04-08 17:34:05.55",49549,0.0302639,0.04837036,-0.0004043579,25.37072
"2025-04-08 17:34:05.6",49550,0.03048515,0.04596329,-0.000497818,25.3709
"2025-04-08 17:34:05.65",49551,0.03028679,0.04838562,-0.0006732941,25.37178
"2025-04-08 17:34:05.7",49552,0.02980995,0.04798889,-0.000371933,25.37132
"2025-04-08 17:34:05.75",49553,0.03065872,0.04534721,-0.001647949,25.37078
"2025-04-08 17:34:05.8",49554,0.02987289,0.04567528,-0.0003967285,25.37074
"2025-04-08 17:34:05.85",49555,0.02906036,0.04586792,0.0003948212,25.37055
"2025-04-08 17:34:05.9",49556,0.02946472,0.04582787,-1.144409E-05,25.41195
"2025-04-08 17:34:05.95",49557,0.03251457,0.05192757,0.003835678,25.42719
"2025-04-08 17:34:06",49558,0.02941895,0.0469017,0.0003795624,25.36727
"2025-04-08 17:34:06.05",49559,0.03012848,0.04693985,0.0004577637,25.41825
"2025-04-08 17:34:06.1",49560,0.03001785,0.04619217,0.0004749298,25.41133
"2025-04-08 17:34:06.15",49561,0.02951622,0.04623985,0.0032444,25.37751
"2025-04-08 17:34:06.2",49562,0.02924728,0.04282761,0.0006084442,25.36951
"2025-04-08 17:34:06.25",49563,0.03001213,0.04282761,0.0001754761,25.36933
"2025-04-08 17:34:06.3",49564,0.02987289,0.04568863,-1.716614E-05,25.41343
"2025-04-08 17:34:06.35",49565,0.0307312,0.0459404,-0.00041008,25.36913
"2025-04-08 17:34:06.4",49566,0.03029633,0.04246521,0.002183914,25.42018
"2025-04-08 17:34:06.45",49567,0.03008461,0.04411316,-0.0004863739,25.42146
"2025-04-08 17:34:06.5",49568,0.03509331,0.04785538,0.001836777,25.4203
"2025-04-08 17:34:06.55",49569,0.03450775,0.05150032,0.002651215,25.42049
"2025-04-08 17:34:06.6",49570,0.02964401,0.04509735,0.001756668,25.41373
"2025-04-08 17:34:06.65",49571,0.0297699,0.04754257,-2.861023E-05,25.42204
"2025-04-08 17:34:06.7",49572,0.03010559,0.04470062,-0.0008163452,25.42464
"2025-04-08 17:34:06.75",49573,0.03318405,0.04436874,-0.001134872,25.44707
"2025-04-08 17:34:06.8",49574,0.03358078,0.0448513,0.00176239,25.42202
"2025-04-08 17:34:06.85",49575,0.03051376,0.04432678,-0.001251221,25.42249
"2025-04-08 17:34:06.9",49576,0.0308876,0.0445652,0.0007743835,25.39323
"2025-04-08 17:34:06.95",49577,0.03131676,0.04475594,-0.001064301,25.42014
"2025-04-08 17:34:07",49578,0.03053474,0.04472733,-0.0009231567,25.39059
"2025-04-08 17:34:07.05",49579,0.03102112,0.0438118,-0.00066185,25.4217
"2025-04-08 17:34:07.1",49580,0.03058624,0.04330826,0.001964569,25.39214
"2025-04-08 17:34:07.15",49581,0.03013992,0.04280472,-0.0003929138,25.42164
"2025-04-08 17:34:07.2",49582,0.03079796,0.04374886,0.001958847,25.42265
"2025-04-08 17:34:07.25",49583,0.03060913,0.04312515,0.001752853,25.42147
"2025-04-08 17:34:07.3",49584,0.03153229,0.04136086,0.001457214,25.41557
"2025-04-08 17:34:07.35",49585,0.03232956,0.04276848,0.001081467,25.4457
"2025-04-08 17:34:07.4",49586,0.032547,0.04276848,0.002243042,25.37038
"2025-04-08 17:34:07.45",49587,0.03285599,0.04283524,0.002540588,25.37209
"2025-04-08 17:34:07.5",49588,0.03289795,0.04210663,0.005182266,25.40067
"2025-04-08 17:34:07.55",49589,0.03247452,0.04574394,-0.0002536774,25.39537
"2025-04-08 17:34:07.6",49590,0.03090096,0.04511452,0.002544403,25.37336
"2025-04-08 17:34:07.65",49591,0.02810097,0.04227448,0.002437592,25.37302
"2025-04-08 17:34:07.7",49592,0.03086662,0.04571533,0.002113342,25.39631
"2025-04-08 17:34:07.75",49593,0.03011703,0.04216003,0.002010345,25.41801
"2025-04-08 17:34:07.8",49594,0.03321266,0.04932404,0.004392624,25.39896
"2025-04-08 17:34:07.85",49595,0.03055191,0.04546356,0.001506805,25.39291
"2025-04-08 17:34:07.9",49596,0.02763367,0.04541588,-0.0003585815,25.41409
"2025-04-08 17:34:07.95",49597,0.0271225,0.04582214,0.002159119,25.36996
"2025-04-08 17:34:08",49598,0.02945709,0.0461731,0.002500534,25.39069
"2025-04-08 17:34:08.05",49599,0.02923584,0.04567528,0.002538681,25.39053
"2025-04-08 17:34:08.1",49600,0.02606964,0.04555511,0.0009365082,25.39235
"2025-04-08 17:34:08.15",49601,0.02875519,0.04845238,0.0002498627,25.35664
"2025-04-08 17:34:08.2",49602,0.02919006,0.04572296,0.002756119,25.37086
"2025-04-08 17:34:08.25",49603,0.0291748,0.04548264,0.003164291,25.36914
"2025-04-08 17:34:08.3",49604,0.02979279,0.048666,0.0001049042,25.3912
"2025-04-08 17:34:08.35",49605,0.03031158,0.04629707,0.0005455017,25.36687
"2025-04-08 17:34:08.4",49606,0.02732468,0.04886436,-1.716614E-05,25.36658
"2025-04-08 17:34:08.45",49607,0.02954865,0.04867744,0.003065109,25.38939
"2025-04-08 17:34:08.5",49608,0.02982712,0.04831314,0.0002441406,25.36937
"2025-04-08 17:34:08.55",49609,0.02674294,0.04619026,0.0004291534,25.36912
"2025-04-08 17:34:08.6",49610,0.02990913,0.04811859,-0.0006656647,25.39084
"2025-04-08 17:34:08.65",49611,0.03022194,0.04758263,-0.0001792908,25.39308
"2025-04-08 17:34:08.7",49612,0.03019142,0.04603004,-0.00066185,25.36961
"2025-04-08 17:34:08.75",49613,0.03045654,0.04914665,-0.0008125305,25.35617
"2025-04-08 17:34:08.8",49614,0.03027916,0.04998398,-0.0001373291,25.39027
"2025-04-08 17:34:08.85",49615,0.03050423,0.04702187,-0.00161171,25.36791
"2025-04-08 17:34:08.9",49616,0.03011131,0.04780579,-0.0008106232,25.36958
"2025-04-08 17:34:08.95",49617,0.03017426,0.05092049,-0.001068115,25.35294
"2025-04-08 17:34:09",49618,0.03007698,0.05169868,-0.001714706,25.35387
"2025-04-08 17:34:09.05",49619,0.03017235,0.04740906,-0.000421524,25.35514
"2025-04-08 17:34:09.1",49620,0.03035355,0.04644203,-0.0006999969,25.35673
"2025-04-08 17:34:09.15",49621,0.03041267,0.04687881,-0.003498077,25.34753
"2025-04-08 17:34:09.2",49622,0.03036499,0.04972076,-0.00151062,25.36906
"2025-04-08 17:34:09.25",49623,0.03059196,0.04654312,-0.001209259,25.35434
"2025-04-08 17:34:09.3",49624,0.03307724,0.04643631,-0.0006275177,25.36823
"2025-04-08 17:34:09.35",49625,0.03372383,0.04688835,-0.0005168915,25.33971
"2025-04-08 17:34:09.4",49626,0.03095055,0.04625702,-0.0002250671,25.35202
"2025-04-08 17:34:09.45",49627,0.03017998,0.04612541,-0.002983093,25.35503
"2025-04-08 17:34:09.5",49628,0.03347397,0.04607201,-0.002849579,25.35556
"2025-04-08 17:34:09.55",49629,0.03365707,0.04488564,-0.0004711151,25.3568
"2025-04-08 17:34:09.6",49630,0.03548622,0.04917908,0.002746582,25.35507
"2025-04-08 17:34:09.65",49631,0.03357506,0.04462242,-0.002979279,25.35833
"2025-04-08 17:34:09.7",49632,0.03453636,0.04444695,-0.00343132,25.34457
"2025-04-08 17:34:09.75",49633,0.03409958,0.0447998,-0.003509521,25.35893
"2025-04-08 17:34:09.8",49634,0.03714371,0.04910088,-0.001329422,25.36272
"2025-04-08 17:34:09.85",49635,0.03435135,0.04505157,-0.003826141,25.35906
"2025-04-08 17:34:09.9",49636,0.03357887,0.04563141,-0.003686905,25.35725
"2025-04-08 17:34:09.95",49637,0.03105164,0.04547501,-0.0006847382,25.37261
"2025-04-08 17:34:10",49638,0.03302002,0.04247093,-0.0008010864,25.3558
"2025-04-08 17:34:10.05",49639,0.03252029,0.04597282,-0.000202179,25.36917
"2025-04-08 17:34:10.1",49640,0.03043747,0.04555893,-0.002630234,25.35735
"2025-04-08 17:34:10.15",49641,0.03252411,0.04573441,-0.002786636,25.35605
"2025-04-08 17:34:10.2",49642,0.03192329,0.04487801,-0.003213882,25.35604
"2025-04-08 17:34:10.25",49643,0.03636742,0.04583931,9.346008E-05,25.34817
"2025-04-08 17:34:10.3",49644,0.03276443,0.0452137,-0.003736496,25.35353
"2025-04-08 17:34:10.35",49645,0.03688812,0.04852676,0.0007171631,25.36267
"2025-04-08 17:34:10.4",49646,0.03226662,0.04549217,-0.002130508,25.3522
"2025-04-08 17:34:10.45",49647,0.03709221,0.04948997,0.0006465912,25.36071
"2025-04-08 17:34:10.5",49648,0.03300476,0.04614067,-0.00243187,25.36573
"2025-04-08 17:34:10.55",49649,0.03199005,0.05072975,0.0002994537,25.35935
"2025-04-08 17:34:10.6",49650,0.03181076,0.04579353,-0.001459122,25.35345
"2025-04-08 17:34:10.65",49651,0.03232956,0.0458889,0.000289917,25.34016
"2025-04-08 17:34:10.7",49652,0.03016281,0.04569435,5.340576E-05,25.35402
"2025-04-08 17:34:10.75",49653,0.03272438,0.04574394,-0.0004768372,25.33944
"2025-04-08 17:34:10.8",49654,0.0330925,0.04269981,-6.29425E-05,25.34069
"2025-04-08 17:34:10.85",49655,0.03321648,0.04537392,-0.0008716583,25.36347
"2025-04-08 17:34:10.9",49656,0.03248405,0.04961395,0.00138855,25.37603
"2025-04-08 17:34:10.95",49657,0.03288651,0.04668045,-0.0003013611,25.35419
"2025-04-08 17:34:11",49658,0.03019714,0.04428673,-0.001760483,25.35462
"2025-04-08 17:34:11.05",49659,0.03035927,0.04448318,-0.0007953644,25.35389
"2025-04-08 17:34:11.1",49660,0.02966118,0.04438019,-0.0007705688,25.33778
"2025-04-08 17:34:11.15",49661,0.02980423,0.0446167,-0.0009021759,25.34013
"2025-04-08 17:34:11.2",49662,0.03265381,0.04845238,0.00243187,25.36024
"2025-04-08 17:34:11.25",49663,0.02724838,0.04530716,-0.0009841919,25.34124
"2025-04-08 17:34:11.3",49664,0.02723122,0.04162788,-0.001649857,25.37181
"2025-04-08 17:34:11.35",49665,0.02788353,0.04079056,-0.00182724,25.35556
"2025-04-08 17:34:11.4",49666,0.0279789,0.04050636,-0.001192093,25.34216
"2025-04-08 17:34:11.45",49667,0.02477264,0.04113007,-0.001468658,25.35435
"2025-04-08 17:34:11.5",49668,0.02553368,0.04335403,-0.001346588,25.35505
"2025-04-08 17:34:11.55",49669,0.02185249,0.0431633,-0.0004997253,25.35435
"2025-04-08 17:34:11.6",49670,0.02301216,0.04715538,0.002666473,25.37614
"2025-04-08 17:34:11.65",49671,0.02031708,0.04270172,-0.0006656647,25.35409
"2025-04-08 17:34:11.7",49672,0.01695251,0.0455761,0.001779556,25.35517
"2025-04-08 17:34:11.75",49673,0.01802063,0.0478096,-0.0005378723,25.35587
"2025-04-08 17:34:11.8",49674,0.02026176,0.05023575,-0.000213623,25.35686
"2025-04-08 17:34:11.85",49675,0.01841354,0.05012321,-0.003351212,25.34303
"2025-04-08 17:34:11.9",49676,0.02105522,0.05243301,-0.003631592,25.35861
"2025-04-08 17:34:11.95",49677,0.01873398,0.0500927,-0.003700256,25.35702
"2025-04-08 17:34:12",49678,0.02130508,0.05054855,-0.003742218,25.35925
"2025-04-08 17:34:12.05",49679,0.02142715,0.05023956,-0.003393173,25.35801
"2025-04-08 17:34:12.1",49680,0.02355003,0.05348396,-0.004043579,25.34256
"2025-04-08 17:34:12.15",49681,0.01992035,0.05098915,-0.003358841,25.342
"2025-04-08 17:34:12.2",49682,0.01913261,0.05095482,-0.003269196,25.37151
"2025-04-08 17:34:12.25",49683,0.01940727,0.05352211,-0.006099701,25.34204
"2025-04-08 17:34:12.3",49684,0.0220356,0.05054855,-0.005884171,25.37215
"2025-04-08 17:34:12.35",49685,0.02162933,0.05074692,-0.003412247,25.39331
"2025-04-08 17:34:12.4",49686,0.0201416,0.05057907,-0.003509521,25.35743
"2025-04-08 17:34:12.45",49687,0.02151299,0.0503521,-0.003358841,25.37106
"2025-04-08 17:34:12.5",49688,0.02446175,0.05362511,-0.006223679,25.36893
"2025-04-08 17:34:12.55",49689,0.0244503,0.05370331,-0.005529404,25.36856
"2025-04-08 17:34:12.6",49690,0.0267849,0.05328369,-0.00557518,25.36775
"2025-04-08 17:34:12.65",49691,0.02445602,0.05710983,-0.004613876,25.36699
"2025-04-08 17:34:12.7",49692,0.02905655,0.05774689,-0.001794815,25.42179
"2025-04-08 17:34:12.75",49693,0.02365112,0.05363083,-0.004459381,25.36588
"2025-04-08 17:34:12.8",49694,0.02672195,0.0537262,-0.001213074,25.42061
"2025-04-08 17:34:12.85",49695,0.02720261,0.05644035,-0.001934052,25.41427
"2025-04-08 17:34:12.9",49696,0.02717018,0.05908585,-0.0004653931,25.42332
"2025-04-08 17:34:12.95",49697,0.03250122,0.05870056,-0.002574921,25.42229
"2025-04-08 17:34:13",49698,0.02999306,0.05610275,-0.002923965,25.41364
"2025-04-08 17:34:13.05",49699,0.03030777,0.0562706,-0.003324509,25.41986
"2025-04-08 17:34:13.1",49700,0.03044701,0.05625343,-0.003442764,25.41402
"2025-04-08 17:34:13.15",49701,0.03195381,0.05722618,-0.001224518,25.42619
"2025-04-08 17:34:13.2",49702,0.03253746,0.05785179,-9.727478E-05,25.41962
"2025-04-08 17:34:13.25",49703,0.03288269,0.05814934,-0.0006732941,25.36942
"2025-04-08 17:34:13.3",49704,0.03291702,0.05695915,0.0001049042,25.39134
"2025-04-08 17:34:13.35",49705,0.03194809,0.05755043,-0.0005226135,25.3919
"2025-04-08 17:34:13.4",49706,0.03528976,0.05789185,-0.003665924,25.39303
"2025-04-08 17:34:13.45",49707,0.03240013,0.05800438,-0.003732681,25.3926
"2025-04-08 17:34:13.5",49708,0.0326767,0.05739212,-0.003978729,25.39239
"2025-04-08 17:34:13.55",49709,0.03531647,0.05739212,-0.003860474,25.39194
"2025-04-08 17:34:13.6",49710,0.0330143,0.0574379,-0.003799438,25.3922
"2025-04-08 17:34:13.65",49711,0.03307915,0.05500984,-0.003446579,25.41279
"2025-04-08 17:34:13.7",49712,0.03586578,0.05715752,-0.0006160736,25.39832
"2025-04-08 17:34:13.75",49713,0.03272438,0.0547142,-0.003675461,25.3915
"2025-04-08 17:34:13.8",49714,0.03244209,0.05153465,-0.005727768,25.3672
"2025-04-08 17:34:13.85",49715,0.03172684,0.04779243,-0.00548172,25.36919
"2025-04-08 17:34:13.9",49716,0.03008842,0.04798317,-0.005794525,25.36824
"2025-04-08 17:34:13.95",49717,0.03393936,0.04990578,-0.00592041,25.36979
"2025-04-08 17:34:14",49718,0.03104973,0.04718399,-0.00570488,25.3718
"2025-04-08 17:34:14.05",49719,0.03275871,0.04828453,-0.008579254,25.39343
"2025-04-08 17:34:14.1",49720,0.0331459,0.04494476,-0.009468079,25.35824
"2025-04-08 17:34:14.15",49721,0.02946281,0.04422951,-0.00844574,25.35655
"2025-04-08 17:34:14.2",49722,0.03262901,0.04409027,-0.0118351,25.34264
"2025-04-08 17:34:14.25",49723,0.03133583,0.04695702,-0.008237839,25.32736
"2025-04-08 17:34:14.3",49724,0.02768898,0.04210663,-0.01082993,25.34229
"2025-04-08 17:34:14.35",49725,0.02521515,0.04223633,-0.01049614,25.34134
"2025-04-08 17:34:14.4",49726,0.02514648,0.03964996,-0.01339912,25.34228
"2025-04-08 17:34:14.45",49727,0.02463722,0.04230309,-0.0131321,25.34266
"2025-04-08 17:34:14.5",49728,0.02420425,0.04227066,-0.01384735,25.32155
"2025-04-08 17:34:14.55",49729,0.02746582,0.04815102,-0.01025391,25.36294
"2025-04-08 17:34:14.6",49730,0.02442741,0.04234123,-0.01654243,25.31989
"2025-04-08 17:34:14.65",49731,0.02812386,0.04622841,-0.0112896,25.32534
"2025-04-08 17:34:14.7",49732,0.02495575,0.04234123,-0.01729774,25.31898
"2025-04-08 17:34:14.75",49733,0.02478027,0.04278946,-0.01679993,25.31604
"2025-04-08 17:34:14.8",49734,0.02523613,0.04322052,-0.01642227,25.31348
"2025-04-08 17:34:14.85",49735,0.02372169,0.04578209,-0.01599503,25.31403
"2025-04-08 17:34:14.9",49736,0.02690697,0.04623032,-0.0154953,25.31445
"2025-04-08 17:34:14.95",49737,0.02583885,0.04564857,-0.01582718,25.30257
"2025-04-08 17:34:15",49738,0.02410126,0.045784,-0.01477432,25.31811
"2025-04-08 17:34:15.05",49739,0.02591705,0.04569435,-0.014431,25.31712
"2025-04-08 17:34:15.1",49740,0.02671623,0.0477829,-0.01843071,25.31712
"2025-04-08 17:34:15.15",49741,0.02645493,0.04812813,-0.01543808,25.33804
"2025-04-08 17:34:15.2",49742,0.02722549,0.04851532,-0.01838112,25.33933
"2025-04-08 17:34:15.25",49743,0.02735329,0.05052567,-0.01926804,25.30024
"2025-04-08 17:34:15.3",49744,0.02742195,0.04813004,-0.01658249,25.31567
"2025-04-08 17:34:15.35",49745,0.02719498,0.05059814,-0.01861763,25.33753
"2025-04-08 17:34:15.4",49746,0.02753258,0.04789543,-0.01983833,25.31569
"2025-04-08 17:34:15.45",49747,0.02671051,0.05559158,-0.01356125,25.32357
"2025-04-08 17:34:15.5",49748,0.03359032,0.05610466,-0.01619911,25.3459
"2025-04-08 17:34:15.55",49749,0.03398705,0.05647278,-0.01724052,25.34277
"2025-04-08 17:34:15.6",49750,0.02942657,0.05543327,-0.01952744,25.33976
"2025-04-08 17:34:15.65",49751,0.02995491,0.05541801,-0.01930237,25.33971
"2025-04-08 17:34:15.7",49752,0.02964783,0.05508232,-0.01982307,25.33943
"2025-04-08 17:34:15.75",49753,0.02961349,0.05500221,-0.02015114,25.3396
"2025-04-08 17:34:15.8",49754,0.02980042,0.05496597,-0.0203743,25.31837
"2025-04-08 17:34:15.85",49755,0.03383636,0.05585861,-0.01868439,25.34011
"2025-04-08 17:34:15.9",49756,0.02770424,0.0552597,-0.01972771,25.33926
"2025-04-08 17:34:15.95",49757,0.02745247,0.05456924,-0.0196991,25.33957
"2025-04-08 17:34:16",49758,0.03019142,0.05475044,-0.01933098,25.339
"2025-04-08 17:34:16.05",49759,0.03390503,0.05756569,-0.01675224,25.34763
"2025-04-08 17:34:16.1",49760,0.03400612,0.05810356,-0.01639366,25.34651
"2025-04-08 17:34:16.15",49761,0.0291748,0.05323219,-0.01921463,25.30146
"2025-04-08 17:34:16.2",49762,0.03120613,0.05320549,-0.01930237,25.3215
"2025-04-08 17:34:16.25",49763,0.03068542,0.05345154,-0.01914215,25.34045
"2025-04-08 17:34:16.3",49764,0.03297234,0.05786324,-0.01618576,25.3532
"2025-04-08 17:34:16.35",49765,0.03138924,0.05542755,-0.01920891,25.34188
"2025-04-08 17:34:16.4",49766,0.03445053,0.05244064,-0.01970863,25.34313
"2025-04-08 17:34:16.45",49767,0.03221893,0.05335617,-0.0197506,25.34372
"2025-04-08 17:34:16.5",49768,0.03205109,0.05284882,-0.01958275,25.34449
"2025-04-08 17:34:16.55",49769,0.03427696,0.05324554,-0.01853371,25.31863
"2025-04-08 17:34:16.6",49770,0.03334618,0.05391502,-0.01945305,25.31999
"2025-04-08 17:34:16.65",49771,0.03613091,0.0556736,-0.02251244,25.30415
"2025-04-08 17:34:16.7",49772,0.03478622,0.05812454,-0.01614571,25.32523
"2025-04-08 17:34:16.75",49773,0.03314972,0.05262947,-0.01945496,25.30717
"2025-04-08 17:34:16.8",49774,0.03494453,0.0553112,-0.01517677,25.32291
"2025-04-08 17:34:16.85",49775,0.03173256,0.05325508,-0.01901054,25.32025
"2025-04-08 17:34:16.9",49776,0.03103256,0.05258942,-0.01634979,25.32758
"2025-04-08 17:34:16.95",49777,0.03166962,0.05302238,-0.01909637,25.30407
"2025-04-08 17:34:17",49778,0.03212738,0.05130577,-0.0188961,25.31779
"2025-04-08 17:34:17.05",49779,0.03220749,0.05131721,-0.01832962,25.31591
"2025-04-08 17:34:17.1",49780,0.03166962,0.05355644,-0.01833153,25.28461
"2025-04-08 17:34:17.15",49781,0.03262901,0.05112076,-0.01689148,25.31432
"2025-04-08 17:34:17.2",49782,0.03149605,0.05313301,-0.01772118,25.27255
"2025-04-08 17:34:17.25",49783,0.03200912,0.05183601,-0.01798058,25.2859
"2025-04-08 17:34:17.3",49784,0.03149223,0.05059052,-0.01744843,25.30213
"2025-04-08 17:34:17.35",49785,0.0356369,0.05403137,-0.01715279,25.28172
"2025-04-08 17:34:17.4",49786,0.03209877,0.05015564,-0.01832581,25.28825
"2025-04-08 17:34:17.45",49787,0.0321331,0.05096436,-0.0190239,25.27261
"2025-04-08 17:34:17.5",49788,0.03302765,0.05071831,-0.01673508,25.28784
"2025-04-08 17:34:17.55",49789,0.03302193,0.05068779,-0.01659012,25.28899
"2025-04-08 17:34:17.6",49790,0.02978706,0.05228806,-0.01910591,25.3014
"2025-04-08 17:34:17.65",49791,0.03740501,0.05127907,-0.01680565,25.28543
"2025-04-08 17:34:17.7",49792,0.03275299,0.05137444,-0.01722908,25.30173
"2025-04-08 17:34:17.75",49793,0.0326767,0.04947853,-0.01642227,25.28741
"2025-04-08 17:34:17.8",49794,0.02893448,0.04931641,-0.01662636,25.32629
"2025-04-08 17:34:17.85",49795,0.02940369,0.04992294,-0.01733208,25.31685
"2025-04-08 17:34:17.9",49796,0.03197098,0.05234528,-0.01689529,25.30287
"2025-04-08 17:34:17.95",49797,0.02839088,0.04678726,-0.01741409,25.30294
"2025-04-08 17:34:18",49798,0.03020668,0.04968262,-0.0180912,25.28988
"2025-04-08 17:34:18.05",49799,0.03044891,0.05028343,-0.01770973,25.28692
"2025-04-08 17:34:18.1",49800,0.03278732,0.04948997,-0.01769257,25.30265
"2025-04-08 17:34:18.15",49801,0.03326225,0.04915047,-0.01724052,25.30247
"2025-04-08 17:34:18.2",49802,0.03070831,0.0470047,-0.01695251,25.28536
"2025-04-08 17:34:18.25",49803,0.03282166,0.04905128,-0.01666832,25.3386
"2025-04-08 17:34:18.3",49804,0.03054237,0.04631233,-0.01636505,25.30161
"2025-04-08 17:34:18.35",49805,0.02962494,0.04567146,-0.01641083,25.31721
"2025-04-08 17:34:18.4",49806,0.03062439,0.04563904,-0.0138588,25.31693
"2025-04-08 17:34:18.45",49807,0.03131866,0.0452652,-0.01352119,25.31793
"2025-04-08 17:34:18.5",49808,0.03092766,0.04457664,-0.01681709,25.32018
"2025-04-08 17:34:18.55",49809,0.03139687,0.04407883,-0.01402664,25.32216
"2025-04-08 17:34:18.6",49810,0.03208733,0.04442215,-0.01371193,25.30856
"2025-04-08 17:34:18.65",49811,0.03267479,0.04530716,-0.01491165,25.30563
"2025-04-08 17:34:18.7",49812,0.02906799,0.04210854,-0.01413727,25.32201
"2025-04-08 17:34:18.75",49813,0.0320015,0.04211235,-0.01420975,25.30713
"2025-04-08 17:34:18.8",49814,0.03358078,0.04490089,-0.01378059,25.32497
"2025-04-08 17:34:18.85",49815,0.03094482,0.04326248,-0.0147953,25.31966
"2025-04-08 17:34:18.9",49816,0.03061485,0.04273796,-0.01345062,25.30231
"2025-04-08 17:34:18.95",49817,0.0304184,0.04260445,-0.01428604,25.3418
"2025-04-08 17:34:19",49818,0.03030586,0.04185295,-0.01386833,25.30416
"2025-04-08 17:34:19.05",49819,0.03043556,0.04159927,-0.0136776,25.3192
"2025-04-08 17:34:19.1",49820,0.02972603,0.04244423,-0.01381302,25.34103
"2025-04-08 17:34:19.15",49821,0.02964973,0.04229927,-0.01397514,25.33928
"2025-04-08 17:34:19.2",49822,0.02889442,0.04245949,-0.01410484,25.31661
"2025-04-08 17:34:19.25",49823,0.02962494,0.03996277,-0.01072502,25.31721
"2025-04-08 17:34:19.3",49824,0.02996635,0.03993607,-0.01058578,25.33877
"2025-04-08 17:34:19.35",49825,0.02967072,0.03989029,-0.01089096,25.31766
"2025-04-08 17:34:19.4",49826,0.02953148,0.04000092,-0.0100975,25.33812
"2025-04-08 17:34:19.45",49827,0.03011703,0.04020309,-0.009874344,25.35226
"2025-04-08 17:34:19.5",49828,0.02950859,0.03774261,-0.009256363,25.3396
"2025-04-08 17:34:19.55",49829,0.03172112,0.03781891,-0.01002693,25.36627
"2025-04-08 17:34:19.6",49830,0.02983284,0.03834343,-0.007307053,25.36909
"2025-04-08 17:34:19.65",49831,0.02968216,0.03715324,-0.008083344,25.35349
"2025-04-08 17:34:19.7",49832,0.02994919,0.03657532,-0.007530212,25.3701
"2025-04-08 17:34:19.75",49833,0.02923393,0.03408813,-0.007808685,25.3693
"2025-04-08 17:34:19.8",49834,0.02985573,0.03766251,-0.008306503,25.35696
"2025-04-08 17:34:19.85",49835,0.02990913,0.03743553,-0.009016037,25.35658
"2025-04-08 17:34:19.9",49836,0.02905655,0.03524971,-0.006305695,25.41486
"2025-04-08 17:34:19.95",49837,0.0302124,0.03555107,-0.007099152,25.35757
"2025-04-08 17:34:20",49838,0.03448486,0.03900146,-0.005893707,25.37783
"2025-04-08 17:34:20.05",49839,0.03010559,0.03584862,-0.009279251,25.39342
"2025-04-08 17:34:20.1",49840,0.03030777,0.03590965,-0.007266998,25.36866
"2025-04-08 17:34:20.15",49841,0.03048706,0.03676796,-0.00777626,25.41208
"2025-04-08 17:34:20.2",49842,0.0347805,0.03907394,-0.003631592,25.39998
"2025-04-08 17:34:20.25",49843,0.0346756,0.03859138,-0.004245758,25.37652
"2025-04-08 17:34:20.3",49844,0.03060913,0.0336628,-0.007268906,25.38998
"2025-04-08 17:34:20.35",49845,0.02940178,0.03279305,-0.006528854,25.36815
"2025-04-08 17:34:20.4",49846,0.02948189,0.03195381,-0.003458023,25.39288
"2025-04-08 17:34:20.45",49847,0.02910614,0.03260231,-0.003429413,25.39253
"2025-04-08 17:34:20.5",49848,0.02950287,0.03183174,-0.003580093,25.37153
"2025-04-08 17:34:20.55",49849,0.02975464,0.03458405,-0.003196716,25.39287
"2025-04-08 17:34:20.6",49850,0.02734756,0.03161049,-0.003063202,25.36858
"2025-04-08 17:34:20.65",49851,0.03156471,0.03363609,-0.003984451,25.41322
"2025-04-08 17:34:20.7",49852,0.03155136,0.03770065,-0.0008449554,25.42801
"2025-04-08 17:34:20.75",49853,0.02970505,0.03343582,-0.003486633,25.39392
"2025-04-08 17:34:20.8",49854,0.02925873,0.03623199,-0.003559113,25.42078
"2025-04-08 17:34:20.85",49855,0.0293808,0.03368187,-0.003250122,25.42849
"2025-04-08 17:34:20.9",49856,0.02911758,0.03679085,-0.003652573,25.39929
"2025-04-08 17:34:20.95",49857,0.02908516,0.0371151,-0.003845215,25.37916
"2025-04-08 17:34:21",49858,0.02916336,0.03741646,-0.006082535,25.42574
"2025-04-08 17:34:21.05",49859,0.02854729,0.03741646,-0.003944397,25.43218
"2025-04-08 17:34:21.1",49860,0.02816963,0.03946686,-0.003313065,25.39542
"2025-04-08 17:34:21.15",49861,0.03023911,0.04389381,-0.002820969,25.43294
"2025-04-08 17:34:21.2",49862,0.02711678,0.03994751,-0.003339767,25.45152
"2025-04-08 17:34:21.25",49863,0.02721214,0.03680229,-0.00614357,25.43359
"2025-04-08 17:34:21.3",49864,0.02637672,0.0401268,-0.002588272,25.45608
"2025-04-08 17:34:21.35",49865,0.02668953,0.03937149,-0.003705978,25.45832
"2025-04-08 17:34:21.4",49866,0.02575493,0.03931046,-0.002887726,25.43514
"2025-04-08 17:34:21.45",49867,0.02701378,0.03961754,-0.00557518,25.43738
"2025-04-08 17:34:21.5",49868,0.02682686,0.04284668,-0.001821518,25.39771
"2025-04-08 17:34:21.55",49869,0.02642441,0.0397625,-0.002290726,25.43661
"2025-04-08 17:34:21.6",49870,0.0268898,0.03983688,-0.00494957,25.44541
"2025-04-08 17:34:21.65",49871,0.026968,0.03942871,-0.004636765,25.47011
"2025-04-08 17:34:21.7",49872,0.02995491,0.04014206,-0.002426147,25.45272
"2025-04-08 17:34:21.75",49873,0.02722549,0.04313469,-0.004320145,25.42957
"2025-04-08 17:34:21.8",49874,0.02642059,0.04282188,-0.004764557,25.43027
"2025-04-08 17:34:21.85",49875,0.02674866,0.04200363,-0.001766205,25.45204
"2025-04-08 17:34:21.9",49876,0.02677727,0.04270744,-0.002809525,25.43168
"2025-04-08 17:34:21.95",49877,0.02921104,0.04209137,-0.002443314,25.47671
"2025-04-08 17:34:22",49878,0.03302002,0.0454998,-0.0006389618,25.46249
"2025-04-08 17:34:22.05",49879,0.02966499,0.04485512,-0.006290436,25.45743
"2025-04-08 17:34:22.1",49880,0.02772331,0.0462513,-0.003000259,25.47944
"2025-04-08 17:34:22.15",49881,0.02710915,0.0429306,-0.004730225,25.45576
"2025-04-08 17:34:22.2",49882,0.03090477,0.05123901,-0.01165771,25.46195
"2025-04-08 17:34:22.25",49883,0.02715683,0.04738617,-0.009317398,25.50655
"2025-04-08 17:34:22.3",49884,0.03172493,0.05033875,-0.01098251,25.51298
"2025-04-08 17:34:22.35",49885,0.02614784,0.04926682,-0.006820679,25.50513
"2025-04-08 17:34:22.4",49886,0.02459908,0.04552078,0.001119614,25.51958
"2025-04-08 17:34:22.45",49887,0.02665901,0.04667282,0.0002651215,25.50711
"2025-04-08 17:34:22.5",49888,0.02419281,0.04468727,0.002998352,25.48566
"2025-04-08 17:34:22.55",49889,0.02381325,0.04368401,0.008638382,25.50847
"2025-04-08 17:34:22.6",49890,0.02381325,0.04305649,0.006824493,25.4836
"2025-04-08 17:34:22.65",49891,0.02358818,0.04289055,0.006361008,25.50874
"2025-04-08 17:34:22.7",49892,0.02412033,0.0427742,0.001367569,25.49303
"2025-04-08 17:34:22.75",49893,0.02239799,0.04309845,0.008749008,25.5049
"2025-04-08 17:34:22.8",49894,0.02513695,0.04212952,0.01771736,25.50482
"2025-04-08 17:34:22.85",49895,0.02562904,0.04598427,0.01554489,25.50474
"2025-04-08 17:34:22.9",49896,0.02325249,0.04536438,0.01590538,25.50217
"2025-04-08 17:34:22.95",49897,0.02334785,0.04482651,0.0164299,25.51621
"2025-04-08 17:34:23",49898,0.0238781,0.04571724,0.01342392,25.47954
"2025-04-08 17:34:23.05",49899,0.02330971,0.04779816,0.01284409,25.50101
"2025-04-08 17:34:23.1",49900,0.02309227,0.04859734,0.01531601,25.48111
"2025-04-08 17:34:23.15",49901,0.02312469,0.04751968,0.01350975,25.51903
"2025-04-08 17:34:23.2",49902,0.02521515,0.04488564,0.01478195,25.51864
"2025-04-08 17:34:23.25",49903,0.02248192,0.0455246,0.01541901,25.50391
"2025-04-08 17:34:23.3",49904,0.02524376,0.04800415,0.009527206,25.48249
"2025-04-08 17:34:23.35",49905,0.02551079,0.04556084,0.009334564,25.47349
"2025-04-08 17:34:23.4",49906,0.02218246,0.04768181,0.01441193,25.48176
"2025-04-08 17:34:23.45",49907,0.024683,0.04884529,0.01605415,25.4796
"2025-04-08 17:34:23.5",49908,0.02543068,0.04868317,0.01346207,25.48684
"2025-04-08 17:34:23.55",49909,0.02470589,0.04561996,0.01185036,25.44859
"2025-04-08 17:34:23.6",49910,0.02377701,0.04583359,0.01167488,25.41152
"2025-04-08 17:34:23.65",49911,0.02792168,0.05230522,0.01771927,25.48957
"2025-04-08 17:34:23.7",49912,0.02385521,0.04811859,0.01463509,25.48186
"2025-04-08 17:34:23.75",49913,0.02355576,0.04859734,0.01500511,25.48058
"2025-04-08 17:34:23.8",49914,0.02280235,0.04505157,0.01494408,25.46568
"2025-04-08 17:34:23.85",49915,0.02297974,0.04556084,0.017416,25.47186
"2025-04-08 17:34:23.9",49916,0.02687836,0.04740334,0.01798248,25.476
"2025-04-08 17:34:23.95",49917,0.02398109,0.0481739,0.01236343,25.47889
"2025-04-08 17:34:24",49918,0.02827454,0.05281448,0.01127434,25.46766
"2025-04-08 17:34:24.05",49919,0.02712822,0.04785347,0.01375389,25.48499
"2025-04-08 17:34:24.1",49920,0.02727318,0.04821396,0.01226997,25.4846
"2025-04-08 17:34:24.15",49921,0.02787209,0.04886627,0.009765625,25.45929
"2025-04-08 17:34:24.2",49922,0.02710342,0.04888153,0.01181602,25.48466
"2025-04-08 17:34:24.25",49923,0.02735329,0.04586029,0.01522446,25.48306
"2025-04-08 17:34:24.3",49924,0.03051567,0.05118942,0.01484108,25.51384
"2025-04-08 17:34:24.35",49925,0.02697754,0.04713631,0.01506042,25.50534
"2025-04-08 17:34:24.4",49926,0.02683258,0.05137444,0.01358604,25.47112
"2025-04-08 17:34:24.45",49927,0.02625465,0.05130768,0.01021385,25.48429
"2025-04-08 17:34:24.5",49928,0.02669525,0.05204201,0.01263809,25.513
"2025-04-08 17:34:24.55",49929,0.0308094,0.04791069,0.01497078,25.45983
"2025-04-08 17:34:24.6",49930,0.02704048,0.04839706,0.01170921,25.45988
"2025-04-08 17:34:24.65",49931,0.02741432,0.04867744,0.01167679,25.45956
"2025-04-08 17:34:24.7",49932,0.0272789,0.04913902,0.01403236,25.48094
"2025-04-08 17:34:24.75",49933,0.03024483,0.04972649,0.01348495,25.53134
"2025-04-08 17:34:24.8",49934,0.02986717,0.04907227,0.01636124,25.51164
"2025-04-08 17:34:24.85",49935,0.02704048,0.04857445,0.01331329,25.5049
"2025-04-08 17:34:24.9",49936,0.02994919,0.05036163,0.01072693,25.51053
"2025-04-08 17:34:24.95",49937,0.02982712,0.05432701,0.01130867,25.50257
"2025-04-08 17:34:25",49938,0.02966118,0.05080986,0.008840561,25.48176
"2025-04-08 17:34:25.05",49939,0.02975082,0.05903053,0.01313782,25.50957
"2025-04-08 17:34:25.1",49940,0.03217316,0.06559181,0.0136013,25.4798
"2025-04-08 17:34:25.15",49941,0.02848244,0.06322479,0.01348114,25.51626
"2025-04-08 17:34:25.2",49942,0.02890968,0.06370926,0.01216698,25.50121
"2025-04-08 17:34:25.25",49943,0.0295105,0.0634861,0.01276016,25.47714
"2025-04-08 17:34:25.3",49944,0.03058815,0.06446457,0.01356316,25.45097
"2025-04-08 17:34:25.35",49945,0.02963066,0.06238174,0.01006889,25.44881
"2025-04-08 17:34:25.4",49946,0.02907181,0.06069565,0.01505089,25.50343
"2025-04-08 17:34:25.45",49947,0.02837372,0.06110764,0.01020622,25.44602
"2025-04-08 17:34:25.5",49948,0.02883148,0.06261635,0.01378822,25.48935
"2025-04-08 17:34:25.55",49949,0.02794456,0.06721687,0.01614571,25.44473
"2025-04-08 17:34:25.6",49950,0.030056,0.06921768,0.01519966,25.4957
"2025-04-08 17:34:25.65",49951,0.03170204,0.07060814,0.01351547,25.44917
"2025-04-08 17:34:25.7",49952,0.02639198,0.07053566,0.01032448,25.48924
"2025-04-08 17:34:25.75",49953,0.02680588,0.07069778,0.01116371,25.46927
"2025-04-08 17:34:25.8",49954,0.02609062,0.07309151,0.01802444,25.50642
"2025-04-08 17:34:25.85",49955,0.03111839,0.07123756,0.01872444,25.49699
"2025-04-08 17:34:25.9",49956,0.02666664,0.06967926,0.02374649,25.44728
"2025-04-08 17:34:25.95",49957,0.02565384,0.06982613,0.02512932,25.49015
"2025-04-08 17:34:26",49958,0.0244751,0.06726265,0.02283859,25.44617
"2025-04-08 17:34:26.05",49959,0.02667618,0.0677433,0.02462196,25.46927
"2025-04-08 17:34:26.1",49960,0.02739334,0.06816864,0.0265274,25.49178
"2025-04-08 17:34:26.15",49961,0.02697945,0.06755257,0.0302906,25.49079
"2025-04-08 17:34:26.2",49962,0.02916145,0.07209396,0.02676773,25.48862
"2025-04-08 17:34:26.25",49963,0.02450371,0.06882095,0.02729797,25.48983
"2025-04-08 17:34:26.3",49964,0.0244751,0.06920433,0.02734566,25.48928
"2025-04-08 17:34:26.35",49965,0.02039528,0.0681839,0.02803802,25.45177
"2025-04-08 17:34:26.4",49966,0.02482796,0.07123756,0.03014374,25.51232
"2025-04-08 17:34:26.45",49967,0.02720261,0.06774712,0.03240585,25.46122
"2025-04-08 17:34:26.5",49968,0.0297699,0.07093239,0.02685547,25.45876
"2025-04-08 17:34:26.55",49969,0.02911377,0.06832314,0.02949715,25.46197
"2025-04-08 17:34:26.6",49970,0.02549934,0.06743622,0.03041458,25.53066
"2025-04-08 17:34:26.65",49971,0.02907944,0.06723976,0.02856064,25.47947
"2025-04-08 17:34:26.7",49972,0.03272438,0.06711197,0.03147507,25.5238
"2025-04-08 17:34:26.75",49973,0.03162384,0.06703186,0.02908325,25.52568
"2025-04-08 17:34:26.8",49974,0.04040337,0.06747055,0.0257206,25.52823
"2025-04-08 17:34:26.85",49975,0.04594994,0.06743622,0.02451515,25.47892
"2025-04-08 17:34:26.9",49976,0.04587936,0.06826019,0.02722549,25.50134
"2025-04-08 17:34:26.95",49977,0.05223274,0.07086372,0.03029633,25.47077
"2025-04-08 17:34:27",49978,0.04584503,0.06569862,0.0242691,25.46236
"2025-04-08 17:34:27.05",49979,0.05132484,0.06918335,0.02605247,25.52281
"2025-04-08 17:34:27.1",49980,0.04386902,0.06675529,0.02453804,25.46156
"2025-04-08 17:34:27.15",49981,0.05020714,0.06920624,0.0268116,25.48224
"2025-04-08 17:34:27.2",49982,0.04820824,0.06842804,0.0277729,25.46242
"2025-04-08 17:34:27.25",49983,0.05328941,0.06690979,0.0245266,25.47621
"2025-04-08 17:34:27.3",49984,0.04825592,0.06612206,0.02529907,25.44567
"2025-04-08 17:34:27.35",49985,0.05878067,0.07123184,0.03126717,25.55604
"2025-04-08 17:34:27.4",49986,0.05825424,0.06902313,0.03011894,25.4592
"2025-04-08 17:34:27.45",49987,0.0607338,0.07182121,0.02658653,25.46457
"2025-04-08 17:34:27.5",49988,0.05981064,0.07170105,0.02369499,25.46823
"2025-04-08 17:34:27.55",49989,0.06403542,0.07469749,0.02527046,25.49561
"2025-04-08 17:34:27.6",49990,0.06088448,0.07517624,0.02461815,25.45138
"2025-04-08 17:34:27.65",49991,0.05911446,0.0813179,0.02365494,25.48369
"2025-04-08 17:34:27.7",49992,0.05836487,0.0835743,0.02246666,25.45943
"2025-04-08 17:34:27.75",49993,0.05866241,0.08727264,0.03239632,25.44904
"2025-04-08 17:34:27.8",49994,0.06394577,0.09104347,0.03211212,25.49151
"2025-04-08 17:34:27.85",49995,0.06277657,0.08757973,0.02754211,25.45892
"2025-04-08 17:34:27.9",49996,0.05790138,0.08774185,0.02900696,25.5125
"2025-04-08 17:34:27.95",49997,0.05670547,0.08800888,0.02998734,25.46098
"2025-04-08 17:34:28",49998,0.05756187,0.08745193,0.02865982,25.50412
"2025-04-08 17:34:28.05",49999,0.05950928,0.09046555,0.03149796,25.50503
"2025-04-08 17:34:28.1",50000,0.05971718,0.08697701,0.03212166,25.48393
"2025-04-08 17:34:28.15",50001,0.05727196,0.08714294,0.03507233,25.44537
"2025-04-08 17:34:28.2",50002,0.05405235,0.08618355,0.03798103,25.5122
"2025-04-08 17:34:28.25",50003,0.0556736,0.08612251,0.03714752,25.51115
"2025-04-08 17:34:28.3",50004,0.05698776,0.08908844,0.04612732,25.46614
"2025-04-08 17:34:28.35",50005,0.05282021,0.08559799,0.04457092,25.50936
"2025-04-08 17:34:28.4",50006,0.05548859,0.08987999,0.04178429,25.5055
"2025-04-08 17:34:28.45",50007,0.05346298,0.08722115,0.03889275,25.45797
"2025-04-08 17:34:28.5",50008,0.05174255,0.09056282,0.03636551,25.44422
"2025-04-08 17:34:28.55",50009,0.05553436,0.08886337,0.03853226,25.42635
"2025-04-08 17:34:28.6",50010,0.05026627,0.08905411,0.04043198,25.46066
"2025-04-08 17:34:28.65",50011,0.05174637,0.08873177,0.04311943,25.44927
"2025-04-08 17:34:28.7",50012,0.05374146,0.08789825,0.04255104,25.47102
"2025-04-08 17:34:28.75",50013,0.05666733,0.09053421,0.03987503,25.46191
"2025-04-08 17:34:28.8",50014,0.05410004,0.09352684,0.04136467,25.46526
"2025-04-08 17:34:28.85",50015,0.04931641,0.08790207,0.03321266,25.45898
"2025-04-08 17:34:28.9",50016,0.04582596,0.08589172,0.03756142,25.44206
"2025-04-08 17:34:28.95",50017,0.04584503,0.0861721,0.034338,25.4254
"2025-04-08 17:34:29",50018,0.04536438,0.08870888,0.03649139,25.47585
"2025-04-08 17:34:29.05",50019,0.04805183,0.08498383,0.03229713,25.5164
"2025-04-08 17:34:29.1",50020,0.04974365,0.08872604,0.03614235,25.44273
"2025-04-08 17:34:29.15",50021,0.04919434,0.09116936,0.03232384,25.44025
"2025-04-08 17:34:29.2",50022,0.04646492,0.09107208,0.03189278,25.44134
"2025-04-08 17:34:29.25",50023,0.04725838,0.09058571,0.02877808,25.47945
"2025-04-08 17:34:29.3",50024,0.05547714,0.09315491,0.03055954,25.45163
"2025-04-08 17:34:29.35",50025,0.05231667,0.09759903,0.028862,25.4882
"2025-04-08 17:34:29.4",50026,0.04731178,0.09376144,0.03095436,25.47921
"2025-04-08 17:34:29.45",50027,0.04934692,0.09582901,0.02970314,25.4637
"2025-04-08 17:34:29.5",50028,0.06348228,0.0953083,0.02181244,25.4389
"2025-04-08 17:34:29.55",50029,0.06992149,0.09734154,0.0224781,25.43824
"2025-04-08 17:34:29.6",50030,0.06211281,0.09648895,0.02395058,25.39291
"2025-04-08 17:34:29.65",50031,0.06583786,0.09682655,0.02496338,25.40536
"2025-04-08 17:34:29.7",50032,0.06783676,0.09621239,0.02256775,25.42131
"2025-04-08 17:34:29.75",50033,0.06508446,0.09929085,0.0222702,25.47099
"2025-04-08 17:34:29.8",50034,0.06670952,0.09902954,0.022892,25.43465
"2025-04-08 17:34:29.85",50035,0.0687027,0.09885406,0.02495766,25.41585
"2025-04-08 17:34:29.9",50036,0.06549644,0.1021614,0.02262306,25.42087
"2025-04-08 17:34:29.95",50037,0.06632996,0.1076355,0.02408028,25.41029
"2025-04-08 17:34:30",50038,0.07291031,0.1126003,0.02655411,25.4016
"2025-04-08 17:34:30.05",50039,0.07055283,0.119482,0.02542686,25.38966
"2025-04-08 17:34:30.1",50040,0.06788254,0.1166649,0.02524757,25.42031
"2025-04-08 17:34:30.15",50041,0.06821823,0.1175137,0.02336693,25.42014
"2025-04-08 17:34:30.2",50042,0.06772041,0.1186924,0.02127647,25.39179
"2025-04-08 17:34:30.25",50043,0.0704689,0.1223278,0.02399254,25.38152
"2025-04-08 17:34:30.3",50044,0.06933403,0.1248322,0.02463341,25.41293
"2025-04-08 17:34:30.35",50045,0.06838417,0.1216908,0.02422142,25.42101
"2025-04-08 17:34:30.4",50046,0.07229805,0.1211796,0.0269165,25.37866
"2025-04-08 17:34:30.45",50047,0.0722332,0.1184406,0.02702522,25.39176
"2025-04-08 17:34:30.5",50048,0.07126808,0.1207542,0.02710724,25.39278
"2025-04-08 17:34:30.55",50049,0.06921577,0.1198502,0.02369308,25.35633
"2025-04-08 17:34:30.6",50050,0.07040787,0.123497,0.02987099,25.39152
"2025-04-08 17:34:30.65",50051,0.07270241,0.119442,0.02751923,25.3745
"2025-04-08 17:34:30.7",50052,0.06809425,0.1190376,0.03205681,25.32797
"2025-04-08 17:34:30.75",50053,0.06905365,0.1194096,0.03502655,25.35104
"2025-04-08 17:34:30.8",50054,0.07074165,0.1193027,0.03380775,25.37955
"2025-04-08 17:34:30.85",50055,0.07758141,0.1239529,0.03680801,25.35755
"2025-04-08 17:34:30.9",50056,0.07178688,0.1225758,0.03858948,25.38769
"2025-04-08 17:34:30.95",50057,0.06585884,0.1165276,0.03746605,25.38857
"2025-04-08 17:34:31",50058,0.06690025,0.1170502,0.03769684,25.375
"2025-04-08 17:34:31.05",50059,0.06628418,0.1162472,0.04115677,25.40401
"2025-04-08 17:34:31.1",50060,0.06526756,0.1160126,0.0402813,25.3909
"2025-04-08 17:34:31.15",50061,0.06611061,0.1125717,0.04201317,25.40432
"2025-04-08 17:34:31.2",50062,0.06660271,0.1120148,0.04218102,25.40544
"2025-04-08 17:34:31.25",50063,0.06900978,0.1114483,0.0392971,25.42702
"2025-04-08 17:34:31.3",50064,0.07077408,0.1087914,0.03682327,25.44822
"2025-04-08 17:34:31.35",50065,0.06899834,0.1131802,0.03544998,25.41002
"2025-04-08 17:34:31.4",50066,0.0735054,0.1155415,0.04150391,25.44069
"2025-04-08 17:34:31.45",50067,0.06765747,0.1088753,0.03531075,25.44043
"2025-04-08 17:34:31.5",50068,0.0656662,0.1075687,0.03670311,25.44575
"2025-04-08 17:34:31.55",50069,0.06678581,0.1101532,0.03906441,25.44839
"2025-04-08 17:34:31.6",50070,0.06801033,0.1062279,0.04077911,25.43832
"2025-04-08 17:34:31.65",50071,0.06811714,0.1044903,0.04073334,25.44127
"2025-04-08 17:34:31.7",50072,0.06852341,0.1035595,0.03707504,25.45584
"2025-04-08 17:34:31.75",50073,0.06829071,0.1001511,0.03995132,25.4119
"2025-04-08 17:34:31.8",50074,0.07094193,0.1006718,0.03307724,25.41213
"2025-04-08 17:34:31.85",50075,0.06627464,0.1028996,0.03154564,25.45734
"2025-04-08 17:34:31.9",50076,0.06495667,0.101469,0.03743362,25.43992
"2025-04-08 17:34:31.95",50077,0.06569862,0.1014709,0.03525925,25.44009
"2025-04-08 17:34:32",50078,0.06847954,0.1012001,0.03172112,25.43759
"2025-04-08 17:34:32.05",50079,0.06927872,0.1025066,0.03716469,25.47484
"2025-04-08 17:34:32.1",50080,0.07177925,0.1026535,0.04277802,25.44622
"2025-04-08 17:34:32.15",50081,0.06826019,0.09843063,0.03762436,25.47641
"2025-04-08 17:34:32.2",50082,0.06692123,0.100235,0.03599167,25.48827
"2025-04-08 17:34:32.25",50083,0.06365395,0.1004314,0.03155708,25.45179
"2025-04-08 17:34:32.3",50084,0.06817436,0.1000519,0.02952385,25.47464
"2025-04-08 17:34:32.35",50085,0.07149124,0.09961891,0.03164291,25.47236
"2025-04-08 17:34:32.4",50086,0.07593536,0.09648705,0.02736282,25.48521
"2025-04-08 17:34:32.45",50087,0.07633781,0.0988903,0.03209496,25.44729
"2025-04-08 17:34:32.5",50088,0.08338547,0.1036301,0.02867699,25.4764
"2025-04-08 17:34:32.55",50089,0.07892418,0.1000099,0.02867699,25.44662
"2025-04-08 17:34:32.6",50090,0.07873917,0.1009274,0.03157425,25.46703
"2025-04-08 17:34:32.65",50091,0.08208275,0.1002731,0.03281403,25.44785
"2025-04-08 17:34:32.7",50092,0.08067131,0.1025429,0.03163719,25.44675
"2025-04-08 17:34:32.75",50093,0.08271599,0.102375,0.03168678,25.43266
"2025-04-08 17:34:32.8",50094,0.07968903,0.09938049,0.02555847,25.44829
"2025-04-08 17:34:32.85",50095,0.07942772,0.1017494,0.02685165,25.4021
"2025-04-08 17:34:32.9",50096,0.07650566,0.1032848,0.02495193,25.42482
"2025-04-08 17:34:32.95",50097,0.07671356,0.1045475,0.02610016,25.40771
"2025-04-08 17:34:33",50098,0.07847595,0.1083012,0.0259285,25.38772
"2025-04-08 17:34:33.05",50099,0.07963181,0.1181393,0.02684402,25.42908
"2025-04-08 17:34:33.1",50100,0.07824135,0.1216373,0.02997398,25.39817
"2025-04-08 17:34:33.15",50101,0.07308006,0.1219101,0.02846909,25.4133
"2025-04-08 17:34:33.2",50102,0.07395363,0.1252995,0.03108215,25.40788
"2025-04-08 17:34:33.25",50103,0.07425499,0.1227207,0.02587318,25.38821
"2025-04-08 17:34:33.3",50104,0.07561111,0.1247292,0.02519608,25.43429
"2025-04-08 17:34:33.35",50105,0.07605743,0.1251431,0.02833748,25.39029
"2025-04-08 17:34:33.4",50106,0.07702446,0.1274319,0.03046799,25.41727
"2025-04-08 17:34:33.45",50107,0.0767746,0.1276245,0.02362251,25.38509
"2025-04-08 17:34:33.5",50108,0.07731628,0.1277084,0.02370453,25.3857
"2025-04-08 17:34:33.55",50109,0.07538414,0.1305256,0.02686882,25.39622
"2025-04-08 17:34:33.6",50110,0.07375145,0.1309299,0.03248024,25.39601
"2025-04-08 17:34:33.65",50111,0.07380867,0.1305485,0.03990173,25.38026
"2025-04-08 17:34:33.7",50112,0.07419205,0.1291924,0.03918266,25.33736
"2025-04-08 17:34:33.75",50113,0.07176971,0.1295223,0.04056549,25.38223
"2025-04-08 17:34:33.8",50114,0.07002258,0.130579,0.03902054,25.41314
"2025-04-08 17:34:33.85",50115,0.07124519,0.1306,0.0363121,25.36201
"2025-04-08 17:34:33.9",50116,0.06401253,0.1306553,0.04111481,25.38566
"2025-04-08 17:34:33.95",50117,0.06795883,0.1311569,0.03653908,25.35873
"2025-04-08 17:34:34",50118,0.06889343,0.1280212,0.0327549,25.39532
"2025-04-08 17:34:34.05",50119,0.07188034,0.1340752,0.03398895,25.41711
"2025-04-08 17:34:34.1",50120,0.06959724,0.1306381,0.0365963,25.39626
"2025-04-08 17:34:34.15",50121,0.06879807,0.1319275,0.0375576,25.41228
"2025-04-08 17:34:34.2",50122,0.06845665,0.1273499,0.03554153,25.43773
"2025-04-08 17:34:34.25",50123,0.0646534,0.1213837,0.03235626,25.44788
"2025-04-08 17:34:34.3",50124,0.06489372,0.1199989,0.02954292,25.4201
"2025-04-08 17:34:34.35",50125,0.06202316,0.1196861,0.02884865,25.48512
"2025-04-08 17:34:34.4",50126,0.07035637,0.1194534,0.03022957,25.44964
"2025-04-08 17:34:34.45",50127,0.06842804,0.1193295,0.02868271,25.44712
"2025-04-08 17:34:34.5",50128,0.06945229,0.1210289,0.0239563,25.42957
"2025-04-08 17:34:34.55",50129,0.06791687,0.1210403,0.02242851,25.45612
"2025-04-08 17:34:34.6",50130,0.07118988,0.120903,0.02484131,25.42467
"2025-04-08 17:34:34.65",50131,0.08049965,0.1268311,0.02348709,25.43852
"2025-04-08 17:34:34.7",50132,0.08153152,0.1257401,0.02534294,25.462
"2025-04-08 17:34:34.75",50133,0.08813667,0.1203861,0.0216732,25.45541
"2025-04-08 17:34:34.8",50134,0.09144402,0.1252117,0.02742386,25.46445
"2025-04-08 17:34:34.85",50135,0.08765221,0.1213665,0.02202606,25.45477
"2025-04-08 17:34:34.9",50136,0.08743477,0.1269855,0.02276611,25.48428
"2025-04-08 17:34:34.95",50137,0.08876801,0.1207218,0.02023125,25.4548
"2025-04-08 17:34:35",50138,0.08813858,0.124321,0.0211544,25.45139
"2025-04-08 17:34:35.05",50139,0.09572983,0.1303921,0.02923965,25.43776
"2025-04-08 17:34:35.1",50140,0.09610748,0.1350727,0.02284431,25.45074
"2025-04-08 17:34:35.15",50141,0.09071732,0.1358032,0.01703835,25.44003
"2025-04-08 17:34:35.2",50142,0.08860016,0.1397743,0.02056885,25.4352
"2025-04-08 17:34:35.25",50143,0.09342766,0.1427364,0.02318001,25.43568
"2025-04-08 17:34:35.3",50144,0.08997536,0.1426334,0.02407837,25.47148
"2025-04-08 17:34:35.35",50145,0.08647919,0.1397362,0.02334404,25.43745
"2025-04-08 17:34:35.4",50146,0.08794403,0.1383667,0.02268219,25.40782
"2025-04-08 17:34:35.45",50147,0.08438683,0.1406651,0.02074623,25.43864
"2025-04-08 17:34:35.5",50148,0.0916748,0.1436462,0.03170204,25.46729
"2025-04-08 17:34:35.55",50149,0.0815258,0.1387367,0.02747154,25.4547
"2025-04-08 17:34:35.6",50150,0.08020401,0.1385422,0.03310013,25.43276
"2025-04-08 17:34:35.65",50151,0.08088493,0.1364193,0.03722763,25.43238
"2025-04-08 17:34:35.7",50152,0.08209038,0.1360378,0.03918266,25.45438
"2025-04-08 17:34:35.75",50153,0.08167076,0.1370621,0.03746796,25.45447
"2025-04-08 17:34:35.8",50154,0.08042145,0.1354904,0.0306797,25.45351
"2025-04-08 17:34:35.85",50155,0.07982635,0.1350842,0.03553581,25.45455
"2025-04-08 17:34:35.9",50156,0.08115005,0.135397,0.03347778,25.45588
"2025-04-08 17:34:35.95",50157,0.0795784,0.1337109,0.03252983,25.43643
"2025-04-08 17:34:36",50158,0.07798958,0.1283226,0.02927971,25.45762
"2025-04-08 17:34:36.05",50159,0.07968903,0.1311855,0.03073692,25.47301
"2025-04-08 17:34:36.1",50160,0.0796814,0.1308918,0.0333786,25.47923
"2025-04-08 17:34:36.15",50161,0.07721519,0.1276779,0.03085327,25.45618
"2025-04-08 17:34:36.2",50162,0.07525826,0.1271267,0.02886009,25.47035
"2025-04-08 17:34:36.25",50163,0.07679939,0.1280575,0.03631783,25.46335
"2025-04-08 17:34:36.3",50164,0.07237816,0.1251202,0.03362465,25.46643
"2025-04-08 17:34:36.35",50165,0.07810783,0.1254005,0.02460098,25.48302
"2025-04-08 17:34:36.4",50166,0.07751083,0.1283817,0.02513695,25.45475
"2025-04-08 17:34:36.45",50167,0.07402992,0.1273594,0.02770424,25.48222
"2025-04-08 17:34:36.5",50168,0.07455635,0.1262779,0.02766609,25.46865
"2025-04-08 17:34:36.55",50169,0.07697296,0.1283283,0.03011131,25.51343
"2025-04-08 17:34:36.6",50170,0.08349609,0.1263962,0.02164078,25.4818
"2025-04-08 17:34:36.65",50171,0.08618546,0.1281204,0.02246475,25.47804
"2025-04-08 17:34:36.7",50172,0.0915184,0.1287518,0.02345085,25.52162
"2025-04-08 17:34:36.75",50173,0.09552574,0.1285324,0.02423096,25.51959
"2025-04-08 17:34:36.8",50174,0.09428215,0.1286545,0.02211952,25.49756
"2025-04-08 17:34:36.85",50175,0.09217453,0.1288033,0.02117729,25.49454
"2025-04-08 17:34:36.9",50176,0.09348869,0.1277275,0.02141762,25.49014
"2025-04-08 17:34:36.95",50177,0.0937233,0.1271133,0.01959991,25.45433
"2025-04-08 17:34:37",50178,0.09023285,0.1281147,0.02426529,25.48782
"2025-04-08 17:34:37.05",50179,0.09614182,0.1284561,0.02135468,25.51125
"2025-04-08 17:34:37.1",50180,0.09462929,0.1323147,0.02531624,25.45704
"2025-04-08 17:34:37.15",50181,0.09108543,0.1357822,0.01973534,25.48926
"2025-04-08 17:34:37.2",50182,0.08981514,0.1443653,0.02027702,25.46784
"2025-04-08 17:34:37.25",50183,0.09405899,0.1458015,0.02246094,25.46718
"2025-04-08 17:34:37.3",50184,0.09144974,0.1461964,0.01716232,25.4891
"2025-04-08 17:34:37.35",50185,0.09145546,0.1473808,0.02120399,25.4947
"2025-04-08 17:34:37.4",50186,0.08686447,0.145237,0.02246094,25.46501
"2025-04-08 17:34:37.45",50187,0.09454346,0.1482143,0.02153206,25.45403
"2025-04-08 17:34:37.5",50188,0.09689522,0.148756,0.02209282,25.44894
"2025-04-08 17:34:37.55",50189,0.0857029,0.1450825,0.0237236,25.48753
"2025-04-08 17:34:37.6",50190,0.08213997,0.1413937,0.02445412,25.50967
"2025-04-08 17:34:37.65",50191,0.08094406,0.1449356,0.02215958,25.50952
"2025-04-08 17:34:37.7",50192,0.08162498,0.1420612,0.02396965,25.50867
"2025-04-08 17:34:37.75",50193,0.08010674,0.1441975,0.02079201,25.50767
"2025-04-08 17:34:37.8",50194,0.07730293,0.1445389,0.02306938,25.50858
"2025-04-08 17:34:37.85",50195,0.08275986,0.1472301,0.02504158,25.5126
"2025-04-08 17:34:37.9",50196,0.08127022,0.1403694,0.02448082,25.50639
"2025-04-08 17:34:37.95",50197,0.08158112,0.139967,0.02338219,25.51208
"2025-04-08 17:34:38",50198,0.07650375,0.1380501,0.02360725,25.50784
"2025-04-08 17:34:38.05",50199,0.07876205,0.1323605,0.01999283,25.52701
"2025-04-08 17:34:38.1",50200,0.07632256,0.1299515,0.01604271,25.50544
"2025-04-08 17:34:38.15",50201,0.08091736,0.1326427,0.01595497,25.50516
"2025-04-08 17:34:38.2",50202,0.08533859,0.1310291,0.01971817,25.50387
"2025-04-08 17:34:38.25",50203,0.09293556,0.1296062,0.02124214,25.49705
"2025-04-08 17:34:38.3",50204,0.09550476,0.127533,0.01372528,25.52471
"2025-04-08 17:34:38.35",50205,0.09432793,0.1282711,0.02046776,25.52549
"2025-04-08 17:34:38.4",50206,0.0935955,0.1320534,0.02017784,25.50283
"2025-04-08 17:34:38.45",50207,0.09597969,0.1288395,0.0160656,25.54078
"2025-04-08 17:34:38.5",50208,0.09444237,0.1302986,0.0151062,25.52477
"2025-04-08 17:34:38.55",50209,0.09011078,0.1303978,0.01771927,25.55212
"2025-04-08 17:34:38.6",50210,0.09248734,0.1318188,0.02264977,25.53561
"2025-04-08 17:34:38.65",50211,0.0882225,0.1310749,0.02145958,25.52374
"2025-04-08 17:34:38.7",50212,0.08768463,0.1310635,0.02118301,25.52214
"2025-04-08 17:34:38.75",50213,0.08989143,0.130785,0.01765823,25.524
"2025-04-08 17:34:38.8",50214,0.0892067,0.1333981,0.01840782,25.53616
"2025-04-08 17:34:38.85",50215,0.0866642,0.1334763,0.01375008,25.49845
"2025-04-08 17:34:38.9",50216,0.09316635,0.1324577,0.01914406,25.49933
"2025-04-08 17:34:38.95",50217,0.09264565,0.1322632,0.019907,25.49622
"2025-04-08 17:34:39",50218,0.08165932,0.1336155,0.01524925,25.53245
"2025-04-08 17:34:39.05",50219,0.07980156,0.133606,0.01209068,25.49831
"2025-04-08 17:34:39.1",50220,0.08179283,0.133543,0.01048279,25.533
"2025-04-08 17:34:39.15",50221,0.08159447,0.1321011,0.0116806,25.49569
"2025-04-08 17:34:39.2",50222,0.08219719,0.1292095,0.01458549,25.49404
"2025-04-08 17:34:39.25",50223,0.08469963,0.1310959,0.01792526,25.52477
"2025-04-08 17:34:39.3",50224,0.07992935,0.1252117,0.01920509,25.53168
"2025-04-08 17:34:39.35",50225,0.0836525,0.1304035,0.02097321,25.4996
"2025-04-08 17:34:39.4",50226,0.08281708,0.127594,0.01544189,25.49196
"2025-04-08 17:34:39.45",50227,0.08239746,0.1283321,0.01210213,25.51461
"2025-04-08 17:34:39.5",50228,0.07828712,0.1287518,0.01810455,25.49224
"2025-04-08 17:34:39.55",50229,0.08156586,0.1297112,0.01620674,25.5142
"2025-04-08 17:34:39.6",50230,0.0814209,0.1295795,0.01745796,25.51392
"2025-04-08 17:34:39.65",50231,0.08503151,0.1287498,0.01276016,25.48364
"2025-04-08 17:34:39.7",50232,0.08529091,0.1275654,0.01376534,25.48258
"2025-04-08 17:34:39.75",50233,0.08158302,0.1246815,0.01890373,25.48459
"2025-04-08 17:34:39.8",50234,0.08116722,0.1258373,0.01659584,25.49194
"2025-04-08 17:34:39.85",50235,0.08534622,0.1302986,0.01428032,25.49381
"2025-04-08 17:34:39.9",50236,0.08325577,0.1269989,0.01434517,25.44115
"2025-04-08 17:34:39.95",50237,0.08592606,0.1259689,0.01663971,25.46379
"2025-04-08 17:34:40",50238,0.08459282,0.1267529,0.01201057,25.42648
"2025-04-08 17:34:40.05",50239,0.08678627,0.1269207,0.01272774,25.44225
"2025-04-08 17:34:40.1",50240,0.09096527,0.1270142,0.01679611,25.44839
"2025-04-08 17:34:40.15",50241,0.0922718,0.1290302,0.01154709,25.42954
"2025-04-08 17:34:40.2",50242,0.09224892,0.1289845,0.01320267,25.43144
"2025-04-08 17:34:40.25",50243,0.0929203,0.1279182,0.009397507,25.4314
"2025-04-08 17:34:40.3",50244,0.09409714,0.1310616,0.008571625,25.4306
"2025-04-08 17:34:40.35",50245,0.08958435,0.1281147,0.01264191,25.41899
"2025-04-08 17:34:40.4",50246,0.09357071,0.128912,0.005973816,25.39192
"2025-04-08 17:34:40.45",50247,0.09323883,0.1236191,0.0106945,25.38116
"2025-04-08 17:34:40.5",50248,0.09610939,0.1238041,0.01070595,25.38309
"2025-04-08 17:34:40.55",50249,0.09945297,0.1267948,0.01298904,25.40636
"2025-04-08 17:34:40.6",50250,0.09222794,0.1209888,0.007989883,25.38669
"2025-04-08 17:34:40.65",50251,0.09544945,0.1254044,0.01229477,25.39137
"2025-04-08 17:34:40.7",50252,0.09357071,0.1219139,0.01095581,25.38679
"2025-04-08 17:34:40.75",50253,0.09176826,0.122261,0.01393318,25.38977
"2025-04-08 17:34:40.8",50254,0.09431648,0.1253281,0.01267433,25.40938
"2025-04-08 17:34:40.85",50255,0.08943367,0.1183567,0.01092148,25.3739
"2025-04-08 17:34:40.9",50256,0.08716202,0.117281,0.01317978,25.38575
"2025-04-08 17:34:40.95",50257,0.08896065,0.1217079,0.01551437,25.39475
"2025-04-08 17:34:41",50258,0.09004784,0.1172867,0.01587486,25.39375
"2025-04-08 17:34:41.05",50259,0.09174156,0.1183529,0.01435661,25.3905
"2025-04-08 17:34:41.1",50260,0.0915947,0.1181774,0.009485245,25.39071
"2025-04-08 17:34:41.15",50261,0.08755875,0.11763,0.008720398,25.39548
"2025-04-08 17:34:41.2",50262,0.08847809,0.1178894,0.009738922,25.38166
"2025-04-08 17:34:41.25",50263,0.09032059,0.1151142,0.009475708,25.3822
"2025-04-08 17:34:41.3",50264,0.09169006,0.1146622,0.0101738,25.38093
"2025-04-08 17:34:41.35",50265,0.08843994,0.1149387,0.01289368,25.38794
